[36476:17788:0527/214317.928:WARNING:chrome_main_delegate.cc(745)] This is Chrome version 128.0.6613.138 (not a warning)
[36476:41916:0527/214318.023:ERROR:google_update_settings.cc(265)] Failed opening key Software\Chromium to set usagestats; result: 5
[36476:17788:0527/214318.028:WARNING:account_consistency_mode_manager.cc(77)] Desktop Identity Consistency cannot be enabled as no OAuth client ID and client secret have been configured.
[61272:62332:0527/214321.674:WARNING:frame_impl.cc(430)] virtual CefFrameImpl::SendProcessMessage sent to detached frame 5-26813CB45ADEEB08903A8717316EAF12 will be ignored
[36476:17788:0527/214321.692:WARNING:frame_host_impl.cc(623)] virtual CefFrameHostImpl::SendProcessMessage sent to detached frame 5-26813CB45ADEEB08903A8717316EAF12 (main) will be ignored
[36476:30740:0527/214431.055:VERBOSE1:media_stream_manager.cc(1533)] MSPL::OnSpeedLimitChange({this=000029AC00176D40}, {new_limit=21})
[36476:30740:0527/214434.064:VERBOSE1:media_stream_manager.cc(1533)] MSPL::OnSpeedLimitChange({this=000029AC00176D40}, {new_limit=20})
[36476:30740:0527/214435.047:VERBOSE1:media_stream_manager.cc(1533)] MSPL::OnSpeedLimitChange({this=000029AC00176D40}, {new_limit=21})
[36476:30740:0527/214436.368:VERBOSE1:media_stream_manager.cc(1533)] MSPL::OnSpeedLimitChange({this=000029AC00176D40}, {new_limit=20})
[36476:30740:0527/214437.369:VERBOSE1:media_stream_manager.cc(1533)] MSPL::OnSpeedLimitChange({this=000029AC00176D40}, {new_limit=21})
[36476:30740:0527/214439.369:VERBOSE1:media_stream_manager.cc(1533)] MSPL::OnSpeedLimitChange({this=000029AC00176D40}, {new_limit=22})
[36476:30740:0527/214440.367:VERBOSE1:media_stream_manager.cc(1533)] MSPL::OnSpeedLimitChange({this=000029AC00176D40}, {new_limit=23})
[36476:30740:0527/214441.367:VERBOSE1:media_stream_manager.cc(1533)] MSPL::OnSpeedLimitChange({this=000029AC00176D40}, {new_limit=24})
[36476:30740:0527/214444.369:VERBOSE1:media_stream_manager.cc(1533)] MSPL::OnSpeedLimitChange({this=000029AC00176D40}, {new_limit=25})
[36476:30740:0527/214446.371:VERBOSE1:media_stream_manager.cc(1533)] MSPL::OnSpeedLimitChange({this=000029AC00176D40}, {new_limit=26})
[36476:30740:0527/214452.371:VERBOSE1:media_stream_manager.cc(1533)] MSPL::OnSpeedLimitChange({this=000029AC00176D40}, {new_limit=27})
[36476:30740:0527/214454.371:VERBOSE1:media_stream_manager.cc(1533)] MSPL::OnSpeedLimitChange({this=000029AC00176D40}, {new_limit=28})
[36476:30740:0527/214455.372:VERBOSE1:media_stream_manager.cc(1533)] MSPL::OnSpeedLimitChange({this=000029AC00176D40}, {new_limit=27})
[36476:30740:0527/214522.377:VERBOSE1:media_stream_manager.cc(1533)] MSPL::OnSpeedLimitChange({this=000029AC00176D40}, {new_limit=28})
[36476:30740:0527/214530.379:VERBOSE1:media_stream_manager.cc(1533)] MSPL::OnSpeedLimitChange({this=000029AC00176D40}, {new_limit=27})
[36476:30740:0527/214547.380:VERBOSE1:media_stream_manager.cc(1533)] MSPL::OnSpeedLimitChange({this=000029AC00176D40}, {new_limit=28})
[36476:30740:0527/214604.382:VERBOSE1:media_stream_manager.cc(1533)] MSPL::OnSpeedLimitChange({this=000029AC00176D40}, {new_limit=27})
[36476:30740:0527/214614.381:VERBOSE1:media_stream_manager.cc(1533)] MSPL::OnSpeedLimitChange({this=000029AC00176D40}, {new_limit=28})
[38788:26568:0527/214623.384:VERBOSE1:network_delegate.cc(36)] NetworkDelegate::NotifyBeforeURLRequest: https://optimizationguide-pa.googleapis.com/v1:GetModels?key=dummytoken
[38788:26568:0527/214623.384:VERBOSE1:network_delegate.cc(36)] NetworkDelegate::NotifyBeforeURLRequest: https://dns.google/dns-query?dns=AAABAAABAAAAAAABFG9wdGltaXphdGlvbmd1aWRlLXBhCmdvb2dsZWFwaXMDY29tAAABAAEAACkQAAAAAAAAQAAMADwAAAAAAAAAAAAAAAAAAAAAAAAAAAAAAAAAAAAAAAAAAAAAAAAAAAAAAAAAAAAAAAAAAAAAAAAAAAAAAAA
[38788:26568:0527/214623.386:VERBOSE1:network_delegate.cc(36)] NetworkDelegate::NotifyBeforeURLRequest: https://dns.google/dns-query?dns=AAABAAABAAAAAAABFG9wdGltaXphdGlvbmd1aWRlLXBhCmdvb2dsZWFwaXMDY29tAABBAAEAACkQAAAAAAAAQAAMADwAAAAAAAAAAAAAAAAAAAAAAAAAAAAAAAAAAAAAAAAAAAAAAAAAAAAAAAAAAAAAAAAAAAAAAAAAAAAAAAA
[38788:26568:0527/214623.398:VERBOSE1:tls_handshaker.cc(105)] TlsClient: Continuing handshake
[38788:26568:0527/214623.399:VERBOSE1:tls_handshaker.cc(126)] TlsClient: SSL_do_handshake returned when entering early data. After retry, rv=-1, SSL_in_early_data=1
[38788:26568:0527/214623.461:VERBOSE1:tls_handshaker.cc(105)] TlsClient: Continuing handshake
[38788:26568:0527/214623.461:VERBOSE1:tls_handshaker.cc(105)] TlsClient: Continuing handshake
[38788:26568:0527/214623.461:VERBOSE1:tls_client_handshaker.cc(528)] Client: handshake finished
[38788:26568:0527/214623.506:VERBOSE1:tls_handshaker.cc(105)] TlsClient: Continuing handshake
[38788:26568:0527/214623.507:VERBOSE1:tls_handshaker.cc(126)] TlsClient: SSL_do_handshake returned when entering early data. After retry, rv=-1, SSL_in_early_data=1
[38788:26568:0527/214623.578:VERBOSE1:tls_handshaker.cc(105)] TlsClient: Continuing handshake
[38788:26568:0527/214623.579:VERBOSE1:tls_handshaker.cc(105)] TlsClient: Continuing handshake
[38788:26568:0527/214623.579:VERBOSE1:tls_client_handshaker.cc(528)] Client: handshake finished
[36476:30740:0527/214633.385:VERBOSE1:media_stream_manager.cc(1533)] MSPL::OnSpeedLimitChange({this=000029AC00176D40}, {new_limit=27})
[36476:30740:0527/214634.387:VERBOSE1:media_stream_manager.cc(1533)] MSPL::OnSpeedLimitChange({this=000029AC00176D40}, {new_limit=25})
[36476:30740:0527/214635.386:VERBOSE1:media_stream_manager.cc(1533)] MSPL::OnSpeedLimitChange({this=000029AC00176D40}, {new_limit=24})
[36476:30740:0527/214637.386:VERBOSE1:media_stream_manager.cc(1533)] MSPL::OnSpeedLimitChange({this=000029AC00176D40}, {new_limit=23})
[36476:30740:0527/214643.388:VERBOSE1:media_stream_manager.cc(1533)] MSPL::OnSpeedLimitChange({this=000029AC00176D40}, {new_limit=24})
[36476:30740:0527/214644.388:VERBOSE1:media_stream_manager.cc(1533)] MSPL::OnSpeedLimitChange({this=000029AC00176D40}, {new_limit=25})
[36476:30740:0527/214645.388:VERBOSE1:media_stream_manager.cc(1533)] MSPL::OnSpeedLimitChange({this=000029AC00176D40}, {new_limit=27})
[36476:30740:0527/214651.390:VERBOSE1:media_stream_manager.cc(1533)] MSPL::OnSpeedLimitChange({this=000029AC00176D40}, {new_limit=26})
[36476:30740:0527/214654.390:VERBOSE1:media_stream_manager.cc(1533)] MSPL::OnSpeedLimitChange({this=000029AC00176D40}, {new_limit=27})
[38788:26568:0527/214710.992:VERBOSE1:logging_network_change_observer.cc(90)] Observed a change to the network IP addresses
[38788:26568:0527/214712.012:VERBOSE1:logging_network_change_observer.cc(100)] Observed a change to network connectivity state CONNECTION_WIFI
[36476:30740:0527/214712.394:VERBOSE1:media_stream_manager.cc(1533)] MSPL::OnSpeedLimitChange({this=000029AC00176D40}, {new_limit=26})
[38788:26568:0527/214713.028:VERBOSE1:configured_proxy_resolution_service.cc(1162)] Failed configuring with PAC script, falling-back to manual proxy servers.
[38788:26568:0527/214713.038:VERBOSE1:configured_proxy_resolution_service.cc(1162)] Failed configuring with PAC script, falling-back to manual proxy servers.
[38788:26568:0527/214713.041:VERBOSE1:configured_proxy_resolution_service.cc(1162)] Failed configuring with PAC script, falling-back to manual proxy servers.
[38788:26568:0527/214713.519:VERBOSE1:logging_network_change_observer.cc(113)] Observed a network change to state CONNECTION_NONE
[38788:26568:0527/214713.519:VERBOSE1:logging_network_change_observer.cc(113)] Observed a network change to state CONNECTION_WIFI
[36476:30740:0527/214717.062:VERBOSE1:mdns_client_impl.cc(201)] Sockets ready:2
[36476:17788:0527/214717.395:VERBOSE1:service_discovery_device_lister.cc(54)] OnServiceUpdated: service_type: _googlecast._tcp.local, service_name: , update: 3
[36476:17788:0527/214717.395:VERBOSE1:service_discovery_device_lister.cc(42)] DiscoverNewDevices: service_type: _googlecast._tcp.local
[36476:17788:0527/214717.395:VERBOSE1:service_discovery_device_lister.cc(42)] DiscoverNewDevices: service_type: _googlecast._tcp.local
[36476:30740:0527/214718.395:VERBOSE1:media_stream_manager.cc(1533)] MSPL::OnSpeedLimitChange({this=000029AC00176D40}, {new_limit=25})
[36476:30740:0527/214721.394:VERBOSE1:media_stream_manager.cc(1533)] MSPL::OnSpeedLimitChange({this=000029AC00176D40}, {new_limit=26})
[36476:30740:0527/214722.396:VERBOSE1:media_stream_manager.cc(1533)] MSPL::OnSpeedLimitChange({this=000029AC00176D40}, {new_limit=27})
[36476:30740:0527/214726.397:VERBOSE1:media_stream_manager.cc(1533)] MSPL::OnSpeedLimitChange({this=000029AC00176D40}, {new_limit=26})
[36476:30740:0527/214729.399:VERBOSE1:media_stream_manager.cc(1533)] MSPL::OnSpeedLimitChange({this=000029AC00176D40}, {new_limit=25})
[36476:30740:0527/214730.403:VERBOSE1:media_stream_manager.cc(1533)] MSPL::OnSpeedLimitChange({this=000029AC00176D40}, {new_limit=24})
[36476:30740:0527/214731.398:VERBOSE1:media_stream_manager.cc(1533)] MSPL::OnSpeedLimitChange({this=000029AC00176D40}, {new_limit=23})
[36476:30740:0527/214732.399:VERBOSE1:media_stream_manager.cc(1533)] MSPL::OnSpeedLimitChange({this=000029AC00176D40}, {new_limit=22})
[36476:30740:0527/214734.400:VERBOSE1:media_stream_manager.cc(1533)] MSPL::OnSpeedLimitChange({this=000029AC00176D40}, {new_limit=21})
[36476:30740:0527/214735.402:VERBOSE1:media_stream_manager.cc(1533)] MSPL::OnSpeedLimitChange({this=000029AC00176D40}, {new_limit=20})
[36476:30740:0527/214736.400:VERBOSE1:media_stream_manager.cc(1533)] MSPL::OnSpeedLimitChange({this=000029AC00176D40}, {new_limit=19})
[36476:30740:0527/214737.400:VERBOSE1:media_stream_manager.cc(1533)] MSPL::OnSpeedLimitChange({this=000029AC00176D40}, {new_limit=17})
[36476:30740:0527/214738.398:VERBOSE1:media_stream_manager.cc(1533)] MSPL::OnSpeedLimitChange({this=000029AC00176D40}, {new_limit=18})
[36476:30740:0527/214740.398:VERBOSE1:media_stream_manager.cc(1533)] MSPL::OnSpeedLimitChange({this=000029AC00176D40}, {new_limit=19})
[36476:30740:0527/214742.398:VERBOSE1:media_stream_manager.cc(1533)] MSPL::OnSpeedLimitChange({this=000029AC00176D40}, {new_limit=20})
[36476:30740:0527/214744.399:VERBOSE1:media_stream_manager.cc(1533)] MSPL::OnSpeedLimitChange({this=000029AC00176D40}, {new_limit=21})
[36476:30740:0527/214745.400:VERBOSE1:media_stream_manager.cc(1533)] MSPL::OnSpeedLimitChange({this=000029AC00176D40}, {new_limit=22})
[36476:30740:0527/214746.400:VERBOSE1:media_stream_manager.cc(1533)] MSPL::OnSpeedLimitChange({this=000029AC00176D40}, {new_limit=24})
[36476:30740:0527/214747.400:VERBOSE1:media_stream_manager.cc(1533)] MSPL::OnSpeedLimitChange({this=000029AC00176D40}, {new_limit=26})
[36476:30740:0527/214751.400:VERBOSE1:media_stream_manager.cc(1533)] MSPL::OnSpeedLimitChange({this=000029AC00176D40}, {new_limit=27})
[36476:30740:0527/214757.400:VERBOSE1:media_stream_manager.cc(1533)] MSPL::OnSpeedLimitChange({this=000029AC00176D40}, {new_limit=26})
[36476:30740:0527/214758.401:VERBOSE1:media_stream_manager.cc(1533)] MSPL::OnSpeedLimitChange({this=000029AC00176D40}, {new_limit=25})
[36476:30740:0527/214759.403:VERBOSE1:media_stream_manager.cc(1533)] MSPL::OnSpeedLimitChange({this=000029AC00176D40}, {new_limit=24})
[36476:30740:0527/214800.407:VERBOSE1:media_stream_manager.cc(1533)] MSPL::OnSpeedLimitChange({this=000029AC00176D40}, {new_limit=22})
[36476:30740:0527/214804.404:VERBOSE1:media_stream_manager.cc(1533)] MSPL::OnSpeedLimitChange({this=000029AC00176D40}, {new_limit=21})
[36476:30740:0527/214806.404:VERBOSE1:media_stream_manager.cc(1533)] MSPL::OnSpeedLimitChange({this=000029AC00176D40}, {new_limit=20})
[36476:30740:0527/214808.403:VERBOSE1:media_stream_manager.cc(1533)] MSPL::OnSpeedLimitChange({this=000029AC00176D40}, {new_limit=19})
[36476:30740:0527/214809.405:VERBOSE1:media_stream_manager.cc(1533)] MSPL::OnSpeedLimitChange({this=000029AC00176D40}, {new_limit=21})
[36476:30740:0527/214810.404:VERBOSE1:media_stream_manager.cc(1533)] MSPL::OnSpeedLimitChange({this=000029AC00176D40}, {new_limit=22})
[36476:30740:0527/214814.404:VERBOSE1:media_stream_manager.cc(1533)] MSPL::OnSpeedLimitChange({this=000029AC00176D40}, {new_limit=24})
[36476:30740:0527/214818.406:VERBOSE1:media_stream_manager.cc(1533)] MSPL::OnSpeedLimitChange({this=000029AC00176D40}, {new_limit=26})
[36476:30740:0527/214821.407:VERBOSE1:media_stream_manager.cc(1533)] MSPL::OnSpeedLimitChange({this=000029AC00176D40}, {new_limit=27})
[36476:30740:0527/214825.408:VERBOSE1:media_stream_manager.cc(1533)] MSPL::OnSpeedLimitChange({this=000029AC00176D40}, {new_limit=28})
[36476:30740:0527/214828.409:VERBOSE1:media_stream_manager.cc(1533)] MSPL::OnSpeedLimitChange({this=000029AC00176D40}, {new_limit=27})
[36476:30740:0527/214830.408:VERBOSE1:media_stream_manager.cc(1533)] MSPL::OnSpeedLimitChange({this=000029AC00176D40}, {new_limit=25})
[36476:17788:0527/214834.589:VERBOSE1:device_event_log_impl.cc(198)] [21:48:34.589] Display: EVENT: screen_win.cc:893 Displays updated, count: 2
[36476:17788:0527/214834.589:VERBOSE1:device_event_log_impl.cc(198)] [21:48:34.589] Display: EVENT: screen_win.cc:895 Display[2848582967] bounds=[0,0 1440x900], workarea=[0,0 1440x852], scale=2, rotation=0, panel_rotation=0 external detected
[36476:17788:0527/214834.589:VERBOSE1:device_event_log_impl.cc(198)] [21:48:34.589] Display: EVENT: screen_win.cc:895 Display[1487107518] bounds=[-283,-1440 3440x1440], workarea=[-283,-1440 3440x1392], scale=1, rotation=0, panel_rotation=0 external detected
[36476:30740:0527/214835.240:VERBOSE1:media_stream_manager.cc(1533)] MSPL::OnSpeedLimitChange({this=000029AC00176D40}, {new_limit=24})
[36476:17788:0527/214835.790:VERBOSE1:device_event_log_impl.cc(198)] [21:48:35.790] Display: EVENT: screen_win.cc:893 Displays updated, count: 2
[36476:17788:0527/214835.790:VERBOSE1:device_event_log_impl.cc(198)] [21:48:35.790] Display: EVENT: screen_win.cc:895 Display[2848582967] bounds=[0,0 1440x900], workarea=[0,0 1440x852], scale=2, rotation=0, panel_rotation=0 external detected
[36476:17788:0527/214835.790:VERBOSE1:device_event_log_impl.cc(198)] [21:48:35.790] Display: EVENT: screen_win.cc:895 Display[1487107518] bounds=[-283,-1440 3440x1440], workarea=[-283,-1440 3440x1392], scale=1, rotation=0, panel_rotation=0 external detected
[36476:30740:0527/214836.230:VERBOSE1:media_stream_manager.cc(1533)] MSPL::OnSpeedLimitChange({this=000029AC00176D40}, {new_limit=23})
[36476:30740:0527/214837.244:VERBOSE1:media_stream_manager.cc(1533)] MSPL::OnSpeedLimitChange({this=000029AC00176D40}, {new_limit=22})
[36476:30740:0527/214838.240:VERBOSE1:media_stream_manager.cc(1533)] MSPL::OnSpeedLimitChange({this=000029AC00176D40}, {new_limit=21})
[36476:30740:0527/214840.229:VERBOSE1:media_stream_manager.cc(1533)] MSPL::OnSpeedLimitChange({this=000029AC00176D40}, {new_limit=22})
[36476:30740:0527/214841.223:VERBOSE1:media_stream_manager.cc(1533)] MSPL::OnSpeedLimitChange({this=000029AC00176D40}, {new_limit=21})
[36476:30740:0527/214845.319:VERBOSE1:media_stream_manager.cc(1533)] MSPL::OnSpeedLimitChange({this=000029AC00176D40}, {new_limit=22})
[36476:30740:0527/214846.319:VERBOSE1:media_stream_manager.cc(1533)] MSPL::OnSpeedLimitChange({this=000029AC00176D40}, {new_limit=23})
[36476:30740:0527/214848.319:VERBOSE1:media_stream_manager.cc(1533)] MSPL::OnSpeedLimitChange({this=000029AC00176D40}, {new_limit=25})
[36476:30740:0527/214849.320:VERBOSE1:media_stream_manager.cc(1533)] MSPL::OnSpeedLimitChange({this=000029AC00176D40}, {new_limit=26})
[36476:30740:0527/214851.320:VERBOSE1:media_stream_manager.cc(1533)] MSPL::OnSpeedLimitChange({this=000029AC00176D40}, {new_limit=27})
[38788:26568:0527/214854.655:VERBOSE1:network_delegate.cc(36)] NetworkDelegate::NotifyBeforeURLRequest: https://optimizationguide-pa.googleapis.com/v1:GetModels?key=dummytoken
[38788:26568:0527/214854.656:VERBOSE1:network_delegate.cc(36)] NetworkDelegate::NotifyBeforeURLRequest: https://dns.google/dns-query?dns=AAABAAABAAAAAAABFG9wdGltaXphdGlvbmd1aWRlLXBhCmdvb2dsZWFwaXMDY29tAAABAAEAACkQAAAAAAAAQAAMADwAAAAAAAAAAAAAAAAAAAAAAAAAAAAAAAAAAAAAAAAAAAAAAAAAAAAAAAAAAAAAAAAAAAAAAAAAAAAAAAA
[38788:26568:0527/214854.657:VERBOSE1:network_delegate.cc(36)] NetworkDelegate::NotifyBeforeURLRequest: https://dns.google/dns-query?dns=AAABAAABAAAAAAABFG9wdGltaXphdGlvbmd1aWRlLXBhCmdvb2dsZWFwaXMDY29tAABBAAEAACkQAAAAAAAAQAAMADwAAAAAAAAAAAAAAAAAAAAAAAAAAAAAAAAAAAAAAAAAAAAAAAAAAAAAAAAAAAAAAAAAAAAAAAAAAAAAAAA
[38788:26568:0527/214854.667:VERBOSE1:tls_handshaker.cc(105)] TlsClient: Continuing handshake
[38788:26568:0527/214854.667:VERBOSE1:tls_handshaker.cc(126)] TlsClient: SSL_do_handshake returned when entering early data. After retry, rv=-1, SSL_in_early_data=1
[38788:26568:0527/214854.752:VERBOSE1:tls_handshaker.cc(105)] TlsClient: Continuing handshake
[38788:26568:0527/214854.752:VERBOSE1:tls_handshaker.cc(105)] TlsClient: Continuing handshake
[38788:26568:0527/214854.752:VERBOSE1:tls_client_handshaker.cc(528)] Client: handshake finished
[38788:26568:0527/214854.825:VERBOSE1:tls_handshaker.cc(105)] TlsClient: Continuing handshake
[38788:26568:0527/214854.825:VERBOSE1:tls_handshaker.cc(126)] TlsClient: SSL_do_handshake returned when entering early data. After retry, rv=-1, SSL_in_early_data=1
[38788:26568:0527/214854.923:VERBOSE1:tls_handshaker.cc(105)] TlsClient: Continuing handshake
[38788:26568:0527/214854.924:VERBOSE1:tls_handshaker.cc(105)] TlsClient: Continuing handshake
[38788:26568:0527/214854.924:VERBOSE1:tls_client_handshaker.cc(528)] Client: handshake finished
[36476:30740:0527/214857.321:VERBOSE1:media_stream_manager.cc(1533)] MSPL::OnSpeedLimitChange({this=000029AC00176D40}, {new_limit=28})
[36476:30740:0527/214907.323:VERBOSE1:media_stream_manager.cc(1533)] MSPL::OnSpeedLimitChange({this=000029AC00176D40}, {new_limit=27})
[36476:30740:0527/214922.323:VERBOSE1:media_stream_manager.cc(1533)] MSPL::OnSpeedLimitChange({this=000029AC00176D40}, {new_limit=28})
[36476:30740:0527/214928.325:VERBOSE1:media_stream_manager.cc(1533)] MSPL::OnSpeedLimitChange({this=000029AC00176D40}, {new_limit=27})
[36476:30740:0527/214930.324:VERBOSE1:media_stream_manager.cc(1533)] MSPL::OnSpeedLimitChange({this=000029AC00176D40}, {new_limit=26})
[36476:30740:0527/214931.348:VERBOSE1:media_stream_manager.cc(1533)] MSPL::OnSpeedLimitChange({this=000029AC00176D40}, {new_limit=25})
[36476:30740:0527/214932.328:VERBOSE1:media_stream_manager.cc(1533)] MSPL::OnSpeedLimitChange({this=000029AC00176D40}, {new_limit=23})
[36476:30740:0527/214935.340:VERBOSE1:media_stream_manager.cc(1533)] MSPL::OnSpeedLimitChange({this=000029AC00176D40}, {new_limit=21})
[36476:30740:0527/214936.330:VERBOSE1:media_stream_manager.cc(1533)] MSPL::OnSpeedLimitChange({this=000029AC00176D40}, {new_limit=19})
[36476:30740:0527/214937.330:VERBOSE1:media_stream_manager.cc(1533)] MSPL::OnSpeedLimitChange({this=000029AC00176D40}, {new_limit=18})
[36476:30740:0527/214940.331:VERBOSE1:media_stream_manager.cc(1533)] MSPL::OnSpeedLimitChange({this=000029AC00176D40}, {new_limit=19})
[36476:30740:0527/214941.335:VERBOSE1:media_stream_manager.cc(1533)] MSPL::OnSpeedLimitChange({this=000029AC00176D40}, {new_limit=20})
[36476:30740:0527/214943.330:VERBOSE1:media_stream_manager.cc(1533)] MSPL::OnSpeedLimitChange({this=000029AC00176D40}, {new_limit=21})
[36476:30740:0527/214945.332:VERBOSE1:media_stream_manager.cc(1533)] MSPL::OnSpeedLimitChange({this=000029AC00176D40}, {new_limit=22})
[36476:30740:0527/214946.331:VERBOSE1:media_stream_manager.cc(1533)] MSPL::OnSpeedLimitChange({this=000029AC00176D40}, {new_limit=24})
[36476:30740:0527/214947.333:VERBOSE1:media_stream_manager.cc(1533)] MSPL::OnSpeedLimitChange({this=000029AC00176D40}, {new_limit=25})
[36476:30740:0527/214950.333:VERBOSE1:media_stream_manager.cc(1533)] MSPL::OnSpeedLimitChange({this=000029AC00176D40}, {new_limit=26})
[36476:30740:0527/214952.332:VERBOSE1:media_stream_manager.cc(1533)] MSPL::OnSpeedLimitChange({this=000029AC00176D40}, {new_limit=27})
[36476:30740:0527/215002.335:VERBOSE1:media_stream_manager.cc(1533)] MSPL::OnSpeedLimitChange({this=000029AC00176D40}, {new_limit=28})
[36476:30740:0527/215030.339:VERBOSE1:media_stream_manager.cc(1533)] MSPL::OnSpeedLimitChange({this=000029AC00176D40}, {new_limit=27})
[36476:30740:0527/215032.340:VERBOSE1:media_stream_manager.cc(1533)] MSPL::OnSpeedLimitChange({this=000029AC00176D40}, {new_limit=26})
[36476:30740:0527/215040.341:VERBOSE1:media_stream_manager.cc(1533)] MSPL::OnSpeedLimitChange({this=000029AC00176D40}, {new_limit=27})
[36476:30740:0527/215042.341:VERBOSE1:media_stream_manager.cc(1533)] MSPL::OnSpeedLimitChange({this=000029AC00176D40}, {new_limit=28})
[36476:30740:0527/215102.345:VERBOSE1:media_stream_manager.cc(1533)] MSPL::OnSpeedLimitChange({this=000029AC00176D40}, {new_limit=27})
[36476:30740:0527/215112.352:VERBOSE1:media_stream_manager.cc(1533)] MSPL::OnSpeedLimitChange({this=000029AC00176D40}, {new_limit=26})
[36476:30740:0527/215113.354:VERBOSE1:media_stream_manager.cc(1533)] MSPL::OnSpeedLimitChange({this=000029AC00176D40}, {new_limit=25})
[36476:30740:0527/215114.348:VERBOSE1:media_stream_manager.cc(1533)] MSPL::OnSpeedLimitChange({this=000029AC00176D40}, {new_limit=23})
[36476:30740:0527/215119.348:VERBOSE1:media_stream_manager.cc(1533)] MSPL::OnSpeedLimitChange({this=000029AC00176D40}, {new_limit=22})
[36476:30740:0527/215122.349:VERBOSE1:media_stream_manager.cc(1533)] MSPL::OnSpeedLimitChange({this=000029AC00176D40}, {new_limit=24})
[36476:30740:0527/215124.348:VERBOSE1:media_stream_manager.cc(1533)] MSPL::OnSpeedLimitChange({this=000029AC00176D40}, {new_limit=26})
[36476:30740:0527/215129.349:VERBOSE1:media_stream_manager.cc(1533)] MSPL::OnSpeedLimitChange({this=000029AC00176D40}, {new_limit=27})
[38788:26568:0527/215134.683:VERBOSE1:network_delegate.cc(36)] NetworkDelegate::NotifyBeforeURLRequest: https://optimizationguide-pa.googleapis.com/v1:GetModels?key=dummytoken
[38788:26568:0527/215134.684:VERBOSE1:network_delegate.cc(36)] NetworkDelegate::NotifyBeforeURLRequest: https://dns.google/dns-query?dns=AAABAAABAAAAAAABFG9wdGltaXphdGlvbmd1aWRlLXBhCmdvb2dsZWFwaXMDY29tAAABAAEAACkQAAAAAAAAQAAMADwAAAAAAAAAAAAAAAAAAAAAAAAAAAAAAAAAAAAAAAAAAAAAAAAAAAAAAAAAAAAAAAAAAAAAAAAAAAAAAAA
[38788:26568:0527/215134.685:VERBOSE1:network_delegate.cc(36)] NetworkDelegate::NotifyBeforeURLRequest: https://dns.google/dns-query?dns=AAABAAABAAAAAAABFG9wdGltaXphdGlvbmd1aWRlLXBhCmdvb2dsZWFwaXMDY29tAABBAAEAACkQAAAAAAAAQAAMADwAAAAAAAAAAAAAAAAAAAAAAAAAAAAAAAAAAAAAAAAAAAAAAAAAAAAAAAAAAAAAAAAAAAAAAAAAAAAAAAA
[38788:26568:0527/215134.685:VERBOSE1:tls_handshaker.cc(105)] TlsClient: Continuing handshake
[38788:26568:0527/215134.685:VERBOSE1:tls_handshaker.cc(126)] TlsClient: SSL_do_handshake returned when entering early data. After retry, rv=-1, SSL_in_early_data=1
[38788:26568:0527/215134.755:VERBOSE1:tls_handshaker.cc(105)] TlsClient: Continuing handshake
[38788:26568:0527/215134.755:VERBOSE1:tls_handshaker.cc(105)] TlsClient: Continuing handshake
[38788:26568:0527/215134.755:VERBOSE1:tls_client_handshaker.cc(528)] Client: handshake finished
[38788:26568:0527/215134.806:VERBOSE1:tls_handshaker.cc(105)] TlsClient: Continuing handshake
[38788:26568:0527/215134.807:VERBOSE1:tls_handshaker.cc(126)] TlsClient: SSL_do_handshake returned when entering early data. After retry, rv=-1, SSL_in_early_data=1
[38788:26568:0527/215134.892:VERBOSE1:tls_handshaker.cc(105)] TlsClient: Continuing handshake
[38788:26568:0527/215134.892:VERBOSE1:tls_handshaker.cc(105)] TlsClient: Continuing handshake
[38788:26568:0527/215134.892:VERBOSE1:tls_client_handshaker.cc(528)] Client: handshake finished
[36476:30740:0527/215140.351:VERBOSE1:media_stream_manager.cc(1533)] MSPL::OnSpeedLimitChange({this=000029AC00176D40}, {new_limit=28})
[36476:30740:0527/215203.687:VERBOSE1:media_stream_manager.cc(1533)] MSPL::OnSpeedLimitChange({this=000029AC00176D40}, {new_limit=27})
[36476:30740:0527/215213.689:VERBOSE1:media_stream_manager.cc(1533)] MSPL::OnSpeedLimitChange({this=000029AC00176D40}, {new_limit=28})
[36476:30740:0527/215229.689:VERBOSE1:media_stream_manager.cc(1533)] MSPL::OnSpeedLimitChange({this=000029AC00176D40}, {new_limit=27})
[36476:30740:0527/215246.692:VERBOSE1:media_stream_manager.cc(1533)] MSPL::OnSpeedLimitChange({this=000029AC00176D40}, {new_limit=28})
[36476:30740:0527/215306.695:VERBOSE1:media_stream_manager.cc(1533)] MSPL::OnSpeedLimitChange({this=000029AC00176D40}, {new_limit=27})
[36476:30740:0527/215316.697:VERBOSE1:media_stream_manager.cc(1533)] MSPL::OnSpeedLimitChange({this=000029AC00176D40}, {new_limit=28})
[36476:30740:0527/215330.698:VERBOSE1:media_stream_manager.cc(1533)] MSPL::OnSpeedLimitChange({this=000029AC00176D40}, {new_limit=27})
[36476:30740:0527/215340.701:VERBOSE1:media_stream_manager.cc(1533)] MSPL::OnSpeedLimitChange({this=000029AC00176D40}, {new_limit=28})
[36476:30740:0527/215349.703:VERBOSE1:media_stream_manager.cc(1533)] MSPL::OnSpeedLimitChange({this=000029AC00176D40}, {new_limit=27})
[36476:30740:0527/215359.706:VERBOSE1:media_stream_manager.cc(1533)] MSPL::OnSpeedLimitChange({this=000029AC00176D40}, {new_limit=28})
[38788:26568:0527/215414.377:VERBOSE1:network_delegate.cc(36)] NetworkDelegate::NotifyBeforeURLRequest: https://optimizationguide-pa.googleapis.com/v1:GetModels?key=dummytoken
[38788:26568:0527/215414.377:VERBOSE1:network_delegate.cc(36)] NetworkDelegate::NotifyBeforeURLRequest: https://dns.google/dns-query?dns=AAABAAABAAAAAAABFG9wdGltaXphdGlvbmd1aWRlLXBhCmdvb2dsZWFwaXMDY29tAAABAAEAACkQAAAAAAAAQAAMADwAAAAAAAAAAAAAAAAAAAAAAAAAAAAAAAAAAAAAAAAAAAAAAAAAAAAAAAAAAAAAAAAAAAAAAAAAAAAAAAA
[38788:26568:0527/215414.378:VERBOSE1:network_delegate.cc(36)] NetworkDelegate::NotifyBeforeURLRequest: https://dns.google/dns-query?dns=AAABAAABAAAAAAABFG9wdGltaXphdGlvbmd1aWRlLXBhCmdvb2dsZWFwaXMDY29tAABBAAEAACkQAAAAAAAAQAAMADwAAAAAAAAAAAAAAAAAAAAAAAAAAAAAAAAAAAAAAAAAAAAAAAAAAAAAAAAAAAAAAAAAAAAAAAAAAAAAAAA
[38788:26568:0527/215414.389:VERBOSE1:tls_handshaker.cc(105)] TlsClient: Continuing handshake
[38788:26568:0527/215414.389:VERBOSE1:tls_handshaker.cc(126)] TlsClient: SSL_do_handshake returned when entering early data. After retry, rv=-1, SSL_in_early_data=1
[38788:26568:0527/215414.469:VERBOSE1:tls_handshaker.cc(105)] TlsClient: Continuing handshake
[38788:26568:0527/215414.469:VERBOSE1:tls_handshaker.cc(105)] TlsClient: Continuing handshake
[38788:26568:0527/215414.469:VERBOSE1:tls_client_handshaker.cc(528)] Client: handshake finished
[38788:26568:0527/215414.545:VERBOSE1:tls_handshaker.cc(105)] TlsClient: Continuing handshake
[38788:26568:0527/215414.545:VERBOSE1:tls_handshaker.cc(126)] TlsClient: SSL_do_handshake returned when entering early data. After retry, rv=-1, SSL_in_early_data=1
[38788:26568:0527/215414.606:VERBOSE1:tls_handshaker.cc(105)] TlsClient: Continuing handshake
[38788:26568:0527/215414.606:VERBOSE1:tls_handshaker.cc(105)] TlsClient: Continuing handshake
[38788:26568:0527/215414.606:VERBOSE1:tls_client_handshaker.cc(528)] Client: handshake finished
[36476:30740:0527/215428.710:VERBOSE1:media_stream_manager.cc(1533)] MSPL::OnSpeedLimitChange({this=000029AC00176D40}, {new_limit=27})
[36476:30740:0527/215432.711:VERBOSE1:media_stream_manager.cc(1533)] MSPL::OnSpeedLimitChange({this=000029AC00176D40}, {new_limit=26})
[36476:30740:0527/215440.714:VERBOSE1:media_stream_manager.cc(1533)] MSPL::OnSpeedLimitChange({this=000029AC00176D40}, {new_limit=27})
[36476:30740:0527/215443.713:VERBOSE1:media_stream_manager.cc(1533)] MSPL::OnSpeedLimitChange({this=000029AC00176D40}, {new_limit=28})
[36476:30740:0527/215517.721:VERBOSE1:media_stream_manager.cc(1533)] MSPL::OnSpeedLimitChange({this=000029AC00176D40}, {new_limit=27})
[36476:30740:0527/215528.725:VERBOSE1:media_stream_manager.cc(1533)] MSPL::OnSpeedLimitChange({this=000029AC00176D40}, {new_limit=28})
[36476:30740:0527/215529.723:VERBOSE1:media_stream_manager.cc(1533)] MSPL::OnSpeedLimitChange({this=000029AC00176D40}, {new_limit=27})
[36476:30740:0527/215530.723:VERBOSE1:media_stream_manager.cc(1533)] MSPL::OnSpeedLimitChange({this=000029AC00176D40}, {new_limit=26})
[36476:30740:0527/215539.725:VERBOSE1:media_stream_manager.cc(1533)] MSPL::OnSpeedLimitChange({this=000029AC00176D40}, {new_limit=27})
[36476:30740:0527/215540.726:VERBOSE1:media_stream_manager.cc(1533)] MSPL::OnSpeedLimitChange({this=000029AC00176D40}, {new_limit=28})
[36476:30740:0527/215607.728:VERBOSE1:media_stream_manager.cc(1533)] MSPL::OnSpeedLimitChange({this=000029AC00176D40}, {new_limit=27})
[36476:30740:0527/215617.732:VERBOSE1:media_stream_manager.cc(1533)] MSPL::OnSpeedLimitChange({this=000029AC00176D40}, {new_limit=28})
[36476:30740:0527/215624.732:VERBOSE1:media_stream_manager.cc(1533)] MSPL::OnSpeedLimitChange({this=000029AC00176D40}, {new_limit=27})
[36476:30740:0527/215639.734:VERBOSE1:media_stream_manager.cc(1533)] MSPL::OnSpeedLimitChange({this=000029AC00176D40}, {new_limit=28})
[38788:26568:0527/215651.404:VERBOSE1:network_delegate.cc(36)] NetworkDelegate::NotifyBeforeURLRequest: https://optimizationguide-pa.googleapis.com/v1:GetModels?key=dummytoken
[38788:26568:0527/215651.405:VERBOSE1:network_delegate.cc(36)] NetworkDelegate::NotifyBeforeURLRequest: https://dns.google/dns-query?dns=AAABAAABAAAAAAABFG9wdGltaXphdGlvbmd1aWRlLXBhCmdvb2dsZWFwaXMDY29tAAABAAEAACkQAAAAAAAAQAAMADwAAAAAAAAAAAAAAAAAAAAAAAAAAAAAAAAAAAAAAAAAAAAAAAAAAAAAAAAAAAAAAAAAAAAAAAAAAAAAAAA
[38788:26568:0527/215651.405:VERBOSE1:network_delegate.cc(36)] NetworkDelegate::NotifyBeforeURLRequest: https://dns.google/dns-query?dns=AAABAAABAAAAAAABFG9wdGltaXphdGlvbmd1aWRlLXBhCmdvb2dsZWFwaXMDY29tAABBAAEAACkQAAAAAAAAQAAMADwAAAAAAAAAAAAAAAAAAAAAAAAAAAAAAAAAAAAAAAAAAAAAAAAAAAAAAAAAAAAAAAAAAAAAAAAAAAAAAAA
[38788:26568:0527/215651.414:VERBOSE1:tls_handshaker.cc(105)] TlsClient: Continuing handshake
[38788:26568:0527/215651.414:VERBOSE1:tls_handshaker.cc(126)] TlsClient: SSL_do_handshake returned when entering early data. After retry, rv=-1, SSL_in_early_data=1
[38788:26568:0527/215651.480:VERBOSE1:tls_handshaker.cc(105)] TlsClient: Continuing handshake
[38788:26568:0527/215651.480:VERBOSE1:tls_handshaker.cc(105)] TlsClient: Continuing handshake
[38788:26568:0527/215651.480:VERBOSE1:tls_client_handshaker.cc(528)] Client: handshake finished
[38788:26568:0527/215651.524:VERBOSE1:tls_handshaker.cc(105)] TlsClient: Continuing handshake
[38788:26568:0527/215651.524:VERBOSE1:tls_handshaker.cc(126)] TlsClient: SSL_do_handshake returned when entering early data. After retry, rv=-1, SSL_in_early_data=1
[38788:26568:0527/215651.602:VERBOSE1:tls_handshaker.cc(105)] TlsClient: Continuing handshake
[38788:26568:0527/215651.602:VERBOSE1:tls_handshaker.cc(105)] TlsClient: Continuing handshake
[38788:26568:0527/215651.602:VERBOSE1:tls_client_handshaker.cc(528)] Client: handshake finished
[36476:30740:0527/215707.739:VERBOSE1:media_stream_manager.cc(1533)] MSPL::OnSpeedLimitChange({this=000029AC00176D40}, {new_limit=27})
[36476:30740:0527/215728.742:VERBOSE1:media_stream_manager.cc(1533)] MSPL::OnSpeedLimitChange({this=000029AC00176D40}, {new_limit=28})
[36476:30740:0527/215729.742:VERBOSE1:media_stream_manager.cc(1533)] MSPL::OnSpeedLimitChange({this=000029AC00176D40}, {new_limit=27})
[36476:30740:0527/215739.743:VERBOSE1:media_stream_manager.cc(1533)] MSPL::OnSpeedLimitChange({this=000029AC00176D40}, {new_limit=28})
[36476:30740:0527/215811.746:VERBOSE1:media_stream_manager.cc(1533)] MSPL::OnSpeedLimitChange({this=000029AC00176D40}, {new_limit=27})
[36476:30740:0527/215823.748:VERBOSE1:media_stream_manager.cc(1533)] MSPL::OnSpeedLimitChange({this=000029AC00176D40}, {new_limit=28})
[36476:30740:0527/215828.748:VERBOSE1:media_stream_manager.cc(1533)] MSPL::OnSpeedLimitChange({this=000029AC00176D40}, {new_limit=27})
[36476:30740:0527/215840.749:VERBOSE1:media_stream_manager.cc(1533)] MSPL::OnSpeedLimitChange({this=000029AC00176D40}, {new_limit=28})
[36476:30740:0527/215914.751:VERBOSE1:media_stream_manager.cc(1533)] MSPL::OnSpeedLimitChange({this=000029AC00176D40}, {new_limit=27})
[38788:26568:0527/215923.753:VERBOSE1:network_delegate.cc(36)] NetworkDelegate::NotifyBeforeURLRequest: https://optimizationguide-pa.googleapis.com/v1:GetModels?key=dummytoken
[38788:26568:0527/215923.753:VERBOSE1:network_delegate.cc(36)] NetworkDelegate::NotifyBeforeURLRequest: https://dns.google/dns-query?dns=AAABAAABAAAAAAABFG9wdGltaXphdGlvbmd1aWRlLXBhCmdvb2dsZWFwaXMDY29tAAABAAEAACkQAAAAAAAAQAAMADwAAAAAAAAAAAAAAAAAAAAAAAAAAAAAAAAAAAAAAAAAAAAAAAAAAAAAAAAAAAAAAAAAAAAAAAAAAAAAAAA
[38788:26568:0527/215923.754:VERBOSE1:network_delegate.cc(36)] NetworkDelegate::NotifyBeforeURLRequest: https://dns.google/dns-query?dns=AAABAAABAAAAAAABFG9wdGltaXphdGlvbmd1aWRlLXBhCmdvb2dsZWFwaXMDY29tAABBAAEAACkQAAAAAAAAQAAMADwAAAAAAAAAAAAAAAAAAAAAAAAAAAAAAAAAAAAAAAAAAAAAAAAAAAAAAAAAAAAAAAAAAAAAAAAAAAAAAAA
[38788:26568:0527/215923.754:VERBOSE1:tls_handshaker.cc(105)] TlsClient: Continuing handshake
[38788:26568:0527/215923.754:VERBOSE1:tls_handshaker.cc(126)] TlsClient: SSL_do_handshake returned when entering early data. After retry, rv=-1, SSL_in_early_data=1
[38788:26568:0527/215923.813:VERBOSE1:tls_handshaker.cc(105)] TlsClient: Continuing handshake
[38788:26568:0527/215923.813:VERBOSE1:tls_handshaker.cc(105)] TlsClient: Continuing handshake
[38788:26568:0527/215923.813:VERBOSE1:tls_client_handshaker.cc(528)] Client: handshake finished
[38788:26568:0527/215923.859:VERBOSE1:tls_handshaker.cc(105)] TlsClient: Continuing handshake
[38788:26568:0527/215923.861:VERBOSE1:tls_handshaker.cc(126)] TlsClient: SSL_do_handshake returned when entering early data. After retry, rv=-1, SSL_in_early_data=1
[38788:26568:0527/215923.919:VERBOSE1:tls_handshaker.cc(105)] TlsClient: Continuing handshake
[38788:26568:0527/215923.919:VERBOSE1:tls_handshaker.cc(105)] TlsClient: Continuing handshake
[38788:26568:0527/215923.919:VERBOSE1:tls_client_handshaker.cc(528)] Client: handshake finished
[36476:30740:0527/215924.752:VERBOSE1:media_stream_manager.cc(1533)] MSPL::OnSpeedLimitChange({this=000029AC00176D40}, {new_limit=28})
[36476:30740:0527/215929.753:VERBOSE1:media_stream_manager.cc(1533)] MSPL::OnSpeedLimitChange({this=000029AC00176D40}, {new_limit=27})
[36476:30740:0527/215946.756:VERBOSE1:media_stream_manager.cc(1533)] MSPL::OnSpeedLimitChange({this=000029AC00176D40}, {new_limit=28})
[36476:30740:0527/220054.768:VERBOSE1:media_stream_manager.cc(1533)] MSPL::OnSpeedLimitChange({this=000029AC00176D40}, {new_limit=27})
[36476:30740:0527/220104.770:VERBOSE1:media_stream_manager.cc(1533)] MSPL::OnSpeedLimitChange({this=000029AC00176D40}, {new_limit=28})
[36476:30740:0527/220108.771:VERBOSE1:media_stream_manager.cc(1533)] MSPL::OnSpeedLimitChange({this=000029AC00176D40}, {new_limit=27})
[36476:30740:0527/220118.773:VERBOSE1:media_stream_manager.cc(1533)] MSPL::OnSpeedLimitChange({this=000029AC00176D40}, {new_limit=28})
[38788:26568:0527/220202.114:VERBOSE1:network_delegate.cc(36)] NetworkDelegate::NotifyBeforeURLRequest: https://optimizationguide-pa.googleapis.com/v1:GetModels?key=dummytoken
[38788:26568:0527/220202.115:VERBOSE1:network_delegate.cc(36)] NetworkDelegate::NotifyBeforeURLRequest: https://dns.google/dns-query?dns=AAABAAABAAAAAAABFG9wdGltaXphdGlvbmd1aWRlLXBhCmdvb2dsZWFwaXMDY29tAAABAAEAACkQAAAAAAAAQAAMADwAAAAAAAAAAAAAAAAAAAAAAAAAAAAAAAAAAAAAAAAAAAAAAAAAAAAAAAAAAAAAAAAAAAAAAAAAAAAAAAA
[38788:26568:0527/220202.115:VERBOSE1:network_delegate.cc(36)] NetworkDelegate::NotifyBeforeURLRequest: https://dns.google/dns-query?dns=AAABAAABAAAAAAABFG9wdGltaXphdGlvbmd1aWRlLXBhCmdvb2dsZWFwaXMDY29tAABBAAEAACkQAAAAAAAAQAAMADwAAAAAAAAAAAAAAAAAAAAAAAAAAAAAAAAAAAAAAAAAAAAAAAAAAAAAAAAAAAAAAAAAAAAAAAAAAAAAAAA
[38788:26568:0527/220202.125:VERBOSE1:tls_handshaker.cc(105)] TlsClient: Continuing handshake
[38788:26568:0527/220202.126:VERBOSE1:tls_handshaker.cc(126)] TlsClient: SSL_do_handshake returned when entering early data. After retry, rv=-1, SSL_in_early_data=1
[38788:26568:0527/220202.188:VERBOSE1:tls_handshaker.cc(105)] TlsClient: Continuing handshake
[38788:26568:0527/220202.188:VERBOSE1:tls_handshaker.cc(105)] TlsClient: Continuing handshake
[38788:26568:0527/220202.188:VERBOSE1:tls_client_handshaker.cc(528)] Client: handshake finished
[38788:26568:0527/220202.249:VERBOSE1:tls_handshaker.cc(105)] TlsClient: Continuing handshake
[38788:26568:0527/220202.250:VERBOSE1:tls_handshaker.cc(126)] TlsClient: SSL_do_handshake returned when entering early data. After retry, rv=-1, SSL_in_early_data=1
[38788:26568:0527/220202.336:VERBOSE1:tls_handshaker.cc(105)] TlsClient: Continuing handshake
[38788:26568:0527/220202.336:VERBOSE1:tls_handshaker.cc(105)] TlsClient: Continuing handshake
[38788:26568:0527/220202.336:VERBOSE1:tls_client_handshaker.cc(528)] Client: handshake finished
[36476:30740:0527/220208.782:VERBOSE1:media_stream_manager.cc(1533)] MSPL::OnSpeedLimitChange({this=000029AC00176D40}, {new_limit=27})
[36476:30740:0527/220210.783:VERBOSE1:media_stream_manager.cc(1533)] MSPL::OnSpeedLimitChange({this=000029AC00176D40}, {new_limit=26})
[36476:30740:0527/220216.784:VERBOSE1:media_stream_manager.cc(1533)] MSPL::OnSpeedLimitChange({this=000029AC00176D40}, {new_limit=25})
[36476:30740:0527/220224.786:VERBOSE1:media_stream_manager.cc(1533)] MSPL::OnSpeedLimitChange({this=000029AC00176D40}, {new_limit=26})
[36476:30740:0527/220228.787:VERBOSE1:media_stream_manager.cc(1533)] MSPL::OnSpeedLimitChange({this=000029AC00176D40}, {new_limit=27})
[36476:30740:0527/220230.788:VERBOSE1:media_stream_manager.cc(1533)] MSPL::OnSpeedLimitChange({this=000029AC00176D40}, {new_limit=28})
[36476:30740:0527/220250.126:VERBOSE1:media_stream_manager.cc(1533)] MSPL::OnSpeedLimitChange({this=000029AC00176D40}, {new_limit=27})
[36476:30740:0527/220300.128:VERBOSE1:media_stream_manager.cc(1533)] MSPL::OnSpeedLimitChange({this=000029AC00176D40}, {new_limit=28})
[36476:30740:0527/220347.135:VERBOSE1:media_stream_manager.cc(1533)] MSPL::OnSpeedLimitChange({this=000029AC00176D40}, {new_limit=27})
[36476:30740:0527/220350.136:VERBOSE1:media_stream_manager.cc(1533)] MSPL::OnSpeedLimitChange({this=000029AC00176D40}, {new_limit=26})
[36476:30740:0527/220352.134:VERBOSE1:media_stream_manager.cc(1533)] MSPL::OnSpeedLimitChange({this=000029AC00176D40}, {new_limit=25})
[36476:30740:0527/220358.135:VERBOSE1:media_stream_manager.cc(1533)] MSPL::OnSpeedLimitChange({this=000029AC00176D40}, {new_limit=26})
[36476:30740:0527/220400.136:VERBOSE1:media_stream_manager.cc(1533)] MSPL::OnSpeedLimitChange({this=000029AC00176D40}, {new_limit=27})
[36476:30740:0527/220402.136:VERBOSE1:media_stream_manager.cc(1533)] MSPL::OnSpeedLimitChange({this=000029AC00176D40}, {new_limit=28})
[36476:30740:0527/220406.138:VERBOSE1:media_stream_manager.cc(1533)] MSPL::OnSpeedLimitChange({this=000029AC00176D40}, {new_limit=27})
[36476:30740:0527/220409.143:VERBOSE1:media_stream_manager.cc(1533)] MSPL::OnSpeedLimitChange({this=000029AC00176D40}, {new_limit=26})
[36476:30740:0527/220410.140:VERBOSE1:media_stream_manager.cc(1533)] MSPL::OnSpeedLimitChange({this=000029AC00176D40}, {new_limit=24})
[36476:30740:0527/220411.142:VERBOSE1:media_stream_manager.cc(1533)] MSPL::OnSpeedLimitChange({this=000029AC00176D40}, {new_limit=22})
[36476:30740:0527/220419.140:VERBOSE1:media_stream_manager.cc(1533)] MSPL::OnSpeedLimitChange({this=000029AC00176D40}, {new_limit=23})
[36476:30740:0527/220420.140:VERBOSE1:media_stream_manager.cc(1533)] MSPL::OnSpeedLimitChange({this=000029AC00176D40}, {new_limit=25})
[36476:30740:0527/220421.140:VERBOSE1:media_stream_manager.cc(1533)] MSPL::OnSpeedLimitChange({this=000029AC00176D40}, {new_limit=27})
[36476:30740:0527/220422.140:VERBOSE1:media_stream_manager.cc(1533)] MSPL::OnSpeedLimitChange({this=000029AC00176D40}, {new_limit=28})
[36476:30740:0527/220428.140:VERBOSE1:media_stream_manager.cc(1533)] MSPL::OnSpeedLimitChange({this=000029AC00176D40}, {new_limit=27})
[38788:26568:0527/220433.477:VERBOSE1:network_delegate.cc(36)] NetworkDelegate::NotifyBeforeURLRequest: https://optimizationguide-pa.googleapis.com/v1:GetModels?key=dummytoken
[38788:26568:0527/220433.478:VERBOSE1:network_delegate.cc(36)] NetworkDelegate::NotifyBeforeURLRequest: https://dns.google/dns-query?dns=AAABAAABAAAAAAABFG9wdGltaXphdGlvbmd1aWRlLXBhCmdvb2dsZWFwaXMDY29tAAABAAEAACkQAAAAAAAAQAAMADwAAAAAAAAAAAAAAAAAAAAAAAAAAAAAAAAAAAAAAAAAAAAAAAAAAAAAAAAAAAAAAAAAAAAAAAAAAAAAAAA
[38788:26568:0527/220433.478:VERBOSE1:network_delegate.cc(36)] NetworkDelegate::NotifyBeforeURLRequest: https://dns.google/dns-query?dns=AAABAAABAAAAAAABFG9wdGltaXphdGlvbmd1aWRlLXBhCmdvb2dsZWFwaXMDY29tAABBAAEAACkQAAAAAAAAQAAMADwAAAAAAAAAAAAAAAAAAAAAAAAAAAAAAAAAAAAAAAAAAAAAAAAAAAAAAAAAAAAAAAAAAAAAAAAAAAAAAAA
[38788:26568:0527/220433.478:VERBOSE1:tls_handshaker.cc(105)] TlsClient: Continuing handshake
[38788:26568:0527/220433.479:VERBOSE1:tls_handshaker.cc(126)] TlsClient: SSL_do_handshake returned when entering early data. After retry, rv=-1, SSL_in_early_data=1
[38788:26568:0527/220433.573:VERBOSE1:tls_handshaker.cc(105)] TlsClient: Continuing handshake
[38788:26568:0527/220433.573:VERBOSE1:tls_handshaker.cc(105)] TlsClient: Continuing handshake
[38788:26568:0527/220433.573:VERBOSE1:tls_client_handshaker.cc(528)] Client: handshake finished
[38788:26568:0527/220433.659:VERBOSE1:tls_handshaker.cc(105)] TlsClient: Continuing handshake
[38788:26568:0527/220433.660:VERBOSE1:tls_handshaker.cc(126)] TlsClient: SSL_do_handshake returned when entering early data. After retry, rv=-1, SSL_in_early_data=1
[38788:26568:0527/220433.722:VERBOSE1:tls_handshaker.cc(105)] TlsClient: Continuing handshake
[38788:26568:0527/220433.722:VERBOSE1:tls_handshaker.cc(105)] TlsClient: Continuing handshake
[38788:26568:0527/220433.722:VERBOSE1:tls_client_handshaker.cc(528)] Client: handshake finished
[36476:30740:0527/220440.143:VERBOSE1:media_stream_manager.cc(1533)] MSPL::OnSpeedLimitChange({this=000029AC00176D40}, {new_limit=28})
[36476:30740:0527/220455.149:VERBOSE1:media_stream_manager.cc(1533)] MSPL::OnSpeedLimitChange({this=000029AC00176D40}, {new_limit=27})
[36476:30740:0527/220508.148:VERBOSE1:media_stream_manager.cc(1533)] MSPL::OnSpeedLimitChange({this=000029AC00176D40}, {new_limit=28})
[36476:30740:0527/220515.150:VERBOSE1:media_stream_manager.cc(1533)] MSPL::OnSpeedLimitChange({this=000029AC00176D40}, {new_limit=27})
[36476:30740:0527/220525.150:VERBOSE1:media_stream_manager.cc(1533)] MSPL::OnSpeedLimitChange({this=000029AC00176D40}, {new_limit=28})
[36476:30740:0527/220530.152:VERBOSE1:media_stream_manager.cc(1533)] MSPL::OnSpeedLimitChange({this=000029AC00176D40}, {new_limit=27})
[36476:30740:0527/220540.153:VERBOSE1:media_stream_manager.cc(1533)] MSPL::OnSpeedLimitChange({this=000029AC00176D40}, {new_limit=28})
[38788:26568:0527/220605.491:VERBOSE1:logging_network_change_observer.cc(90)] Observed a change to the network IP addresses
[38788:26568:0527/220606.511:VERBOSE1:logging_network_change_observer.cc(100)] Observed a change to network connectivity state CONNECTION_WIFI
[38788:26568:0527/220607.012:VERBOSE1:logging_network_change_observer.cc(113)] Observed a network change to state CONNECTION_NONE
[38788:26568:0527/220607.012:VERBOSE1:logging_network_change_observer.cc(113)] Observed a network change to state CONNECTION_WIFI
[38788:26568:0527/220607.502:VERBOSE1:configured_proxy_resolution_service.cc(1162)] Failed configuring with PAC script, falling-back to manual proxy servers.
[38788:26568:0527/220607.502:VERBOSE1:configured_proxy_resolution_service.cc(1162)] Failed configuring with PAC script, falling-back to manual proxy servers.
[38788:26568:0527/220607.506:VERBOSE1:configured_proxy_resolution_service.cc(1162)] Failed configuring with PAC script, falling-back to manual proxy servers.
[36476:30740:0527/220610.493:VERBOSE1:mdns_client_impl.cc(201)] Sockets ready:2
[36476:17788:0527/220610.825:VERBOSE1:service_discovery_device_lister.cc(54)] OnServiceUpdated: service_type: _googlecast._tcp.local, service_name: , update: 3
[36476:17788:0527/220610.825:VERBOSE1:service_discovery_device_lister.cc(42)] DiscoverNewDevices: service_type: _googlecast._tcp.local
[36476:17788:0527/220610.825:VERBOSE1:service_discovery_device_lister.cc(42)] DiscoverNewDevices: service_type: _googlecast._tcp.local
[36476:30740:0527/220626.158:VERBOSE1:media_stream_manager.cc(1533)] MSPL::OnSpeedLimitChange({this=000029AC00176D40}, {new_limit=27})
[36476:30740:0527/220653.164:VERBOSE1:media_stream_manager.cc(1533)] MSPL::OnSpeedLimitChange({this=000029AC00176D40}, {new_limit=28})
[36476:30740:0527/220707.169:VERBOSE1:media_stream_manager.cc(1533)] MSPL::OnSpeedLimitChange({this=000029AC00176D40}, {new_limit=27})
[38788:26568:0527/220714.503:VERBOSE1:network_delegate.cc(36)] NetworkDelegate::NotifyBeforeURLRequest: https://optimizationguide-pa.googleapis.com/v1:GetModels?key=dummytoken
[38788:26568:0527/220714.504:VERBOSE1:network_delegate.cc(36)] NetworkDelegate::NotifyBeforeURLRequest: https://dns.google/dns-query?dns=AAABAAABAAAAAAABFG9wdGltaXphdGlvbmd1aWRlLXBhCmdvb2dsZWFwaXMDY29tAAABAAEAACkQAAAAAAAAQAAMADwAAAAAAAAAAAAAAAAAAAAAAAAAAAAAAAAAAAAAAAAAAAAAAAAAAAAAAAAAAAAAAAAAAAAAAAAAAAAAAAA
[38788:26568:0527/220714.505:VERBOSE1:network_delegate.cc(36)] NetworkDelegate::NotifyBeforeURLRequest: https://dns.google/dns-query?dns=AAABAAABAAAAAAABFG9wdGltaXphdGlvbmd1aWRlLXBhCmdvb2dsZWFwaXMDY29tAABBAAEAACkQAAAAAAAAQAAMADwAAAAAAAAAAAAAAAAAAAAAAAAAAAAAAAAAAAAAAAAAAAAAAAAAAAAAAAAAAAAAAAAAAAAAAAAAAAAAAAA
[38788:26568:0527/220714.518:VERBOSE1:tls_handshaker.cc(105)] TlsClient: Continuing handshake
[38788:26568:0527/220714.518:VERBOSE1:tls_handshaker.cc(126)] TlsClient: SSL_do_handshake returned when entering early data. After retry, rv=-1, SSL_in_early_data=1
[38788:26568:0527/220714.576:VERBOSE1:tls_handshaker.cc(105)] TlsClient: Continuing handshake
[38788:26568:0527/220714.576:VERBOSE1:tls_handshaker.cc(105)] TlsClient: Continuing handshake
[38788:26568:0527/220714.576:VERBOSE1:tls_client_handshaker.cc(528)] Client: handshake finished
[38788:26568:0527/220714.619:VERBOSE1:tls_handshaker.cc(105)] TlsClient: Continuing handshake
[38788:26568:0527/220714.620:VERBOSE1:tls_handshaker.cc(126)] TlsClient: SSL_do_handshake returned when entering early data. After retry, rv=-1, SSL_in_early_data=1
[38788:26568:0527/220714.687:VERBOSE1:tls_handshaker.cc(105)] TlsClient: Continuing handshake
[38788:26568:0527/220714.687:VERBOSE1:tls_handshaker.cc(105)] TlsClient: Continuing handshake
[38788:26568:0527/220714.687:VERBOSE1:tls_client_handshaker.cc(528)] Client: handshake finished
[36476:30740:0527/220717.170:VERBOSE1:media_stream_manager.cc(1533)] MSPL::OnSpeedLimitChange({this=000029AC00176D40}, {new_limit=28})
[36476:30740:0527/220723.170:VERBOSE1:media_stream_manager.cc(1533)] MSPL::OnSpeedLimitChange({this=000029AC00176D40}, {new_limit=27})
[36476:30740:0527/220730.169:VERBOSE1:media_stream_manager.cc(1533)] MSPL::OnSpeedLimitChange({this=000029AC00176D40}, {new_limit=26})
[36476:30740:0527/220733.171:VERBOSE1:media_stream_manager.cc(1533)] MSPL::OnSpeedLimitChange({this=000029AC00176D40}, {new_limit=27})
[36476:30740:0527/220750.174:VERBOSE1:media_stream_manager.cc(1533)] MSPL::OnSpeedLimitChange({this=000029AC00176D40}, {new_limit=28})
[36476:30740:0527/220755.174:VERBOSE1:media_stream_manager.cc(1533)] MSPL::OnSpeedLimitChange({this=000029AC00176D40}, {new_limit=27})
[36476:30740:0527/220805.176:VERBOSE1:media_stream_manager.cc(1533)] MSPL::OnSpeedLimitChange({this=000029AC00176D40}, {new_limit=28})
[36476:30740:0527/220830.181:VERBOSE1:media_stream_manager.cc(1533)] MSPL::OnSpeedLimitChange({this=000029AC00176D40}, {new_limit=27})
[36476:30740:0527/220840.185:VERBOSE1:media_stream_manager.cc(1533)] MSPL::OnSpeedLimitChange({this=000029AC00176D40}, {new_limit=28})
[36476:30740:0527/220907.190:VERBOSE1:media_stream_manager.cc(1533)] MSPL::OnSpeedLimitChange({this=000029AC00176D40}, {new_limit=27})
[36476:30740:0527/220917.190:VERBOSE1:media_stream_manager.cc(1533)] MSPL::OnSpeedLimitChange({this=000029AC00176D40}, {new_limit=28})
[36476:30740:0527/220923.191:VERBOSE1:media_stream_manager.cc(1533)] MSPL::OnSpeedLimitChange({this=000029AC00176D40}, {new_limit=27})
[36476:30740:0527/220930.193:VERBOSE1:media_stream_manager.cc(1533)] MSPL::OnSpeedLimitChange({this=000029AC00176D40}, {new_limit=26})
[36476:30740:0527/220933.192:VERBOSE1:media_stream_manager.cc(1533)] MSPL::OnSpeedLimitChange({this=000029AC00176D40}, {new_limit=27})
[36476:30740:0527/220935.192:VERBOSE1:media_stream_manager.cc(1533)] MSPL::OnSpeedLimitChange({this=000029AC00176D40}, {new_limit=26})
[36476:30740:0527/220944.194:VERBOSE1:media_stream_manager.cc(1533)] MSPL::OnSpeedLimitChange({this=000029AC00176D40}, {new_limit=27})
[36476:30740:0527/220946.194:VERBOSE1:media_stream_manager.cc(1533)] MSPL::OnSpeedLimitChange({this=000029AC00176D40}, {new_limit=28})
[36476:30740:0527/220955.195:VERBOSE1:media_stream_manager.cc(1533)] MSPL::OnSpeedLimitChange({this=000029AC00176D40}, {new_limit=27})
[36476:30740:0527/221005.196:VERBOSE1:media_stream_manager.cc(1533)] MSPL::OnSpeedLimitChange({this=000029AC00176D40}, {new_limit=28})
[38788:26568:0527/221008.530:VERBOSE1:network_delegate.cc(36)] NetworkDelegate::NotifyBeforeURLRequest: https://optimizationguide-pa.googleapis.com/v1:GetModels?key=dummytoken
[38788:26568:0527/221008.531:VERBOSE1:network_delegate.cc(36)] NetworkDelegate::NotifyBeforeURLRequest: https://dns.google/dns-query?dns=AAABAAABAAAAAAABFG9wdGltaXphdGlvbmd1aWRlLXBhCmdvb2dsZWFwaXMDY29tAAABAAEAACkQAAAAAAAAQAAMADwAAAAAAAAAAAAAAAAAAAAAAAAAAAAAAAAAAAAAAAAAAAAAAAAAAAAAAAAAAAAAAAAAAAAAAAAAAAAAAAA
[38788:26568:0527/221008.532:VERBOSE1:network_delegate.cc(36)] NetworkDelegate::NotifyBeforeURLRequest: https://dns.google/dns-query?dns=AAABAAABAAAAAAABFG9wdGltaXphdGlvbmd1aWRlLXBhCmdvb2dsZWFwaXMDY29tAABBAAEAACkQAAAAAAAAQAAMADwAAAAAAAAAAAAAAAAAAAAAAAAAAAAAAAAAAAAAAAAAAAAAAAAAAAAAAAAAAAAAAAAAAAAAAAAAAAAAAAA
[38788:26568:0527/221008.541:VERBOSE1:tls_handshaker.cc(105)] TlsClient: Continuing handshake
[38788:26568:0527/221008.541:VERBOSE1:tls_handshaker.cc(126)] TlsClient: SSL_do_handshake returned when entering early data. After retry, rv=-1, SSL_in_early_data=1
[38788:26568:0527/221008.627:VERBOSE1:tls_handshaker.cc(105)] TlsClient: Continuing handshake
[38788:26568:0527/221008.627:VERBOSE1:tls_handshaker.cc(105)] TlsClient: Continuing handshake
[38788:26568:0527/221008.627:VERBOSE1:tls_client_handshaker.cc(528)] Client: handshake finished
[38788:26568:0527/221008.693:VERBOSE1:tls_handshaker.cc(105)] TlsClient: Continuing handshake
[38788:26568:0527/221008.695:VERBOSE1:tls_handshaker.cc(126)] TlsClient: SSL_do_handshake returned when entering early data. After retry, rv=-1, SSL_in_early_data=1
[38788:26568:0527/221008.773:VERBOSE1:tls_handshaker.cc(105)] TlsClient: Continuing handshake
[38788:26568:0527/221008.773:VERBOSE1:tls_handshaker.cc(105)] TlsClient: Continuing handshake
[38788:26568:0527/221008.773:VERBOSE1:tls_client_handshaker.cc(528)] Client: handshake finished
[36476:30740:0527/221030.202:VERBOSE1:media_stream_manager.cc(1533)] MSPL::OnSpeedLimitChange({this=000029AC00176D40}, {new_limit=27})
[36476:30740:0527/221051.205:VERBOSE1:media_stream_manager.cc(1533)] MSPL::OnSpeedLimitChange({this=000029AC00176D40}, {new_limit=28})
[36476:30740:0527/221111.208:VERBOSE1:media_stream_manager.cc(1533)] MSPL::OnSpeedLimitChange({this=000029AC00176D40}, {new_limit=27})
[36476:30740:0527/221121.211:VERBOSE1:media_stream_manager.cc(1533)] MSPL::OnSpeedLimitChange({this=000029AC00176D40}, {new_limit=28})
[36476:30740:0527/221130.211:VERBOSE1:media_stream_manager.cc(1533)] MSPL::OnSpeedLimitChange({this=000029AC00176D40}, {new_limit=27})
[36476:30740:0527/221140.213:VERBOSE1:media_stream_manager.cc(1533)] MSPL::OnSpeedLimitChange({this=000029AC00176D40}, {new_limit=28})
[36476:30740:0527/221230.215:VERBOSE1:media_stream_manager.cc(1533)] MSPL::OnSpeedLimitChange({this=000029AC00176D40}, {new_limit=27})
[38788:26568:0527/221239.217:VERBOSE1:network_delegate.cc(36)] NetworkDelegate::NotifyBeforeURLRequest: https://optimizationguide-pa.googleapis.com/v1:GetModels?key=dummytoken
[38788:26568:0527/221239.218:VERBOSE1:network_delegate.cc(36)] NetworkDelegate::NotifyBeforeURLRequest: https://dns.google/dns-query?dns=AAABAAABAAAAAAABFG9wdGltaXphdGlvbmd1aWRlLXBhCmdvb2dsZWFwaXMDY29tAAABAAEAACkQAAAAAAAAQAAMADwAAAAAAAAAAAAAAAAAAAAAAAAAAAAAAAAAAAAAAAAAAAAAAAAAAAAAAAAAAAAAAAAAAAAAAAAAAAAAAAA
[38788:26568:0527/221239.218:VERBOSE1:network_delegate.cc(36)] NetworkDelegate::NotifyBeforeURLRequest: https://dns.google/dns-query?dns=AAABAAABAAAAAAABFG9wdGltaXphdGlvbmd1aWRlLXBhCmdvb2dsZWFwaXMDY29tAABBAAEAACkQAAAAAAAAQAAMADwAAAAAAAAAAAAAAAAAAAAAAAAAAAAAAAAAAAAAAAAAAAAAAAAAAAAAAAAAAAAAAAAAAAAAAAAAAAAAAAA
[38788:26568:0527/221239.218:VERBOSE1:tls_handshaker.cc(105)] TlsClient: Continuing handshake
[38788:26568:0527/221239.219:VERBOSE1:tls_handshaker.cc(126)] TlsClient: SSL_do_handshake returned when entering early data. After retry, rv=-1, SSL_in_early_data=1
[38788:26568:0527/221239.290:VERBOSE1:tls_handshaker.cc(105)] TlsClient: Continuing handshake
[38788:26568:0527/221239.290:VERBOSE1:tls_handshaker.cc(105)] TlsClient: Continuing handshake
[38788:26568:0527/221239.290:VERBOSE1:tls_client_handshaker.cc(528)] Client: handshake finished
[38788:26568:0527/221239.340:VERBOSE1:tls_handshaker.cc(105)] TlsClient: Continuing handshake
[38788:26568:0527/221239.341:VERBOSE1:tls_handshaker.cc(126)] TlsClient: SSL_do_handshake returned when entering early data. After retry, rv=-1, SSL_in_early_data=1
[38788:26568:0527/221239.403:VERBOSE1:tls_handshaker.cc(105)] TlsClient: Continuing handshake
[38788:26568:0527/221239.403:VERBOSE1:tls_handshaker.cc(105)] TlsClient: Continuing handshake
[38788:26568:0527/221239.403:VERBOSE1:tls_client_handshaker.cc(528)] Client: handshake finished
[36476:30740:0527/221242.549:VERBOSE1:media_stream_manager.cc(1533)] MSPL::OnSpeedLimitChange({this=000029AC00176D40}, {new_limit=28})
[36476:30740:0527/221250.559:VERBOSE1:media_stream_manager.cc(1533)] MSPL::OnSpeedLimitChange({this=000029AC00176D40}, {new_limit=26})
[36476:30740:0527/221251.555:VERBOSE1:media_stream_manager.cc(1533)] MSPL::OnSpeedLimitChange({this=000029AC00176D40}, {new_limit=24})
[36476:30740:0527/221252.557:VERBOSE1:media_stream_manager.cc(1533)] MSPL::OnSpeedLimitChange({this=000029AC00176D40}, {new_limit=23})
[36476:30740:0527/221253.557:VERBOSE1:media_stream_manager.cc(1533)] MSPL::OnSpeedLimitChange({this=000029AC00176D40}, {new_limit=22})
[36476:30740:0527/221254.558:VERBOSE1:media_stream_manager.cc(1533)] MSPL::OnSpeedLimitChange({this=000029AC00176D40}, {new_limit=20})
[36476:30740:0527/221255.559:VERBOSE1:media_stream_manager.cc(1533)] MSPL::OnSpeedLimitChange({this=000029AC00176D40}, {new_limit=19})
[36476:30740:0527/221257.560:VERBOSE1:media_stream_manager.cc(1533)] MSPL::OnSpeedLimitChange({this=000029AC00176D40}, {new_limit=18})
[36476:30740:0527/221300.560:VERBOSE1:media_stream_manager.cc(1533)] MSPL::OnSpeedLimitChange({this=000029AC00176D40}, {new_limit=19})
[36476:30740:0527/221301.560:VERBOSE1:media_stream_manager.cc(1533)] MSPL::OnSpeedLimitChange({this=000029AC00176D40}, {new_limit=21})
[36476:30740:0527/221302.559:VERBOSE1:media_stream_manager.cc(1533)] MSPL::OnSpeedLimitChange({this=000029AC00176D40}, {new_limit=22})
[36476:30740:0527/221303.560:VERBOSE1:media_stream_manager.cc(1533)] MSPL::OnSpeedLimitChange({this=000029AC00176D40}, {new_limit=23})
[36476:30740:0527/221304.560:VERBOSE1:media_stream_manager.cc(1533)] MSPL::OnSpeedLimitChange({this=000029AC00176D40}, {new_limit=24})
[36476:30740:0527/221307.561:VERBOSE1:media_stream_manager.cc(1533)] MSPL::OnSpeedLimitChange({this=000029AC00176D40}, {new_limit=25})
[36476:30740:0527/221309.561:VERBOSE1:media_stream_manager.cc(1533)] MSPL::OnSpeedLimitChange({this=000029AC00176D40}, {new_limit=23})
[36476:30740:0527/221310.562:VERBOSE1:media_stream_manager.cc(1533)] MSPL::OnSpeedLimitChange({this=000029AC00176D40}, {new_limit=22})
[36476:30740:0527/221311.563:VERBOSE1:media_stream_manager.cc(1533)] MSPL::OnSpeedLimitChange({this=000029AC00176D40}, {new_limit=20})
[36476:30740:0527/221315.561:VERBOSE1:media_stream_manager.cc(1533)] MSPL::OnSpeedLimitChange({this=000029AC00176D40}, {new_limit=21})
[36476:30740:0527/221316.561:VERBOSE1:media_stream_manager.cc(1533)] MSPL::OnSpeedLimitChange({this=000029AC00176D40}, {new_limit=22})
[36476:30740:0527/221319.562:VERBOSE1:media_stream_manager.cc(1533)] MSPL::OnSpeedLimitChange({this=000029AC00176D40}, {new_limit=24})
[36476:30740:0527/221320.564:VERBOSE1:media_stream_manager.cc(1533)] MSPL::OnSpeedLimitChange({this=000029AC00176D40}, {new_limit=25})
[36476:30740:0527/221321.562:VERBOSE1:media_stream_manager.cc(1533)] MSPL::OnSpeedLimitChange({this=000029AC00176D40}, {new_limit=26})
[36476:30740:0527/221332.564:VERBOSE1:media_stream_manager.cc(1533)] MSPL::OnSpeedLimitChange({this=000029AC00176D40}, {new_limit=27})
[36476:30740:0527/221340.565:VERBOSE1:media_stream_manager.cc(1533)] MSPL::OnSpeedLimitChange({this=000029AC00176D40}, {new_limit=28})
[36476:30740:0527/221359.567:VERBOSE1:media_stream_manager.cc(1533)] MSPL::OnSpeedLimitChange({this=000029AC00176D40}, {new_limit=27})
[36476:30740:0527/221410.571:VERBOSE1:media_stream_manager.cc(1533)] MSPL::OnSpeedLimitChange({this=000029AC00176D40}, {new_limit=26})
[36476:30740:0527/221413.574:VERBOSE1:media_stream_manager.cc(1533)] MSPL::OnSpeedLimitChange({this=000029AC00176D40}, {new_limit=27})
[36476:30740:0527/221420.575:VERBOSE1:media_stream_manager.cc(1533)] MSPL::OnSpeedLimitChange({this=000029AC00176D40}, {new_limit=28})
[36476:30740:0527/221430.577:VERBOSE1:media_stream_manager.cc(1533)] MSPL::OnSpeedLimitChange({this=000029AC00176D40}, {new_limit=27})
[36476:30740:0527/221453.578:VERBOSE1:media_stream_manager.cc(1533)] MSPL::OnSpeedLimitChange({this=000029AC00176D40}, {new_limit=28})
[36476:30740:0527/221530.586:VERBOSE1:media_stream_manager.cc(1533)] MSPL::OnSpeedLimitChange({this=000029AC00176D40}, {new_limit=27})
[38788:26568:0527/221534.586:VERBOSE1:network_delegate.cc(36)] NetworkDelegate::NotifyBeforeURLRequest: https://optimizationguide-pa.googleapis.com/v1:GetModels?key=dummytoken
[38788:26568:0527/221534.587:VERBOSE1:network_delegate.cc(36)] NetworkDelegate::NotifyBeforeURLRequest: https://dns.google/dns-query?dns=AAABAAABAAAAAAABFG9wdGltaXphdGlvbmd1aWRlLXBhCmdvb2dsZWFwaXMDY29tAAABAAEAACkQAAAAAAAAQAAMADwAAAAAAAAAAAAAAAAAAAAAAAAAAAAAAAAAAAAAAAAAAAAAAAAAAAAAAAAAAAAAAAAAAAAAAAAAAAAAAAA
[38788:26568:0527/221534.588:VERBOSE1:network_delegate.cc(36)] NetworkDelegate::NotifyBeforeURLRequest: https://dns.google/dns-query?dns=AAABAAABAAAAAAABFG9wdGltaXphdGlvbmd1aWRlLXBhCmdvb2dsZWFwaXMDY29tAABBAAEAACkQAAAAAAAAQAAMADwAAAAAAAAAAAAAAAAAAAAAAAAAAAAAAAAAAAAAAAAAAAAAAAAAAAAAAAAAAAAAAAAAAAAAAAAAAAAAAAA
[38788:26568:0527/221534.598:VERBOSE1:tls_handshaker.cc(105)] TlsClient: Continuing handshake
[38788:26568:0527/221534.662:VERBOSE1:tls_handshaker.cc(105)] TlsClient: Continuing handshake
[38788:26568:0527/221534.920:VERBOSE1:tls_handshaker.cc(105)] TlsClient: Continuing handshake
[38788:26568:0527/221534.921:VERBOSE1:tls_handshaker.cc(126)] TlsClient: SSL_do_handshake returned when entering early data. After retry, rv=-1, SSL_in_early_data=1
[38788:26568:0527/221534.921:VERBOSE1:tls_handshaker.cc(105)] TlsClient: Continuing handshake
[38788:26568:0527/221534.921:VERBOSE1:tls_client_handshaker.cc(528)] Client: handshake finished
[38788:26568:0527/221535.030:VERBOSE1:tls_handshaker.cc(105)] TlsClient: Continuing handshake
[38788:26568:0527/221535.096:VERBOSE1:tls_handshaker.cc(105)] TlsClient: Continuing handshake
[38788:26568:0527/221535.586:VERBOSE1:tls_handshaker.cc(105)] TlsClient: Continuing handshake
[38788:26568:0527/221535.587:VERBOSE1:tls_handshaker.cc(126)] TlsClient: SSL_do_handshake returned when entering early data. After retry, rv=-1, SSL_in_early_data=1
[38788:26568:0527/221535.587:VERBOSE1:tls_handshaker.cc(105)] TlsClient: Continuing handshake
[38788:26568:0527/221535.587:VERBOSE1:tls_client_handshaker.cc(528)] Client: handshake finished
[36476:30740:0527/221541.587:VERBOSE1:media_stream_manager.cc(1533)] MSPL::OnSpeedLimitChange({this=000029AC00176D40}, {new_limit=28})
[36476:30740:0527/221630.594:VERBOSE1:media_stream_manager.cc(1533)] MSPL::OnSpeedLimitChange({this=000029AC00176D40}, {new_limit=27})
[36476:30740:0527/221640.597:VERBOSE1:media_stream_manager.cc(1533)] MSPL::OnSpeedLimitChange({this=000029AC00176D40}, {new_limit=28})
[36476:30740:0527/221729.603:VERBOSE1:media_stream_manager.cc(1533)] MSPL::OnSpeedLimitChange({this=000029AC00176D40}, {new_limit=27})
[36476:30740:0527/221740.606:VERBOSE1:media_stream_manager.cc(1533)] MSPL::OnSpeedLimitChange({this=000029AC00176D40}, {new_limit=28})
[36476:30740:0527/221751.608:VERBOSE1:media_stream_manager.cc(1533)] MSPL::OnSpeedLimitChange({this=000029AC00176D40}, {new_limit=27})
[38788:26568:0527/221808.610:VERBOSE1:network_delegate.cc(36)] NetworkDelegate::NotifyBeforeURLRequest: https://optimizationguide-pa.googleapis.com/v1:GetModels?key=dummytoken
[38788:26568:0527/221808.610:VERBOSE1:network_delegate.cc(36)] NetworkDelegate::NotifyBeforeURLRequest: https://dns.google/dns-query?dns=AAABAAABAAAAAAABFG9wdGltaXphdGlvbmd1aWRlLXBhCmdvb2dsZWFwaXMDY29tAAABAAEAACkQAAAAAAAAQAAMADwAAAAAAAAAAAAAAAAAAAAAAAAAAAAAAAAAAAAAAAAAAAAAAAAAAAAAAAAAAAAAAAAAAAAAAAAAAAAAAAA
[38788:26568:0527/221808.611:VERBOSE1:network_delegate.cc(36)] NetworkDelegate::NotifyBeforeURLRequest: https://dns.google/dns-query?dns=AAABAAABAAAAAAABFG9wdGltaXphdGlvbmd1aWRlLXBhCmdvb2dsZWFwaXMDY29tAABBAAEAACkQAAAAAAAAQAAMADwAAAAAAAAAAAAAAAAAAAAAAAAAAAAAAAAAAAAAAAAAAAAAAAAAAAAAAAAAAAAAAAAAAAAAAAAAAAAAAAA
[38788:26568:0527/221808.612:VERBOSE1:tls_handshaker.cc(105)] TlsClient: Continuing handshake
[38788:26568:0527/221808.613:VERBOSE1:tls_handshaker.cc(126)] TlsClient: SSL_do_handshake returned when entering early data. After retry, rv=-1, SSL_in_early_data=1
[38788:26568:0527/221808.685:VERBOSE1:tls_handshaker.cc(105)] TlsClient: Continuing handshake
[38788:26568:0527/221808.685:VERBOSE1:tls_handshaker.cc(105)] TlsClient: Continuing handshake
[38788:26568:0527/221808.685:VERBOSE1:tls_client_handshaker.cc(528)] Client: handshake finished
[38788:26568:0527/221808.738:VERBOSE1:tls_handshaker.cc(105)] TlsClient: Continuing handshake
[38788:26568:0527/221808.738:VERBOSE1:tls_handshaker.cc(126)] TlsClient: SSL_do_handshake returned when entering early data. After retry, rv=-1, SSL_in_early_data=1
[38788:26568:0527/221808.818:VERBOSE1:tls_handshaker.cc(105)] TlsClient: Continuing handshake
[38788:26568:0527/221808.818:VERBOSE1:tls_handshaker.cc(105)] TlsClient: Continuing handshake
[38788:26568:0527/221808.818:VERBOSE1:tls_client_handshaker.cc(528)] Client: handshake finished
[36476:30740:0527/221819.610:VERBOSE1:media_stream_manager.cc(1533)] MSPL::OnSpeedLimitChange({this=000029AC00176D40}, {new_limit=26})
[36476:30740:0527/221820.610:VERBOSE1:media_stream_manager.cc(1533)] MSPL::OnSpeedLimitChange({this=000029AC00176D40}, {new_limit=25})
[36476:30740:0527/221821.609:VERBOSE1:media_stream_manager.cc(1533)] MSPL::OnSpeedLimitChange({this=000029AC00176D40}, {new_limit=24})
[36476:30740:0527/221828.610:VERBOSE1:media_stream_manager.cc(1533)] MSPL::OnSpeedLimitChange({this=000029AC00176D40}, {new_limit=25})
[36476:30740:0527/221830.610:VERBOSE1:media_stream_manager.cc(1533)] MSPL::OnSpeedLimitChange({this=000029AC00176D40}, {new_limit=26})
[36476:30740:0527/221832.612:VERBOSE1:media_stream_manager.cc(1533)] MSPL::OnSpeedLimitChange({this=000029AC00176D40}, {new_limit=25})
[36476:30740:0527/221834.611:VERBOSE1:media_stream_manager.cc(1533)] MSPL::OnSpeedLimitChange({this=000029AC00176D40}, {new_limit=24})
[36476:30740:0527/221836.612:VERBOSE1:media_stream_manager.cc(1533)] MSPL::OnSpeedLimitChange({this=000029AC00176D40}, {new_limit=23})
[36476:30740:0527/221839.612:VERBOSE1:media_stream_manager.cc(1533)] MSPL::OnSpeedLimitChange({this=000029AC00176D40}, {new_limit=24})
[36476:30740:0527/221842.612:VERBOSE1:media_stream_manager.cc(1533)] MSPL::OnSpeedLimitChange({this=000029AC00176D40}, {new_limit=25})
[36476:30740:0527/221844.613:VERBOSE1:media_stream_manager.cc(1533)] MSPL::OnSpeedLimitChange({this=000029AC00176D40}, {new_limit=26})
[36476:30740:0527/221850.616:VERBOSE1:media_stream_manager.cc(1533)] MSPL::OnSpeedLimitChange({this=000029AC00176D40}, {new_limit=25})
[36476:30740:0527/221851.615:VERBOSE1:media_stream_manager.cc(1533)] MSPL::OnSpeedLimitChange({this=000029AC00176D40}, {new_limit=26})
[36476:30740:0527/221853.617:VERBOSE1:media_stream_manager.cc(1533)] MSPL::OnSpeedLimitChange({this=000029AC00176D40}, {new_limit=25})
[36476:30740:0527/221855.617:VERBOSE1:media_stream_manager.cc(1533)] MSPL::OnSpeedLimitChange({this=000029AC00176D40}, {new_limit=26})
[36476:30740:0527/221857.617:VERBOSE1:media_stream_manager.cc(1533)] MSPL::OnSpeedLimitChange({this=000029AC00176D40}, {new_limit=25})
[36476:30740:0527/221858.617:VERBOSE1:media_stream_manager.cc(1533)] MSPL::OnSpeedLimitChange({this=000029AC00176D40}, {new_limit=24})
[36476:30740:0527/221901.617:VERBOSE1:media_stream_manager.cc(1533)] MSPL::OnSpeedLimitChange({this=000029AC00176D40}, {new_limit=23})
[36476:30740:0527/221902.619:VERBOSE1:media_stream_manager.cc(1533)] MSPL::OnSpeedLimitChange({this=000029AC00176D40}, {new_limit=22})
[36476:30740:0527/221903.619:VERBOSE1:media_stream_manager.cc(1533)] MSPL::OnSpeedLimitChange({this=000029AC00176D40}, {new_limit=21})
[36476:30740:0527/221906.618:VERBOSE1:media_stream_manager.cc(1533)] MSPL::OnSpeedLimitChange({this=000029AC00176D40}, {new_limit=22})
[36476:30740:0527/221907.618:VERBOSE1:media_stream_manager.cc(1533)] MSPL::OnSpeedLimitChange({this=000029AC00176D40}, {new_limit=23})
[36476:30740:0527/221908.619:VERBOSE1:media_stream_manager.cc(1533)] MSPL::OnSpeedLimitChange({this=000029AC00176D40}, {new_limit=24})
[36476:30740:0527/221910.619:VERBOSE1:media_stream_manager.cc(1533)] MSPL::OnSpeedLimitChange({this=000029AC00176D40}, {new_limit=25})
[36476:30740:0527/221912.619:VERBOSE1:media_stream_manager.cc(1533)] MSPL::OnSpeedLimitChange({this=000029AC00176D40}, {new_limit=27})
[36476:30740:0527/221929.621:VERBOSE1:media_stream_manager.cc(1533)] MSPL::OnSpeedLimitChange({this=000029AC00176D40}, {new_limit=28})
[36476:30740:0527/221930.621:VERBOSE1:media_stream_manager.cc(1533)] MSPL::OnSpeedLimitChange({this=000029AC00176D40}, {new_limit=27})
[36476:30740:0527/221937.622:VERBOSE1:media_stream_manager.cc(1533)] MSPL::OnSpeedLimitChange({this=000029AC00176D40}, {new_limit=26})
[36476:30740:0527/221940.622:VERBOSE1:media_stream_manager.cc(1533)] MSPL::OnSpeedLimitChange({this=000029AC00176D40}, {new_limit=27})
[36476:30740:0527/221947.622:VERBOSE1:media_stream_manager.cc(1533)] MSPL::OnSpeedLimitChange({this=000029AC00176D40}, {new_limit=28})
[36476:30740:0527/221959.623:VERBOSE1:media_stream_manager.cc(1533)] MSPL::OnSpeedLimitChange({this=000029AC00176D40}, {new_limit=27})
[36476:30740:0527/222015.626:VERBOSE1:media_stream_manager.cc(1533)] MSPL::OnSpeedLimitChange({this=000029AC00176D40}, {new_limit=28})
[36476:30740:0527/222029.626:VERBOSE1:media_stream_manager.cc(1533)] MSPL::OnSpeedLimitChange({this=000029AC00176D40}, {new_limit=27})
[36476:17788:0527/222031.526:VERBOSE1:device_event_log_impl.cc(198)] [22:20:31.526] Display: EVENT: screen_win.cc:893 Displays updated, count: 2
[36476:17788:0527/222031.526:VERBOSE1:device_event_log_impl.cc(198)] [22:20:31.526] Display: EVENT: screen_win.cc:895 Display[2848582967] bounds=[0,0 1440x900], workarea=[0,0 1440x852], scale=2, rotation=0, panel_rotation=0 external detected
[36476:17788:0527/222031.526:VERBOSE1:device_event_log_impl.cc(198)] [22:20:31.526] Display: EVENT: screen_win.cc:895 Display[1487107518] bounds=[-283,-1440 3440x1440], workarea=[-283,-1440 3440x1392], scale=1, rotation=0, panel_rotation=0 external detected
[36476:30740:0527/222032.975:VERBOSE1:media_stream_manager.cc(1533)] MSPL::OnSpeedLimitChange({this=000029AC00176D40}, {new_limit=26})
[36476:30740:0527/222034.560:VERBOSE1:media_stream_manager.cc(1533)] MSPL::OnSpeedLimitChange({this=000029AC00176D40}, {new_limit=25})
[36476:30740:0527/222035.572:VERBOSE1:media_stream_manager.cc(1533)] MSPL::OnSpeedLimitChange({this=000029AC00176D40}, {new_limit=24})
[36476:30740:0527/222036.546:VERBOSE1:media_stream_manager.cc(1533)] MSPL::OnSpeedLimitChange({this=000029AC00176D40}, {new_limit=23})
[36476:30740:0527/222037.795:VERBOSE1:media_stream_manager.cc(1533)] MSPL::OnSpeedLimitChange({this=000029AC00176D40}, {new_limit=22})
[36476:17788:0527/222038.148:VERBOSE1:device_event_log_impl.cc(198)] [22:20:38.148] Display: EVENT: screen_win.cc:893 Displays updated, count: 2
[36476:17788:0527/222038.148:VERBOSE1:device_event_log_impl.cc(198)] [22:20:38.148] Display: EVENT: screen_win.cc:895 Display[2848582967] bounds=[0,0 1440x900], workarea=[0,0 1440x852], scale=2, rotation=0, panel_rotation=0 external detected
[36476:17788:0527/222038.148:VERBOSE1:device_event_log_impl.cc(198)] [22:20:38.148] Display: EVENT: screen_win.cc:895 Display[1487107518] bounds=[-283,-1440 3440x1440], workarea=[-283,-1440 3440x1392], scale=1, rotation=0, panel_rotation=0 external detected
[36476:30740:0527/222038.575:VERBOSE1:media_stream_manager.cc(1533)] MSPL::OnSpeedLimitChange({this=000029AC00176D40}, {new_limit=21})
[36476:30740:0527/222041.575:VERBOSE1:media_stream_manager.cc(1533)] MSPL::OnSpeedLimitChange({this=000029AC00176D40}, {new_limit=20})
[36476:30740:0527/222045.656:VERBOSE1:media_stream_manager.cc(1533)] MSPL::OnSpeedLimitChange({this=000029AC00176D40}, {new_limit=21})
[36476:30740:0527/222046.552:VERBOSE1:media_stream_manager.cc(1533)] MSPL::OnSpeedLimitChange({this=000029AC00176D40}, {new_limit=20})
[36476:30740:0527/222047.576:VERBOSE1:media_stream_manager.cc(1533)] MSPL::OnSpeedLimitChange({this=000029AC00176D40}, {new_limit=21})
[36476:30740:0527/222050.568:VERBOSE1:media_stream_manager.cc(1533)] MSPL::OnSpeedLimitChange({this=000029AC00176D40}, {new_limit=22})
[36476:30740:0527/222053.559:VERBOSE1:media_stream_manager.cc(1533)] MSPL::OnSpeedLimitChange({this=000029AC00176D40}, {new_limit=23})
[38788:26568:0527/222055.253:VERBOSE1:network_delegate.cc(36)] NetworkDelegate::NotifyBeforeURLRequest: https://optimizationguide-pa.googleapis.com/v1:GetModels?key=dummytoken
[38788:26568:0527/222055.254:VERBOSE1:network_delegate.cc(36)] NetworkDelegate::NotifyBeforeURLRequest: https://dns.google/dns-query?dns=AAABAAABAAAAAAABFG9wdGltaXphdGlvbmd1aWRlLXBhCmdvb2dsZWFwaXMDY29tAAABAAEAACkQAAAAAAAAQAAMADwAAAAAAAAAAAAAAAAAAAAAAAAAAAAAAAAAAAAAAAAAAAAAAAAAAAAAAAAAAAAAAAAAAAAAAAAAAAAAAAA
[38788:26568:0527/222055.255:VERBOSE1:network_delegate.cc(36)] NetworkDelegate::NotifyBeforeURLRequest: https://dns.google/dns-query?dns=AAABAAABAAAAAAABFG9wdGltaXphdGlvbmd1aWRlLXBhCmdvb2dsZWFwaXMDY29tAABBAAEAACkQAAAAAAAAQAAMADwAAAAAAAAAAAAAAAAAAAAAAAAAAAAAAAAAAAAAAAAAAAAAAAAAAAAAAAAAAAAAAAAAAAAAAAAAAAAAAAA
[38788:26568:0527/222055.264:VERBOSE1:tls_handshaker.cc(105)] TlsClient: Continuing handshake
[38788:26568:0527/222055.265:VERBOSE1:tls_handshaker.cc(126)] TlsClient: SSL_do_handshake returned when entering early data. After retry, rv=-1, SSL_in_early_data=1
[38788:26568:0527/222055.348:VERBOSE1:tls_handshaker.cc(105)] TlsClient: Continuing handshake
[38788:26568:0527/222055.353:VERBOSE1:tls_handshaker.cc(105)] TlsClient: Continuing handshake
[38788:26568:0527/222055.353:VERBOSE1:tls_client_handshaker.cc(528)] Client: handshake finished
[38788:26568:0527/222055.423:VERBOSE1:tls_handshaker.cc(105)] TlsClient: Continuing handshake
[38788:26568:0527/222055.424:VERBOSE1:tls_handshaker.cc(126)] TlsClient: SSL_do_handshake returned when entering early data. After retry, rv=-1, SSL_in_early_data=1
[38788:26568:0527/222055.483:VERBOSE1:tls_handshaker.cc(105)] TlsClient: Continuing handshake
[38788:26568:0527/222055.483:VERBOSE1:tls_handshaker.cc(105)] TlsClient: Continuing handshake
[38788:26568:0527/222055.483:VERBOSE1:tls_client_handshaker.cc(528)] Client: handshake finished
[36476:30740:0527/222104.572:VERBOSE1:media_stream_manager.cc(1533)] MSPL::OnSpeedLimitChange({this=000029AC00176D40}, {new_limit=22})
[36476:30740:0527/222109.594:VERBOSE1:media_stream_manager.cc(1533)] MSPL::OnSpeedLimitChange({this=000029AC00176D40}, {new_limit=23})
[36476:30740:0527/222111.577:VERBOSE1:media_stream_manager.cc(1533)] MSPL::OnSpeedLimitChange({this=000029AC00176D40}, {new_limit=22})
[36476:30740:0527/222114.580:VERBOSE1:media_stream_manager.cc(1533)] MSPL::OnSpeedLimitChange({this=000029AC00176D40}, {new_limit=23})
[36476:30740:0527/222123.588:VERBOSE1:media_stream_manager.cc(1533)] MSPL::OnSpeedLimitChange({this=000029AC00176D40}, {new_limit=24})
[36476:30740:0527/222129.606:VERBOSE1:media_stream_manager.cc(1533)] MSPL::OnSpeedLimitChange({this=000029AC00176D40}, {new_limit=23})
[36476:30740:0527/222130.581:VERBOSE1:media_stream_manager.cc(1533)] MSPL::OnSpeedLimitChange({this=000029AC00176D40}, {new_limit=22})
[36476:30740:0527/222138.720:VERBOSE1:media_stream_manager.cc(1533)] MSPL::OnSpeedLimitChange({this=000029AC00176D40}, {new_limit=23})
[36476:30740:0527/222139.721:VERBOSE1:media_stream_manager.cc(1533)] MSPL::OnSpeedLimitChange({this=000029AC00176D40}, {new_limit=24})
[36476:30740:0527/222140.721:VERBOSE1:media_stream_manager.cc(1533)] MSPL::OnSpeedLimitChange({this=000029AC00176D40}, {new_limit=25})
[36476:30740:0527/222142.722:VERBOSE1:media_stream_manager.cc(1533)] MSPL::OnSpeedLimitChange({this=000029AC00176D40}, {new_limit=26})
[36476:30740:0527/222144.721:VERBOSE1:media_stream_manager.cc(1533)] MSPL::OnSpeedLimitChange({this=000029AC00176D40}, {new_limit=27})
[36476:30740:0527/222147.722:VERBOSE1:media_stream_manager.cc(1533)] MSPL::OnSpeedLimitChange({this=000029AC00176D40}, {new_limit=28})
[36476:30740:0527/222216.734:VERBOSE1:media_stream_manager.cc(1533)] MSPL::OnSpeedLimitChange({this=000029AC00176D40}, {new_limit=26})
[36476:30740:0527/222217.735:VERBOSE1:media_stream_manager.cc(1533)] MSPL::OnSpeedLimitChange({this=000029AC00176D40}, {new_limit=24})
[36476:30740:0527/222223.733:VERBOSE1:media_stream_manager.cc(1533)] MSPL::OnSpeedLimitChange({this=000029AC00176D40}, {new_limit=23})
[36476:30740:0527/222226.736:VERBOSE1:media_stream_manager.cc(1533)] MSPL::OnSpeedLimitChange({this=000029AC00176D40}, {new_limit=25})
[36476:30740:0527/222227.735:VERBOSE1:media_stream_manager.cc(1533)] MSPL::OnSpeedLimitChange({this=000029AC00176D40}, {new_limit=27})
[36476:30740:0527/222230.743:VERBOSE1:media_stream_manager.cc(1533)] MSPL::OnSpeedLimitChange({this=000029AC00176D40}, {new_limit=25})
[36476:30740:0527/222231.755:VERBOSE1:media_stream_manager.cc(1533)] MSPL::OnSpeedLimitChange({this=000029AC00176D40}, {new_limit=23})
[36476:30740:0527/222232.748:VERBOSE1:media_stream_manager.cc(1533)] MSPL::OnSpeedLimitChange({this=000029AC00176D40}, {new_limit=22})
[36476:30740:0527/222233.748:VERBOSE1:media_stream_manager.cc(1533)] MSPL::OnSpeedLimitChange({this=000029AC00176D40}, {new_limit=20})
[36476:30740:0527/222234.752:VERBOSE1:media_stream_manager.cc(1533)] MSPL::OnSpeedLimitChange({this=000029AC00176D40}, {new_limit=18})
[36476:30740:0527/222235.748:VERBOSE1:media_stream_manager.cc(1533)] MSPL::OnSpeedLimitChange({this=000029AC00176D40}, {new_limit=17})
[36476:30740:0527/222236.749:VERBOSE1:media_stream_manager.cc(1533)] MSPL::OnSpeedLimitChange({this=000029AC00176D40}, {new_limit=15})
[36476:30740:0527/222237.749:VERBOSE1:media_stream_manager.cc(1533)] MSPL::OnSpeedLimitChange({this=000029AC00176D40}, {new_limit=13})
[36476:30740:0527/222238.749:VERBOSE1:media_stream_manager.cc(1533)] MSPL::OnSpeedLimitChange({this=000029AC00176D40}, {new_limit=11})
[36476:30740:0527/222241.749:VERBOSE1:media_stream_manager.cc(1533)] MSPL::OnSpeedLimitChange({this=000029AC00176D40}, {new_limit=13})
[36476:30740:0527/222242.750:VERBOSE1:media_stream_manager.cc(1533)] MSPL::OnSpeedLimitChange({this=000029AC00176D40}, {new_limit=15})
[36476:30740:0527/222243.750:VERBOSE1:media_stream_manager.cc(1533)] MSPL::OnSpeedLimitChange({this=000029AC00176D40}, {new_limit=16})
[36476:30740:0527/222244.750:VERBOSE1:media_stream_manager.cc(1533)] MSPL::OnSpeedLimitChange({this=000029AC00176D40}, {new_limit=18})
[36476:30740:0527/222245.750:VERBOSE1:media_stream_manager.cc(1533)] MSPL::OnSpeedLimitChange({this=000029AC00176D40}, {new_limit=20})
[36476:30740:0527/222246.751:VERBOSE1:media_stream_manager.cc(1533)] MSPL::OnSpeedLimitChange({this=000029AC00176D40}, {new_limit=21})
[36476:30740:0527/222247.751:VERBOSE1:media_stream_manager.cc(1533)] MSPL::OnSpeedLimitChange({this=000029AC00176D40}, {new_limit=23})
[36476:30740:0527/222248.750:VERBOSE1:media_stream_manager.cc(1533)] MSPL::OnSpeedLimitChange({this=000029AC00176D40}, {new_limit=25})
[36476:30740:0527/222249.753:VERBOSE1:media_stream_manager.cc(1533)] MSPL::OnSpeedLimitChange({this=000029AC00176D40}, {new_limit=26})
[36476:30740:0527/222250.751:VERBOSE1:media_stream_manager.cc(1533)] MSPL::OnSpeedLimitChange({this=000029AC00176D40}, {new_limit=27})
[36476:30740:0527/222257.753:VERBOSE1:media_stream_manager.cc(1533)] MSPL::OnSpeedLimitChange({this=000029AC00176D40}, {new_limit=28})
[36476:17788:0527/222325.853:VERBOSE1:device_event_log_impl.cc(198)] [22:23:25.853] Display: EVENT: screen_win.cc:893 Displays updated, count: 2
[36476:17788:0527/222325.853:VERBOSE1:device_event_log_impl.cc(198)] [22:23:25.853] Display: EVENT: screen_win.cc:895 Display[2848582967] bounds=[0,0 1440x900], workarea=[0,0 1440x852], scale=2, rotation=0, panel_rotation=0 external detected
[36476:17788:0527/222325.853:VERBOSE1:device_event_log_impl.cc(198)] [22:23:25.853] Display: EVENT: screen_win.cc:895 Display[1487107518] bounds=[-283,-1440 3440x1440], workarea=[-283,-1440 3440x1392], scale=1, rotation=0, panel_rotation=0 external detected
[36476:30740:0527/222326.787:VERBOSE1:media_stream_manager.cc(1533)] MSPL::OnSpeedLimitChange({this=000029AC00176D40}, {new_limit=27})
[36476:30740:0527/222327.803:VERBOSE1:media_stream_manager.cc(1533)] MSPL::OnSpeedLimitChange({this=000029AC00176D40}, {new_limit=26})
[36476:30740:0527/222328.720:VERBOSE1:media_stream_manager.cc(1533)] MSPL::OnSpeedLimitChange({this=000029AC00176D40}, {new_limit=24})
[36476:30740:0527/222329.687:VERBOSE1:media_stream_manager.cc(1533)] MSPL::OnSpeedLimitChange({this=000029AC00176D40}, {new_limit=23})
[36476:30740:0527/222330.711:VERBOSE1:media_stream_manager.cc(1533)] MSPL::OnSpeedLimitChange({this=000029AC00176D40}, {new_limit=21})
[36476:30740:0527/222332.692:VERBOSE1:media_stream_manager.cc(1533)] MSPL::OnSpeedLimitChange({this=000029AC00176D40}, {new_limit=20})
[36476:30740:0527/222334.694:VERBOSE1:media_stream_manager.cc(1533)] MSPL::OnSpeedLimitChange({this=000029AC00176D40}, {new_limit=19})
[36476:30740:0527/222338.716:VERBOSE1:media_stream_manager.cc(1533)] MSPL::OnSpeedLimitChange({this=000029AC00176D40}, {new_limit=20})
[36476:30740:0527/222339.694:VERBOSE1:media_stream_manager.cc(1533)] MSPL::OnSpeedLimitChange({this=000029AC00176D40}, {new_limit=21})
[36476:30740:0527/222340.718:VERBOSE1:media_stream_manager.cc(1533)] MSPL::OnSpeedLimitChange({this=000029AC00176D40}, {new_limit=22})
[36476:30740:0527/222341.720:VERBOSE1:media_stream_manager.cc(1533)] MSPL::OnSpeedLimitChange({this=000029AC00176D40}, {new_limit=23})
[36476:30740:0527/222345.701:VERBOSE1:media_stream_manager.cc(1533)] MSPL::OnSpeedLimitChange({this=000029AC00176D40}, {new_limit=24})
[38788:26568:0527/222349.590:VERBOSE1:network_delegate.cc(36)] NetworkDelegate::NotifyBeforeURLRequest: https://optimizationguide-pa.googleapis.com/v1:GetModels?key=dummytoken
[38788:26568:0527/222349.592:VERBOSE1:network_delegate.cc(36)] NetworkDelegate::NotifyBeforeURLRequest: https://dns.google/dns-query?dns=AAABAAABAAAAAAABFG9wdGltaXphdGlvbmd1aWRlLXBhCmdvb2dsZWFwaXMDY29tAAABAAEAACkQAAAAAAAAQAAMADwAAAAAAAAAAAAAAAAAAAAAAAAAAAAAAAAAAAAAAAAAAAAAAAAAAAAAAAAAAAAAAAAAAAAAAAAAAAAAAAA
[38788:26568:0527/222349.593:VERBOSE1:network_delegate.cc(36)] NetworkDelegate::NotifyBeforeURLRequest: https://dns.google/dns-query?dns=AAABAAABAAAAAAABFG9wdGltaXphdGlvbmd1aWRlLXBhCmdvb2dsZWFwaXMDY29tAABBAAEAACkQAAAAAAAAQAAMADwAAAAAAAAAAAAAAAAAAAAAAAAAAAAAAAAAAAAAAAAAAAAAAAAAAAAAAAAAAAAAAAAAAAAAAAAAAAAAAAA
[38788:26568:0527/222349.593:VERBOSE1:tls_handshaker.cc(105)] TlsClient: Continuing handshake
[38788:26568:0527/222349.594:VERBOSE1:tls_handshaker.cc(126)] TlsClient: SSL_do_handshake returned when entering early data. After retry, rv=-1, SSL_in_early_data=1
[38788:26568:0527/222349.663:VERBOSE1:tls_handshaker.cc(105)] TlsClient: Continuing handshake
[38788:26568:0527/222349.663:VERBOSE1:tls_handshaker.cc(105)] TlsClient: Continuing handshake
[38788:26568:0527/222349.663:VERBOSE1:tls_client_handshaker.cc(528)] Client: handshake finished
[38788:26568:0527/222349.713:VERBOSE1:tls_handshaker.cc(105)] TlsClient: Continuing handshake
[38788:26568:0527/222349.714:VERBOSE1:tls_handshaker.cc(126)] TlsClient: SSL_do_handshake returned when entering early data. After retry, rv=-1, SSL_in_early_data=1
[38788:26568:0527/222349.772:VERBOSE1:tls_handshaker.cc(105)] TlsClient: Continuing handshake
[38788:26568:0527/222349.772:VERBOSE1:tls_handshaker.cc(105)] TlsClient: Continuing handshake
[38788:26568:0527/222349.772:VERBOSE1:tls_client_handshaker.cc(528)] Client: handshake finished
[36476:30740:0527/222355.711:VERBOSE1:media_stream_manager.cc(1533)] MSPL::OnSpeedLimitChange({this=000029AC00176D40}, {new_limit=23})
[36476:30740:0527/222412.724:VERBOSE1:media_stream_manager.cc(1533)] MSPL::OnSpeedLimitChange({this=000029AC00176D40}, {new_limit=22})
[36476:30740:0527/222421.750:VERBOSE1:media_stream_manager.cc(1533)] MSPL::OnSpeedLimitChange({this=000029AC00176D40}, {new_limit=21})
[36476:30740:0527/222422.739:VERBOSE1:media_stream_manager.cc(1533)] MSPL::OnSpeedLimitChange({this=000029AC00176D40}, {new_limit=22})
[36476:30740:0527/222423.724:VERBOSE1:media_stream_manager.cc(1533)] MSPL::OnSpeedLimitChange({this=000029AC00176D40}, {new_limit=21})
[36476:30740:0527/222428.760:VERBOSE1:media_stream_manager.cc(1533)] MSPL::OnSpeedLimitChange({this=000029AC00176D40}, {new_limit=22})
[36476:30740:0527/222428.760:VERBOSE1:media_stream_manager.cc(1533)] MSPL::OnSpeedLimitChange({this=000029AC00176D40}, {new_limit=20})
[36476:17788:0527/222428.772:VERBOSE1:frame_host_impl.cc(515)] frame 6-5DCB34D4495260C908CCC67C27A22535 (sub) detached (reason=RENDER_FRAME_DELETED, is_connected=1)
[28496:62308:0527/222428.773:VERBOSE1:dispatcher.cc(596)] Num tracked contexts: 1
[28496:62308:0527/222428.773:VERBOSE1:frame_impl.cc(620)] frame 6-5DCB34D4495260C908CCC67C27A22535 disconnected (reason=DETACHED, current_state=CONNECTION_ACKED, FRAME_INVALID)
[28496:62308:0527/222428.774:VERBOSE1:script_context.cc(164)] Destroyed context for extension
  extension id: 
  effective extension id: 
[28496:62308:0527/222428.774:VERBOSE1:script_context.cc(164)] Destroyed context for extension
  extension id: 
  effective extension id: 
[28496:62308:0527/222428.774:VERBOSE1:frame_impl.cc(620)] frame 6-2E8B59F3A9F7230FD6ECB125BF2CA928 disconnected (reason=BROWSER_FRAME_DISCONNECT, current_state=CONNECTION_ACKED)
[28496:62308:0527/222428.774:VERBOSE1:frame_impl.cc(633)] frame 6-2E8B59F3A9F7230FD6ECB125BF2CA928 connection retry scheduled
[36476:17788:0527/222428.778:VERBOSE1:frame_host_impl.cc(515)] frame 6-2E8B59F3A9F7230FD6ECB125BF2CA928 (main) detached (reason=NEW_MAIN_FRAME, is_connected=1)
[36476:17788:0527/222428.812:VERBOSE1:account_reconcilor.cc(264)] AccountReconcilor::Shutdown
[36476:17788:0527/222428.812:VERBOSE1:account_reconcilor.cc(718)] AccountReconcilor::AbortReconcile: try again later
[36476:17788:0527/222428.812:VERBOSE1:account_reconcilor.cc(827)] AccountReconcilor::CalculateIfMultiloginReconcileIsDone: Error was 
[36476:17788:0527/222428.812:VERBOSE1:account_reconcilor.cc(313)] AccountReconcilor::UnregisterWithIdentityManager
[36476:17788:0527/222428.812:VERBOSE1:account_reconcilor.cc(286)] AccountReconcilor::UnregisterWithContentSettings
[36476:17788:0527/222428.814:VERBOSE1:gaia_cookie_manager_service.cc(628)] GaiaCookieManagerService::CancelAll
[36476:17788:0527/222428.814:VERBOSE1:mutable_profile_oauth2_token_service_delegate.cc(752)] MutablePO2TS::Shutdown
[36476:17788:0527/222428.814:VERBOSE1:mutable_profile_oauth2_token_service_delegate.cc(235)] MutablePO2TS::~MutablePO2TS
[36476:17788:0527/222428.815:VERBOSE1:device_event_log_impl.cc(198)] [22:24:28.815] Bluetooth: EVENT: bluetooth_api.cc:109 BluetoothAPI: Shutdown
[36476:17788:0527/222428.833:VERBOSE1:account_reconcilor.cc(193)] AccountReconcilor::~AccountReconcilor
[36476:17788:0527/222428.836:VERBOSE1:device_event_log_impl.cc(198)] [22:24:28.836] Bluetooth: EVENT: bluetooth_api.cc:95 ~BluetoothAPI: 000029AC00321A00
[36476:17788:0527/222429.089:VERBOSE1:component_updater_service.cc(180)] CrxUpdateService stopping
[36476:17788:0527/222429.089:WARNING:pref_notifier_impl.cc(41)] Pref observer for media_router.cast_allow_all_ips found at shutdown.
[36476:17788:0527/222429.117:VERBOSE1:statistics_recorder.cc(607)] Collections of all histograms
Histogram: API.StorageAccess.AllowedRequests2 recorded 118 samples, mean = 0.1 (flags = 0x41)
0  ------------------------------------------------------------------------O (112 = 94.9%)
1  ----O                                                                     (6 = 5.1%) {94.9%}
2  ... 

Histogram: API.StorageAccess.DocumentInheritedStorageAccess recorded 7 samples, mean = 0.0 (flags = 0x41)
0  -------O                                                                  (7 = 100.0%)
1  ... 

Histogram: API.StorageAccess.DocumentLoadedWithStorageAccess recorded 7 samples, mean = 0.0 (flags = 0x41)
0  -------O                                                                  (7 = 100.0%)
1  ... 

Histogram: Accessibility.CaptionSettingsLoadedFromSystemSettings recorded 1 samples, mean = 0.0 (flags = 0x41)
0  -O                                                                        (1 = 100.0%)
1  ... 

Histogram: Accessibility.ImageLabels2 recorded 1 samples, mean = 0.0 (flags = 0x41)
0  -O                                                                        (1 = 100.0%)
1  ... 

Histogram: Accessibility.LiveCaption.FeatureEnabled2 recorded 1 samples, mean = 1.0 (flags = 0x41)
0  O                                                                         (0 = 0.0%)
1  -O                                                                        (1 = 100.0%) {0.0%}
2  O                                                                         (0 = 0.0%) {100.0%}

Histogram: Accessibility.LiveCaption2 recorded 1 samples, mean = 0.0 (flags = 0x41)
0  -O                                                                        (1 = 100.0%)
1  ... 

Histogram: Accessibility.ManuallyEnabled recorded 1 samples, mean = 0.0 (flags = 0x41)
0  -O                                                                        (1 = 100.0%)
1  ... 

Histogram: Accessibility.WinJAWS recorded 1 samples, mean = 0.0 (flags = 0x41)
0  -O                                                                        (1 = 100.0%)
1  ... 

Histogram: Accessibility.WinNVDA recorded 1 samples, mean = 0.0 (flags = 0x41)
0  -O                                                                        (1 = 100.0%)
1  ... 

Histogram: Accessibility.WinSAToGo recorded 1 samples, mean = 0.0 (flags = 0x41)
0  -O                                                                        (1 = 100.0%)
1  ... 

Histogram: Accessibility.WinScreenReader2 recorded 1 samples, mean = 0.0 (flags = 0x41)
0  -O                                                                        (1 = 100.0%)
1  ... 

Histogram: Accessibility.WinStickyKeys recorded 1 samples, mean = 0.0 (flags = 0x41)
0  -O                                                                        (1 = 100.0%)
1  ... 

Histogram: Accessibility.WinSupernova recorded 1 samples, mean = 0.0 (flags = 0x41)
0  -O                                                                        (1 = 100.0%)
1  ... 

Histogram: Accessibility.WinZoomText recorded 1 samples, mean = 0.0 (flags = 0x41)
0  -O                                                                        (1 = 100.0%)
1  ... 

Histogram: AppBanners.InstallableStatusCode recorded 1 samples (flags = 0x41)
8  -O                                                                        (1 = 100.0%)

Histogram: Apps.PreferredApps.EntryCount recorded 1 samples, mean = 0.0 (flags = 0x41)
0  -O                                                                        (1 = 100.0%)
1  ... 

Histogram: Autofill.Address.IsEnabled.PageLoad recorded 1 samples, mean = 1.0 (flags = 0x41)
0  O                                                                         (0 = 0.0%)
1  -O                                                                        (1 = 100.0%) {0.0%}
2  O                                                                         (0 = 0.0%) {100.0%}

Histogram: Autofill.Address.IsEnabled.PageLoad.SignedOut recorded 1 samples, mean = 1.0 (flags = 0x41)
0  O                                                                         (0 = 0.0%)
1  -O                                                                        (1 = 100.0%) {0.0%}
2  O                                                                         (0 = 0.0%) {100.0%}

Histogram: Autofill.Address.IsEnabled.Startup recorded 1 samples, mean = 1.0 (flags = 0x41)
0  O                                                                         (0 = 0.0%)
1  -O                                                                        (1 = 100.0%) {0.0%}
2  O                                                                         (0 = 0.0%) {100.0%}

Histogram: Autofill.CreditCard.IsEnabled.PageLoad recorded 1 samples, mean = 1.0 (flags = 0x41)
0  O                                                                         (0 = 0.0%)
1  -O                                                                        (1 = 100.0%) {0.0%}
2  O                                                                         (0 = 0.0%) {100.0%}

Histogram: Autofill.CreditCard.IsEnabled.PageLoad.SignedOut recorded 1 samples, mean = 1.0 (flags = 0x41)
0  O                                                                         (0 = 0.0%)
1  -O                                                                        (1 = 100.0%) {0.0%}
2  O                                                                         (0 = 0.0%) {100.0%}

Histogram: Autofill.CreditCard.IsEnabled.Startup recorded 1 samples, mean = 1.0 (flags = 0x41)
0  O                                                                         (0 = 0.0%)
1  -O                                                                        (1 = 100.0%) {0.0%}
2  O                                                                         (0 = 0.0%) {100.0%}

Histogram: Autofill.DOMContentLoadedInOutermostMainFrame recorded 3 samples, mean = 0.3 (flags = 0x41)
0  --O                                                                       (2 = 66.7%)
1  -O                                                                        (1 = 33.3%) {66.7%}
2  O                                                                         (0 = 0.0%) {100.0%}

Histogram: Autofill.ExtractFormUnowned.FieldCount recorded 6 samples, mean = 0.0 (flags = 0x41)
0  ------O                                                                   (6 = 100.0%)
1  ... 

Histogram: Autofill.FormForest.GetBrowserFormOfRendererForm.Duration recorded 1 samples, mean = 0.0 (flags = 0x41)
0  -O                                                                        (1 = 100.0%)
1  ... 

Histogram: Autofill.FormForest.UpdateTreeOfRendererForm.Duration recorded 1 samples, mean = 25.0 (flags = 0x41)
0   ... 
21  -O                                                                        (1 = 100.0%) {0.0%}
28  ... 

Histogram: Autofill.FormForest.UpdateTreeOfRendererForm.Visits recorded 1 samples, mean = 2.0 (flags = 0x41)
0  ... 
2  -O                                                                        (1 = 100.0%) {0.0%}
3  ... 

Histogram: Autofill.Funnel.ParsedAsType.Address recorded 6 samples, mean = 0.0 (flags = 0x41)
0  ------O                                                                   (6 = 100.0%)
1  ... 

Histogram: Autofill.Funnel.ParsedAsType.CreditCard recorded 6 samples, mean = 0.0 (flags = 0x41)
0  ------O                                                                   (6 = 100.0%)
1  ... 

Histogram: Autofill.Funnel.ParsedAsType.VirtualCard.StandaloneCvc recorded 6 samples, mean = 0.0 (flags = 0x41)
0  ------O                                                                   (6 = 100.0%)
1  ... 

Histogram: Autofill.IsEnabled.PageLoad recorded 1 samples, mean = 1.0 (flags = 0x41)
0  O                                                                         (0 = 0.0%)
1  -O                                                                        (1 = 100.0%) {0.0%}
2  O                                                                         (0 = 0.0%) {100.0%}

Histogram: Autofill.IsEnabled.PageLoad.SignedOut recorded 1 samples, mean = 1.0 (flags = 0x41)
0  O                                                                         (0 = 0.0%)
1  -O                                                                        (1 = 100.0%) {0.0%}
2  O                                                                         (0 = 0.0%) {100.0%}

Histogram: Autofill.IsEnabled.Startup recorded 1 samples, mean = 1.0 (flags = 0x41)
0  O                                                                         (0 = 0.0%)
1  -O                                                                        (1 = 100.0%) {0.0%}
2  O                                                                         (0 = 0.0%) {100.0%}

Histogram: Autofill.Leipzig.Duplication.NumberOfLocalSupersetProfilesOnStartup recorded 1 samples, mean = 0.0 (flags = 0x41)
0  -O                                                                        (1 = 100.0%)
1  ... 

Histogram: Autofill.NumberOfDriversPerFactory recorded 1 samples, mean = 3.0 (flags = 0x41)
0  ... 
3  -O                                                                        (1 = 100.0%) {0.0%}
4  ... 

Histogram: Autofill.Offer.StoredOfferCount2.CardLinkedOffer recorded 1 samples, mean = 0.0 (flags = 0x41)
0  -O                                                                        (1 = 100.0%)
1  ... 

Histogram: Autofill.Offer.StoredOfferCount2.GPayPromoCodeOffer recorded 1 samples, mean = 0.0 (flags = 0x41)
0  -O                                                                        (1 = 100.0%)
1  ... 

Histogram: Autofill.PaymentMethods.CvcStorageIsEnabled.Startup recorded 1 samples, mean = 0.0 (flags = 0x41)
0  -O                                                                        (1 = 100.0%)
1  ... 

Histogram: Autofill.StoredCreditCardCount recorded 1 samples, mean = 0.0 (flags = 0x41)
0  -O                                                                        (1 = 100.0%)
1  ... 

Histogram: Autofill.StoredCreditCardCount.Local recorded 1 samples, mean = 0.0 (flags = 0x41)
0  -O                                                                        (1 = 100.0%)
1  ... 

Histogram: Autofill.StoredCreditCardCount.Local.WithInvalidCardNumber recorded 1 samples, mean = 0.0 (flags = 0x41)
0  -O                                                                        (1 = 100.0%)
1  ... 

Histogram: Autofill.StoredCreditCardCount.Local.WithNickname recorded 1 samples, mean = 0.0 (flags = 0x41)
0  -O                                                                        (1 = 100.0%)
1  ... 

Histogram: Autofill.StoredCreditCardCount.Server recorded 1 samples, mean = 0.0 (flags = 0x41)
0  -O                                                                        (1 = 100.0%)
1  ... 

Histogram: Autofill.StoredCreditCardCount.Server.Masked recorded 1 samples, mean = 0.0 (flags = 0x41)
0  -O                                                                        (1 = 100.0%)
1  ... 

Histogram: Autofill.StoredCreditCardCount.Server.Masked.WithNickname recorded 1 samples, mean = 0.0 (flags = 0x41)
0  -O                                                                        (1 = 100.0%)
1  ... 

Histogram: Autofill.StoredCreditCardCount.Server.Unmasked recorded 1 samples, mean = 0.0 (flags = 0x41)
0  -O                                                                        (1 = 100.0%)
1  ... 

Histogram: Autofill.StoredCreditCardCount.Server.WithCardArtImage recorded 1 samples, mean = 0.0 (flags = 0x41)
0  -O                                                                        (1 = 100.0%)
1  ... 

Histogram: Autofill.StoredCreditCardCount.Server.WithVirtualCardMetadata recorded 1 samples, mean = 0.0 (flags = 0x41)
0  -O                                                                        (1 = 100.0%)
1  ... 

Histogram: Autofill.StoredIbanCount recorded 1 samples, mean = 0.0 (flags = 0x41)
0  -O                                                                        (1 = 100.0%)
1  ... 

Histogram: Autofill.StoredProfileCount.AccountChrome recorded 1 samples, mean = 0.0 (flags = 0x41)
0  -O                                                                        (1 = 100.0%)
1  ... 

Histogram: Autofill.StoredProfileCount.AccountNonChrome recorded 1 samples, mean = 0.0 (flags = 0x41)
0  -O                                                                        (1 = 100.0%)
1  ... 

Histogram: Autofill.StoredProfileCount.Legacy recorded 1 samples, mean = 0.0 (flags = 0x41)
0  -O                                                                        (1 = 100.0%)
1  ... 

Histogram: Autofill.StoredProfileCount.Total recorded 1 samples, mean = 0.0 (flags = 0x41)
0  -O                                                                        (1 = 100.0%)
1  ... 

Histogram: Autofill.SubmissionDetectionSource.FormTracker recorded 2 samples, mean = 3.0 (flags = 0x41)
0  ... 
3  --O                                                                       (2 = 100.0%) {0.0%}
4  ... 

Histogram: Autofill.Timing.ParseFormsAsync recorded 1 samples, mean = 0.0 (flags = 0x41)
0  -O                                                                        (1 = 100.0%)
1  ... 

Histogram: Autofill.Timing.ParseFormsAsync.RunHeuristics recorded 1 samples, mean = 0.0 (flags = 0x41)
0  -O                                                                        (1 = 100.0%)
1  ... 

Histogram: Autofill.Timing.ParseFormsAsync.UpdateCache recorded 1 samples, mean = 0.0 (flags = 0x41)
0  -O                                                                        (1 = 100.0%)
1  ... 

Histogram: Autofill.TimingInterval.ExtractFormData.GetFormDataFromUnownedInputElements.AutofillAgentReset recorded 3 samples, mean = 1082887.6 (flags = 0x41)
0        ... 
529117   -O                                                                        (1 = 33.3%) {0.0%}
617637   O                                                                         (0 = 0.0%) {33.3%}
720966   -O                                                                        (1 = 33.3%) {33.3%}
841582   ... 
1823911  -O                                                                        (1 = 33.3%) {66.7%}
2129046  ... 

Histogram: Autofill.TimingInterval.ExtractFormData.GetFormDataFromUnownedInputElements.DOMContentLoaded recorded 3 samples, mean = 716299008.0 (flags = 0x41)
0         ... 
153496    -O                                                                        (1 = 33.3%) {0.0%}
179176    ... 
1146725   -O                                                                        (1 = 33.3%) {33.3%}
1338569   ... 
10000000  -O                                                                        (1 = 33.3%) {66.7%}

Histogram: Autofill.TimingInterval.ExtractFormData.UpdateFormCache.AutofillAgentReset recorded 5 samples, mean = 649855.0 (flags = 0x41)
0        ... 
198      -O                                                                        (1 = 20.0%) {0.0%}
231      ... 
368      -O                                                                        (1 = 20.0%) {20.0%}
430      ... 
529117   -O                                                                        (1 = 20.0%) {40.0%}
617637   O                                                                         (0 = 0.0%) {60.0%}
720966   -O                                                                        (1 = 20.0%) {60.0%}
841582   ... 
1823911  -O                                                                        (1 = 20.0%) {80.0%}
2129046  ... 

Histogram: Autofill.TimingInterval.ExtractFormData.UpdateFormCache.DOMContentLoaded recorded 5 samples, mean = 282698.0 (flags = 0x41)
0        ... 
4        -O                                                                        (1 = 20.0%) {0.0%}
5        ... 
9        -O                                                                        (1 = 20.0%) {20.0%}
11       ... 
58       -O                                                                        (1 = 20.0%) {40.0%}
68       ... 
153496   -O                                                                        (1 = 20.0%) {60.0%}
179176   ... 
1146725  -O                                                                        (1 = 20.0%) {80.0%}
1338569  ... 

Histogram: Autofill.TimingInterval.UpdateFormCache.UpdateFormCache.AutofillAgentReset recorded 5 samples, mean = 649868.6 (flags = 0x41)
0        ... 
231      -O                                                                        (1 = 20.0%) {0.0%}
270      ... 
368      -O                                                                        (1 = 20.0%) {20.0%}
430      ... 
529117   -O                                                                        (1 = 20.0%) {40.0%}
617637   O                                                                         (0 = 0.0%) {60.0%}
720966   -O                                                                        (1 = 20.0%) {60.0%}
841582   ... 
1823911  -O                                                                        (1 = 20.0%) {80.0%}
2129046  ... 

Histogram: Autofill.TimingInterval.UpdateFormCache.UpdateFormCache.DOMContentLoaded recorded 5 samples, mean = 282711.6 (flags = 0x41)
0        ... 
13       -O                                                                        (1 = 20.0%) {0.0%}
15       -O                                                                        (1 = 20.0%) {20.0%}
17       ... 
92       -O                                                                        (1 = 20.0%) {40.0%}
107      ... 
153496   -O                                                                        (1 = 20.0%) {60.0%}
179176   ... 
1146725  -O                                                                        (1 = 20.0%) {80.0%}
1338569  ... 

Histogram: Autofill.TimingPrecise.ExtractFormData recorded 8 samples, mean = 22.0 (flags = 0x41)
0   ... 
2   --O                                                                       (2 = 25.0%) {0.0%}
3   -O                                                                        (1 = 12.5%) {25.0%}
4   ... 
8   -O                                                                        (1 = 12.5%) {37.5%}
9   ... 
25  -O                                                                        (1 = 12.5%) {50.0%}
28  ... 
36  -O                                                                        (1 = 12.5%) {62.5%}
41  O                                                                         (0 = 0.0%) {75.0%}
47  --O                                                                       (2 = 25.0%) {75.0%}
53  ... 

Histogram: Autofill.TimingPrecise.ExtractFormData.GetFormDataFromUnownedInputElements recorded 3 samples, mean = 17.0 (flags = 0x41)
0   ... 
2   --O                                                                       (2 = 66.7%) {0.0%}
3   ... 
47  -O                                                                        (1 = 33.3%) {66.7%}
53  ... 

Histogram: Autofill.TimingPrecise.ExtractFormData.UpdateFormCache recorded 5 samples, mean = 25.0 (flags = 0x41)
0   ... 
3   -O                                                                        (1 = 20.0%) {0.0%}
4   ... 
8   -O                                                                        (1 = 20.0%) {20.0%}
9   ... 
25  -O                                                                        (1 = 20.0%) {40.0%}
28  ... 
36  -O                                                                        (1 = 20.0%) {60.0%}
41  O                                                                         (0 = 0.0%) {80.0%}
47  -O                                                                        (1 = 20.0%) {80.0%}
53  ... 

Histogram: Autofill.TimingPrecise.InferLabelForElement recorded 8 samples, mean = 0.1 (flags = 0x41)
0  -------O                                                                  (7 = 87.5%)
1  -O                                                                        (1 = 12.5%) {87.5%}
2  ... 

Histogram: Autofill.TimingPrecise.UpdateFormCache recorded 5 samples, mean = 42.6 (flags = 0x41)
0   ... 
13  -O                                                                        (1 = 20.0%) {0.0%}
15  -O                                                                        (1 = 20.0%) {20.0%}
17  ... 
41  --O                                                                       (2 = 40.0%) {40.0%}
47  ... 
88  -O                                                                        (1 = 20.0%) {80.0%}
100 ... 

Histogram: Autofill.TimingPrecise.UpdateFormCache.UpdateFormCache recorded 5 samples, mean = 42.6 (flags = 0x41)
0   ... 
13  -O                                                                        (1 = 20.0%) {0.0%}
15  -O                                                                        (1 = 20.0%) {20.0%}
17  ... 
41  --O                                                                       (2 = 40.0%) {40.0%}
47  ... 
88  -O                                                                        (1 = 20.0%) {80.0%}
100 ... 

Histogram: Autofill.VirtualCardUsageData.StoredUsageDataCount recorded 1 samples, mean = 0.0 (flags = 0x41)
0  -O                                                                        (1 = 100.0%)
1  ... 

Histogram: Blink.CSSStyleSheetResource.ParseTime recorded 8 samples, mean = 772.1 (flags = 0x41)
0     ... 
21    -O                                                                        (1 = 12.5%) {0.0%}
29    ... 
55    --O                                                                       (2 = 25.0%) {12.5%}
76    --O                                                                       (2 = 25.0%) {37.5%}
105   ... 
391   -O                                                                        (1 = 12.5%) {62.5%}
542   O                                                                         (0 = 0.0%) {75.0%}
752   -O                                                                        (1 = 12.5%) {75.0%}
1043  ... 
3865  -O                                                                        (1 = 12.5%) {87.5%}
5362  ... 

Histogram: Blink.CommitDocumentLoaderTime recorded 7 samples, mean = 2.3 (flags = 0x41)
0  --O                                                                       (2 = 28.6%)
1  O                                                                         (0 = 0.0%) {28.6%}
2  ----O                                                                     (4 = 57.1%) {28.6%}
3  ... 
8  -O                                                                        (1 = 14.3%) {85.7%}
10 ... 

Histogram: Blink.CookiesTime recorded 21 samples, mean = 0.5 (flags = 0x41)
0   --------------------O                                                     (20 = 95.2%)
1   ... 
10  -O                                                                        (1 = 4.8%) {95.2%}
12  ... 

Histogram: Blink.CullRect.UpdateTime recorded 19 samples, mean = 4.9 (flags = 0x41)
0   -O                                                                        (1 = 5.3%)
1   --------O                                                                 (8 = 42.1%) {5.3%}
2   -O                                                                        (1 = 5.3%) {47.4%}
3   O                                                                         (0 = 0.0%) {52.6%}
4   ---O                                                                      (3 = 15.8%) {52.6%}
6   --O                                                                       (2 = 10.5%) {68.4%}
8   O                                                                         (0 = 0.0%) {78.9%}
11  ---O                                                                      (3 = 15.8%) {78.9%}
15  -O                                                                        (1 = 5.3%) {94.7%}
21  ... 

Histogram: Blink.DocumentLoader.CommitNavigationToStartLoadingResponse.Time.OutermostMainFrame.NewNavigation.IsHTTPOrHTTPS recorded 1 samples, mean = 0.0 (flags = 0x41)
0  -O                                                                        (1 = 100.0%)
1  ... 

Histogram: Blink.DocumentLoader.CreateParserPostCommit.Time.OutermostMainFrame.NewNavigation.IsHTTPOrHTTPS recorded 1 samples, mean = 7.0 (flags = 0x41)
0  ... 
7  -O                                                                        (1 = 100.0%) {0.0%}
8  ... 

Histogram: Blink.EffectiveZoom recorded 17 samples (flags = 0x41)
200  -----------------O                                                        (17 = 100.0%)

Histogram: Blink.Experimental.Cookies.CacheLookupResult2 recorded 21 samples, mean = 0.9 (flags = 0x41)
0  --O                                                                       (2 = 9.5%)
1  -------------------O                                                      (19 = 90.5%) {9.5%}
2  ... 

Histogram: Blink.Experimental.Cookies.FirstCookieRequest recorded 2 samples, mean = 1.0 (flags = 0x41)
0  O                                                                         (0 = 0.0%)
1  --O                                                                       (2 = 100.0%) {0.0%}
2  ... 

Histogram: Blink.Fetch.RequestResourceTime2 recorded 147 samples, mean = 187.6 (flags = 0x41)
0      ... 
8      ---O                                                                      (3 = 2.0%) {0.0%}
11     ---O                                                                      (3 = 2.0%) {2.0%}
15     ---------------O                                                          (15 = 10.2%) {4.1%}
21     ------------------------------------O                                     (36 = 24.5%) {14.3%}
29     ---------------O                                                          (15 = 10.2%) {38.8%}
40     --------------------O                                                     (20 = 13.6%) {49.0%}
55     ----------O                                                               (10 = 6.8%) {62.6%}
76     --------------O                                                           (14 = 9.5%) {69.4%}
105    -------O                                                                  (7 = 4.8%) {78.9%}
146    ---------O                                                                (9 = 6.1%) {83.7%}
203    ------O                                                                   (6 = 4.1%) {89.8%}
282    -O                                                                        (1 = 0.7%) {93.9%}
391    -----O                                                                    (5 = 3.4%) {94.6%}
542    -O                                                                        (1 = 0.7%) {98.0%}
752    O                                                                         (0 = 0.0%) {98.6%}
1043   -O                                                                        (1 = 0.7%) {98.6%}
1447   ... 
14319  -O                                                                        (1 = 0.7%) {99.3%}
19866  ... 

Histogram: Blink.Fetch.RequestResourceTime2.Preload recorded 41 samples, mean = 55.9 (flags = 0x41)
0    ... 
8    ---O                                                                      (3 = 7.3%) {0.0%}
11   --O                                                                       (2 = 4.9%) {7.3%}
15   ------O                                                                   (6 = 14.6%) {12.2%}
21   ----------O                                                               (10 = 24.4%) {26.8%}
29   ---O                                                                      (3 = 7.3%) {51.2%}
40   ---O                                                                      (3 = 7.3%) {58.5%}
55   -----O                                                                    (5 = 12.2%) {65.9%}
76   ----O                                                                     (4 = 9.8%) {78.0%}
105  -O                                                                        (1 = 2.4%) {87.8%}
146  ---O                                                                      (3 = 7.3%) {90.2%}
203  ... 
391  -O                                                                        (1 = 2.4%) {97.6%}
542  ... 

Histogram: Blink.FetchQueuedPreloadsTime.MainFrame.Initial recorded 1 samples, mean = 1.0 (flags = 0x41)
0  O                                                                         (0 = 0.0%)
1  -O                                                                        (1 = 100.0%) {0.0%}
2  ... 

Histogram: Blink.Fonts.DecodeTime recorded 5 samples, mean = 7515.4 (flags = 0x41)
0      ... 
3865   ---O                                                                      (3 = 60.0%) {0.0%}
5362   -O                                                                        (1 = 20.0%) {60.0%}
7439   ... 
14319  -O                                                                        (1 = 20.0%) {80.0%}
19866  ... 

Histogram: Blink.Fonts.VariableFontsRatio recorded 5 samples, mean = 1.2 (flags = 0x41)
0  O                                                                         (0 = 0.0%)
1  ----O                                                                     (4 = 80.0%) {0.0%}
2  -O                                                                        (1 = 20.0%) {80.0%}
3  ... 

Histogram: Blink.ForcedStyleAndLayout.UpdateTime.PreFCP recorded 2 samples, mean = 23.0 (flags = 0x41)
0   ... 
21  --O                                                                       (2 = 100.0%) {0.0%}
29  ... 

Histogram: Blink.HTMLFastPathParser.AbortedParseSize recorded 41 samples, mean = 3.4 (flags = 0x41)
0  ------O                                                                   (6 = 14.6%)
1  ... 
4  -----------------------------------O                                      (35 = 85.4%) {14.6%}
6  ... 

Histogram: Blink.HTMLFastPathParser.AbortedParseTime2 recorded 41 samples, mean = 4.3 (flags = 0x41)
0   ---------O                                                                (9 = 22.0%)
1   --------------O                                                           (14 = 34.1%) {22.0%}
2   ------O                                                                   (6 = 14.6%) {56.1%}
3   ---O                                                                      (3 = 7.3%) {70.7%}
4   --O                                                                       (2 = 4.9%) {78.0%}
5   -O                                                                        (1 = 2.4%) {82.9%}
6   ---O                                                                      (3 = 7.3%) {85.4%}
7   ... 
21  -O                                                                        (1 = 2.4%) {92.7%}
23  ... 
27  -O                                                                        (1 = 2.4%) {95.1%}
29  ... 
63  -O                                                                        (1 = 2.4%) {97.6%}
68  ... 

Histogram: Blink.HTMLFastPathParser.ParseResult recorded 81 samples, mean = 8.1 (flags = 0x41)
0   ----------------------------------------O                                 (40 = 49.4%)
1   ... 
4   ------O                                                                   (6 = 7.4%) {49.4%}
5   ... 
18  -----------------------------------O                                      (35 = 43.2%) {56.8%}
19  ... 

Histogram: Blink.HTMLFastPathParser.SuccessfulParseSize recorded 40 samples, mean = 201.8 (flags = 0x41)
0    ... 
146  --------------------O                                                     (20 = 50.0%) {0.0%}
203  --------------------O                                                     (20 = 50.0%) {50.0%}
282  ... 

Histogram: Blink.HTMLFastPathParser.SuccessfulParseTime2 recorded 40 samples, mean = 3.5 (flags = 0x41)
0   --O                                                                       (2 = 5.0%)
1   -----------O                                                              (11 = 27.5%) {5.0%}
2   ------------O                                                             (12 = 30.0%) {32.5%}
3   -----O                                                                    (5 = 12.5%) {62.5%}
4   ---O                                                                      (3 = 7.5%) {75.0%}
5   -O                                                                        (1 = 2.5%) {82.5%}
6   -O                                                                        (1 = 2.5%) {85.0%}
7   O                                                                         (0 = 0.0%) {87.5%}
8   --O                                                                       (2 = 5.0%) {87.5%}
9   ... 
13  -O                                                                        (1 = 2.5%) {92.5%}
14  ... 
17  -O                                                                        (1 = 2.5%) {95.0%}
18  ... 
23  -O                                                                        (1 = 2.5%) {97.5%}
25  ... 

Histogram: Blink.HTMLFastPathParser.TotalParseTime2 recorded 81 samples, mean = 24.1 (flags = 0x41)
0    O                                                                         (0 = 0.0%)
1    --------O                                                                 (8 = 9.9%) {0.0%}
2    -------------O                                                            (13 = 16.0%) {9.9%}
3    -----O                                                                    (5 = 6.2%) {25.9%}
4    -----O                                                                    (5 = 6.2%) {32.1%}
5    -O                                                                        (1 = 1.2%) {38.3%}
6    ------O                                                                   (6 = 7.4%) {39.5%}
7    -O                                                                        (1 = 1.2%) {46.9%}
8    --O                                                                       (2 = 2.5%) {48.1%}
9    -O                                                                        (1 = 1.2%) {50.6%}
10   ---O                                                                      (3 = 3.7%) {51.9%}
11   ... 
13   --O                                                                       (2 = 2.5%) {55.6%}
14   O                                                                         (0 = 0.0%) {58.0%}
15   -O                                                                        (1 = 1.2%) {58.0%}
16   -O                                                                        (1 = 1.2%) {59.3%}
17   ---O                                                                      (3 = 3.7%) {60.5%}
18   O                                                                         (0 = 0.0%) {64.2%}
19   --O                                                                       (2 = 2.5%) {64.2%}
21   -O                                                                        (1 = 1.2%) {66.7%}
23   -O                                                                        (1 = 1.2%) {67.9%}
25   O                                                                         (0 = 0.0%) {69.1%}
27   --O                                                                       (2 = 2.5%) {69.1%}
29   --O                                                                       (2 = 2.5%) {71.6%}
31   -O                                                                        (1 = 1.2%) {74.1%}
34   --O                                                                       (2 = 2.5%) {75.3%}
37   -O                                                                        (1 = 1.2%) {77.8%}
40   -O                                                                        (1 = 1.2%) {79.0%}
43   -O                                                                        (1 = 1.2%) {80.2%}
46   -O                                                                        (1 = 1.2%) {81.5%}
50   --O                                                                       (2 = 2.5%) {82.7%}
54   O                                                                         (0 = 0.0%) {85.2%}
58   -O                                                                        (1 = 1.2%) {85.2%}
63   -O                                                                        (1 = 1.2%) {86.4%}
68   -O                                                                        (1 = 1.2%) {87.7%}
74   -O                                                                        (1 = 1.2%) {88.9%}
80   -O                                                                        (1 = 1.2%) {90.1%}
86   --O                                                                       (2 = 2.5%) {91.4%}
93   -O                                                                        (1 = 1.2%) {93.8%}
101  -O                                                                        (1 = 1.2%) {95.1%}
109  -O                                                                        (1 = 1.2%) {96.3%}
118  -O                                                                        (1 = 1.2%) {97.5%}
128  -O                                                                        (1 = 1.2%) {98.8%}
138  ... 

Histogram: Blink.HTMLParsing.ChunkCount4 recorded 1 samples, mean = 1.0 (flags = 0x41)
0  O                                                                         (0 = 0.0%)
1  -O                                                                        (1 = 100.0%) {0.0%}
2  ... 

Histogram: Blink.HTMLParsing.InputCharacterCount4 recorded 1 samples, mean = 152341.0 (flags = 0x41)
0       ... 
141691  -O                                                                        (1 = 100.0%) {0.0%}
196583  ... 

Histogram: Blink.HTMLParsing.ParsingTimeMax4 recorded 1 samples, mean = 3193.0 (flags = 0x41)
0     ... 
3157  -O                                                                        (1 = 100.0%) {0.0%}
3206  ... 

Histogram: Blink.HTMLParsing.ParsingTimeMin4 recorded 1 samples, mean = 3193.0 (flags = 0x41)
0     ... 
2898  -O                                                                        (1 = 100.0%) {0.0%}
3300  ... 

Histogram: Blink.HTMLParsing.ParsingTimeTotal4 recorded 1 samples, mean = 3193.0 (flags = 0x41)
0     ... 
3157  -O                                                                        (1 = 100.0%) {0.0%}
3206  ... 

Histogram: Blink.HTMLParsing.PreloadRequestCount recorded 1 samples, mean = 33.0 (flags = 0x41)
0   ... 
33  -O                                                                        (1 = 100.0%) {0.0%}
37  ... 

Histogram: Blink.HTMLParsing.TimeToDeferredPumpTokenizer4 recorded 1 samples, mean = 347.0 (flags = 0x41)
0    ... 
320  -O                                                                        (1 = 100.0%) {0.0%}
364  ... 

Histogram: Blink.HTMLParsing.TokensParsedAverage4 recorded 1 samples, mean = 127.0 (flags = 0x41)
0    ... 
113  -O                                                                        (1 = 100.0%) {0.0%}
149  ... 

Histogram: Blink.HTMLParsing.TokensParsedMax4 recorded 1 samples, mean = 127.0 (flags = 0x41)
0    ... 
113  -O                                                                        (1 = 100.0%) {0.0%}
149  ... 

Histogram: Blink.HTMLParsing.TokensParsedMin4 recorded 1 samples, mean = 127.0 (flags = 0x41)
0    ... 
114  -O                                                                        (1 = 100.0%) {0.0%}
135  ... 

Histogram: Blink.HTMLParsing.TokensParsedTotal4 recorded 1 samples, mean = 127.0 (flags = 0x41)
0    ... 
105  -O                                                                        (1 = 100.0%) {0.0%}
146  ... 

Histogram: Blink.HTMLParsing.YieldedTimeAverage4 recorded 1 samples, mean = 347.0 (flags = 0x41)
0    ... 
315  -O                                                                        (1 = 100.0%) {0.0%}
368  ... 

Histogram: Blink.HTMLParsing.YieldedTimeMax4 recorded 1 samples, mean = 349.0 (flags = 0x41)
0    ... 
348  -O                                                                        (1 = 100.0%) {0.0%}
353  ... 

Histogram: Blink.HTMLParsing.YieldedTimeMin4 recorded 1 samples, mean = 346.0 (flags = 0x41)
0    ... 
315  -O                                                                        (1 = 100.0%) {0.0%}
368  ... 

Histogram: Blink.History.VisitedLinks.IsLinkStyledAsVisited recorded 60 samples, mean = 0.0 (flags = 0x41)
0  ------------------------------------------------------------O             (60 = 100.0%)
1  ... 

Histogram: Blink.IntersectionObservationJavascriptCount.UpdateTime.PreFCP recorded 1 samples, mean = 0.0 (flags = 0x41)
0  -O                                                                        (1 = 100.0%)
1  ... 

Histogram: Blink.JavascriptDocumentUpdate.UpdateTime.PreFCP recorded 1 samples, mean = 22.0 (flags = 0x41)
0   ... 
21  -O                                                                        (1 = 100.0%) {0.0%}
29  ... 

Histogram: Blink.Layout.InlineNode.ShapeText.MaxTime.InOutermostMainFrame3 recorded 1 samples, mean = 0.0 (flags = 0x41)
0  -O                                                                        (1 = 100.0%)
1  ... 

Histogram: Blink.Layout.InlineNode.ShapeText.TotalTime.InOutermostMainFrame3 recorded 1 samples, mean = 0.0 (flags = 0x41)
0  -O                                                                        (1 = 100.0%)
1  ... 

Histogram: Blink.Layout.SVGImage.Count.InOutermostMainFrame recorded 1 samples, mean = 0.0 (flags = 0x41)
0  -O                                                                        (1 = 100.0%)
1  ... 

Histogram: Blink.Layout.SVGImage.TotalTime.InOutermostMainFrame recorded 1 samples, mean = 0.0 (flags = 0x41)
0  -O                                                                        (1 = 100.0%)
1  ... 

Histogram: Blink.MainFrame.UpdateTime.PreFCP recorded 19 samples, mean = 5170.6 (flags = 0x41)
0      ... 
76     ---O                                                                      (3 = 15.8%) {0.0%}
105    -O                                                                        (1 = 5.3%) {15.8%}
146    --O                                                                       (2 = 10.5%) {21.1%}
203    --O                                                                       (2 = 10.5%) {31.6%}
282    -O                                                                        (1 = 5.3%) {42.1%}
391    -O                                                                        (1 = 5.3%) {47.4%}
542    ---O                                                                      (3 = 15.8%) {52.6%}
752    O                                                                         (0 = 0.0%) {68.4%}
1043   -O                                                                        (1 = 5.3%) {68.4%}
1447   ... 
3865   -O                                                                        (1 = 5.3%) {73.7%}
5362   -O                                                                        (1 = 5.3%) {78.9%}
7439   -O                                                                        (1 = 5.3%) {84.2%}
10321  ... 
19866  -O                                                                        (1 = 5.3%) {89.5%}
27562  O                                                                         (0 = 0.0%) {94.7%}
38240  -O                                                                        (1 = 5.3%) {94.7%}
53055  ... 

Histogram: Blink.MemoryCache.RevalidationPolicy.AsyncScript recorded 48 samples, mean = 1.6 (flags = 0x41)
0  -----------------------O                                                  (23 = 47.9%)
1  ... 
3  -------------------------O                                                (25 = 52.1%) {47.9%}
4  ... 

Histogram: Blink.MemoryCache.RevalidationPolicy.CSSStyleSheet recorded 8 samples, mean = 0.0 (flags = 0x41)
0  --------O                                                                 (8 = 100.0%)
1  ... 

Histogram: Blink.MemoryCache.RevalidationPolicy.Dead.CSSStyleSheet recorded 1 samples, mean = 0.0 (flags = 0x41)
0  -O                                                                        (1 = 100.0%)
1  ... 

Histogram: Blink.MemoryCache.RevalidationPolicy.Dead.Font recorded 2 samples, mean = 0.0 (flags = 0x41)
0  --O                                                                       (2 = 100.0%)
1  ... 

Histogram: Blink.MemoryCache.RevalidationPolicy.Dead.Script recorded 22 samples, mean = 0.0 (flags = 0x41)
0  ----------------------O                                                   (22 = 100.0%)
1  ... 

Histogram: Blink.MemoryCache.RevalidationPolicy.Font recorded 23 samples, mean = 4.0 (flags = 0x41)
0  -O                                                                        (1 = 4.3%)
1  ... 
4  ------------------O                                                       (18 = 78.3%) {4.3%}
5  ----O                                                                     (4 = 17.4%) {82.6%}
6  O                                                                         (0 = 0.0%) {100.0%}

Histogram: Blink.MemoryCache.RevalidationPolicy.Image recorded 44 samples, mean = 4.0 (flags = 0x41)
0  ... 
3  -O                                                                        (1 = 2.3%) {0.0%}
4  -------------------------------------------O                              (43 = 97.7%) {2.3%}
5  ... 

Histogram: Blink.MemoryCache.RevalidationPolicy.Manifest recorded 1 samples, mean = 3.0 (flags = 0x41)
0  ... 
3  -O                                                                        (1 = 100.0%) {0.0%}
4  ... 

Histogram: Blink.MemoryCache.RevalidationPolicy.Preload.CSSStyleSheet recorded 15 samples, mean = 1.6 (flags = 0x41)
0  -------O                                                                  (7 = 46.7%)
1  ... 
3  --------O                                                                 (8 = 53.3%) {46.7%}
4  ... 

Histogram: Blink.MemoryCache.RevalidationPolicy.Preload.Font recorded 2 samples, mean = 1.5 (flags = 0x41)
0  -O                                                                        (1 = 50.0%)
1  ... 
3  -O                                                                        (1 = 50.0%) {50.0%}
4  ... 

Histogram: Blink.MemoryCache.RevalidationPolicy.Preload.Script recorded 24 samples, mean = 2.8 (flags = 0x41)
0  --O                                                                       (2 = 8.3%)
1  ... 
3  ----------------------O                                                   (22 = 91.7%) {8.3%}
4  ... 

Histogram: Blink.MemoryCache.RevalidationPolicy.Raw recorded 8 samples, mean = 3.0 (flags = 0x41)
0  ... 
3  --------O                                                                 (8 = 100.0%) {0.0%}
4  ... 

Histogram: Blink.MemoryCache.RevalidationPolicy.Script recorded 26 samples, mean = 0.5 (flags = 0x41)
0  ----------------------O                                                   (22 = 84.6%)
1  ... 
3  ----O                                                                     (4 = 15.4%) {84.6%}
4  ... 

Histogram: Blink.PreloadRequestStartDuration recorded 41 samples, mean = 57.2 (flags = 0x41)
0    ... 
11   -----O                                                                    (5 = 12.2%) {0.0%}
15   ------O                                                                   (6 = 14.6%) {12.2%}
21   ---------O                                                                (9 = 22.0%) {26.8%}
29   ----O                                                                     (4 = 9.8%) {48.8%}
40   ---O                                                                      (3 = 7.3%) {58.5%}
55   -----O                                                                    (5 = 12.2%) {65.9%}
76   ---O                                                                      (3 = 7.3%) {78.0%}
105  --O                                                                       (2 = 4.9%) {85.4%}
146  ---O                                                                      (3 = 7.3%) {90.2%}
203  ... 
391  -O                                                                        (1 = 2.4%) {97.6%}
542  ... 

Histogram: Blink.PreloadRequestWaitTime recorded 31 samples, mean = 0.7 (flags = 0x41)
0  ---------O                                                                (9 = 29.0%)
1  ----------------------O                                                   (22 = 71.0%) {29.0%}
2  ... 

Histogram: Blink.PrepareToStopParsingTime recorded 48 samples, mean = 3.5 (flags = 0x41)
0    -----------------------------------------------O                          (47 = 97.9%)
1    ... 
160  -O                                                                        (1 = 2.1%) {97.9%}
190  ... 

Histogram: Blink.PumpTokenizerTime recorded 93 samples, mean = 0.2 (flags = 0x41)
0   ------------------------------------------------------------------------O (91 = 97.8%)
1   ... 
4   -O                                                                        (1 = 1.1%) {97.8%}
5   ... 
10  -O                                                                        (1 = 1.1%) {98.9%}
12  ... 

Histogram: Blink.ResourceRequest.BackgroundResourceFetchSupportStatus recorded 49 samples, mean = 0.1 (flags = 0x41)
0  -----------------------------------------------O                          (47 = 95.9%)
1  O                                                                         (0 = 0.0%) {95.9%}
2  --O                                                                       (2 = 4.1%) {95.9%}
3  ... 

Histogram: Blink.ResourceRequest.CompletionDelay2 recorded 49 samples, mean = 14.9 (flags = 0x41)
0   ------------O                                                             (12 = 24.5%)
1   ----O                                                                     (4 = 8.2%) {24.5%}
2   O                                                                         (0 = 0.0%) {32.7%}
3   -O                                                                        (1 = 2.0%) {32.7%}
4   --O                                                                       (2 = 4.1%) {34.7%}
5   ----O                                                                     (4 = 8.2%) {38.8%}
6   ... 
8   -O                                                                        (1 = 2.0%) {46.9%}
10  --O                                                                       (2 = 4.1%) {49.0%}
12  O                                                                         (0 = 0.0%) {53.1%}
14  ------O                                                                   (6 = 12.2%) {53.1%}
17  ... 
24  ---O                                                                      (3 = 6.1%) {65.3%}
29  --O                                                                       (2 = 4.1%) {71.4%}
34  -----------O                                                              (11 = 22.4%) {75.5%}
40  -O                                                                        (1 = 2.0%) {98.0%}
48  ... 

Histogram: Blink.ResourceRequest.RedirectDelay2 recorded 2 samples, mean = 36.5 (flags = 0x41)
0   -O                                                                        (1 = 50.0%)
1   ... 
68  -O                                                                        (1 = 50.0%) {50.0%}
81  ... 

Histogram: Blink.ResourceRequest.ResponseDelay2 recorded 49 samples, mean = 14.2 (flags = 0x41)
0   --------------O                                                           (14 = 28.6%)
1   ----------O                                                               (10 = 20.4%) {28.6%}
2   O                                                                         (0 = 0.0%) {49.0%}
3   -O                                                                        (1 = 2.0%) {49.0%}
4   -O                                                                        (1 = 2.0%) {51.0%}
5   ... 
8   --O                                                                       (2 = 4.1%) {53.1%}
10  --O                                                                       (2 = 4.1%) {57.1%}
12  ---O                                                                      (3 = 6.1%) {61.2%}
14  --O                                                                       (2 = 4.1%) {67.3%}
17  ... 
34  --O                                                                       (2 = 4.1%) {71.4%}
40  ------------O                                                             (12 = 24.5%) {75.5%}
48  ... 

Histogram: Blink.ResourceRequest.StartDelay2 recorded 49 samples, mean = 295.9 (flags = 0x41)
0    ... 
7    -O                                                                        (1 = 2.0%) {0.0%}
8    -O                                                                        (1 = 2.0%) {2.0%}
10   O                                                                         (0 = 0.0%) {4.1%}
12   -O                                                                        (1 = 2.0%) {4.1%}
14   -O                                                                        (1 = 2.0%) {6.1%}
17   ... 
40   --O                                                                       (2 = 4.1%) {8.2%}
48   ... 
68   -O                                                                        (1 = 2.0%) {12.2%}
81   --O                                                                       (2 = 4.1%) {14.3%}
96   ... 
135  -O                                                                        (1 = 2.0%) {18.4%}
160  ... 
226  -O                                                                        (1 = 2.0%) {20.4%}
268  ------------------------------O                                           (30 = 61.2%) {22.4%}
318  ... 
533  -----O                                                                    (5 = 10.2%) {83.7%}
633  O                                                                         (0 = 0.0%) {93.9%}
752  ---O                                                                      (3 = 6.1%) {93.9%}
894  ... 

Histogram: Blink.ScanAndPreloadTime.MainFrame.Initial recorded 1 samples, mean = 2.0 (flags = 0x41)
0  ... 
2  -O                                                                        (1 = 100.0%) {0.0%}
3  ... 

Histogram: Blink.ScanAndPreloadTime.MainFrame.NonInitial recorded 1 samples, mean = 0.0 (flags = 0x41)
0  -O                                                                        (1 = 100.0%)
1  ... 

Histogram: Blink.ScanAndPreloadTime2.MainFrame.Initial recorded 1 samples, mean = 2150.0 (flags = 0x41)
0     ... 
2008  -O                                                                        (1 = 100.0%) {0.0%}
2786  ... 

Histogram: Blink.ScanAndPreloadTime2.MainFrame.NonInitial recorded 1 samples, mean = 17.0 (flags = 0x41)
0   ... 
15  -O                                                                        (1 = 100.0%) {0.0%}
21  ... 

Histogram: Blink.ScanAndPreloadTime2.Preload.MainFrame.Initial recorded 1 samples, mean = 1443.0 (flags = 0x41)
0     ... 
1043  -O                                                                        (1 = 100.0%) {0.0%}
1447  ... 

Histogram: Blink.ScanAndPreloadTime2.Preload.MainFrame.NonInitial recorded 1 samples, mean = 1.0 (flags = 0x41)
0  O                                                                         (0 = 0.0%)
1  -O                                                                        (1 = 100.0%) {0.0%}
2  ... 

Histogram: Blink.ScanAndPreloadTime2.Scan.MainFrame.Initial recorded 1 samples, mean = 696.0 (flags = 0x41)
0    ... 
542  -O                                                                        (1 = 100.0%) {0.0%}
752  ... 

Histogram: Blink.ScanAndPreloadTime2.Scan.MainFrame.NonInitial recorded 1 samples, mean = 1.0 (flags = 0x41)
0  O                                                                         (0 = 0.0%)
1  -O                                                                        (1 = 100.0%) {0.0%}
2  ... 

Histogram: Blink.Script.AsyncScript.FromReadyToStartExecution.Time recorded 26 samples, mean = 73.1 (flags = 0x41)
0    -------O                                                                  (7 = 26.9%)
1    -O                                                                        (1 = 3.8%) {26.9%}
2    ... 
5    -O                                                                        (1 = 3.8%) {30.8%}
6    -O                                                                        (1 = 3.8%) {34.6%}
8    O                                                                         (0 = 0.0%) {38.5%}
10   ---O                                                                      (3 = 11.5%) {38.5%}
13   ... 
20   -O                                                                        (1 = 3.8%) {50.0%}
25   -O                                                                        (1 = 3.8%) {53.8%}
32   --O                                                                       (2 = 7.7%) {57.7%}
41   O                                                                         (0 = 0.0%) {65.4%}
52   ---O                                                                      (3 = 11.5%) {65.4%}
66   ... 
220  ---O                                                                      (3 = 11.5%) {76.9%}
280  ---O                                                                      (3 = 11.5%) {88.5%}
356  ... 

Histogram: Blink.Script.SchedulingType recorded 41 samples, mean = 5.3 (flags = 0x41)
0  ... 
3  -O                                                                        (1 = 2.4%) {0.0%}
4  O                                                                         (0 = 0.0%) {2.4%}
5  -------------------------O                                                (25 = 61.0%) {2.4%}
6  ---------------O                                                          (15 = 36.6%) {63.4%}
7  ... 

Histogram: Blink.UseCounter.AnimatedCSSProperties recorded 1 samples, mean = 1.0 (flags = 0x41)
0  O                                                                         (0 = 0.0%)
1  -O                                                                        (1 = 100.0%) {0.0%}
2  ... 

Histogram: Blink.UseCounter.CSSProperties recorded 97 samples, mean = 273.8 (flags = 0x41)
0    O                                                                         (0 = 0.0%)
1    -O                                                                        (1 = 1.0%) {0.0%}
2    -O                                                                        (1 = 1.0%) {1.0%}
3    -O                                                                        (1 = 1.0%) {2.1%}
4    -O                                                                        (1 = 1.0%) {3.1%}
5    -O                                                                        (1 = 1.0%) {4.1%}
6    -O                                                                        (1 = 1.0%) {5.2%}
7    -O                                                                        (1 = 1.0%) {6.2%}
8    -O                                                                        (1 = 1.0%) {7.2%}
9    O                                                                         (0 = 0.0%) {8.2%}
10   -O                                                                        (1 = 1.0%) {8.2%}
11   ... 
14   -O                                                                        (1 = 1.0%) {9.3%}
15   ... 
20   -O                                                                        (1 = 1.0%) {10.3%}
21   -O                                                                        (1 = 1.0%) {11.3%}
22   ... 
24   -O                                                                        (1 = 1.0%) {12.4%}
25   ... 
34   -O                                                                        (1 = 1.0%) {13.4%}
35   ... 
42   -O                                                                        (1 = 1.0%) {14.4%}
43   ... 
53   -O                                                                        (1 = 1.0%) {15.5%}
54   ... 
59   -O                                                                        (1 = 1.0%) {16.5%}
60   ... 
66   -O                                                                        (1 = 1.0%) {17.5%}
67   ... 
69   -O                                                                        (1 = 1.0%) {18.6%}
70   ... 
72   -O                                                                        (1 = 1.0%) {19.6%}
73   O                                                                         (0 = 0.0%) {20.6%}
74   -O                                                                        (1 = 1.0%) {20.6%}
75   ... 
77   -O                                                                        (1 = 1.0%) {21.6%}
78   ... 
81   -O                                                                        (1 = 1.0%) {22.7%}
82   ... 
84   -O                                                                        (1 = 1.0%) {23.7%}
85   ... 
89   -O                                                                        (1 = 1.0%) {24.7%}
90   ... 
95   -O                                                                        (1 = 1.0%) {25.8%}
96   -O                                                                        (1 = 1.0%) {26.8%}
97   -O                                                                        (1 = 1.0%) {27.8%}
98   -O                                                                        (1 = 1.0%) {28.9%}
99   O                                                                         (0 = 0.0%) {29.9%}
100  -O                                                                        (1 = 1.0%) {29.9%}
101  ... 
105  -O                                                                        (1 = 1.0%) {30.9%}
106  -O                                                                        (1 = 1.0%) {32.0%}
107  -O                                                                        (1 = 1.0%) {33.0%}
108  O                                                                         (0 = 0.0%) {34.0%}
109  -O                                                                        (1 = 1.0%) {34.0%}
110  ... 
118  -O                                                                        (1 = 1.0%) {35.1%}
119  -O                                                                        (1 = 1.0%) {36.1%}
120  ... 
124  -O                                                                        (1 = 1.0%) {37.1%}
125  ... 
127  -O                                                                        (1 = 1.0%) {38.1%}
128  -O                                                                        (1 = 1.0%) {39.2%}
129  -O                                                                        (1 = 1.0%) {40.2%}
130  ... 
143  -O                                                                        (1 = 1.0%) {41.2%}
144  ... 
150  -O                                                                        (1 = 1.0%) {42.3%}
151  O                                                                         (0 = 0.0%) {43.3%}
152  -O                                                                        (1 = 1.0%) {43.3%}
153  -O                                                                        (1 = 1.0%) {44.3%}
154  -O                                                                        (1 = 1.0%) {45.4%}
155  O                                                                         (0 = 0.0%) {46.4%}
156  -O                                                                        (1 = 1.0%) {46.4%}
157  -O                                                                        (1 = 1.0%) {47.4%}
158  O                                                                         (0 = 0.0%) {48.5%}
159  -O                                                                        (1 = 1.0%) {48.5%}
160  O                                                                         (0 = 0.0%) {49.5%}
161  -O                                                                        (1 = 1.0%) {49.5%}
162  -O                                                                        (1 = 1.0%) {50.5%}
163  O                                                                         (0 = 0.0%) {51.5%}
164  -O                                                                        (1 = 1.0%) {51.5%}
165  -O                                                                        (1 = 1.0%) {52.6%}
166  ... 
175  -O                                                                        (1 = 1.0%) {53.6%}
176  ... 
231  -O                                                                        (1 = 1.0%) {54.6%}
232  -O                                                                        (1 = 1.0%) {55.7%}
233  O                                                                         (0 = 0.0%) {56.7%}
234  -O                                                                        (1 = 1.0%) {56.7%}
235  -O                                                                        (1 = 1.0%) {57.7%}
236  O                                                                         (0 = 0.0%) {58.8%}
237  -O                                                                        (1 = 1.0%) {58.8%}
238  -O                                                                        (1 = 1.0%) {59.8%}
239  -O                                                                        (1 = 1.0%) {60.8%}
240  -O                                                                        (1 = 1.0%) {61.9%}
241  O                                                                         (0 = 0.0%) {62.9%}
242  -O                                                                        (1 = 1.0%) {62.9%}
243  ... 
303  -O                                                                        (1 = 1.0%) {63.9%}
304  ... 
369  -O                                                                        (1 = 1.0%) {64.9%}
370  -O                                                                        (1 = 1.0%) {66.0%}
371  ... 
415  -O                                                                        (1 = 1.0%) {67.0%}
416  ... 
432  -O                                                                        (1 = 1.0%) {68.0%}
433  -O                                                                        (1 = 1.0%) {69.1%}
434  ... 
437  -O                                                                        (1 = 1.0%) {70.1%}
438  ... 
446  -O                                                                        (1 = 1.0%) {71.1%}
447  ... 
508  -O                                                                        (1 = 1.0%) {72.2%}
509  ... 
514  -O                                                                        (1 = 1.0%) {73.2%}
515  -O                                                                        (1 = 1.0%) {74.2%}
516  -O                                                                        (1 = 1.0%) {75.3%}
517  ... 
537  -O                                                                        (1 = 1.0%) {76.3%}
538  ... 
549  -O                                                                        (1 = 1.0%) {77.3%}
550  ... 
563  -O                                                                        (1 = 1.0%) {78.4%}
564  ... 
591  -O                                                                        (1 = 1.0%) {79.4%}
592  -O                                                                        (1 = 1.0%) {80.4%}
593  O                                                                         (0 = 0.0%) {81.4%}
594  -O                                                                        (1 = 1.0%) {81.4%}
595  -O                                                                        (1 = 1.0%) {82.5%}
596  ... 
598  -O                                                                        (1 = 1.0%) {83.5%}
599  -O                                                                        (1 = 1.0%) {84.5%}
600  ... 
618  -O                                                                        (1 = 1.0%) {85.6%}
619  -O                                                                        (1 = 1.0%) {86.6%}
620  -O                                                                        (1 = 1.0%) {87.6%}
621  -O                                                                        (1 = 1.0%) {88.7%}
622  ... 
636  -O                                                                        (1 = 1.0%) {89.7%}
637  ... 
657  -O                                                                        (1 = 1.0%) {90.7%}
658  -O                                                                        (1 = 1.0%) {91.8%}
659  ... 
662  -O                                                                        (1 = 1.0%) {92.8%}
663  ... 
672  -O                                                                        (1 = 1.0%) {93.8%}
673  -O                                                                        (1 = 1.0%) {94.8%}
674  O                                                                         (0 = 0.0%) {95.9%}
675  -O                                                                        (1 = 1.0%) {95.9%}
676  ... 
696  -O                                                                        (1 = 1.0%) {96.9%}
697  ... 
746  -O                                                                        (1 = 1.0%) {97.9%}
747  ... 
770  -O                                                                        (1 = 1.0%) {99.0%}
771  ... 

Histogram: Blink.UseCounter.Features recorded 184 samples, mean = 2250.1 (flags = 0x41)
0     ... 
13    -O                                                                        (1 = 0.5%) {0.0%}
14    ... 
16    -O                                                                        (1 = 0.5%) {0.5%}
17    ... 
52    -O                                                                        (1 = 0.5%) {1.1%}
53    ... 
69    -O                                                                        (1 = 0.5%) {1.6%}
70    ... 
123   -O                                                                        (1 = 0.5%) {2.2%}
124   -O                                                                        (1 = 0.5%) {2.7%}
125   -O                                                                        (1 = 0.5%) {3.3%}
126   ... 
138   -O                                                                        (1 = 0.5%) {3.8%}
139   ... 
240   -O                                                                        (1 = 0.5%) {4.3%}
241   ... 
250   -O                                                                        (1 = 0.5%) {4.9%}
251   ... 
429   -O                                                                        (1 = 0.5%) {5.4%}
430   -O                                                                        (1 = 0.5%) {6.0%}
431   -O                                                                        (1 = 0.5%) {6.5%}
432   -O                                                                        (1 = 0.5%) {7.1%}
433   ... 
469   -O                                                                        (1 = 0.5%) {7.6%}
470   ... 
494   -O                                                                        (1 = 0.5%) {8.2%}
495   ... 
522   -O                                                                        (1 = 0.5%) {8.7%}
523   -O                                                                        (1 = 0.5%) {9.2%}
524   -O                                                                        (1 = 0.5%) {9.8%}
525   ... 
540   -O                                                                        (1 = 0.5%) {10.3%}
541   ... 
587   -O                                                                        (1 = 0.5%) {10.9%}
588   -O                                                                        (1 = 0.5%) {11.4%}
589   ... 
675   -O                                                                        (1 = 0.5%) {12.0%}
676   O                                                                         (0 = 0.0%) {12.5%}
677   -O                                                                        (1 = 0.5%) {12.5%}
678   ... 
710   -O                                                                        (1 = 0.5%) {13.0%}
711   -O                                                                        (1 = 0.5%) {13.6%}
712   -O                                                                        (1 = 0.5%) {14.1%}
713   ... 
717   -O                                                                        (1 = 0.5%) {14.7%}
718   ... 
730   -O                                                                        (1 = 0.5%) {15.2%}
731   ... 
744   -O                                                                        (1 = 0.5%) {15.8%}
745   ... 
780   -O                                                                        (1 = 0.5%) {16.3%}
781   -O                                                                        (1 = 0.5%) {16.8%}
782   ... 
786   -O                                                                        (1 = 0.5%) {17.4%}
787   -O                                                                        (1 = 0.5%) {17.9%}
788   ... 
804   -O                                                                        (1 = 0.5%) {18.5%}
805   ... 
900   -O                                                                        (1 = 0.5%) {19.0%}
901   -O                                                                        (1 = 0.5%) {19.6%}
902   ... 
907   -O                                                                        (1 = 0.5%) {20.1%}
908   ... 
954   -O                                                                        (1 = 0.5%) {20.7%}
955   ... 
970   -O                                                                        (1 = 0.5%) {21.2%}
971   O                                                                         (0 = 0.0%) {21.7%}
972   -O                                                                        (1 = 0.5%) {21.7%}
973   -O                                                                        (1 = 0.5%) {22.3%}
974   ... 
976   -O                                                                        (1 = 0.5%) {22.8%}
977   ... 
1023  -O                                                                        (1 = 0.5%) {23.4%}
1024  ... 
1069  -O                                                                        (1 = 0.5%) {23.9%}
1070  -O                                                                        (1 = 0.5%) {24.5%}
1071  ... 
1075  -O                                                                        (1 = 0.5%) {25.0%}
1076  -O                                                                        (1 = 0.5%) {25.5%}
1077  ... 
1124  -O                                                                        (1 = 0.5%) {26.1%}
1125  ... 
1302  -O                                                                        (1 = 0.5%) {26.6%}
1303  ... 
1347  -O                                                                        (1 = 0.5%) {27.2%}
1348  ... 
1351  -O                                                                        (1 = 0.5%) {27.7%}
1352  ... 
1354  -O                                                                        (1 = 0.5%) {28.3%}
1355  ... 
1368  -O                                                                        (1 = 0.5%) {28.8%}
1369  ... 
1417  -O                                                                        (1 = 0.5%) {29.3%}
1418  ... 
1441  -O                                                                        (1 = 0.5%) {29.9%}
1442  ... 
1458  -O                                                                        (1 = 0.5%) {30.4%}
1459  -O                                                                        (1 = 0.5%) {31.0%}
1460  ... 
1462  -O                                                                        (1 = 0.5%) {31.5%}
1463  -O                                                                        (1 = 0.5%) {32.1%}
1464  ... 
1467  -O                                                                        (1 = 0.5%) {32.6%}
1468  ... 
1502  -O                                                                        (1 = 0.5%) {33.2%}
1503  ... 
1692  -O                                                                        (1 = 0.5%) {33.7%}
1693  -O                                                                        (1 = 0.5%) {34.2%}
1694  ... 
1827  -O                                                                        (1 = 0.5%) {34.8%}
1828  ... 
2013  -O                                                                        (1 = 0.5%) {35.3%}
2014  ... 
2077  -O                                                                        (1 = 0.5%) {35.9%}
2078  ... 
2094  -O                                                                        (1 = 0.5%) {36.4%}
2095  O                                                                         (0 = 0.0%) {37.0%}
2096  -O                                                                        (1 = 0.5%) {37.0%}
2097  ... 
2100  -O                                                                        (1 = 0.5%) {37.5%}
2101  ... 
2112  -O                                                                        (1 = 0.5%) {38.0%}
2113  ... 
2121  -O                                                                        (1 = 0.5%) {38.6%}
2122  ... 
2157  -O                                                                        (1 = 0.5%) {39.1%}
2158  ... 
2188  -O                                                                        (1 = 0.5%) {39.7%}
2189  O                                                                         (0 = 0.0%) {40.2%}
2190  -O                                                                        (1 = 0.5%) {40.2%}
2191  -O                                                                        (1 = 0.5%) {40.8%}
2192  ... 
2195  -O                                                                        (1 = 0.5%) {41.3%}
2196  ... 
2203  -O                                                                        (1 = 0.5%) {41.8%}
2204  -O                                                                        (1 = 0.5%) {42.4%}
2205  ... 
2217  -O                                                                        (1 = 0.5%) {42.9%}
2218  ... 
2226  -O                                                                        (1 = 0.5%) {43.5%}
2227  O                                                                         (0 = 0.0%) {44.0%}
2228  -O                                                                        (1 = 0.5%) {44.0%}
2229  -O                                                                        (1 = 0.5%) {44.6%}
2230  ... 
2236  -O                                                                        (1 = 0.5%) {45.1%}
2237  ... 
2298  -O                                                                        (1 = 0.5%) {45.7%}
2299  ... 
2314  -O                                                                        (1 = 0.5%) {46.2%}
2315  ... 
2319  -O                                                                        (1 = 0.5%) {46.7%}
2320  ... 
2322  -O                                                                        (1 = 0.5%) {47.3%}
2323  ... 
2347  -O                                                                        (1 = 0.5%) {47.8%}
2348  ... 
2355  -O                                                                        (1 = 0.5%) {48.4%}
2356  ... 
2361  -O                                                                        (1 = 0.5%) {48.9%}
2362  ... 
2387  -O                                                                        (1 = 0.5%) {49.5%}
2388  -O                                                                        (1 = 0.5%) {50.0%}
2389  ... 
2399  -O                                                                        (1 = 0.5%) {50.5%}
2400  ... 
2413  -O                                                                        (1 = 0.5%) {51.1%}
2414  ... 
2429  -O                                                                        (1 = 0.5%) {51.6%}
2430  O                                                                         (0 = 0.0%) {52.2%}
2431  -O                                                                        (1 = 0.5%) {52.2%}
2432  ... 
2487  -O                                                                        (1 = 0.5%) {52.7%}
2488  ... 
2518  -O                                                                        (1 = 0.5%) {53.3%}
2519  ... 
2598  -O                                                                        (1 = 0.5%) {53.8%}
2599  ... 
2618  -O                                                                        (1 = 0.5%) {54.3%}
2619  ... 
2654  -O                                                                        (1 = 0.5%) {54.9%}
2655  -O                                                                        (1 = 0.5%) {55.4%}
2656  -O                                                                        (1 = 0.5%) {56.0%}
2657  -O                                                                        (1 = 0.5%) {56.5%}
2658  -O                                                                        (1 = 0.5%) {57.1%}
2659  -O                                                                        (1 = 0.5%) {57.6%}
2660  -O                                                                        (1 = 0.5%) {58.2%}
2661  -O                                                                        (1 = 0.5%) {58.7%}
2662  -O                                                                        (1 = 0.5%) {59.2%}
2663  -O                                                                        (1 = 0.5%) {59.8%}
2664  ... 
2699  -O                                                                        (1 = 0.5%) {60.3%}
2700  -O                                                                        (1 = 0.5%) {60.9%}
2701  -O                                                                        (1 = 0.5%) {61.4%}
2702  -O                                                                        (1 = 0.5%) {62.0%}
2703  -O                                                                        (1 = 0.5%) {62.5%}
2704  -O                                                                        (1 = 0.5%) {63.0%}
2705  -O                                                                        (1 = 0.5%) {63.6%}
2706  -O                                                                        (1 = 0.5%) {64.1%}
2707  -O                                                                        (1 = 0.5%) {64.7%}
2708  ... 
2710  -O                                                                        (1 = 0.5%) {65.2%}
2711  -O                                                                        (1 = 0.5%) {65.8%}
2712  ... 
2714  -O                                                                        (1 = 0.5%) {66.3%}
2715  -O                                                                        (1 = 0.5%) {66.8%}
2716  -O                                                                        (1 = 0.5%) {67.4%}
2717  ... 
2723  -O                                                                        (1 = 0.5%) {67.9%}
2724  ... 
2738  -O                                                                        (1 = 0.5%) {68.5%}
2739  ... 
2769  -O                                                                        (1 = 0.5%) {69.0%}
2770  ... 
2789  -O                                                                        (1 = 0.5%) {69.6%}
2790  -O                                                                        (1 = 0.5%) {70.1%}
2791  -O                                                                        (1 = 0.5%) {70.7%}
2792  -O                                                                        (1 = 0.5%) {71.2%}
2793  ... 
2841  -O                                                                        (1 = 0.5%) {71.7%}
2842  ... 
2903  -O                                                                        (1 = 0.5%) {72.3%}
2904  -O                                                                        (1 = 0.5%) {72.8%}
2905  ... 
2927  -O                                                                        (1 = 0.5%) {73.4%}
2928  ... 
2935  -O                                                                        (1 = 0.5%) {73.9%}
2936  ... 
3004  -O                                                                        (1 = 0.5%) {74.5%}
3005  ... 
3019  -O                                                                        (1 = 0.5%) {75.0%}
3020  -O                                                                        (1 = 0.5%) {75.5%}
3021  ... 
3028  -O                                                                        (1 = 0.5%) {76.1%}
3029  ... 
3066  -O                                                                        (1 = 0.5%) {76.6%}
3067  ... 
3116  -O                                                                        (1 = 0.5%) {77.2%}
3117  ... 
3157  -O                                                                        (1 = 0.5%) {77.7%}
3158  ... 
3189  -O                                                                        (1 = 0.5%) {78.3%}
3190  ... 
3198  -O                                                                        (1 = 0.5%) {78.8%}
3199  ... 
3254  -O                                                                        (1 = 0.5%) {79.3%}
3255  ... 
3258  -O                                                                        (1 = 0.5%) {79.9%}
3259  ... 
3273  -O                                                                        (1 = 0.5%) {80.4%}
3274  O                                                                         (0 = 0.0%) {81.0%}
3275  -O                                                                        (1 = 0.5%) {81.0%}
3276  ... 
3279  -O                                                                        (1 = 0.5%) {81.5%}
3280  ... 
3307  -O                                                                        (1 = 0.5%) {82.1%}
3308  -O                                                                        (1 = 0.5%) {82.6%}
3309  ... 
3349  -O                                                                        (1 = 0.5%) {83.2%}
3350  ... 
3359  -O                                                                        (1 = 0.5%) {83.7%}
3360  ... 
3444  -O                                                                        (1 = 0.5%) {84.2%}
3445  ... 
3580  -O                                                                        (1 = 0.5%) {84.8%}
3581  -O                                                                        (1 = 0.5%) {85.3%}
3582  ... 
3789  -O                                                                        (1 = 0.5%) {85.9%}
3790  -O                                                                        (1 = 0.5%) {86.4%}
3791  ... 
3803  -O                                                                        (1 = 0.5%) {87.0%}
3804  ... 
3870  -O                                                                        (1 = 0.5%) {87.5%}
3871  ... 
3945  -O                                                                        (1 = 0.5%) {88.0%}
3946  ... 
3973  -O                                                                        (1 = 0.5%) {88.6%}
3974  ... 
4007  -O                                                                        (1 = 0.5%) {89.1%}
4008  ... 
4079  -O                                                                        (1 = 0.5%) {89.7%}
4080  ... 
4113  -O                                                                        (1 = 0.5%) {90.2%}
4114  ... 
4161  -O                                                                        (1 = 0.5%) {90.8%}
4162  ... 
4177  -O                                                                        (1 = 0.5%) {91.3%}
4178  ... 
4194  -O                                                                        (1 = 0.5%) {91.8%}
4195  O                                                                         (0 = 0.0%) {92.4%}
4196  -O                                                                        (1 = 0.5%) {92.4%}
4197  ... 
4240  -O                                                                        (1 = 0.5%) {92.9%}
4241  O                                                                         (0 = 0.0%) {93.5%}
4242  -O                                                                        (1 = 0.5%) {93.5%}
4243  ... 
4307  -O                                                                        (1 = 0.5%) {94.0%}
4308  ... 
4317  -O                                                                        (1 = 0.5%) {94.6%}
4318  ... 
4372  -O                                                                        (1 = 0.5%) {95.1%}
4373  ... 
4379  -O                                                                        (1 = 0.5%) {95.7%}
4380  ... 
4419  -O                                                                        (1 = 0.5%) {96.2%}
4420  ... 
4561  -O                                                                        (1 = 0.5%) {96.7%}
4562  ... 
4673  -O                                                                        (1 = 0.5%) {97.3%}
4674  ... 
4743  -O                                                                        (1 = 0.5%) {97.8%}
4744  ... 
4877  -O                                                                        (1 = 0.5%) {98.4%}
4878  ... 
4961  -O                                                                        (1 = 0.5%) {98.9%}
4962  ... 
4994  -O                                                                        (1 = 0.5%) {99.5%}
4995  ... 

Histogram: Blink.UseCounter.MainFrame.Features recorded 184 samples, mean = 2250.1 (flags = 0x41)
0     ... 
13    -O                                                                        (1 = 0.5%) {0.0%}
14    ... 
16    -O                                                                        (1 = 0.5%) {0.5%}
17    ... 
52    -O                                                                        (1 = 0.5%) {1.1%}
53    ... 
69    -O                                                                        (1 = 0.5%) {1.6%}
70    ... 
123   -O                                                                        (1 = 0.5%) {2.2%}
124   -O                                                                        (1 = 0.5%) {2.7%}
125   -O                                                                        (1 = 0.5%) {3.3%}
126   ... 
138   -O                                                                        (1 = 0.5%) {3.8%}
139   ... 
240   -O                                                                        (1 = 0.5%) {4.3%}
241   ... 
250   -O                                                                        (1 = 0.5%) {4.9%}
251   ... 
429   -O                                                                        (1 = 0.5%) {5.4%}
430   -O                                                                        (1 = 0.5%) {6.0%}
431   -O                                                                        (1 = 0.5%) {6.5%}
432   -O                                                                        (1 = 0.5%) {7.1%}
433   ... 
469   -O                                                                        (1 = 0.5%) {7.6%}
470   ... 
494   -O                                                                        (1 = 0.5%) {8.2%}
495   ... 
522   -O                                                                        (1 = 0.5%) {8.7%}
523   -O                                                                        (1 = 0.5%) {9.2%}
524   -O                                                                        (1 = 0.5%) {9.8%}
525   ... 
540   -O                                                                        (1 = 0.5%) {10.3%}
541   ... 
587   -O                                                                        (1 = 0.5%) {10.9%}
588   -O                                                                        (1 = 0.5%) {11.4%}
589   ... 
675   -O                                                                        (1 = 0.5%) {12.0%}
676   O                                                                         (0 = 0.0%) {12.5%}
677   -O                                                                        (1 = 0.5%) {12.5%}
678   ... 
710   -O                                                                        (1 = 0.5%) {13.0%}
711   -O                                                                        (1 = 0.5%) {13.6%}
712   -O                                                                        (1 = 0.5%) {14.1%}
713   ... 
717   -O                                                                        (1 = 0.5%) {14.7%}
718   ... 
730   -O                                                                        (1 = 0.5%) {15.2%}
731   ... 
744   -O                                                                        (1 = 0.5%) {15.8%}
745   ... 
780   -O                                                                        (1 = 0.5%) {16.3%}
781   -O                                                                        (1 = 0.5%) {16.8%}
782   ... 
786   -O                                                                        (1 = 0.5%) {17.4%}
787   -O                                                                        (1 = 0.5%) {17.9%}
788   ... 
804   -O                                                                        (1 = 0.5%) {18.5%}
805   ... 
900   -O                                                                        (1 = 0.5%) {19.0%}
901   -O                                                                        (1 = 0.5%) {19.6%}
902   ... 
907   -O                                                                        (1 = 0.5%) {20.1%}
908   ... 
954   -O                                                                        (1 = 0.5%) {20.7%}
955   ... 
970   -O                                                                        (1 = 0.5%) {21.2%}
971   O                                                                         (0 = 0.0%) {21.7%}
972   -O                                                                        (1 = 0.5%) {21.7%}
973   -O                                                                        (1 = 0.5%) {22.3%}
974   ... 
976   -O                                                                        (1 = 0.5%) {22.8%}
977   ... 
1023  -O                                                                        (1 = 0.5%) {23.4%}
1024  ... 
1069  -O                                                                        (1 = 0.5%) {23.9%}
1070  -O                                                                        (1 = 0.5%) {24.5%}
1071  ... 
1075  -O                                                                        (1 = 0.5%) {25.0%}
1076  -O                                                                        (1 = 0.5%) {25.5%}
1077  ... 
1124  -O                                                                        (1 = 0.5%) {26.1%}
1125  ... 
1302  -O                                                                        (1 = 0.5%) {26.6%}
1303  ... 
1347  -O                                                                        (1 = 0.5%) {27.2%}
1348  ... 
1351  -O                                                                        (1 = 0.5%) {27.7%}
1352  ... 
1354  -O                                                                        (1 = 0.5%) {28.3%}
1355  ... 
1368  -O                                                                        (1 = 0.5%) {28.8%}
1369  ... 
1417  -O                                                                        (1 = 0.5%) {29.3%}
1418  ... 
1441  -O                                                                        (1 = 0.5%) {29.9%}
1442  ... 
1458  -O                                                                        (1 = 0.5%) {30.4%}
1459  -O                                                                        (1 = 0.5%) {31.0%}
1460  ... 
1462  -O                                                                        (1 = 0.5%) {31.5%}
1463  -O                                                                        (1 = 0.5%) {32.1%}
1464  ... 
1467  -O                                                                        (1 = 0.5%) {32.6%}
1468  ... 
1502  -O                                                                        (1 = 0.5%) {33.2%}
1503  ... 
1692  -O                                                                        (1 = 0.5%) {33.7%}
1693  -O                                                                        (1 = 0.5%) {34.2%}
1694  ... 
1827  -O                                                                        (1 = 0.5%) {34.8%}
1828  ... 
2013  -O                                                                        (1 = 0.5%) {35.3%}
2014  ... 
2077  -O                                                                        (1 = 0.5%) {35.9%}
2078  ... 
2094  -O                                                                        (1 = 0.5%) {36.4%}
2095  O                                                                         (0 = 0.0%) {37.0%}
2096  -O                                                                        (1 = 0.5%) {37.0%}
2097  ... 
2100  -O                                                                        (1 = 0.5%) {37.5%}
2101  ... 
2112  -O                                                                        (1 = 0.5%) {38.0%}
2113  ... 
2121  -O                                                                        (1 = 0.5%) {38.6%}
2122  ... 
2157  -O                                                                        (1 = 0.5%) {39.1%}
2158  ... 
2188  -O                                                                        (1 = 0.5%) {39.7%}
2189  O                                                                         (0 = 0.0%) {40.2%}
2190  -O                                                                        (1 = 0.5%) {40.2%}
2191  -O                                                                        (1 = 0.5%) {40.8%}
2192  ... 
2195  -O                                                                        (1 = 0.5%) {41.3%}
2196  ... 
2203  -O                                                                        (1 = 0.5%) {41.8%}
2204  -O                                                                        (1 = 0.5%) {42.4%}
2205  ... 
2217  -O                                                                        (1 = 0.5%) {42.9%}
2218  ... 
2226  -O                                                                        (1 = 0.5%) {43.5%}
2227  O                                                                         (0 = 0.0%) {44.0%}
2228  -O                                                                        (1 = 0.5%) {44.0%}
2229  -O                                                                        (1 = 0.5%) {44.6%}
2230  ... 
2236  -O                                                                        (1 = 0.5%) {45.1%}
2237  ... 
2298  -O                                                                        (1 = 0.5%) {45.7%}
2299  ... 
2314  -O                                                                        (1 = 0.5%) {46.2%}
2315  ... 
2319  -O                                                                        (1 = 0.5%) {46.7%}
2320  ... 
2322  -O                                                                        (1 = 0.5%) {47.3%}
2323  ... 
2347  -O                                                                        (1 = 0.5%) {47.8%}
2348  ... 
2355  -O                                                                        (1 = 0.5%) {48.4%}
2356  ... 
2361  -O                                                                        (1 = 0.5%) {48.9%}
2362  ... 
2387  -O                                                                        (1 = 0.5%) {49.5%}
2388  -O                                                                        (1 = 0.5%) {50.0%}
2389  ... 
2399  -O                                                                        (1 = 0.5%) {50.5%}
2400  ... 
2413  -O                                                                        (1 = 0.5%) {51.1%}
2414  ... 
2429  -O                                                                        (1 = 0.5%) {51.6%}
2430  O                                                                         (0 = 0.0%) {52.2%}
2431  -O                                                                        (1 = 0.5%) {52.2%}
2432  ... 
2487  -O                                                                        (1 = 0.5%) {52.7%}
2488  ... 
2518  -O                                                                        (1 = 0.5%) {53.3%}
2519  ... 
2598  -O                                                                        (1 = 0.5%) {53.8%}
2599  ... 
2618  -O                                                                        (1 = 0.5%) {54.3%}
2619  ... 
2654  -O                                                                        (1 = 0.5%) {54.9%}
2655  -O                                                                        (1 = 0.5%) {55.4%}
2656  -O                                                                        (1 = 0.5%) {56.0%}
2657  -O                                                                        (1 = 0.5%) {56.5%}
2658  -O                                                                        (1 = 0.5%) {57.1%}
2659  -O                                                                        (1 = 0.5%) {57.6%}
2660  -O                                                                        (1 = 0.5%) {58.2%}
2661  -O                                                                        (1 = 0.5%) {58.7%}
2662  -O                                                                        (1 = 0.5%) {59.2%}
2663  -O                                                                        (1 = 0.5%) {59.8%}
2664  ... 
2699  -O                                                                        (1 = 0.5%) {60.3%}
2700  -O                                                                        (1 = 0.5%) {60.9%}
2701  -O                                                                        (1 = 0.5%) {61.4%}
2702  -O                                                                        (1 = 0.5%) {62.0%}
2703  -O                                                                        (1 = 0.5%) {62.5%}
2704  -O                                                                        (1 = 0.5%) {63.0%}
2705  -O                                                                        (1 = 0.5%) {63.6%}
2706  -O                                                                        (1 = 0.5%) {64.1%}
2707  -O                                                                        (1 = 0.5%) {64.7%}
2708  ... 
2710  -O                                                                        (1 = 0.5%) {65.2%}
2711  -O                                                                        (1 = 0.5%) {65.8%}
2712  ... 
2714  -O                                                                        (1 = 0.5%) {66.3%}
2715  -O                                                                        (1 = 0.5%) {66.8%}
2716  -O                                                                        (1 = 0.5%) {67.4%}
2717  ... 
2723  -O                                                                        (1 = 0.5%) {67.9%}
2724  ... 
2738  -O                                                                        (1 = 0.5%) {68.5%}
2739  ... 
2769  -O                                                                        (1 = 0.5%) {69.0%}
2770  ... 
2789  -O                                                                        (1 = 0.5%) {69.6%}
2790  -O                                                                        (1 = 0.5%) {70.1%}
2791  -O                                                                        (1 = 0.5%) {70.7%}
2792  -O                                                                        (1 = 0.5%) {71.2%}
2793  ... 
2841  -O                                                                        (1 = 0.5%) {71.7%}
2842  ... 
2903  -O                                                                        (1 = 0.5%) {72.3%}
2904  -O                                                                        (1 = 0.5%) {72.8%}
2905  ... 
2927  -O                                                                        (1 = 0.5%) {73.4%}
2928  ... 
2935  -O                                                                        (1 = 0.5%) {73.9%}
2936  ... 
3004  -O                                                                        (1 = 0.5%) {74.5%}
3005  ... 
3019  -O                                                                        (1 = 0.5%) {75.0%}
3020  -O                                                                        (1 = 0.5%) {75.5%}
3021  ... 
3028  -O                                                                        (1 = 0.5%) {76.1%}
3029  ... 
3066  -O                                                                        (1 = 0.5%) {76.6%}
3067  ... 
3116  -O                                                                        (1 = 0.5%) {77.2%}
3117  ... 
3157  -O                                                                        (1 = 0.5%) {77.7%}
3158  ... 
3189  -O                                                                        (1 = 0.5%) {78.3%}
3190  ... 
3198  -O                                                                        (1 = 0.5%) {78.8%}
3199  ... 
3254  -O                                                                        (1 = 0.5%) {79.3%}
3255  ... 
3258  -O                                                                        (1 = 0.5%) {79.9%}
3259  ... 
3273  -O                                                                        (1 = 0.5%) {80.4%}
3274  O                                                                         (0 = 0.0%) {81.0%}
3275  -O                                                                        (1 = 0.5%) {81.0%}
3276  ... 
3279  -O                                                                        (1 = 0.5%) {81.5%}
3280  ... 
3307  -O                                                                        (1 = 0.5%) {82.1%}
3308  -O                                                                        (1 = 0.5%) {82.6%}
3309  ... 
3349  -O                                                                        (1 = 0.5%) {83.2%}
3350  ... 
3359  -O                                                                        (1 = 0.5%) {83.7%}
3360  ... 
3444  -O                                                                        (1 = 0.5%) {84.2%}
3445  ... 
3580  -O                                                                        (1 = 0.5%) {84.8%}
3581  -O                                                                        (1 = 0.5%) {85.3%}
3582  ... 
3789  -O                                                                        (1 = 0.5%) {85.9%}
3790  -O                                                                        (1 = 0.5%) {86.4%}
3791  ... 
3803  -O                                                                        (1 = 0.5%) {87.0%}
3804  ... 
3870  -O                                                                        (1 = 0.5%) {87.5%}
3871  ... 
3945  -O                                                                        (1 = 0.5%) {88.0%}
3946  ... 
3973  -O                                                                        (1 = 0.5%) {88.6%}
3974  ... 
4007  -O                                                                        (1 = 0.5%) {89.1%}
4008  ... 
4079  -O                                                                        (1 = 0.5%) {89.7%}
4080  ... 
4113  -O                                                                        (1 = 0.5%) {90.2%}
4114  ... 
4161  -O                                                                        (1 = 0.5%) {90.8%}
4162  ... 
4177  -O                                                                        (1 = 0.5%) {91.3%}
4178  ... 
4194  -O                                                                        (1 = 0.5%) {91.8%}
4195  O                                                                         (0 = 0.0%) {92.4%}
4196  -O                                                                        (1 = 0.5%) {92.4%}
4197  ... 
4240  -O                                                                        (1 = 0.5%) {92.9%}
4241  O                                                                         (0 = 0.0%) {93.5%}
4242  -O                                                                        (1 = 0.5%) {93.5%}
4243  ... 
4307  -O                                                                        (1 = 0.5%) {94.0%}
4308  ... 
4317  -O                                                                        (1 = 0.5%) {94.6%}
4318  ... 
4372  -O                                                                        (1 = 0.5%) {95.1%}
4373  ... 
4379  -O                                                                        (1 = 0.5%) {95.7%}
4380  ... 
4419  -O                                                                        (1 = 0.5%) {96.2%}
4420  ... 
4561  -O                                                                        (1 = 0.5%) {96.7%}
4562  ... 
4673  -O                                                                        (1 = 0.5%) {97.3%}
4674  ... 
4743  -O                                                                        (1 = 0.5%) {97.8%}
4744  ... 
4877  -O                                                                        (1 = 0.5%) {98.4%}
4878  ... 
4961  -O                                                                        (1 = 0.5%) {98.9%}
4962  ... 
4994  -O                                                                        (1 = 0.5%) {99.5%}
4995  ... 

Histogram: Blink.UseCounter.PermissionsPolicy.Allow2 recorded 0 samples (flags = 0x41)
0 ... 

Histogram: Blink.UseCounter.PermissionsPolicy.Header2 recorded 0 samples (flags = 0x41)
0 ... 

Histogram: Blink.UseCounter.PermissionsPolicy.Violation.Enforce recorded 0 samples (flags = 0x41)
0 ... 

Histogram: Blink.UseCounter.WebDXFeatures recorded 15 samples, mean = 37.7 (flags = 0x41)
0   ... 
5   -O                                                                        (1 = 6.7%) {0.0%}
6   ... 
8   -O                                                                        (1 = 6.7%) {6.7%}
9   -O                                                                        (1 = 6.7%) {13.3%}
10  O                                                                         (0 = 0.0%) {20.0%}
11  -O                                                                        (1 = 6.7%) {20.0%}
12  ... 
27  -O                                                                        (1 = 6.7%) {26.7%}
28  -O                                                                        (1 = 6.7%) {33.3%}
29  -O                                                                        (1 = 6.7%) {40.0%}
30  ... 
38  -O                                                                        (1 = 6.7%) {46.7%}
39  -O                                                                        (1 = 6.7%) {53.3%}
40  ... 
45  -O                                                                        (1 = 6.7%) {60.0%}
46  -O                                                                        (1 = 6.7%) {66.7%}
47  ... 
58  -O                                                                        (1 = 6.7%) {73.3%}
59  ... 
68  -O                                                                        (1 = 6.7%) {80.0%}
69  ... 
71  -O                                                                        (1 = 6.7%) {86.7%}
72  ... 
83  -O                                                                        (1 = 6.7%) {93.3%}
84  ... 

Histogram: Blink.UserDrivenDocumentUpdate.UpdateTime.PreFCP recorded 1 samples, mean = 24.0 (flags = 0x41)
0   ... 
21  -O                                                                        (1 = 100.0%) {0.0%}
29  ... 

Histogram: Bookmarks.BookmarkBar.Shown recorded 1 samples, mean = 0.0 (flags = 0x41)
0  -O                                                                        (1 = 100.0%)
1  ... 

Histogram: Bookmarks.Count.OnProfileLoad3 recorded 1 samples, mean = 0.0 (flags = 0x41)
0  -O                                                                        (1 = 100.0%)
1  ... 

Histogram: Bookmarks.Storage.TimeToLoadAtStartup2 recorded 1 samples, mean = 2540.0 (flags = 0x41)
0     ... 
2516  -O                                                                        (1 = 100.0%) {0.0%}
2990  ... 

Histogram: Bookmarks.Times.OnProfileLoad.TimeSinceAdded3 recorded 1 samples, mean = 0.0 (flags = 0x41)
0  -O                                                                        (1 = 100.0%)
1  ... 

Histogram: Bookmarks.Utilization.OnProfileLoad.PercentageUsed recorded 1 samples, mean = 0.0 (flags = 0x41)
0  -O                                                                        (1 = 100.0%)
1  ... 

Histogram: Bookmarks.Utilization.OnProfileLoad.TotalUnused recorded 1 samples, mean = 0.0 (flags = 0x41)
0  -O                                                                        (1 = 100.0%)
1  ... 

Histogram: Bookmarks.Utilization.OnProfileLoad.TotalUsed recorded 1 samples, mean = 0.0 (flags = 0x41)
0  -O                                                                        (1 = 100.0%)
1  ... 

Histogram: BrotliFilter.CompressionPercent recorded 34 samples, mean = 35.4 (flags = 0x41)
0    ... 
10   -O                                                                        (1 = 2.9%) {0.0%}
11   --O                                                                       (2 = 5.9%) {2.9%}
12   -O                                                                        (1 = 2.9%) {8.8%}
13   O                                                                         (0 = 0.0%) {11.8%}
14   -O                                                                        (1 = 2.9%) {11.8%}
15   O                                                                         (0 = 0.0%) {14.7%}
16   --O                                                                       (2 = 5.9%) {14.7%}
17   -O                                                                        (1 = 2.9%) {20.6%}
18   -O                                                                        (1 = 2.9%) {23.5%}
19   ... 
22   -O                                                                        (1 = 2.9%) {26.5%}
23   -O                                                                        (1 = 2.9%) {29.4%}
24   -O                                                                        (1 = 2.9%) {32.4%}
25   -O                                                                        (1 = 2.9%) {35.3%}
26   -O                                                                        (1 = 2.9%) {38.2%}
27   ... 
29   ----O                                                                     (4 = 11.8%) {41.2%}
30   --O                                                                       (2 = 5.9%) {52.9%}
31   O                                                                         (0 = 0.0%) {58.8%}
32   -O                                                                        (1 = 2.9%) {58.8%}
33   -O                                                                        (1 = 2.9%) {61.8%}
34   -O                                                                        (1 = 2.9%) {64.7%}
35   ... 
38   -O                                                                        (1 = 2.9%) {67.6%}
39   --O                                                                       (2 = 5.9%) {70.6%}
40   ... 
43   -O                                                                        (1 = 2.9%) {76.5%}
44   -O                                                                        (1 = 2.9%) {79.4%}
45   O                                                                         (0 = 0.0%) {82.4%}
46   -O                                                                        (1 = 2.9%) {82.4%}
47   --O                                                                       (2 = 5.9%) {85.3%}
48   ... 
84   -O                                                                        (1 = 2.9%) {91.2%}
85   ... 
101  --O                                                                       (2 = 5.9%) {94.1%}

Histogram: BrotliFilter.Status recorded 34 samples, mean = 1.0 (flags = 0x41)
0  O                                                                         (0 = 0.0%)
1  ----------------------------------O                                       (34 = 100.0%) {0.0%}
2  ... 

Histogram: BrotliFilter.UsedMemoryKB recorded 34 samples, mean = 214.8 (flags = 0x41)
0    ... 
16   --O                                                                       (2 = 5.9%) {0.0%}
20   O                                                                         (0 = 0.0%) {5.9%}
25   ---O                                                                      (3 = 8.8%) {5.9%}
31   -------O                                                                  (7 = 20.6%) {14.7%}
39   O                                                                         (0 = 0.0%) {35.3%}
49   --O                                                                       (2 = 5.9%) {35.3%}
61   -O                                                                        (1 = 2.9%) {41.2%}
76   ----O                                                                     (4 = 11.8%) {44.1%}
95   O                                                                         (0 = 0.0%) {55.9%}
119  ---O                                                                      (3 = 8.8%) {55.9%}
149  O                                                                         (0 = 0.0%) {64.7%}
187  -O                                                                        (1 = 2.9%) {64.7%}
234  ... 
367  -------O                                                                  (7 = 20.6%) {67.6%}
460  O                                                                         (0 = 0.0%) {88.2%}
576  -O                                                                        (1 = 2.9%) {88.2%}
722  ---O                                                                      (3 = 8.8%) {91.2%}
905  ... 

Histogram: Browser.MainThreadsCongestion.RunningOnly recorded 82 samples, mean = 0.0 (flags = 0x41)
0  ------------------------------------------------------------------------O (82 = 100.0%)
1  ... 

Histogram: Browser.MainThreadsCongestion.RunningOnly.Initial recorded 1 samples, mean = 0.0 (flags = 0x41)
0  -O                                                                        (1 = 100.0%)
1  ... 

Histogram: Browser.Responsiveness.IOJanksTotalPerMinute recorded 41 samples, mean = 0.0 (flags = 0x41)
0  -----------------------------------------O                                (41 = 100.0%)
1  ... 

Histogram: Browser.Responsiveness.IOJankyIntervalsPerMinute recorded 41 samples, mean = 0.0 (flags = 0x41)
0  -----------------------------------------O                                (41 = 100.0%)
1  ... 

Histogram: BrowserRenderProcessHost.Cleanup.DelayReason recorded 12 samples, mean = 6.8 (flags = 0x41)
0  ---O                                                                      (3 = 25.0%)
1  ... 
9  ---------O                                                                (9 = 75.0%) {25.0%}
10 ... 

Histogram: BrowserRenderProcessHost.Cleanup.Total recorded 12 samples, mean = 1.0 (flags = 0x41)
0  O                                                                         (0 = 0.0%)
1  ------------O                                                             (12 = 100.0%) {0.0%}
2  O                                                                         (0 = 0.0%) {100.0%}

Histogram: BrowserRenderProcessHost.ExistingRendererIsInitializedAndNotDead recorded 1 samples, mean = 1.0 (flags = 0x41)
0  O                                                                         (0 = 0.0%)
1  -O                                                                        (1 = 100.0%) {0.0%}
2  O                                                                         (0 = 0.0%) {100.0%}

Histogram: BrowserRenderProcessHost.SpareProcessEvictedOtherSpare recorded 2 samples, mean = 0.0 (flags = 0x41)
0  --O                                                                       (2 = 100.0%)
1  ... 

Histogram: BrowserRenderProcessHost.SpareProcessMaybeTakeAction recorded 2 samples, mean = 2.0 (flags = 0x41)
0  -O                                                                        (1 = 50.0%)
1  ... 
4  -O                                                                        (1 = 50.0%) {50.0%}
5  ... 

Histogram: BrowserRenderProcessHost.SpareProcessStartupTime recorded 2 samples, mean = 1383.0 (flags = 0x41)
0     ... 
268   -O                                                                        (1 = 50.0%) {0.0%}
318   ... 
2117  -O                                                                        (1 = 50.0%) {50.0%}
2516  ... 

Histogram: BrowserSwitcher.ExternalGreylistSize recorded 1 samples, mean = 0.0 (flags = 0x41)
0  -O                                                                        (1 = 100.0%)
1  ... 

Histogram: BrowserSwitcher.ExternalSitelistSize recorded 1 samples, mean = 0.0 (flags = 0x41)
0  -O                                                                        (1 = 100.0%)
1  ... 

Histogram: BrowserSwitcher.IeemSitelistSize recorded 1 samples, mean = 0.0 (flags = 0x41)
0  -O                                                                        (1 = 100.0%)
1  ... 

Histogram: BrowsingTopics.BrowsingTopicsState.LoadFinishStatus recorded 1 samples, mean = 1.0 (flags = 0x41)
0  O                                                                         (0 = 0.0%)
1  -O                                                                        (1 = 100.0%) {0.0%}
2  O                                                                         (0 = 0.0%) {100.0%}

Histogram: BrowsingTopics.SiteDataStorage.FileSize.KB recorded 1 samples, mean = 28.0 (flags = 0x41)
0   ... 
28  -O                                                                        (1 = 100.0%) {0.0%}
37  ... 

Histogram: BrowsingTopics.SiteDataStorage.InitStatus recorded 1 samples, mean = 1.0 (flags = 0x41)
0  O                                                                         (0 = 0.0%)
1  -O                                                                        (1 = 100.0%) {0.0%}
2  O                                                                         (0 = 0.0%) {100.0%}

Histogram: CPU.Experimental.CpuEstimationTaskMigrated recorded 8 samples, mean = 0.0 (flags = 0x41)
0  --------O                                                                 (8 = 100.0%)
1  ... 

Histogram: CPU.Experimental.CpuEstimationTaskQueuedTime.Performance recorded 8 samples, mean = 13.0 (flags = 0x41)
0   ... 
9   --O                                                                       (2 = 25.0%) {0.0%}
12  ----O                                                                     (4 = 50.0%) {25.0%}
16  --O                                                                       (2 = 25.0%) {75.0%}
21  ... 

Histogram: CPU.Experimental.CpuEstimationTaskThreadTime.Performance recorded 8 samples, mean = 124.5 (flags = 0x41)
0    ... 
113  --------O                                                                 (8 = 100.0%) {0.0%}
149  ... 

Histogram: CPU.Experimental.CpuEstimationTaskTotalTime.Performance recorded 8 samples, mean = 140.4 (flags = 0x41)
0    ... 
113  ------O                                                                   (6 = 75.0%) {0.0%}
149  --O                                                                       (2 = 25.0%) {75.0%}
196  ... 

Histogram: CPU.Experimental.CpuEstimationTaskWallTime.Performance recorded 8 samples, mean = 127.4 (flags = 0x41)
0    ... 
113  --------O                                                                 (8 = 100.0%) {0.0%}
149  ... 

Histogram: CPU.Experimental.CpuEstimationThreadTimePercent.Performance recorded 8 samples, mean = 97.4 (flags = 0x41)
0   ... 
91  -O                                                                        (1 = 12.5%) {0.0%}
92  ... 
97  -O                                                                        (1 = 12.5%) {12.5%}
98  ---O                                                                      (3 = 37.5%) {25.0%}
99  ---O                                                                      (3 = 37.5%) {62.5%}
100 ... 

Histogram: CPU.Experimental.EstimatedFrequencyAsPercentOfLimit.Performance recorded 8 samples, mean = 178.6 (flags = 0x41)
0    ... 
101  --------O                                                                 (8 = 100.0%) {0.0%}

Histogram: CPU.Experimental.EstimatedFrequencyAsPercentOfMax.Performance recorded 8 samples, mean = 178.6 (flags = 0x41)
0    ... 
101  --------O                                                                 (8 = 100.0%) {0.0%}

Histogram: CertificateType2.BR.Intermediate.ECDSA recorded 10 samples, mean = 268.8 (flags = 0x41)
0    ... 
256  ---------O                                                                (9 = 90.0%) {0.0%}
257  ... 
384  -O                                                                        (1 = 10.0%) {90.0%}
385  ... 

Histogram: CertificateType2.BR.Intermediate.RSA recorded 4 samples, mean = 2048.0 (flags = 0x41)
0     ... 
2048  ----O                                                                     (4 = 100.0%) {0.0%}
2049  ... 

Histogram: CertificateType2.BR.Leaf.ECDSA recorded 12 samples, mean = 256.0 (flags = 0x41)
0    ... 
256  ------------O                                                             (12 = 100.0%) {0.0%}
257  ... 

Histogram: CertificateType2.BR.Leaf.RSA recorded 2 samples, mean = 2048.0 (flags = 0x41)
0     ... 
2048  --O                                                                       (2 = 100.0%) {0.0%}
2049  ... 

Histogram: CertificateType2.BR.Root.ECDSA recorded 9 samples, mean = 384.0 (flags = 0x41)
0    ... 
384  ---------O                                                                (9 = 100.0%) {0.0%}
385  ... 

Histogram: CertificateType2.BR.Root.RSA recorded 5 samples, mean = 3276.8 (flags = 0x41)
0     ... 
2048  --O                                                                       (2 = 40.0%) {0.0%}
2049  ... 
4096  ---O                                                                      (3 = 60.0%) {40.0%}
4097  ... 

Histogram: ChildProcess.Launched.UtilityProcessHash recorded 3 samples (flags = 0x41)
-2043041185 -O                                                                        (1 = 33.3%)
-1468742076 -O                                                                        (1 = 33.3%)
1411170475  -O                                                                        (1 = 33.3%)

Histogram: ChildProcess.ProcessLifetime.Utility recorded 3 samples, mean = 1645737.6 (flags = 0x41)
0        ... 
730      -O                                                                        (1 = 33.3%) {0.0%}
989      ... 
1961199  --O                                                                       (2 = 66.7%) {33.3%}
2657126  ... 

Histogram: Chrome.ProcessSingleton.NotifyResult recorded 1 samples, mean = 0.0 (flags = 0x41)
0  -O                                                                        (1 = 100.0%)
1  ... 

Histogram: Chrome.ProcessSingleton.TimeToCreate recorded 1 samples, mean = 1.0 (flags = 0x41)
0  -O                                                                        (1 = 100.0%)
10 ... 

Histogram: Chrome.SystemNetworkContextManager.NetworkSandboxState recorded 4 samples, mean = 0.0 (flags = 0x41)
0  ----O                                                                     (4 = 100.0%)
1  ... 

Histogram: ChromeElf.Beacon.RetryAttemptsBeforeSuccess recorded 1 samples, mean = 0.0 (flags = 0x41)
0  -O                                                                        (1 = 100.0%)
1  ... 

Histogram: ChromeElf.Beacon.SetupStatus recorded 1 samples, mean = 1.0 (flags = 0x41)
0  O                                                                         (0 = 0.0%)
1  -O                                                                        (1 = 100.0%) {0.0%}
2  ... 

Histogram: ChromeElf.ExtensionPoint.EnableState recorded 1 samples, mean = 1.0 (flags = 0x41)
0  O                                                                         (0 = 0.0%)
1  -O                                                                        (1 = 100.0%) {0.0%}
2  O                                                                         (0 = 0.0%) {100.0%}

Histogram: ClientHints.CriticalCHRestart recorded 1 samples, mean = 0.0 (flags = 0x41)
0  -O                                                                        (1 = 100.0%)
1  ... 

Histogram: ClientHints.FetchLatency_PrefRead recorded 4 samples, mean = 14.2 (flags = 0x41)
0   ... 
6   --O                                                                       (2 = 50.0%) {0.0%}
8   O                                                                         (0 = 0.0%) {50.0%}
11  -O                                                                        (1 = 25.0%) {50.0%}
15  ... 
29  -O                                                                        (1 = 25.0%) {75.0%}
40  ... 

Histogram: ClientHints.FetchLatency_PrerenderHost recorded 4 samples, mean = 0.2 (flags = 0x41)
0  ---O                                                                      (3 = 75.0%)
1  -O                                                                        (1 = 25.0%) {75.0%}
2  ... 

Histogram: ClientHints.FetchLatency_Total recorded 4 samples, mean = 14.5 (flags = 0x41)
0   ... 
6   --O                                                                       (2 = 50.0%) {0.0%}
8   O                                                                         (0 = 0.0%) {50.0%}
11  -O                                                                        (1 = 25.0%) {50.0%}
15  ... 
29  -O                                                                        (1 = 25.0%) {75.0%}
40  ... 

Histogram: Compositing.Browser.CompositorFrame.Quads recorded 3 samples, mean = 1.0 (flags = 0x41)
0  O                                                                         (0 = 0.0%)
1  ---O                                                                      (3 = 100.0%) {0.0%}
2  ... 

Histogram: Compositing.Browser.LayerTreeImpl.CalculateDrawPropertiesUs recorded 4 samples, mean = 22.0 (flags = 0x41)
0   ... 
7   -O                                                                        (1 = 25.0%) {0.0%}
9   O                                                                         (0 = 0.0%) {25.0%}
12  -O                                                                        (1 = 25.0%) {25.0%}
16  ... 
28  --O                                                                       (2 = 50.0%) {50.0%}
37  ... 

Histogram: Compositing.Browser.LayersUpdateTime recorded 4 samples, mean = 23.5 (flags = 0x41)
0   ... 
6   -O                                                                        (1 = 25.0%) {0.0%}
8   O                                                                         (0 = 0.0%) {25.0%}
11  -O                                                                        (1 = 25.0%) {25.0%}
15  -O                                                                        (1 = 25.0%) {50.0%}
21  ... 
55  -O                                                                        (1 = 25.0%) {75.0%}
76  ... 

Histogram: Compositing.ColorGamut recorded 6 samples, mean = 0.0 (flags = 0x41)
0  ------O                                                                   (6 = 100.0%)
1  ... 

Histogram: Compositing.DidMainThreadBlockDuringCommit recorded 7 samples, mean = 0.0 (flags = 0x41)
0  -------O                                                                  (7 = 100.0%)
1  ... 

Histogram: Compositing.DirectRenderer.OverlayProcessingUs recorded 6 samples, mean = 0.3 (flags = 0x41)
0  ------O                                                                   (6 = 100.0%)
5  ... 

Histogram: Compositing.DirectRenderer.PartialSwap.ExtraDamage recorded 6 samples, mean = 0.0 (flags = 0x41)
0  ------O                                                                   (6 = 100.0%)
1  ... 

Histogram: Compositing.DirectRenderer.PartialSwap.FrameBufferDamage recorded 6 samples, mean = 0.0 (flags = 0x41)
0  ------O                                                                   (6 = 100.0%)
1  ... 

Histogram: Compositing.DirectRenderer.PartialSwap.RootDamage recorded 6 samples, mean = 100.0 (flags = 0x41)
0    ... 
100  ------O                                                                   (6 = 100.0%) {0.0%}
101  O                                                                         (0 = 0.0%) {100.0%}

Histogram: Compositing.DirectRenderer.PartialSwap.TotalDamage recorded 6 samples, mean = 100.0 (flags = 0x41)
0    ... 
100  ------O                                                                   (6 = 100.0%) {0.0%}
101  O                                                                         (0 = 0.0%) {100.0%}

Histogram: Compositing.DirectRenderer.SkipAllNonRootRenderPassesPerFrame recorded 4 samples, mean = 0.0 (flags = 0x41)
0  ----O                                                                     (4 = 100.0%)
1  ... 

Histogram: Compositing.DirectRenderer.SkipNonRootRenderPass recorded 4 samples, mean = 0.0 (flags = 0x41)
0  ----O                                                                     (4 = 100.0%)
1  ... 

Histogram: Compositing.DirectRenderer.TotalPixelsRendered recorded 6 samples, mean = 6.7 (flags = 0x41)
0  ... 
4  --O                                                                       (2 = 33.3%) {0.0%}
6  ----O                                                                     (4 = 66.7%) {33.3%}
9  ... 

Histogram: Compositing.Display.Draw.Occlusion.Calculation.Time recorded 6 samples, mean = 6.0 (flags = 0x41)
0   O                                                                         (0 = 0.0%)
1   -O                                                                        (1 = 16.7%) {0.0%}
2   -O                                                                        (1 = 16.7%) {16.7%}
3   O                                                                         (0 = 0.0%) {33.3%}
4   --O                                                                       (2 = 33.3%) {33.3%}
5   O                                                                         (0 = 0.0%) {66.7%}
6   -O                                                                        (1 = 16.7%) {66.7%}
7   ... 
18  -O                                                                        (1 = 16.7%) {83.3%}
20  ... 

Histogram: Compositing.Display.Draw.Quads recorded 6 samples, mean = 2.3 (flags = 0x41)
0  O                                                                         (0 = 0.0%)
1  --O                                                                       (2 = 33.3%) {0.0%}
2  O                                                                         (0 = 0.0%) {33.3%}
3  ----O                                                                     (4 = 66.7%) {33.3%}
4  ... 

Histogram: Compositing.Display.DrawToSwapUs recorded 6 samples, mean = 12155.5 (flags = 0x41)
0      ... 
404    -O                                                                        (1 = 16.7%) {0.0%}
490    O                                                                         (0 = 0.0%) {16.7%}
594    -O                                                                        (1 = 16.7%) {16.7%}
720    ... 
1059   -O                                                                        (1 = 16.7%) {33.3%}
1284   -O                                                                        (1 = 16.7%) {50.0%}
1557   ... 
4949   -O                                                                        (1 = 16.7%) {66.7%}
6001   ... 
50000  -O                                                                        (1 = 16.7%) {83.3%}

Histogram: Compositing.Display.FlattenedRenderPassCount recorded 6 samples, mean = 1.7 (flags = 0x41)
0  O                                                                         (0 = 0.0%)
1  --O                                                                       (2 = 33.3%) {0.0%}
2  ----O                                                                     (4 = 66.7%) {33.3%}
3  ... 

Histogram: Compositing.Display.PendingSwaps recorded 6 samples, mean = 1.0 (flags = 0x41)
0  O                                                                         (0 = 0.0%)
1  ------O                                                                   (6 = 100.0%) {0.0%}
2  ... 

Histogram: Compositing.Display.VizDependencyResolvedToGpuStartedDrawUs recorded 6 samples, mean = 76.7 (flags = 0x41)
0    ... 
18   -O                                                                        (1 = 16.7%) {0.0%}
22   --O                                                                       (2 = 33.3%) {16.7%}
27   -O                                                                        (1 = 16.7%) {50.0%}
33   -O                                                                        (1 = 16.7%) {66.7%}
40   ... 
275  -O                                                                        (1 = 16.7%) {83.3%}
333  ... 

Histogram: Compositing.Display.VizScheduledDrawToDependencyResolvedUs recorded 6 samples, mean = 2.5 (flags = 0x41)
0  ------O                                                                   (6 = 100.0%)
5  ... 

Histogram: Compositing.Display.VizScheduledDrawToGpuStartedDrawUs recorded 6 samples, mean = 79.2 (flags = 0x41)
0    ... 
18   -O                                                                        (1 = 16.7%) {0.0%}
22   O                                                                         (0 = 0.0%) {16.7%}
27   ---O                                                                      (3 = 50.0%) {16.7%}
33   -O                                                                        (1 = 16.7%) {66.7%}
40   ... 
275  -O                                                                        (1 = 16.7%) {83.3%}
333  ... 

Histogram: Compositing.Renderer.CompositorFrame.Quads recorded 3 samples, mean = 2.0 (flags = 0x41)
0  ... 
2  ---O                                                                      (3 = 100.0%) {0.0%}
3  ... 

Histogram: Compositing.Renderer.LayersUpdateTime recorded 5 samples, mean = 29.0 (flags = 0x41)
0   ... 
8   -O                                                                        (1 = 20.0%) {0.0%}
11  O                                                                         (0 = 0.0%) {20.0%}
15  --O                                                                       (2 = 40.0%) {20.0%}
21  ... 
40  -O                                                                        (1 = 20.0%) {60.0%}
55  -O                                                                        (1 = 20.0%) {80.0%}
76  ... 

Histogram: Compositing.Renderer.NumActiveLayers recorded 1 samples, mean = 5.0 (flags = 0x41)
0  ... 
4  -O                                                                        (1 = 100.0%) {0.0%}
6  ... 

Histogram: Compositing.Renderer.NumActivePictureLayers recorded 1 samples, mean = 1.0 (flags = 0x41)
0  O                                                                         (0 = 0.0%)
1  -O                                                                        (1 = 100.0%) {0.0%}
2  ... 

Histogram: Compositing.Renderer.NumRenderSurfaces recorded 7 samples, mean = 1.0 (flags = 0x41)
0  O                                                                         (0 = 0.0%)
1  -------O                                                                  (7 = 100.0%) {0.0%}
2  ... 

Histogram: Compositing.SurfaceAggregator.AggregateUs recorded 6 samples, mean = 4456.7 (flags = 0x41)
0      ... 
37     --O                                                                       (2 = 33.3%) {0.0%}
49     O                                                                         (0 = 0.0%) {33.3%}
65     -O                                                                        (1 = 16.7%) {33.3%}
86     O                                                                         (0 = 0.0%) {50.0%}
113    -O                                                                        (1 = 16.7%) {50.0%}
149    ... 
448    -O                                                                        (1 = 16.7%) {66.7%}
590    ... 
21156  -O                                                                        (1 = 16.7%) {83.3%}
27864  ... 

Histogram: Compositing.SurfaceAggregator.CopiedSurfaceCount recorded 6 samples, mean = 1.7 (flags = 0x41)
0  O                                                                         (0 = 0.0%)
1  --O                                                                       (2 = 33.3%) {0.0%}
2  ----O                                                                     (4 = 66.7%) {33.3%}
3  ... 

Histogram: Compositing.SurfaceAggregator.CopyUs recorded 6 samples, mean = 11.7 (flags = 0x41)
0   ... 
7   -O                                                                        (1 = 16.7%) {0.0%}
8   -O                                                                        (1 = 16.7%) {16.7%}
9   O                                                                         (0 = 0.0%) {33.3%}
11  -O                                                                        (1 = 16.7%) {33.3%}
13  -O                                                                        (1 = 16.7%) {50.0%}
15  --O                                                                       (2 = 33.3%) {66.7%}
18  ... 

Histogram: Compositing.SurfaceAggregator.HasCopyRequestsPerFrame recorded 6 samples, mean = 0.5 (flags = 0x41)
0  ---O                                                                      (3 = 50.0%)
1  ---O                                                                      (3 = 50.0%) {50.0%}
2  O                                                                         (0 = 0.0%) {100.0%}

Histogram: Compositing.SurfaceAggregator.HasPixelMovingBackdropFiltersPerFrame recorded 6 samples, mean = 0.0 (flags = 0x41)
0  ------O                                                                   (6 = 100.0%)
1  ... 

Histogram: Compositing.SurfaceAggregator.HasPixelMovingFiltersPerFrame recorded 6 samples, mean = 0.0 (flags = 0x41)
0  ------O                                                                   (6 = 100.0%)
1  ... 

Histogram: Compositing.SurfaceAggregator.HasUnembeddedRenderPassesPerFrame recorded 6 samples, mean = 0.0 (flags = 0x41)
0  ------O                                                                   (6 = 100.0%)
1  ... 

Histogram: Compositing.SurfaceAggregator.PrewalkUs recorded 6 samples, mean = 4427.0 (flags = 0x41)
0      ... 
21     --O                                                                       (2 = 33.3%) {0.0%}
25     ... 
47     -O                                                                        (1 = 16.7%) {33.3%}
55     -O                                                                        (1 = 16.7%) {50.0%}
64     ... 
426    -O                                                                        (1 = 16.7%) {66.7%}
499    ... 
10000  -O                                                                        (1 = 16.7%) {83.3%}

Histogram: Compositing.SurfaceAggregator.PrewalkedSurfaceCount recorded 6 samples, mean = 1.7 (flags = 0x41)
0  O                                                                         (0 = 0.0%)
1  --O                                                                       (2 = 33.3%) {0.0%}
2  ----O                                                                     (4 = 66.7%) {33.3%}
3  ... 

Histogram: Compositing.SurfaceManager.MarkForDestructionToDestroy recorded 1 samples, mean = 61.0 (flags = 0x41)
0   ... 
57  -O                                                                        (1 = 100.0%) {0.0%}
68  ... 

Histogram: Compositing.TileManager.EnoughMemory.Renderer recorded 1 samples, mean = 1.0 (flags = 0x41)
0  O                                                                         (0 = 0.0%)
1  -O                                                                        (1 = 100.0%) {0.0%}
2  O                                                                         (0 = 0.0%) {100.0%}

Histogram: Content.Classification.OpenGraph recorded 1 samples, mean = 4.0 (flags = 0x41)
0  ... 
4  -O                                                                        (1 = 100.0%) {0.0%}
5  ... 

Histogram: ContentSettings.AllowStorageAccessSync recorded 4 samples, mean = 0.0 (flags = 0x41)
0  ----O                                                                     (4 = 100.0%)
1  ... 

Histogram: ContentSettings.GetContentSetting.Network.Duration recorded 401 samples, mean = 0.5 (flags = 0x41)
0   ------------------------------------------------------------------------O (284 = 70.8%)
1   ----------------------O                                                   (85 = 21.2%) {70.8%}
2   ---O                                                                      (12 = 3.0%) {92.0%}
3   ---O                                                                      (13 = 3.2%) {95.0%}
4   --O                                                                       (6 = 1.5%) {98.3%}
5   ... 
21  O                                                                         (1 = 0.2%) {99.8%}
28  ... 

Histogram: ContentSettings.GetCookieSettingInternal.Duration recorded 118 samples, mean = 4.7 (flags = 0x41)
0   --O                                                                       (2 = 1.7%)
1   --------------------------------------------------------------O           (62 = 52.5%) {1.7%}
2   ----------------O                                                         (16 = 13.6%) {54.2%}
3   ---O                                                                      (3 = 2.5%) {67.8%}
4   --O                                                                       (2 = 1.7%) {70.3%}
5   -----O                                                                    (5 = 4.2%) {72.0%}
7   ----O                                                                     (4 = 3.4%) {76.3%}
9   --------O                                                                 (8 = 6.8%) {79.7%}
12  ----O                                                                     (4 = 3.4%) {86.4%}
16  ---------O                                                                (9 = 7.6%) {89.8%}
21  --O                                                                       (2 = 1.7%) {97.5%}
28  O                                                                         (0 = 0.0%) {99.2%}
37  -O                                                                        (1 = 0.8%) {99.2%}
49  ... 

Histogram: ContentSettings.NumberOfExceptions recorded 1 samples, mean = 4.0 (flags = 0x41)
0  ... 
4  -O                                                                        (1 = 100.0%) {0.0%}
5  ... 

Histogram: ContentSettings.Popups.StrongBlockerActions recorded 1 samples, mean = 0.0 (flags = 0x41)
0  -O                                                                        (1 = 100.0%)
1  ... 

Histogram: ContentSettings.RegularProfile.DefaultAutoVerifySetting recorded 1 samples, mean = 1.0 (flags = 0x41)
0  O                                                                         (0 = 0.0%)
1  -O                                                                        (1 = 100.0%) {0.0%}
2  ... 

Histogram: ContentSettings.RegularProfile.DefaultAutoplaySetting recorded 1 samples, mean = 1.0 (flags = 0x41)
0  O                                                                         (0 = 0.0%)
1  -O                                                                        (1 = 100.0%) {0.0%}
2  ... 

Histogram: ContentSettings.RegularProfile.DefaultBackgroundSyncSetting recorded 1 samples, mean = 1.0 (flags = 0x41)
0  O                                                                         (0 = 0.0%)
1  -O                                                                        (1 = 100.0%) {0.0%}
2  ... 

Histogram: ContentSettings.RegularProfile.DefaultCookiesSetting recorded 1 samples, mean = 1.0 (flags = 0x41)
0  O                                                                         (0 = 0.0%)
1  -O                                                                        (1 = 100.0%) {0.0%}
2  ... 

Histogram: ContentSettings.RegularProfile.DefaultIdleDetectionSetting recorded 1 samples, mean = 3.0 (flags = 0x41)
0  ... 
3  -O                                                                        (1 = 100.0%) {0.0%}
4  ... 

Histogram: ContentSettings.RegularProfile.DefaultImagesSetting recorded 1 samples, mean = 1.0 (flags = 0x41)
0  O                                                                         (0 = 0.0%)
1  -O                                                                        (1 = 100.0%) {0.0%}
2  ... 

Histogram: ContentSettings.RegularProfile.DefaultJavaScriptSetting recorded 1 samples, mean = 1.0 (flags = 0x41)
0  O                                                                         (0 = 0.0%)
1  -O                                                                        (1 = 100.0%) {0.0%}
2  ... 

Histogram: ContentSettings.RegularProfile.DefaultLocationSetting recorded 1 samples, mean = 3.0 (flags = 0x41)
0  ... 
3  -O                                                                        (1 = 100.0%) {0.0%}
4  ... 

Histogram: ContentSettings.RegularProfile.DefaultMIDISysExSetting recorded 1 samples, mean = 3.0 (flags = 0x41)
0  ... 
3  -O                                                                        (1 = 100.0%) {0.0%}
4  ... 

Histogram: ContentSettings.RegularProfile.DefaultMediaStreamCameraSetting recorded 1 samples, mean = 3.0 (flags = 0x41)
0  ... 
3  -O                                                                        (1 = 100.0%) {0.0%}
4  ... 

Histogram: ContentSettings.RegularProfile.DefaultMediaStreamMicSetting recorded 1 samples, mean = 3.0 (flags = 0x41)
0  ... 
3  -O                                                                        (1 = 100.0%) {0.0%}
4  ... 

Histogram: ContentSettings.RegularProfile.DefaultNotificationsSetting recorded 1 samples, mean = 3.0 (flags = 0x41)
0  ... 
3  -O                                                                        (1 = 100.0%) {0.0%}
4  ... 

Histogram: ContentSettings.RegularProfile.DefaultPopupsSetting recorded 1 samples, mean = 2.0 (flags = 0x41)
0  ... 
2  -O                                                                        (1 = 100.0%) {0.0%}
3  ... 

Histogram: ContentSettings.RegularProfile.DefaultSoundSetting recorded 1 samples, mean = 1.0 (flags = 0x41)
0  O                                                                         (0 = 0.0%)
1  -O                                                                        (1 = 100.0%) {0.0%}
2  ... 

Histogram: ContentSettings.RegularProfile.DefaultStorageAccessSetting recorded 1 samples, mean = 3.0 (flags = 0x41)
0  ... 
3  -O                                                                        (1 = 100.0%) {0.0%}
4  ... 

Histogram: ContentSettings.RegularProfile.DefaultSubresourceFilterSetting recorded 1 samples, mean = 2.0 (flags = 0x41)
0  ... 
2  -O                                                                        (1 = 100.0%) {0.0%}
3  ... 

Histogram: ContentSettings.RegularProfile.DefaultUsbGuardSetting recorded 1 samples, mean = 3.0 (flags = 0x41)
0  ... 
3  -O                                                                        (1 = 100.0%) {0.0%}
4  ... 

Histogram: ContentSettings.RegularProfile.DefaultWebBluetoothGuardSetting recorded 1 samples, mean = 3.0 (flags = 0x41)
0  ... 
3  -O                                                                        (1 = 100.0%) {0.0%}
4  ... 

Histogram: ContentSettings.RegularProfile.Exceptions.3pcd-heuristics-grants recorded 1 samples, mean = 0.0 (flags = 0x41)
0  -O                                                                        (1 = 100.0%)
1  ... 

Histogram: ContentSettings.RegularProfile.Exceptions.3pcd-support recorded 1 samples, mean = 0.0 (flags = 0x41)
0  -O                                                                        (1 = 100.0%)
1  ... 

Histogram: ContentSettings.RegularProfile.Exceptions.abusive-notification-permissions recorded 1 samples, mean = 0.0 (flags = 0x41)
0  -O                                                                        (1 = 100.0%)
1  ... 

Histogram: ContentSettings.RegularProfile.Exceptions.access-to-get-all-screens-media-in-session recorded 1 samples, mean = 0.0 (flags = 0x41)
0  -O                                                                        (1 = 100.0%)
1  ... 

Histogram: ContentSettings.RegularProfile.Exceptions.accessibility-events recorded 1 samples, mean = 0.0 (flags = 0x41)
0  -O                                                                        (1 = 100.0%)
1  ... 

Histogram: ContentSettings.RegularProfile.Exceptions.anti-abuse recorded 1 samples, mean = 0.0 (flags = 0x41)
0  -O                                                                        (1 = 100.0%)
1  ... 

Histogram: ContentSettings.RegularProfile.Exceptions.app-banner recorded 1 samples, mean = 0.0 (flags = 0x41)
0  -O                                                                        (1 = 100.0%)
1  ... 

Histogram: ContentSettings.RegularProfile.Exceptions.ar recorded 1 samples, mean = 0.0 (flags = 0x41)
0  -O                                                                        (1 = 100.0%)
1  ... 

Histogram: ContentSettings.RegularProfile.Exceptions.auto-picture-in-picture recorded 1 samples, mean = 0.0 (flags = 0x41)
0  -O                                                                        (1 = 100.0%)
1  ... 

Histogram: ContentSettings.RegularProfile.Exceptions.auto-select-certificate recorded 1 samples, mean = 0.0 (flags = 0x41)
0  -O                                                                        (1 = 100.0%)
1  ... 

Histogram: ContentSettings.RegularProfile.Exceptions.automatic-downloads recorded 1 samples, mean = 0.0 (flags = 0x41)
0  -O                                                                        (1 = 100.0%)
1  ... 

Histogram: ContentSettings.RegularProfile.Exceptions.automatic-fullscreen recorded 1 samples, mean = 0.0 (flags = 0x41)
0  -O                                                                        (1 = 100.0%)
1  ... 

Histogram: ContentSettings.RegularProfile.Exceptions.autoplay recorded 1 samples, mean = 0.0 (flags = 0x41)
0  -O                                                                        (1 = 100.0%)
1  ... 

Histogram: ContentSettings.RegularProfile.Exceptions.background-sync recorded 1 samples, mean = 0.0 (flags = 0x41)
0  -O                                                                        (1 = 100.0%)
1  ... 

Histogram: ContentSettings.RegularProfile.Exceptions.bluetooth-chooser-data recorded 1 samples, mean = 0.0 (flags = 0x41)
0  -O                                                                        (1 = 100.0%)
1  ... 

Histogram: ContentSettings.RegularProfile.Exceptions.bluetooth-guard recorded 1 samples, mean = 0.0 (flags = 0x41)
0  -O                                                                        (1 = 100.0%)
1  ... 

Histogram: ContentSettings.RegularProfile.Exceptions.bluetooth-scanning recorded 1 samples, mean = 0.0 (flags = 0x41)
0  -O                                                                        (1 = 100.0%)
1  ... 

Histogram: ContentSettings.RegularProfile.Exceptions.camera-pan-tilt-zoom recorded 1 samples, mean = 0.0 (flags = 0x41)
0  -O                                                                        (1 = 100.0%)
1  ... 

Histogram: ContentSettings.RegularProfile.Exceptions.captured-surface-control recorded 1 samples, mean = 0.0 (flags = 0x41)
0  -O                                                                        (1 = 100.0%)
1  ... 

Histogram: ContentSettings.RegularProfile.Exceptions.client-hints recorded 1 samples, mean = 1.0 (flags = 0x41)
0  O                                                                         (0 = 0.0%)
1  -O                                                                        (1 = 100.0%) {0.0%}
2  ... 

Histogram: ContentSettings.RegularProfile.Exceptions.clipboard recorded 1 samples, mean = 0.0 (flags = 0x41)
0  -O                                                                        (1 = 100.0%)
1  ... 

Histogram: ContentSettings.RegularProfile.Exceptions.cookie-controls-metadata recorded 1 samples, mean = 0.0 (flags = 0x41)
0  -O                                                                        (1 = 100.0%)
1  ... 

Histogram: ContentSettings.RegularProfile.Exceptions.cookies recorded 1 samples, mean = 0.0 (flags = 0x41)
0  -O                                                                        (1 = 100.0%)
1  ... 

Histogram: ContentSettings.RegularProfile.Exceptions.cookies.Allow recorded 1 samples, mean = 0.0 (flags = 0x41)
0  -O                                                                        (1 = 100.0%)
1  ... 

Histogram: ContentSettings.RegularProfile.Exceptions.cookies.AllowThirdParty recorded 1 samples, mean = 0.0 (flags = 0x41)
0  -O                                                                        (1 = 100.0%)
1  ... 

Histogram: ContentSettings.RegularProfile.Exceptions.cookies.Block recorded 1 samples, mean = 0.0 (flags = 0x41)
0  -O                                                                        (1 = 100.0%)
1  ... 

Histogram: ContentSettings.RegularProfile.Exceptions.cookies.DomainWildcardAllowThirdParty recorded 1 samples, mean = 0.0 (flags = 0x41)
0  -O                                                                        (1 = 100.0%)
1  ... 

Histogram: ContentSettings.RegularProfile.Exceptions.cookies.SessionOnly recorded 1 samples, mean = 0.0 (flags = 0x41)
0  -O                                                                        (1 = 100.0%)
1  ... 

Histogram: ContentSettings.RegularProfile.Exceptions.cookies.TemporaryAllowThirdParty recorded 1 samples, mean = 0.0 (flags = 0x41)
0  -O                                                                        (1 = 100.0%)
1  ... 

Histogram: ContentSettings.RegularProfile.Exceptions.direct-sockets recorded 1 samples, mean = 0.0 (flags = 0x41)
0  -O                                                                        (1 = 100.0%)
1  ... 

Histogram: ContentSettings.RegularProfile.Exceptions.display-media-system-audio recorded 1 samples, mean = 0.0 (flags = 0x41)
0  -O                                                                        (1 = 100.0%)
1  ... 

Histogram: ContentSettings.RegularProfile.Exceptions.durable-storage recorded 1 samples, mean = 0.0 (flags = 0x41)
0  -O                                                                        (1 = 100.0%)
1  ... 

Histogram: ContentSettings.RegularProfile.Exceptions.fedcm-idp-registration recorded 1 samples, mean = 0.0 (flags = 0x41)
0  -O                                                                        (1 = 100.0%)
1  ... 

Histogram: ContentSettings.RegularProfile.Exceptions.fedcm-idp-signin recorded 1 samples, mean = 1.0 (flags = 0x41)
0  O                                                                         (0 = 0.0%)
1  -O                                                                        (1 = 100.0%) {0.0%}
2  ... 

Histogram: ContentSettings.RegularProfile.Exceptions.fedcm-share recorded 1 samples, mean = 0.0 (flags = 0x41)
0  -O                                                                        (1 = 100.0%)
1  ... 

Histogram: ContentSettings.RegularProfile.Exceptions.file-system-access-chooser-data recorded 1 samples, mean = 0.0 (flags = 0x41)
0  -O                                                                        (1 = 100.0%)
1  ... 

Histogram: ContentSettings.RegularProfile.Exceptions.file-system-access-extended-permission recorded 1 samples, mean = 0.0 (flags = 0x41)
0  -O                                                                        (1 = 100.0%)
1  ... 

Histogram: ContentSettings.RegularProfile.Exceptions.file-system-access-restore-permission recorded 1 samples, mean = 0.0 (flags = 0x41)
0  -O                                                                        (1 = 100.0%)
1  ... 

Histogram: ContentSettings.RegularProfile.Exceptions.file-system-last-picked-directory recorded 1 samples, mean = 0.0 (flags = 0x41)
0  -O                                                                        (1 = 100.0%)
1  ... 

Histogram: ContentSettings.RegularProfile.Exceptions.file-system-read-guard recorded 1 samples, mean = 0.0 (flags = 0x41)
0  -O                                                                        (1 = 100.0%)
1  ... 

Histogram: ContentSettings.RegularProfile.Exceptions.file-system-write-guard recorded 1 samples, mean = 0.0 (flags = 0x41)
0  -O                                                                        (1 = 100.0%)
1  ... 

Histogram: ContentSettings.RegularProfile.Exceptions.formfill-metadata recorded 1 samples, mean = 0.0 (flags = 0x41)
0  -O                                                                        (1 = 100.0%)
1  ... 

Histogram: ContentSettings.RegularProfile.Exceptions.geolocation recorded 1 samples, mean = 0.0 (flags = 0x41)
0  -O                                                                        (1 = 100.0%)
1  ... 

Histogram: ContentSettings.RegularProfile.Exceptions.hid-chooser-data recorded 1 samples, mean = 0.0 (flags = 0x41)
0  -O                                                                        (1 = 100.0%)
1  ... 

Histogram: ContentSettings.RegularProfile.Exceptions.hid-guard recorded 1 samples, mean = 0.0 (flags = 0x41)
0  -O                                                                        (1 = 100.0%)
1  ... 

Histogram: ContentSettings.RegularProfile.Exceptions.http-allowed recorded 1 samples, mean = 0.0 (flags = 0x41)
0  -O                                                                        (1 = 100.0%)
1  ... 

Histogram: ContentSettings.RegularProfile.Exceptions.https-enforced recorded 1 samples, mean = 0.0 (flags = 0x41)
0  -O                                                                        (1 = 100.0%)
1  ... 

Histogram: ContentSettings.RegularProfile.Exceptions.idle-detection recorded 1 samples, mean = 0.0 (flags = 0x41)
0  -O                                                                        (1 = 100.0%)
1  ... 

Histogram: ContentSettings.RegularProfile.Exceptions.images recorded 1 samples, mean = 0.0 (flags = 0x41)
0  -O                                                                        (1 = 100.0%)
1  ... 

Histogram: ContentSettings.RegularProfile.Exceptions.important-site-info recorded 1 samples, mean = 0.0 (flags = 0x41)
0  -O                                                                        (1 = 100.0%)
1  ... 

Histogram: ContentSettings.RegularProfile.Exceptions.insecure-private-network recorded 1 samples, mean = 0.0 (flags = 0x41)
0  -O                                                                        (1 = 100.0%)
1  ... 

Histogram: ContentSettings.RegularProfile.Exceptions.intent-picker-auto-display recorded 1 samples, mean = 0.0 (flags = 0x41)
0  -O                                                                        (1 = 100.0%)
1  ... 

Histogram: ContentSettings.RegularProfile.Exceptions.javascript recorded 1 samples, mean = 0.0 (flags = 0x41)
0  -O                                                                        (1 = 100.0%)
1  ... 

Histogram: ContentSettings.RegularProfile.Exceptions.javascript-jit recorded 1 samples, mean = 0.0 (flags = 0x41)
0  -O                                                                        (1 = 100.0%)
1  ... 

Histogram: ContentSettings.RegularProfile.Exceptions.javascript-optimizer recorded 1 samples, mean = 0.0 (flags = 0x41)
0  -O                                                                        (1 = 100.0%)
1  ... 

Histogram: ContentSettings.RegularProfile.Exceptions.keyboard-lock recorded 1 samples, mean = 0.0 (flags = 0x41)
0  -O                                                                        (1 = 100.0%)
1  ... 

Histogram: ContentSettings.RegularProfile.Exceptions.legacy-cookie-access recorded 1 samples, mean = 0.0 (flags = 0x41)
0  -O                                                                        (1 = 100.0%)
1  ... 

Histogram: ContentSettings.RegularProfile.Exceptions.local-fonts recorded 1 samples, mean = 0.0 (flags = 0x41)
0  -O                                                                        (1 = 100.0%)
1  ... 

Histogram: ContentSettings.RegularProfile.Exceptions.media-engagement recorded 1 samples, mean = 1.0 (flags = 0x41)
0  O                                                                         (0 = 0.0%)
1  -O                                                                        (1 = 100.0%) {0.0%}
2  ... 

Histogram: ContentSettings.RegularProfile.Exceptions.media-stream-camera recorded 1 samples, mean = 0.0 (flags = 0x41)
0  -O                                                                        (1 = 100.0%)
1  ... 

Histogram: ContentSettings.RegularProfile.Exceptions.media-stream-mic recorded 1 samples, mean = 0.0 (flags = 0x41)
0  -O                                                                        (1 = 100.0%)
1  ... 

Histogram: ContentSettings.RegularProfile.Exceptions.midi-sysex recorded 1 samples, mean = 0.0 (flags = 0x41)
0  -O                                                                        (1 = 100.0%)
1  ... 

Histogram: ContentSettings.RegularProfile.Exceptions.mixed-script recorded 1 samples, mean = 0.0 (flags = 0x41)
0  -O                                                                        (1 = 100.0%)
1  ... 

Histogram: ContentSettings.RegularProfile.Exceptions.nfc-devices recorded 1 samples, mean = 0.0 (flags = 0x41)
0  -O                                                                        (1 = 100.0%)
1  ... 

Histogram: ContentSettings.RegularProfile.Exceptions.notification-interactions recorded 1 samples, mean = 0.0 (flags = 0x41)
0  -O                                                                        (1 = 100.0%)
1  ... 

Histogram: ContentSettings.RegularProfile.Exceptions.notification-permission-review recorded 1 samples, mean = 0.0 (flags = 0x41)
0  -O                                                                        (1 = 100.0%)
1  ... 

Histogram: ContentSettings.RegularProfile.Exceptions.notifications recorded 1 samples, mean = 0.0 (flags = 0x41)
0  -O                                                                        (1 = 100.0%)
1  ... 

Histogram: ContentSettings.RegularProfile.Exceptions.password-protection recorded 1 samples, mean = 0.0 (flags = 0x41)
0  -O                                                                        (1 = 100.0%)
1  ... 

Histogram: ContentSettings.RegularProfile.Exceptions.payment-handler recorded 1 samples, mean = 0.0 (flags = 0x41)
0  -O                                                                        (1 = 100.0%)
1  ... 

Histogram: ContentSettings.RegularProfile.Exceptions.permission-autoblocking-data recorded 1 samples, mean = 0.0 (flags = 0x41)
0  -O                                                                        (1 = 100.0%)
1  ... 

Histogram: ContentSettings.RegularProfile.Exceptions.permission-autorevocation-data recorded 1 samples, mean = 0.0 (flags = 0x41)
0  -O                                                                        (1 = 100.0%)
1  ... 

Histogram: ContentSettings.RegularProfile.Exceptions.pointer-lock recorded 1 samples, mean = 0.0 (flags = 0x41)
0  -O                                                                        (1 = 100.0%)
1  ... 

Histogram: ContentSettings.RegularProfile.Exceptions.popups recorded 1 samples, mean = 0.0 (flags = 0x41)
0  -O                                                                        (1 = 100.0%)
1  ... 

Histogram: ContentSettings.RegularProfile.Exceptions.popups.Allow recorded 1 samples, mean = 0.0 (flags = 0x41)
0  -O                                                                        (1 = 100.0%)
1  ... 

Histogram: ContentSettings.RegularProfile.Exceptions.popups.Block recorded 1 samples, mean = 0.0 (flags = 0x41)
0  -O                                                                        (1 = 100.0%)
1  ... 

Histogram: ContentSettings.RegularProfile.Exceptions.private-network-chooser-data recorded 1 samples, mean = 0.0 (flags = 0x41)
0  -O                                                                        (1 = 100.0%)
1  ... 

Histogram: ContentSettings.RegularProfile.Exceptions.private-network-guard recorded 1 samples, mean = 0.0 (flags = 0x41)
0  -O                                                                        (1 = 100.0%)
1  ... 

Histogram: ContentSettings.RegularProfile.Exceptions.protected-media-identifier recorded 1 samples, mean = 0.0 (flags = 0x41)
0  -O                                                                        (1 = 100.0%)
1  ... 

Histogram: ContentSettings.RegularProfile.Exceptions.protocol-handler recorded 1 samples, mean = 0.0 (flags = 0x41)
0  -O                                                                        (1 = 100.0%)
1  ... 

Histogram: ContentSettings.RegularProfile.Exceptions.reduced-accept-language recorded 1 samples, mean = 0.0 (flags = 0x41)
0  -O                                                                        (1 = 100.0%)
1  ... 

Histogram: ContentSettings.RegularProfile.Exceptions.safe-browsing-url-check-data recorded 1 samples, mean = 0.0 (flags = 0x41)
0  -O                                                                        (1 = 100.0%)
1  ... 

Histogram: ContentSettings.RegularProfile.Exceptions.sensors recorded 1 samples, mean = 0.0 (flags = 0x41)
0  -O                                                                        (1 = 100.0%)
1  ... 

Histogram: ContentSettings.RegularProfile.Exceptions.serial-chooser-data recorded 1 samples, mean = 0.0 (flags = 0x41)
0  -O                                                                        (1 = 100.0%)
1  ... 

Histogram: ContentSettings.RegularProfile.Exceptions.serial-guard recorded 1 samples, mean = 0.0 (flags = 0x41)
0  -O                                                                        (1 = 100.0%)
1  ... 

Histogram: ContentSettings.RegularProfile.Exceptions.site-engagement recorded 1 samples, mean = 1.0 (flags = 0x41)
0  O                                                                         (0 = 0.0%)
1  -O                                                                        (1 = 100.0%) {0.0%}
2  ... 

Histogram: ContentSettings.RegularProfile.Exceptions.sound recorded 1 samples, mean = 0.0 (flags = 0x41)
0  -O                                                                        (1 = 100.0%)
1  ... 

Histogram: ContentSettings.RegularProfile.Exceptions.speaker-selection recorded 1 samples, mean = 0.0 (flags = 0x41)
0  -O                                                                        (1 = 100.0%)
1  ... 

Histogram: ContentSettings.RegularProfile.Exceptions.ssl-cert-decisions recorded 1 samples, mean = 0.0 (flags = 0x41)
0  -O                                                                        (1 = 100.0%)
1  ... 

Histogram: ContentSettings.RegularProfile.Exceptions.storage-access recorded 1 samples, mean = 0.0 (flags = 0x41)
0  -O                                                                        (1 = 100.0%)
1  ... 

Histogram: ContentSettings.RegularProfile.Exceptions.storage-access-header-origin-trial recorded 1 samples, mean = 0.0 (flags = 0x41)
0  -O                                                                        (1 = 100.0%)
1  ... 

Histogram: ContentSettings.RegularProfile.Exceptions.storage-access.Allow recorded 1 samples, mean = 0.0 (flags = 0x41)
0  -O                                                                        (1 = 100.0%)
1  ... 

Histogram: ContentSettings.RegularProfile.Exceptions.storage-access.Ask recorded 1 samples, mean = 0.0 (flags = 0x41)
0  -O                                                                        (1 = 100.0%)
1  ... 

Histogram: ContentSettings.RegularProfile.Exceptions.storage-access.Block recorded 1 samples, mean = 0.0 (flags = 0x41)
0  -O                                                                        (1 = 100.0%)
1  ... 

Histogram: ContentSettings.RegularProfile.Exceptions.storage-access.MaxRequester recorded 1 samples, mean = 0.0 (flags = 0x41)
0  -O                                                                        (1 = 100.0%)
1  ... 

Histogram: ContentSettings.RegularProfile.Exceptions.storage-access.MaxTopLevel recorded 1 samples, mean = 0.0 (flags = 0x41)
0  -O                                                                        (1 = 100.0%)
1  ... 

Histogram: ContentSettings.RegularProfile.Exceptions.subresource-filter recorded 1 samples, mean = 0.0 (flags = 0x41)
0  -O                                                                        (1 = 100.0%)
1  ... 

Histogram: ContentSettings.RegularProfile.Exceptions.subresource-filter-data recorded 1 samples, mean = 0.0 (flags = 0x41)
0  -O                                                                        (1 = 100.0%)
1  ... 

Histogram: ContentSettings.RegularProfile.Exceptions.subresource-filter.Allow recorded 1 samples, mean = 0.0 (flags = 0x41)
0  -O                                                                        (1 = 100.0%)
1  ... 

Histogram: ContentSettings.RegularProfile.Exceptions.subresource-filter.Block recorded 1 samples, mean = 0.0 (flags = 0x41)
0  -O                                                                        (1 = 100.0%)
1  ... 

Histogram: ContentSettings.RegularProfile.Exceptions.third-party-storage-partitioning recorded 1 samples, mean = 0.0 (flags = 0x41)
0  -O                                                                        (1 = 100.0%)
1  ... 

Histogram: ContentSettings.RegularProfile.Exceptions.top-level-3pcd-origin-trial recorded 1 samples, mean = 0.0 (flags = 0x41)
0  -O                                                                        (1 = 100.0%)
1  ... 

Histogram: ContentSettings.RegularProfile.Exceptions.top-level-3pcd-support recorded 1 samples, mean = 0.0 (flags = 0x41)
0  -O                                                                        (1 = 100.0%)
1  ... 

Histogram: ContentSettings.RegularProfile.Exceptions.top-level-storage-access recorded 1 samples, mean = 0.0 (flags = 0x41)
0  -O                                                                        (1 = 100.0%)
1  ... 

Histogram: ContentSettings.RegularProfile.Exceptions.tracking-protection recorded 1 samples, mean = 0.0 (flags = 0x41)
0  -O                                                                        (1 = 100.0%)
1  ... 

Histogram: ContentSettings.RegularProfile.Exceptions.tracking-protection.Allow recorded 1 samples, mean = 0.0 (flags = 0x41)
0  -O                                                                        (1 = 100.0%)
1  ... 

Histogram: ContentSettings.RegularProfile.Exceptions.tracking-protection.Block recorded 1 samples, mean = 0.0 (flags = 0x41)
0  -O                                                                        (1 = 100.0%)
1  ... 

Histogram: ContentSettings.RegularProfile.Exceptions.unused-site-permissions recorded 1 samples, mean = 0.0 (flags = 0x41)
0  -O                                                                        (1 = 100.0%)
1  ... 

Histogram: ContentSettings.RegularProfile.Exceptions.usb-chooser-data recorded 1 samples, mean = 0.0 (flags = 0x41)
0  -O                                                                        (1 = 100.0%)
1  ... 

Histogram: ContentSettings.RegularProfile.Exceptions.usb-guard recorded 1 samples, mean = 0.0 (flags = 0x41)
0  -O                                                                        (1 = 100.0%)
1  ... 

Histogram: ContentSettings.RegularProfile.Exceptions.vr recorded 1 samples, mean = 0.0 (flags = 0x41)
0  -O                                                                        (1 = 100.0%)
1  ... 

Histogram: ContentSettings.RegularProfile.Exceptions.webid-api recorded 1 samples, mean = 0.0 (flags = 0x41)
0  -O                                                                        (1 = 100.0%)
1  ... 

Histogram: ContentSettings.RegularProfile.Exceptions.webid-auto-reauthn recorded 1 samples, mean = 0.0 (flags = 0x41)
0  -O                                                                        (1 = 100.0%)
1  ... 

Histogram: ContentSettings.RegularProfile.Exceptions.window-placement recorded 1 samples, mean = 0.0 (flags = 0x41)
0  -O                                                                        (1 = 100.0%)
1  ... 

Histogram: Conversions.DelayOnAttestationsLoaded recorded 1 samples, mean = 300037.0 (flags = 0x41)
0       ... 
300000  -O                                                                        (1 = 100.0%) {0.0%}

Histogram: Cookie.ClockSkew.AddMinutes recorded 3 samples, mean = 0.0 (flags = 0x41)
0  ---O                                                                      (3 = 100.0%)
1  ... 

Histogram: Cookie.ClockSkew.AddMinutes12To24Hours recorded 3 samples, mean = 0.0 (flags = 0x41)
0  ---O                                                                      (3 = 100.0%)
720... 

Histogram: Cookie.ClockSkew.ExpiredWithoutSkew recorded 3 samples, mean = 0.0 (flags = 0x41)
0  ---O                                                                      (3 = 100.0%)
1  ... 

Histogram: Cookie.CookiePrefix recorded 4 samples, mean = 0.0 (flags = 0x41)
0  ----O                                                                     (4 = 100.0%)
1  ... 

Histogram: Cookie.CookieSchemeRequestScheme recorded 79 samples, mean = 2.0 (flags = 0x41)
0  ... 
2  ------------------------------------------------------------------------O (79 = 100.0%) {0.0%}
3  ... 

Histogram: Cookie.CookieSourceScheme recorded 4 samples, mean = 0.0 (flags = 0x41)
0  ----O                                                                     (4 = 100.0%)
1  ... 

Histogram: Cookie.CookieSourceSchemeName recorded 4 samples, mean = 14.0 (flags = 0x41)
0   ... 
14  ----O                                                                     (4 = 100.0%) {0.0%}
15  ... 

Histogram: Cookie.CrossSiteRedirectType.Read recorded 126 samples, mean = 1.0 (flags = 0x41)
0  O                                                                         (0 = 0.0%)
1  ------------------------------------------------------------------------O (126 = 100.0%) {0.0%}
2  ... 

Histogram: Cookie.CrossSiteRedirectType.Write recorded 4 samples, mean = 1.0 (flags = 0x41)
0  O                                                                         (0 = 0.0%)
1  ----O                                                                     (4 = 100.0%) {0.0%}
2  ... 

Histogram: Cookie.DaysSinceRefreshForRetrieval recorded 3 samples, mean = 0.0 (flags = 0x41)
0  ---O                                                                      (3 = 100.0%)
1  ... 

Histogram: Cookie.DomainHasNonASCII recorded 4 samples, mean = 0.0 (flags = 0x41)
0  ----O                                                                     (4 = 100.0%)
1  ... 

Histogram: Cookie.DomainSet recorded 4 samples, mean = 1.0 (flags = 0x41)
0  O                                                                         (0 = 0.0%)
1  ----O                                                                     (4 = 100.0%) {0.0%}
2  O                                                                         (0 = 0.0%) {100.0%}

Histogram: Cookie.DoubleUnderscorePrefixedName recorded 4 samples, mean = 0.5 (flags = 0x41)
0  --O                                                                       (2 = 50.0%)
1  --O                                                                       (2 = 50.0%) {50.0%}
2  O                                                                         (0 = 0.0%) {100.0%}

Histogram: Cookie.ExpirationDuration400DaysLTE recorded 3 samples, mean = 121.7 (flags = 0x41)
0    --O                                                                       (2 = 66.7%)
1    ... 
364  -O                                                                        (1 = 33.3%) {66.7%}
400  O                                                                         (0 = 0.0%) {100.0%}

Histogram: Cookie.ExpirationDurationMinutesSecure recorded 3 samples, mean = 175220.0 (flags = 0x41)
0       ... 
26      --O                                                                       (2 = 66.7%) {0.0%}
36      ... 
429766  -O                                                                        (1 = 33.3%) {66.7%}
587706  ... 

Histogram: Cookie.FirstPartyPartitioned.HasCrossSiteAncestor recorded 42 samples, mean = 0.0 (flags = 0x41)
0  ------------------------------------------O                               (42 = 100.0%)
1  ... 

Histogram: Cookie.FirstPartySets.Browser.DelayedQueriesCount recorded 1 samples, mean = 2.0 (flags = 0x41)
0  ... 
2  -O                                                                        (1 = 100.0%) {0.0%}
3  ... 

Histogram: Cookie.FirstPartySets.Browser.MostDelayedQueryDelta recorded 1 samples, mean = 50.0 (flags = 0x41)
0   ... 
48  -O                                                                        (1 = 100.0%) {0.0%}
57  ... 

Histogram: Cookie.FirstPartySets.ComponentSetsNonfatalErrors recorded 1 samples, mean = 0.0 (flags = 0x41)
0  -O                                                                        (1 = 100.0%)
1  ... 

Histogram: Cookie.FirstPartySets.ComponentSetsParsedSuccessfully recorded 1 samples, mean = 0.0 (flags = 0x41)
0  -O                                                                        (1 = 100.0%)
1  ... 

Histogram: Cookie.FirstPartySets.ContextDelayedQueriesCount recorded 1 samples, mean = 0.0 (flags = 0x41)
0  -O                                                                        (1 = 100.0%)
1  ... 

Histogram: Cookie.FirstPartySets.ContextMostDelayedQueryDelta recorded 1 samples, mean = 0.0 (flags = 0x41)
0  -O                                                                        (1 = 100.0%)
1  ... 

Histogram: Cookie.FirstPartySets.EnqueueingDelay.ContextConfig2 recorded 1 samples, mean = 32.0 (flags = 0x41)
0   ... 
29  -O                                                                        (1 = 100.0%) {0.0%}
34  ... 

Histogram: Cookie.FirstPartySets.InitializationDuration.ContextReadyToServeQueries2 recorded 1 samples, mean = 4540.0 (flags = 0x41)
0     ... 
4222  -O                                                                        (1 = 100.0%) {0.0%}
5017  ... 

Histogram: Cookie.FirstPartySets.InitializationDuration.ReadCommandLineSet2 recorded 1 samples, mean = 50.0 (flags = 0x41)
0   ... 
48  -O                                                                        (1 = 100.0%) {0.0%}
57  ... 

Histogram: Cookie.FirstPartySets.InitializationDuration.ReadComponentSets2 recorded 1 samples, mean = 0.0 (flags = 0x41)
0  -O                                                                        (1 = 100.0%)
1  ... 

Histogram: Cookie.FirstPartySets.InitializationDuration.ReadyToServeQueries2 recorded 1 samples, mean = 0.0 (flags = 0x41)
0  -O                                                                        (1 = 100.0%)
1  ... 

Histogram: Cookie.FirstPartySets.Network.DelayedQueriesCount recorded 1 samples, mean = 0.0 (flags = 0x41)
0  -O                                                                        (1 = 100.0%)
1  ... 

Histogram: Cookie.FirstPartySets.Network.MostDelayedQueryDelta recorded 1 samples, mean = 0.0 (flags = 0x41)
0  -O                                                                        (1 = 100.0%)
1  ... 

Histogram: Cookie.FirstPartySets.ProcessedEntireComponent recorded 1 samples, mean = 1.0 (flags = 0x41)
0  O                                                                         (0 = 0.0%)
1  -O                                                                        (1 = 100.0%) {0.0%}
2  O                                                                         (0 = 0.0%) {100.0%}

Histogram: Cookie.FromStorageWithValidLength recorded 72 samples, mean = 1.0 (flags = 0x41)
0  O                                                                         (0 = 0.0%)
1  ------------------------------------------------------------------------O (72 = 100.0%) {0.0%}
2  O                                                                         (0 = 0.0%) {100.0%}

Histogram: Cookie.HasNonASCII.Name recorded 4 samples, mean = 0.0 (flags = 0x41)
0  ----O                                                                     (4 = 100.0%)
1  ... 

Histogram: Cookie.HasNonASCII.Value recorded 4 samples, mean = 0.0 (flags = 0x41)
0  ----O                                                                     (4 = 100.0%)
1  ... 

Histogram: Cookie.IncludedRequestEffectiveSameSite recorded 124 samples, mean = 0.0 (flags = 0x41)
0  ------------------------------------------------------------------------O (124 = 100.0%)
1  ... 

Histogram: Cookie.IncludedResponseEffectiveSameSite recorded 4 samples, mean = 0.0 (flags = 0x41)
0  ----O                                                                     (4 = 100.0%)
1  ... 

Histogram: Cookie.IsPartitionedValid recorded 1 samples, mean = 1.0 (flags = 0x41)
0  O                                                                         (0 = 0.0%)
1  -O                                                                        (1 = 100.0%) {0.0%}
2  O                                                                         (0 = 0.0%) {100.0%}

Histogram: Cookie.NameOrValueHtab recorded 4 samples, mean = 0.0 (flags = 0x41)
0  ----O                                                                     (4 = 100.0%)
1  ... 

Histogram: Cookie.OnCookiesAccessed.BatchSize recorded 6 samples, mean = 1.3 (flags = 0x41)
0  O                                                                         (0 = 0.0%)
1  ----O                                                                     (4 = 66.7%) {0.0%}
2  --O                                                                       (2 = 33.3%) {66.7%}
3  ... 

Histogram: Cookie.OnCookiesAccessed.TotalAccesses recorded 6 samples, mean = 2.5 (flags = 0x41)
0  ... 
2  ----O                                                                     (4 = 66.7%) {0.0%}
3  -O                                                                        (1 = 16.7%) {66.7%}
4  -O                                                                        (1 = 16.7%) {83.3%}
5  ... 

Histogram: Cookie.PartitionedCookiesInRequest recorded 40 samples, mean = 1.0 (flags = 0x41)
0  -O                                                                        (1 = 2.5%)
1  ---------------------------------------O                                  (39 = 97.5%) {2.5%}
2  ... 

Histogram: Cookie.Port.Read.RemoteHost recorded 124 samples, mean = 7.0 (flags = 0x41)
0  ... 
7  ------------------------------------------------------------------------O (124 = 100.0%) {0.0%}
8  ... 

Histogram: Cookie.Port.ReadDiffersFromSet.DomainSet recorded 124 samples, mean = 4.0 (flags = 0x41)
0  ... 
4  ------------------------------------------------------------------------O (124 = 100.0%) {0.0%}
5  O                                                                         (0 = 0.0%) {100.0%}

Histogram: Cookie.Port.ReadDiffersFromSet.RemoteHost recorded 124 samples, mean = 4.0 (flags = 0x41)
0  ... 
4  ------------------------------------------------------------------------O (124 = 100.0%) {0.0%}
5  O                                                                         (0 = 0.0%) {100.0%}

Histogram: Cookie.Port.Set.RemoteHost recorded 4 samples, mean = 7.0 (flags = 0x41)
0  ... 
7  ----O                                                                     (4 = 100.0%) {0.0%}
8  ... 

Histogram: Cookie.RequestSameSiteContext recorded 128 samples, mean = 2.9 (flags = 0x41)
0  --O                                                                       (4 = 3.1%)
1  ... 
3  ------------------------------------------------------------------------O (124 = 96.9%) {3.1%}
4  O                                                                         (0 = 0.0%) {100.0%}

Histogram: Cookie.SameSiteAttributeValue recorded 4 samples, mean = 5.0 (flags = 0x41)
0  ... 
5  ----O                                                                     (4 = 100.0%) {0.0%}
6  ... 

Histogram: Cookie.SameSiteNoneSizeBytes recorded 4 samples, mean = 217.2 (flags = 0x41)
0    ... 
40   -O                                                                        (1 = 25.0%) {0.0%}
48   ... 
190  --O                                                                       (2 = 50.0%) {25.0%}
226  ... 
378  -O                                                                        (1 = 25.0%) {75.0%}
449  ... 

Histogram: Cookie.SameSiteNoneSizeBytes.Partitioned recorded 1 samples, mean = 417.0 (flags = 0x41)
0    ... 
378  -O                                                                        (1 = 100.0%) {0.0%}
449  ... 

Histogram: Cookie.SameSiteNoneSizeBytes.Unpartitioned recorded 3 samples, mean = 150.7 (flags = 0x41)
0    ... 
40   -O                                                                        (1 = 33.3%) {0.0%}
48   ... 
190  --O                                                                       (2 = 66.7%) {33.3%}
226  ... 

Histogram: Cookie.SourceType recorded 7 samples, mean = 1.0 (flags = 0x41)
0  O                                                                         (0 = 0.0%)
1  -------O                                                                  (7 = 100.0%) {0.0%}
2  ... 

Histogram: Cookie.TimeBlockedOnLoad recorded 2 samples, mean = 180.5 (flags = 0x41)
0    ... 
7    -O                                                                        (1 = 50.0%) {0.0%}
9    ... 
345  -O                                                                        (1 = 50.0%) {50.0%}
428  ... 

Histogram: Cookie.TimeInitializeDB recorded 2 samples, mean = 3.0 (flags = 0x41)
0  O                                                                         (0 = 0.0%)
1  -O                                                                        (1 = 50.0%) {0.0%}
2  ... 
5  -O                                                                        (1 = 50.0%) {50.0%}
6  ... 

Histogram: Cookie.TimeOpsBlockedDueToGlobalOp recorded 2 samples, mean = 3.5 (flags = 0x41)
0  -O                                                                        (1 = 50.0%)
1  ... 
7  -O                                                                        (1 = 50.0%) {50.0%}
9  ... 

Histogram: Cookie.Type2 recorded 7 samples, mean = 12.6 (flags = 0x41)
0   ... 
4   -O                                                                        (1 = 14.3%) {0.0%}
5   ... 
14  ------O                                                                   (6 = 85.7%) {14.3%}
15  ... 

Histogram: Crypto.TPMDuration.MessageSigningECDSA recorded 1 samples, mean = 76.0 (flags = 0x41)
0   ... 
66  -O                                                                        (1 = 100.0%) {0.0%}
84  ... 

Histogram: Crypto.TPMDuration.NewKeyCreationECDSA recorded 1 samples, mean = 290.0 (flags = 0x41)
0    ... 
280  -O                                                                        (1 = 100.0%) {0.0%}
356  ... 

Histogram: Crypto.TPMDuration.Virtual.MessageSigningECDSA recorded 1 samples, mean = 2.0 (flags = 0x41)
0  ... 
2  -O                                                                        (1 = 100.0%) {0.0%}
3  ... 

Histogram: Crypto.TPMDuration.Virtual.NewKeyCreationECDSA recorded 1 samples, mean = 13.0 (flags = 0x41)
0   ... 
13  -O                                                                        (1 = 100.0%) {0.0%}
16  ... 

Histogram: Crypto.TPMDuration.Virtual.WrappedKeyCreationECDSA recorded 1 samples, mean = 8.0 (flags = 0x41)
0  ... 
8  -O                                                                        (1 = 100.0%) {0.0%}
10 ... 

Histogram: Crypto.TPMDuration.WrappedKeyCreationECDSA recorded 1 samples, mean = 33.0 (flags = 0x41)
0   ... 
32  -O                                                                        (1 = 100.0%) {0.0%}
41  ... 

Histogram: Crypto.TPMOperation.MessageSigningECDSA recorded 1 samples, mean = 1.0 (flags = 0x41)
0  O                                                                         (0 = 0.0%)
1  -O                                                                        (1 = 100.0%) {0.0%}
2  O                                                                         (0 = 0.0%) {100.0%}

Histogram: Crypto.TPMOperation.MessageVerifyECDSA recorded 1 samples, mean = 1.0 (flags = 0x41)
0  O                                                                         (0 = 0.0%)
1  -O                                                                        (1 = 100.0%) {0.0%}
2  O                                                                         (0 = 0.0%) {100.0%}

Histogram: Crypto.TPMOperation.NewKeyCreationECDSA recorded 1 samples, mean = 1.0 (flags = 0x41)
0  O                                                                         (0 = 0.0%)
1  -O                                                                        (1 = 100.0%) {0.0%}
2  O                                                                         (0 = 0.0%) {100.0%}

Histogram: Crypto.TPMOperation.Virtual.MessageSigningECDSA recorded 1 samples, mean = 1.0 (flags = 0x41)
0  O                                                                         (0 = 0.0%)
1  -O                                                                        (1 = 100.0%) {0.0%}
2  O                                                                         (0 = 0.0%) {100.0%}

Histogram: Crypto.TPMOperation.Virtual.MessageVerifyECDSA recorded 1 samples, mean = 1.0 (flags = 0x41)
0  O                                                                         (0 = 0.0%)
1  -O                                                                        (1 = 100.0%) {0.0%}
2  O                                                                         (0 = 0.0%) {100.0%}

Histogram: Crypto.TPMOperation.Virtual.NewKeyCreationECDSA recorded 1 samples, mean = 1.0 (flags = 0x41)
0  O                                                                         (0 = 0.0%)
1  -O                                                                        (1 = 100.0%) {0.0%}
2  O                                                                         (0 = 0.0%) {100.0%}

Histogram: Crypto.TPMOperation.Virtual.WrappedKeyCreationECDSA recorded 1 samples, mean = 1.0 (flags = 0x41)
0  O                                                                         (0 = 0.0%)
1  -O                                                                        (1 = 100.0%) {0.0%}
2  O                                                                         (0 = 0.0%) {100.0%}

Histogram: Crypto.TPMOperation.WrappedKeyCreationECDSA recorded 1 samples, mean = 1.0 (flags = 0x41)
0  O                                                                         (0 = 0.0%)
1  -O                                                                        (1 = 100.0%) {0.0%}
2  O                                                                         (0 = 0.0%) {100.0%}

Histogram: Crypto.TPMSupport2 recorded 1 samples, mean = 2.0 (flags = 0x41)
0  ... 
2  -O                                                                        (1 = 100.0%) {0.0%}
3  O                                                                         (0 = 0.0%) {100.0%}

Histogram: Crypto.TPMSupportType recorded 1 samples, mean = 3.0 (flags = 0x41)
0  ... 
3  -O                                                                        (1 = 100.0%) {0.0%}
4  O                                                                         (0 = 0.0%) {100.0%}

Histogram: Crypto.VirtualKeySupport recorded 1 samples, mean = 2.0 (flags = 0x41)
0  ... 
2  -O                                                                        (1 = 100.0%) {0.0%}
3  O                                                                         (0 = 0.0%) {100.0%}

Histogram: DOMStorage.CommitMeasuredDelay recorded 4 samples, mean = 3769.5 (flags = 0x41)
0     ... 
89    -O                                                                        (1 = 25.0%) {0.0%}
103   ... 
4249  -O                                                                        (1 = 25.0%) {25.0%}
4904  --O                                                                       (2 = 50.0%) {50.0%}
5660  ... 

Histogram: DOMStorage.CommitSizeBytes recorded 2 samples, mean = 1158.5 (flags = 0x41)
0     ... 
1091  --O                                                                       (2 = 100.0%) {0.0%}
1230  ... 

Histogram: DataUse.BytesReceived3.Delegate recorded 28 samples, mean = 2130.6 (flags = 0x41)
0      ... 
297    -O                                                                        (1 = 3.6%) {0.0%}
383    -O                                                                        (1 = 3.6%) {3.6%}
494    --O                                                                       (2 = 7.1%) {7.1%}
637    -O                                                                        (1 = 3.6%) {14.3%}
821    -O                                                                        (1 = 3.6%) {17.9%}
1059   ----------------O                                                         (16 = 57.1%) {21.4%}
1366   -O                                                                        (1 = 3.6%) {78.6%}
1761   ... 
2928   ----O                                                                     (4 = 14.3%) {82.1%}
3776   ... 
22388  -O                                                                        (1 = 3.6%) {96.4%}
28869  ... 

Histogram: DataUse.BytesSent3.Delegate recorded 28 samples, mean = 1573.2 (flags = 0x41)
0      ... 
196    -O                                                                        (1 = 3.6%) {0.0%}
258    O                                                                         (0 = 0.0%) {3.6%}
340    -O                                                                        (1 = 3.6%) {3.6%}
448    --O                                                                       (2 = 7.1%) {7.1%}
590    --O                                                                       (2 = 7.1%) {14.3%}
777    -O                                                                        (1 = 3.6%) {21.4%}
1023   --------------------O                                                     (20 = 71.4%) {25.0%}
1347   ... 
16063  -O                                                                        (1 = 3.6%) {96.4%}
21156  ... 

Histogram: DefaultBrowser.State recorded 1 samples, mean = 0.0 (flags = 0x41)
0  -O                                                                        (1 = 100.0%)
1  ... 

Histogram: DiskCache.0.Error recorded 1 samples, mean = 0.0 (flags = 0x41)
0  -O                                                                        (1 = 100.0%)
1  ... 

Histogram: DiskCache.0.TotalIOTimeRead recorded 108 samples, mean = 1.8 (flags = 0x41)
0  ---------------------------------------------O                            (45 = 41.7%)
1  --------------O                                                           (14 = 13.0%) {41.7%}
2  -----------O                                                              (11 = 10.2%) {54.6%}
3  --------O                                                                 (8 = 7.4%) {64.8%}
4  ---------------------O                                                    (21 = 19.4%) {72.2%}
5  ----O                                                                     (4 = 3.7%) {91.7%}
6  -----O                                                                    (5 = 4.6%) {95.4%}
7  ... 

Histogram: DiskCache.0.TotalIOTimeWrite recorded 9 samples, mean = 0.0 (flags = 0x41)
0  ---------O                                                                (9 = 100.0%)
1  ... 

Histogram: Download.Database.IsAvailable recorded 1 samples, mean = 1.0 (flags = 0x41)
0  O                                                                         (0 = 0.0%)
1  -O                                                                        (1 = 100.0%) {0.0%}
2  O                                                                         (0 = 0.0%) {100.0%}

Histogram: Download.Service.Db.Operation.Success recorded 1 samples, mean = 0.0 (flags = 0x41)
0  -O                                                                        (1 = 100.0%)
1  ... 

Histogram: Download.Service.Db.Records recorded 1 samples, mean = 0.0 (flags = 0x41)
0  -O                                                                        (1 = 100.0%)
1  ... 

Histogram: Download.Service.Db.Records.Active recorded 1 samples, mean = 0.0 (flags = 0x41)
0  -O                                                                        (1 = 100.0%)
1  ... 

Histogram: Download.Service.Db.Records.Available recorded 1 samples, mean = 0.0 (flags = 0x41)
0  -O                                                                        (1 = 100.0%)
1  ... 

Histogram: Download.Service.Db.Records.Complete recorded 1 samples, mean = 0.0 (flags = 0x41)
0  -O                                                                        (1 = 100.0%)
1  ... 

Histogram: Download.Service.Db.Records.New recorded 1 samples, mean = 0.0 (flags = 0x41)
0  -O                                                                        (1 = 100.0%)
1  ... 

Histogram: Download.Service.Db.Records.Paused recorded 1 samples, mean = 0.0 (flags = 0x41)
0  -O                                                                        (1 = 100.0%)
1  ... 

Histogram: Download.Service.Files.CleanUp.External recorded 3 samples, mean = 0.0 (flags = 0x41)
0  ---O                                                                      (3 = 100.0%)
1  ... 

Histogram: Download.Service.Files.CleanUp.External.Orphaned recorded 1 samples, mean = 0.0 (flags = 0x41)
0  -O                                                                        (1 = 100.0%)
1  ... 

Histogram: Download.Service.Files.CleanUp.External.Timeout recorded 1 samples, mean = 0.0 (flags = 0x41)
0  -O                                                                        (1 = 100.0%)
1  ... 

Histogram: Download.Service.Files.CleanUp.External.Unknown recorded 1 samples, mean = 0.0 (flags = 0x41)
0  -O                                                                        (1 = 100.0%)
1  ... 

Histogram: Download.Service.Files.CleanUp.Failure recorded 3 samples, mean = 0.0 (flags = 0x41)
0  ---O                                                                      (3 = 100.0%)
1  ... 

Histogram: Download.Service.Files.CleanUp.Failure.Orphaned recorded 1 samples, mean = 0.0 (flags = 0x41)
0  -O                                                                        (1 = 100.0%)
1  ... 

Histogram: Download.Service.Files.CleanUp.Failure.Timeout recorded 1 samples, mean = 0.0 (flags = 0x41)
0  -O                                                                        (1 = 100.0%)
1  ... 

Histogram: Download.Service.Files.CleanUp.Failure.Unknown recorded 1 samples, mean = 0.0 (flags = 0x41)
0  -O                                                                        (1 = 100.0%)
1  ... 

Histogram: Download.Service.Files.CleanUp.Success recorded 3 samples, mean = 0.0 (flags = 0x41)
0  ---O                                                                      (3 = 100.0%)
1  ... 

Histogram: Download.Service.Files.CleanUp.Success.Orphaned recorded 1 samples, mean = 0.0 (flags = 0x41)
0  -O                                                                        (1 = 100.0%)
1  ... 

Histogram: Download.Service.Files.CleanUp.Success.Timeout recorded 1 samples, mean = 0.0 (flags = 0x41)
0  -O                                                                        (1 = 100.0%)
1  ... 

Histogram: Download.Service.Files.CleanUp.Success.Unknown recorded 1 samples, mean = 0.0 (flags = 0x41)
0  -O                                                                        (1 = 100.0%)
1  ... 

Histogram: Download.Service.StartUpStatus.Initialization recorded 1 samples, mean = 0.0 (flags = 0x41)
0  -O                                                                        (1 = 100.0%)
1  ... 

Histogram: Enterprise.TimeToFirstPolicyLoad.Profile.Unmanaged recorded 1 samples, mean = 0.0 (flags = 0x41)
0  -O                                                                        (1 = 100.0%)
1  ... 

Histogram: EnterpriseCheck.AzureADJoinStatusCheckTime recorded 1 samples, mean = 11.0 (flags = 0x41)
0   ... 
10  -O                                                                        (1 = 100.0%) {0.0%}
12  ... 

Histogram: Event.GestureCreated recorded 1 samples, mean = 12.0 (flags = 0x41)
0   ... 
12  -O                                                                        (1 = 100.0%) {0.0%}
13  ... 

Histogram: Extension.Toolbar.BrowserActionsCount2 recorded 1 samples, mean = 0.0 (flags = 0x41)
0  -O                                                                        (1 = 100.0%)
1  ... 

Histogram: ExtensionToolbarModel.BrowserActionsCount recorded 1 samples, mean = 0.0 (flags = 0x41)
0  -O                                                                        (1 = 100.0%)
1  ... 

Histogram: Extensions.AppLocation2 recorded 1 samples, mean = 5.0 (flags = 0x41)
0  ... 
5  -O                                                                        (1 = 100.0%) {0.0%}
6  ... 

Histogram: Extensions.CorruptExtensionTotalDisables recorded 1 samples, mean = 0.0 (flags = 0x41)
0  -O                                                                        (1 = 100.0%)
1  ... 

Histogram: Extensions.CorruptExtensionTotalDisables2 recorded 1 samples, mean = 0.0 (flags = 0x41)
0  -O                                                                        (1 = 100.0%)
1  ... 

Histogram: Extensions.Database.Open.State recorded 1 samples, mean = 0.0 (flags = 0x41)
0  -O                                                                        (1 = 100.0%)
1  ... 

Histogram: Extensions.DeveloperModeEnabled recorded 2 samples, mean = 0.0 (flags = 0x41)
0  --O                                                                       (2 = 100.0%)
1  ... 

Histogram: Extensions.DidCreateScriptContext_Unspecified recorded 1 samples, mean = 0.0 (flags = 0x41)
0  -O                                                                        (1 = 100.0%)
1  ... 

Histogram: Extensions.DidCreateScriptContext_WebPage recorded 3 samples, mean = 0.0 (flags = 0x41)
0  ---O                                                                      (3 = 100.0%)
1  ... 

Histogram: Extensions.Disabled recorded 1 samples, mean = 0.0 (flags = 0x41)
0  -O                                                                        (1 = 100.0%)
1  ... 

Histogram: Extensions.Disabled2 recorded 1 samples, mean = 0.0 (flags = 0x41)
0  -O                                                                        (1 = 100.0%)
1  ... 

Histogram: Extensions.DisabledForPermissions recorded 1 samples, mean = 0.0 (flags = 0x41)
0  -O                                                                        (1 = 100.0%)
1  ... 

Histogram: Extensions.DisabledForPermissions2 recorded 1 samples, mean = 0.0 (flags = 0x41)
0  -O                                                                        (1 = 100.0%)
1  ... 

Histogram: Extensions.EventlessEventPages2 recorded 1 samples, mean = 0.0 (flags = 0x41)
0  -O                                                                        (1 = 100.0%)
1  ... 

Histogram: Extensions.ExtensionLocation recorded 1 samples, mean = 5.0 (flags = 0x41)
0  ... 
5  -O                                                                        (1 = 100.0%) {0.0%}
6  ... 

Histogram: Extensions.ExtensionLocation2 recorded 1 samples, mean = 5.0 (flags = 0x41)
0  ... 
5  -O                                                                        (1 = 100.0%) {0.0%}
6  ... 

Histogram: Extensions.ExtensionsWithPageActions recorded 1 samples, mean = 0.0 (flags = 0x41)
0  -O                                                                        (1 = 100.0%)
1  ... 

Histogram: Extensions.HomepageOverrides recorded 1 samples, mean = 0.0 (flags = 0x41)
0  -O                                                                        (1 = 100.0%)
1  ... 

Histogram: Extensions.HomepageOverrides2 recorded 1 samples, mean = 0.0 (flags = 0x41)
0  -O                                                                        (1 = 100.0%)
1  ... 

Histogram: Extensions.InjectEnd_ScriptCount recorded 3 samples, mean = 0.0 (flags = 0x41)
0  ---O                                                                      (3 = 100.0%)
1  ... 

Histogram: Extensions.InjectIdle_ScriptCount recorded 3 samples, mean = 0.0 (flags = 0x41)
0  ---O                                                                      (3 = 100.0%)
1  ... 

Histogram: Extensions.InjectStart_CssCount recorded 5 samples, mean = 0.0 (flags = 0x41)
0  -----O                                                                    (5 = 100.0%)
1  ... 

Histogram: Extensions.InjectStart_ScriptCount recorded 5 samples, mean = 0.0 (flags = 0x41)
0  -----O                                                                    (5 = 100.0%)
1  ... 

Histogram: Extensions.LoadAll recorded 1 samples, mean = 2.0 (flags = 0x41)
0  ... 
2  -O                                                                        (1 = 100.0%) {0.0%}
3  ... 

Histogram: Extensions.LoadAll2 recorded 1 samples, mean = 2.0 (flags = 0x41)
0  ... 
2  -O                                                                        (1 = 100.0%) {0.0%}
3  ... 

Histogram: Extensions.LoadAllComponentTime recorded 1 samples, mean = 0.0 (flags = 0x41)
0  -O                                                                        (1 = 100.0%)
1  ... 

Histogram: Extensions.LoadAllComponentTime.User recorded 1 samples, mean = 0.0 (flags = 0x41)
0  -O                                                                        (1 = 100.0%)
1  ... 

Histogram: Extensions.LoadAllTime2 recorded 1 samples, mean = 0.0 (flags = 0x41)
0  -O                                                                        (1 = 100.0%)
1  ... 

Histogram: Extensions.LoadAllTime2.User recorded 1 samples, mean = 0.0 (flags = 0x41)
0  -O                                                                        (1 = 100.0%)
1  ... 

Histogram: Extensions.LoadApp recorded 1 samples, mean = 0.0 (flags = 0x41)
0  -O                                                                        (1 = 100.0%)
1  ... 

Histogram: Extensions.LoadApp2 recorded 1 samples, mean = 0.0 (flags = 0x41)
0  -O                                                                        (1 = 100.0%)
1  ... 

Histogram: Extensions.LoadAppExternal recorded 1 samples, mean = 0.0 (flags = 0x41)
0  -O                                                                        (1 = 100.0%)
1  ... 

Histogram: Extensions.LoadAppExternal2 recorded 1 samples, mean = 0.0 (flags = 0x41)
0  -O                                                                        (1 = 100.0%)
1  ... 

Histogram: Extensions.LoadAppUser recorded 1 samples, mean = 0.0 (flags = 0x41)
0  -O                                                                        (1 = 100.0%)
1  ... 

Histogram: Extensions.LoadAppUser2 recorded 1 samples, mean = 0.0 (flags = 0x41)
0  -O                                                                        (1 = 100.0%)
1  ... 

Histogram: Extensions.LoadBrowserAction recorded 1 samples, mean = 0.0 (flags = 0x41)
0  -O                                                                        (1 = 100.0%)
1  ... 

Histogram: Extensions.LoadBrowserAction2 recorded 1 samples, mean = 0.0 (flags = 0x41)
0  -O                                                                        (1 = 100.0%)
1  ... 

Histogram: Extensions.LoadExtension recorded 1 samples, mean = 0.0 (flags = 0x41)
0  -O                                                                        (1 = 100.0%)
1  ... 

Histogram: Extensions.LoadExtension2 recorded 1 samples, mean = 0.0 (flags = 0x41)
0  -O                                                                        (1 = 100.0%)
1  ... 

Histogram: Extensions.LoadExtensionExternal recorded 1 samples, mean = 0.0 (flags = 0x41)
0  -O                                                                        (1 = 100.0%)
1  ... 

Histogram: Extensions.LoadExtensionExternal2 recorded 1 samples, mean = 0.0 (flags = 0x41)
0  -O                                                                        (1 = 100.0%)
1  ... 

Histogram: Extensions.LoadExtensionUser2 recorded 1 samples, mean = 0.0 (flags = 0x41)
0  -O                                                                        (1 = 100.0%)
1  ... 

Histogram: Extensions.LoadHostedApp recorded 1 samples, mean = 0.0 (flags = 0x41)
0  -O                                                                        (1 = 100.0%)
1  ... 

Histogram: Extensions.LoadHostedApp2 recorded 1 samples, mean = 0.0 (flags = 0x41)
0  -O                                                                        (1 = 100.0%)
1  ... 

Histogram: Extensions.LoadNoExtensionAction recorded 1 samples, mean = 0.0 (flags = 0x41)
0  -O                                                                        (1 = 100.0%)
1  ... 

Histogram: Extensions.LoadNoExtensionAction2 recorded 1 samples, mean = 0.0 (flags = 0x41)
0  -O                                                                        (1 = 100.0%)
1  ... 

Histogram: Extensions.LoadOffStoreItems recorded 1 samples, mean = 0.0 (flags = 0x41)
0  -O                                                                        (1 = 100.0%)
1  ... 

Histogram: Extensions.LoadOffStoreItems2 recorded 1 samples, mean = 0.0 (flags = 0x41)
0  -O                                                                        (1 = 100.0%)
1  ... 

Histogram: Extensions.LoadPackagedApp recorded 1 samples, mean = 0.0 (flags = 0x41)
0  -O                                                                        (1 = 100.0%)
1  ... 

Histogram: Extensions.LoadPackagedApp2 recorded 1 samples, mean = 0.0 (flags = 0x41)
0  -O                                                                        (1 = 100.0%)
1  ... 

Histogram: Extensions.LoadPlatformApp recorded 1 samples, mean = 0.0 (flags = 0x41)
0  -O                                                                        (1 = 100.0%)
1  ... 

Histogram: Extensions.LoadPlatformApp2 recorded 1 samples, mean = 0.0 (flags = 0x41)
0  -O                                                                        (1 = 100.0%)
1  ... 

Histogram: Extensions.LoadTheme recorded 1 samples, mean = 0.0 (flags = 0x41)
0  -O                                                                        (1 = 100.0%)
1  ... 

Histogram: Extensions.LoadTheme2 recorded 1 samples, mean = 0.0 (flags = 0x41)
0  -O                                                                        (1 = 100.0%)
1  ... 

Histogram: Extensions.LoadUserScript recorded 1 samples, mean = 0.0 (flags = 0x41)
0  -O                                                                        (1 = 100.0%)
1  ... 

Histogram: Extensions.LoadUserScript2 recorded 1 samples, mean = 0.0 (flags = 0x41)
0  -O                                                                        (1 = 100.0%)
1  ... 

Histogram: Extensions.Management_Refresh recorded 1 samples, mean = 0.0 (flags = 0x41)
0  -O                                                                        (1 = 100.0%)
1  ... 

Histogram: Extensions.ManifestVersion2Count.Component recorded 1 samples, mean = 1.0 (flags = 0x41)
0  O                                                                         (0 = 0.0%)
1  -O                                                                        (1 = 100.0%) {0.0%}
2  ... 

Histogram: Extensions.ManifestVersion2Count.External recorded 1 samples, mean = 0.0 (flags = 0x41)
0  -O                                                                        (1 = 100.0%)
1  ... 

Histogram: Extensions.ManifestVersion2Count.Internal recorded 1 samples, mean = 0.0 (flags = 0x41)
0  -O                                                                        (1 = 100.0%)
1  ... 

Histogram: Extensions.ManifestVersion2Count.Policy recorded 1 samples, mean = 0.0 (flags = 0x41)
0  -O                                                                        (1 = 100.0%)
1  ... 

Histogram: Extensions.ManifestVersion2Count.Unpacked recorded 1 samples, mean = 0.0 (flags = 0x41)
0  -O                                                                        (1 = 100.0%)
1  ... 

Histogram: Extensions.ManifestVersion3Count.Component recorded 1 samples, mean = 0.0 (flags = 0x41)
0  -O                                                                        (1 = 100.0%)
1  ... 

Histogram: Extensions.ManifestVersion3Count.External recorded 1 samples, mean = 0.0 (flags = 0x41)
0  -O                                                                        (1 = 100.0%)
1  ... 

Histogram: Extensions.ManifestVersion3Count.Internal recorded 1 samples, mean = 0.0 (flags = 0x41)
0  -O                                                                        (1 = 100.0%)
1  ... 

Histogram: Extensions.ManifestVersion3Count.Policy recorded 1 samples, mean = 0.0 (flags = 0x41)
0  -O                                                                        (1 = 100.0%)
1  ... 

Histogram: Extensions.ManifestVersion3Count.Unpacked recorded 1 samples, mean = 0.0 (flags = 0x41)
0  -O                                                                        (1 = 100.0%)
1  ... 

Histogram: Extensions.ManifestVersionByLocation.Component recorded 1 samples, mean = 2.0 (flags = 0x41)
0  ... 
2  -O                                                                        (1 = 100.0%) {0.0%}
3  ... 

Histogram: Extensions.ManifestVersionPopulationSplit.Component recorded 1 samples, mean = 1.0 (flags = 0x41)
0  O                                                                         (0 = 0.0%)
1  -O                                                                        (1 = 100.0%) {0.0%}
2  ... 

Histogram: Extensions.ManifestVersionPopulationSplit.External recorded 1 samples, mean = 0.0 (flags = 0x41)
0  -O                                                                        (1 = 100.0%)
1  ... 

Histogram: Extensions.ManifestVersionPopulationSplit.Internal recorded 1 samples, mean = 0.0 (flags = 0x41)
0  -O                                                                        (1 = 100.0%)
1  ... 

Histogram: Extensions.ManifestVersionPopulationSplit.InternalAndExternal recorded 1 samples, mean = 0.0 (flags = 0x41)
0  -O                                                                        (1 = 100.0%)
1  ... 

Histogram: Extensions.ManifestVersionPopulationSplit.Unpacked recorded 1 samples, mean = 0.0 (flags = 0x41)
0  -O                                                                        (1 = 100.0%)
1  ... 

Histogram: Extensions.NewTabPageOverrides recorded 1 samples, mean = 0.0 (flags = 0x41)
0  -O                                                                        (1 = 100.0%)
1  ... 

Histogram: Extensions.NewTabPageOverrides2 recorded 1 samples, mean = 0.0 (flags = 0x41)
0  -O                                                                        (1 = 100.0%)
1  ... 

Histogram: Extensions.NonWebStoreNewTabPageOverrides recorded 1 samples, mean = 0.0 (flags = 0x41)
0  -O                                                                        (1 = 100.0%)
1  ... 

Histogram: Extensions.NonWebStoreNewTabPageOverrides2 recorded 1 samples, mean = 0.0 (flags = 0x41)
0  -O                                                                        (1 = 100.0%)
1  ... 

Histogram: Extensions.NonWebstoreLocation recorded 2 samples, mean = 5.0 (flags = 0x41)
0  ... 
5  --O                                                                       (2 = 100.0%) {0.0%}
6  ... 

Histogram: Extensions.NonWebstoreLocation2 recorded 2 samples, mean = 5.0 (flags = 0x41)
0  ... 
5  --O                                                                       (2 = 100.0%) {0.0%}
6  ... 

Histogram: Extensions.NonWebstoreLocationWithDeveloperModeOff.Enabled3 recorded 2 samples, mean = 5.0 (flags = 0x41)
0  ... 
5  --O                                                                       (2 = 100.0%) {0.0%}
6  ... 

Histogram: Extensions.NotAllowlistedDisabled recorded 1 samples, mean = 0.0 (flags = 0x41)
0  -O                                                                        (1 = 100.0%)
1  ... 

Histogram: Extensions.NotAllowlistedDisabled2 recorded 1 samples, mean = 0.0 (flags = 0x41)
0  -O                                                                        (1 = 100.0%)
1  ... 

Histogram: Extensions.NotAllowlistedEnabled recorded 1 samples, mean = 0.0 (flags = 0x41)
0  -O                                                                        (1 = 100.0%)
1  ... 

Histogram: Extensions.NotAllowlistedEnabled2 recorded 1 samples, mean = 0.0 (flags = 0x41)
0  -O                                                                        (1 = 100.0%)
1  ... 

Histogram: Extensions.ProcessManagerStartupHostsTime2 recorded 1 samples, mean = 0.0 (flags = 0x41)
0  -O                                                                        (1 = 100.0%)
1  ... 

Histogram: Extensions.SearchEngineOverrides recorded 1 samples, mean = 0.0 (flags = 0x41)
0  -O                                                                        (1 = 100.0%)
1  ... 

Histogram: Extensions.SearchEngineOverrides2 recorded 1 samples, mean = 0.0 (flags = 0x41)
0  -O                                                                        (1 = 100.0%)
1  ... 

Histogram: Extensions.StartupPagesOverrides recorded 1 samples, mean = 0.0 (flags = 0x41)
0  -O                                                                        (1 = 100.0%)
1  ... 

Histogram: Extensions.StartupPagesOverrides2 recorded 1 samples, mean = 0.0 (flags = 0x41)
0  -O                                                                        (1 = 100.0%)
1  ... 

Histogram: Extensions.WebRequestBlockingCount recorded 1 samples, mean = 0.0 (flags = 0x41)
0  -O                                                                        (1 = 100.0%)
1  ... 

Histogram: Extensions.WebRequestBlockingCount2 recorded 1 samples, mean = 0.0 (flags = 0x41)
0  -O                                                                        (1 = 100.0%)
1  ... 

Histogram: Extensions.WebRequestCount recorded 1 samples, mean = 0.0 (flags = 0x41)
0  -O                                                                        (1 = 100.0%)
1  ... 

Histogram: Extensions.WebRequestCount2 recorded 1 samples, mean = 0.0 (flags = 0x41)
0  -O                                                                        (1 = 100.0%)
1  ... 

Histogram: FetchKeepAlive.Renderer.Total.ReceivedResponse recorded 1 samples, mean = 1.0 (flags = 0x41)
0  O                                                                         (0 = 0.0%)
1  -O                                                                        (1 = 100.0%) {0.0%}
2  O                                                                         (0 = 0.0%) {100.0%}

Histogram: FetchKeepAlive.Renderer.Total.Started recorded 1 samples, mean = 1.0 (flags = 0x41)
0  O                                                                         (0 = 0.0%)
1  -O                                                                        (1 = 100.0%) {0.0%}
2  O                                                                         (0 = 0.0%) {100.0%}

Histogram: FetchKeepAlive.Requests2.Network recorded 2 samples, mean = 0.5 (flags = 0x41)
0  -O                                                                        (1 = 50.0%)
1  -O                                                                        (1 = 50.0%) {50.0%}
2  O                                                                         (0 = 0.0%) {100.0%}

Histogram: FetchKeepAlive.Requests2.SentToService.Renderer recorded 1 samples, mean = 2.0 (flags = 0x41)
0  ... 
2  -O                                                                        (1 = 100.0%) {0.0%}
3  ... 

Histogram: FetchKeepAlive.Requests2.Started.IsContextDetached.Renderer recorded 1 samples, mean = 0.0 (flags = 0x41)
0  -O                                                                        (1 = 100.0%)
1  ... 

Histogram: FetchKeepAlive.Requests2.Started.Renderer recorded 1 samples, mean = 1.0 (flags = 0x41)
0  O                                                                         (0 = 0.0%)
1  -O                                                                        (1 = 100.0%) {0.0%}
2  ... 

Histogram: FetchKeepAlive.Requests2.Succeeded.IsContextDetached.Renderer recorded 1 samples, mean = 0.0 (flags = 0x41)
0  -O                                                                        (1 = 100.0%)
1  ... 

Histogram: FetchKeepAlive.Requests2.Succeeded.Renderer recorded 1 samples, mean = 1.0 (flags = 0x41)
0  O                                                                         (0 = 0.0%)
1  -O                                                                        (1 = 100.0%) {0.0%}
2  ... 

Histogram: FetchKeepAlive.Requests2.Total.Renderer recorded 1 samples, mean = 1.0 (flags = 0x41)
0  O                                                                         (0 = 0.0%)
1  -O                                                                        (1 = 100.0%) {0.0%}
2  ... 

Histogram: FirstPartySets.Database.InitStatus recorded 1 samples, mean = 1.0 (flags = 0x41)
0  O                                                                         (0 = 0.0%)
1  -O                                                                        (1 = 100.0%) {0.0%}
2  ... 

Histogram: FirstPartySets.Database.TransactionFailed recorded 7 samples, mean = 0.0 (flags = 0x41)
0  -------O                                                                  (7 = 100.0%)
1  ... 

Histogram: FirstPartySets.Initialization.ClearSiteDataOutcome recorded 1 samples, mean = 1.0 (flags = 0x41)
0  O                                                                         (0 = 0.0%)
1  -O                                                                        (1 = 100.0%) {0.0%}
2  O                                                                         (0 = 0.0%) {100.0%}

Histogram: FirstPartySets.Initialization.SitesToClear.Count recorded 1 samples, mean = 0.0 (flags = 0x41)
0  -O                                                                        (1 = 100.0%)
1  ... 

Histogram: GPU.ANGLE.D3DShaderBlobSizeKB recorded 4 samples, mean = 0.5 (flags = 0x41)
0  ----O                                                                     (4 = 100.0%)
1000... 

Histogram: GPU.ANGLE.D3DShaderCompilationTimeUs recorded 4 samples, mean = 2913.2 (flags = 0x41)
0     ... 
1774  -O                                                                        (1 = 25.0%) {0.0%}
2336  -O                                                                        (1 = 25.0%) {25.0%}
3077  --O                                                                       (2 = 50.0%) {50.0%}
4053  ... 

Histogram: GPU.BlocklistFeatureTestResults.Accelerated2dCanvas recorded 1 samples, mean = 0.0 (flags = 0x41)
0  -O                                                                        (1 = 100.0%)
1  ... 

Histogram: GPU.BlocklistFeatureTestResults.GpuCompositing recorded 1 samples, mean = 0.0 (flags = 0x41)
0  -O                                                                        (1 = 100.0%)
1  ... 

Histogram: GPU.BlocklistFeatureTestResults.GpuRasterization recorded 1 samples, mean = 0.0 (flags = 0x41)
0  -O                                                                        (1 = 100.0%)
1  ... 

Histogram: GPU.BlocklistFeatureTestResults.Webgl recorded 1 samples, mean = 0.0 (flags = 0x41)
0  -O                                                                        (1 = 100.0%)
1  ... 

Histogram: GPU.BlocklistFeatureTestResults.Webgl2 recorded 1 samples, mean = 0.0 (flags = 0x41)
0  -O                                                                        (1 = 100.0%)
1  ... 

Histogram: GPU.BlocklistFeatureTestResults.Webgpu recorded 1 samples, mean = 2.0 (flags = 0x41)
0  ... 
2  -O                                                                        (1 = 100.0%) {0.0%}
3  ... 

Histogram: GPU.BlocklistTestResultsPerEntry recorded 1 samples, mean = 0.0 (flags = 0x41)
0  -O                                                                        (1 = 100.0%)
1  ... 

Histogram: GPU.CanvasOopRaster.OopRasterAndGpuAcceleration recorded 1 samples, mean = 0.0 (flags = 0x41)
0  -O                                                                        (1 = 100.0%)
1  ... 

Histogram: GPU.CompositingMode recorded 8 samples, mean = 1.0 (flags = 0x41)
0  O                                                                         (0 = 0.0%)
1  --------O                                                                 (8 = 100.0%) {0.0%}
2  ... 

Histogram: GPU.D3D12FeatureLevel recorded 1 samples, mean = 5.0 (flags = 0x41)
0  ... 
5  -O                                                                        (1 = 100.0%) {0.0%}
6  O                                                                         (0 = 0.0%) {100.0%}

Histogram: GPU.D3D12HighestShaderModel2 recorded 1 samples, mean = 9.0 (flags = 0x41)
0  ... 
9  -O                                                                        (1 = 100.0%) {0.0%}
10 O                                                                         (0 = 0.0%) {100.0%}

Histogram: GPU.DriverBugTestResultsPerEntry recorded 16 samples (flags = 0x41)
0    -O                                                                        (1 = 6.2%)
17   -O                                                                        (1 = 6.2%)
132  -O                                                                        (1 = 6.2%)
206  -O                                                                        (1 = 6.2%)
256  -O                                                                        (1 = 6.2%)
315  -O                                                                        (1 = 6.2%)
346  -O                                                                        (1 = 6.2%)
347  -O                                                                        (1 = 6.2%)
360  -O                                                                        (1 = 6.2%)
362  -O                                                                        (1 = 6.2%)
371  -O                                                                        (1 = 6.2%)
380  -O                                                                        (1 = 6.2%)
413  -O                                                                        (1 = 6.2%)
414  -O                                                                        (1 = 6.2%)
419  -O                                                                        (1 = 6.2%)
430  -O                                                                        (1 = 6.2%)

Histogram: GPU.EstablishGpuChannelSyncTime recorded 2 samples, mean = 207.0 (flags = 0x41)
0    ... 
20   -O                                                                        (1 = 50.0%) {0.0%}
24   ... 
378  -O                                                                        (1 = 50.0%) {50.0%}
449  ... 

Histogram: GPU.EstablishGpuChannelSyncTime.FirstRun recorded 2 samples, mean = 207.0 (flags = 0x41)
0    ... 
20   -O                                                                        (1 = 50.0%) {0.0%}
24   ... 
378  -O                                                                        (1 = 50.0%) {50.0%}
449  ... 

Histogram: GPU.GPUProcessLaunchTime recorded 2 samples, mean = 1448.5 (flags = 0x41)
0     ... 
318   -O                                                                        (1 = 50.0%) {0.0%}
378   ... 
2516  -O                                                                        (1 = 50.0%) {50.0%}
2990  ... 

Histogram: GPU.GPUProcessTerminationStatus2 recorded 1 samples, mean = 4.0 (flags = 0x41)
0  ... 
4  -O                                                                        (1 = 100.0%) {0.0%}
5  ... 

Histogram: GPU.HardwareAccelerationModeEnabled recorded 1 samples, mean = 1.0 (flags = 0x41)
0  O                                                                         (0 = 0.0%)
1  -O                                                                        (1 = 100.0%) {0.0%}
2  O                                                                         (0 = 0.0%) {100.0%}

Histogram: GPU.Output.HDR recorded 1 samples, mean = 0.0 (flags = 0x41)
0  -O                                                                        (1 = 100.0%)
1  ... 

Histogram: GPU.ProcessLifetimeEvents.HardwareAccelerated recorded 1 samples, mean = 0.0 (flags = 0x41)
0  -O                                                                        (1 = 100.0%)
1  ... 

Histogram: GPU.RasterDecoder.TimeToFlush recorded 3 samples, mean = 407.7 (flags = 0x41)
0    ... 
114  -O                                                                        (1 = 33.3%) {0.0%}
130  ... 
217  -O                                                                        (1 = 33.3%) {33.3%}
247  ... 
791  -O                                                                        (1 = 33.3%) {66.7%}
901  ... 

Histogram: GPU.SharedImage.BackingType recorded 5 samples, mean = 8.0 (flags = 0x41)
0   ... 
2   --O                                                                       (2 = 40.0%) {0.0%}
3   ... 
12  ---O                                                                      (3 = 60.0%) {40.0%}
13  ... 

Histogram: GPU.SharedImage.ContentConsumed recorded 15 samples, mean = 0.5 (flags = 0x41)
0  --------O                                                                 (8 = 53.3%)
1  -------O                                                                  (7 = 46.7%) {53.3%}
2  O                                                                         (0 = 0.0%) {100.0%}

Histogram: GPU.SkiaBackendType recorded 1 samples, mean = 2.0 (flags = 0x41)
0  ... 
2  -O                                                                        (1 = 100.0%) {0.0%}
3  ... 

Histogram: GPU.SupportsDX12 recorded 1 samples, mean = 1.0 (flags = 0x41)
0  O                                                                         (0 = 0.0%)
1  -O                                                                        (1 = 100.0%) {0.0%}
2  O                                                                         (0 = 0.0%) {100.0%}

Histogram: GPU.WatchdogThread.Event recorded 1 samples, mean = 0.0 (flags = 0x41)
0  -O                                                                        (1 = 100.0%)
1  ... 

Histogram: GPU.WatchdogThread.Event.main recorded 1 samples, mean = 0.0 (flags = 0x41)
0  -O                                                                        (1 = 100.0%)
1  ... 

Histogram: GPU.WatchdogThread.Timeout recorded 81 samples, mean = 0.0 (flags = 0x41)
0  ------------------------------------------------------------------------O (81 = 100.0%)
1  ... 

Histogram: GPU.WatchdogThread.Timeout.Normal recorded 81 samples, mean = 0.0 (flags = 0x41)
0  ------------------------------------------------------------------------O (81 = 100.0%)
1  ... 

Histogram: GPU.WatchdogThread.Timeout.Normal.main recorded 81 samples, mean = 0.0 (flags = 0x41)
0  ------------------------------------------------------------------------O (81 = 100.0%)
1  ... 

Histogram: GPU.WatchdogThread.Timeout.main recorded 81 samples, mean = 0.0 (flags = 0x41)
0  ------------------------------------------------------------------------O (81 = 100.0%)
1  ... 

Histogram: Gaia.AuthFetcher.ListAccounts.NetErrorCodes recorded 1 samples (flags = 0x41)
0  -O                                                                        (1 = 100.0%)

Histogram: Gpu.FenceHandle.CloneCountsPerSubmit recorded 6 samples, mean = 0.0 (flags = 0x41)
0  ------O                                                                   (6 = 100.0%)
1  ... 

Histogram: Gpu.GrCompileShaderUs recorded 4 samples, mean = 521.5 (flags = 0x41)
0     ... 
149   -O                                                                        (1 = 25.0%) {0.0%}
196   O                                                                         (0 = 0.0%) {25.0%}
258   -O                                                                        (1 = 25.0%) {25.0%}
340   O                                                                         (0 = 0.0%) {50.0%}
448   -O                                                                        (1 = 25.0%) {50.0%}
590   ... 
1023  -O                                                                        (1 = 25.0%) {75.0%}
1347  ... 

Histogram: Gpu.GrLinkProgramUs recorded 2 samples, mean = 6366.0 (flags = 0x41)
0     ... 
3077  -O                                                                        (1 = 50.0%) {0.0%}
4053  ... 
9260  -O                                                                        (1 = 50.0%) {50.0%}
12196 ... 

Histogram: Gpu.PassthroughProgramCacheLoadHitInCache recorded 2 samples, mean = 0.0 (flags = 0x41)
0  --O                                                                       (2 = 100.0%)
1  ... 

Histogram: Gpu.Rasterization.Raster.MSAASampleCountLog2 recorded 3 samples, mean = 0.0 (flags = 0x41)
0  ---O                                                                      (3 = 100.0%)
1  ... 

Histogram: HangWatcher.IsThreadHung.BrowserProcess.IOThread.Normal recorded 247 samples, mean = 0.0 (flags = 0x41)
0  ------------------------------------------------------------------------O (247 = 100.0%)
1  ... 

Histogram: HangWatcher.IsThreadHung.BrowserProcess.UIThread.Normal recorded 247 samples, mean = 0.0 (flags = 0x41)
0  ------------------------------------------------------------------------O (247 = 100.0%)
1  ... 

Histogram: HangWatcher.IsThreadHung.RendererProcess.IOThread recorded 245 samples, mean = 0.0 (flags = 0x41)
0  ------------------------------------------------------------------------O (245 = 100.0%)
1  ... 

Histogram: HangWatcher.IsThreadHung.RendererProcess.IOThread.BestEffort recorded 247 samples, mean = 0.0 (flags = 0x41)
0  ------------------------------------------------------------------------O (247 = 100.0%)
1  ... 

Histogram: HangWatcher.IsThreadHung.RendererProcess.MainThread recorded 245 samples, mean = 0.0 (flags = 0x41)
0  ------------------------------------------------------------------------O (245 = 100.0%)
1  ... 

Histogram: HangWatcher.IsThreadHung.RendererProcess.MainThread.BestEffort recorded 247 samples, mean = 0.0 (flags = 0x41)
0  ------------------------------------------------------------------------O (247 = 100.0%)
1  ... 

Histogram: HangWatcher.IsThreadHung.UtilityProcess.IOThread recorded 492 samples, mean = 0.0 (flags = 0x41)
0  ------------------------------------------------------------------------O (492 = 100.0%)
1  ... 

Histogram: HangWatcher.IsThreadHung.UtilityProcess.MainThread recorded 492 samples, mean = 0.0 (flags = 0x41)
0  ------------------------------------------------------------------------O (492 = 100.0%)
1  ... 

Histogram: HangWatcher.SleepDrift.BrowserProcess recorded 1231 samples, mean = 6.2 (flags = 0x41)
0   ------------------------------------------------------------------------O (279 = 22.7%)
1   --------------------O                                                     (76 = 6.2%) {22.7%}
2   ---------------O                                                          (59 = 4.8%) {28.8%}
3   -----------------O                                                        (66 = 5.4%) {33.6%}
4   -------------O                                                            (52 = 4.2%) {39.0%}
5   --------------O                                                           (56 = 4.5%) {43.2%}
6   --------------------O                                                     (77 = 6.3%) {47.8%}
7   -------------O                                                            (49 = 4.0%) {54.0%}
8   ---------------------------------O                                        (129 = 10.5%) {58.0%}
10  ---------------------------------O                                        (128 = 10.4%) {68.5%}
12  --------------------------------------O                                   (146 = 11.9%) {78.9%}
14  -----------------------------O                                            (114 = 9.3%) {90.7%}
17  ... 

Histogram: Hardware.Display.Count.OnStartup recorded 1 samples, mean = 2.0 (flags = 0x41)
0  ... 
2  -O                                                                        (1 = 100.0%) {0.0%}
3  ... 

Histogram: Hardware.Display.SupportsHDR recorded 3 samples, mean = 0.0 (flags = 0x41)
0  ---O                                                                      (3 = 100.0%)
1  ... 

Histogram: HeapProfiling.InProcess.Enabled recorded 1 samples, mean = 0.0 (flags = 0x41)
0  -O                                                                        (1 = 100.0%)
1  ... 

Histogram: HeapProfiling.InProcess.Enabled.Browser recorded 1 samples, mean = 0.0 (flags = 0x41)
0  -O                                                                        (1 = 100.0%)
1  ... 

Histogram: Histogram.TooManyBuckets.1000 recorded 4 samples (flags = 0x41)
-2140283801 --O                                                                       (2 = 50.0%)
1721222685  --O                                                                       (2 = 50.0%)

Histogram: History.Backend.TransactionCommitSuccess recorded 2 samples, mean = 1.0 (flags = 0x41)
0  O                                                                         (0 = 0.0%)
1  --O                                                                       (2 = 100.0%) {0.0%}
2  O                                                                         (0 = 0.0%) {100.0%}

Histogram: History.ClearBrowsingData.TaskQueueAtShutdown recorded 1 samples, mean = 0.0 (flags = 0x41)
0  -O                                                                        (1 = 100.0%)
1  ... 

Histogram: History.FaviconDatabaseSizeMB recorded 1 samples, mean = 0.0 (flags = 0x41)
0  -O                                                                        (1 = 100.0%)
1  ... 

Histogram: History.InMemoryDBItemCount recorded 1 samples, mean = 2.0 (flags = 0x41)
0  ... 
2  -O                                                                        (1 = 100.0%) {0.0%}
3  ... 

Histogram: History.TopSites.QueryFromHistoryTime recorded 1 samples, mean = 29.0 (flags = 0x41)
0   ... 
29  -O                                                                        (1 = 100.0%) {0.0%}
34  ... 

Histogram: History.VisitedLinks.HashTableLengthOnReaderInit recorded 3 samples, mean = 16381.0 (flags = 0x41)
0      ... 
14319  ---O                                                                      (3 = 100.0%) {0.0%}
19866  ... 

Histogram: History.VisitedLinks.HashTableSizeOnTableCreate recorded 2 samples, mean = 0.0 (flags = 0x41)
0  --O                                                                       (2 = 100.0%)
1  ... 

Histogram: History.VisitedLinks.HashTableUsageOnLinkAdded recorded 3 samples, mean = 2.7 (flags = 0x41)
0  -O                                                                        (1 = 33.3%)
1  ... 
4  --O                                                                       (2 = 66.7%) {33.3%}
6  ... 

Histogram: History.VisitedLinks.TryToAddFingerprint recorded 4 samples, mean = 0.8 (flags = 0x41)
0  -O                                                                        (1 = 25.0%)
1  ---O                                                                      (3 = 75.0%) {25.0%}
2  ... 

Histogram: History.VisitedLinks.VisitLoggedFromMainFrame recorded 3 samples, mean = 1.0 (flags = 0x41)
0  O                                                                         (0 = 0.0%)
1  ---O                                                                      (3 = 100.0%) {0.0%}
2  O                                                                         (0 = 0.0%) {100.0%}

Histogram: History.VisitedLinks.VisitLoggedFromTransition recorded 3 samples, mean = 1.7 (flags = 0x41)
0  O                                                                         (0 = 0.0%)
1  -O                                                                        (1 = 33.3%) {0.0%}
2  --O                                                                       (2 = 66.7%) {33.3%}
3  ... 

Histogram: HttpCache.AccessToDone2 recorded 50 samples, mean = 114.5 (flags = 0x41)
0     O                                                                         (0 = 0.0%)
1     -O                                                                        (1 = 2.0%) {0.0%}
2     -O                                                                        (1 = 2.0%) {2.0%}
3     -----O                                                                    (5 = 10.0%) {4.0%}
4     ---------O                                                                (9 = 18.0%) {14.0%}
5     -O                                                                        (1 = 2.0%) {32.0%}
6     --O                                                                       (2 = 4.0%) {34.0%}
7     --O                                                                       (2 = 4.0%) {38.0%}
8     ... 
13    --O                                                                       (2 = 4.0%) {42.0%}
14    --O                                                                       (2 = 4.0%) {46.0%}
15    -O                                                                        (1 = 2.0%) {50.0%}
16    ----O                                                                     (4 = 8.0%) {52.0%}
18    -O                                                                        (1 = 2.0%) {60.0%}
20    ----O                                                                     (4 = 8.0%) {62.0%}
22    --O                                                                       (2 = 4.0%) {70.0%}
24    ... 
28    ---O                                                                      (3 = 6.0%) {74.0%}
31    ... 
71    -O                                                                        (1 = 2.0%) {80.0%}
78    ... 
212   -O                                                                        (1 = 2.0%) {82.0%}
232   --O                                                                       (2 = 4.0%) {84.0%}
254   -O                                                                        (1 = 2.0%) {88.0%}
278   -O                                                                        (1 = 2.0%) {90.0%}
304   ... 
625   -O                                                                        (1 = 2.0%) {92.0%}
684   O                                                                         (0 = 0.0%) {94.0%}
748   -O                                                                        (1 = 2.0%) {94.0%}
818   O                                                                         (0 = 0.0%) {96.0%}
895   -O                                                                        (1 = 2.0%) {96.0%}
979   ... 
1535  -O                                                                        (1 = 2.0%) {98.0%}
1680  ... 

Histogram: HttpCache.AccessToDone2.SentRequest recorded 9 samples, mean = 578.3 (flags = 0x41)
0     ... 
212   -O                                                                        (1 = 11.1%) {0.0%}
232   --O                                                                       (2 = 22.2%) {11.1%}
254   -O                                                                        (1 = 11.1%) {33.3%}
278   -O                                                                        (1 = 11.1%) {44.4%}
304   ... 
625   -O                                                                        (1 = 11.1%) {55.6%}
684   O                                                                         (0 = 0.0%) {66.7%}
748   -O                                                                        (1 = 11.1%) {66.7%}
818   O                                                                         (0 = 0.0%) {77.8%}
895   -O                                                                        (1 = 11.1%) {77.8%}
979   ... 
1535  -O                                                                        (1 = 11.1%) {88.9%}
1680  ... 

Histogram: HttpCache.AccessToDone2.Used recorded 41 samples, mean = 12.7 (flags = 0x41)
0   O                                                                         (0 = 0.0%)
1   -O                                                                        (1 = 2.4%) {0.0%}
2   -O                                                                        (1 = 2.4%) {2.4%}
3   -----O                                                                    (5 = 12.2%) {4.9%}
4   ---------O                                                                (9 = 22.0%) {17.1%}
5   -O                                                                        (1 = 2.4%) {39.0%}
6   --O                                                                       (2 = 4.9%) {41.5%}
7   --O                                                                       (2 = 4.9%) {46.3%}
8   ... 
13  --O                                                                       (2 = 4.9%) {51.2%}
14  --O                                                                       (2 = 4.9%) {56.1%}
15  -O                                                                        (1 = 2.4%) {61.0%}
16  ---O                                                                      (3 = 7.3%) {63.4%}
17  -O                                                                        (1 = 2.4%) {70.7%}
18  O                                                                         (0 = 0.0%) {73.2%}
19  -O                                                                        (1 = 2.4%) {73.2%}
20  ----O                                                                     (4 = 9.8%) {75.6%}
21  O                                                                         (0 = 0.0%) {85.4%}
22  --O                                                                       (2 = 4.9%) {85.4%}
23  ... 
27  --O                                                                       (2 = 4.9%) {90.2%}
29  -O                                                                        (1 = 2.4%) {95.1%}
31  ... 
70  -O                                                                        (1 = 2.4%) {97.6%}
75  ... 

Histogram: HttpCache.AddTransactionToEntry recorded 50 samples, mean = 0.0 (flags = 0x41)
0  --------------------------------------------------O                       (50 = 100.0%)
1  ... 

Histogram: HttpCache.BeforeSend recorded 9 samples, mean = 0.1 (flags = 0x41)
0  --------O                                                                 (8 = 88.9%)
1  -O                                                                        (1 = 11.1%) {88.9%}
2  ... 

Histogram: HttpCache.BeforeSend.CantConditionalize recorded 2 samples, mean = 0.0 (flags = 0x41)
0  --O                                                                       (2 = 100.0%)
1  ... 

Histogram: HttpCache.BeforeSend.NotCached recorded 5 samples, mean = 0.2 (flags = 0x41)
0  ----O                                                                     (4 = 80.0%)
1  -O                                                                        (1 = 20.0%) {80.0%}
2  ... 

Histogram: HttpCache.BeforeSend.Validated recorded 2 samples, mean = 0.0 (flags = 0x41)
0  --O                                                                       (2 = 100.0%)
1  ... 

Histogram: HttpCache.CreateDiskEntry recorded 5 samples, mean = 0.2 (flags = 0x41)
0  ----O                                                                     (4 = 80.0%)
1  -O                                                                        (1 = 20.0%) {80.0%}
2  ... 

Histogram: HttpCache.HardReset recorded 1 samples, mean = 0.0 (flags = 0x40)
0  -O                                                                        (1 = 100.0%)
1  ... 

Histogram: HttpCache.IsNoStore recorded 50 samples, mean = 0.1 (flags = 0x41)
0  ---------------------------------------------O                            (45 = 90.0%)
1  -----O                                                                    (5 = 10.0%) {90.0%}
2  O                                                                         (0 = 0.0%) {100.0%}

Histogram: HttpCache.IsNoStore.MainFrameHTML recorded 1 samples, mean = 1.0 (flags = 0x41)
0  O                                                                         (0 = 0.0%)
1  -O                                                                        (1 = 100.0%) {0.0%}
2  O                                                                         (0 = 0.0%) {100.0%}

Histogram: HttpCache.MaxFileSizeOnInit recorded 1 samples, mean = 29296.0 (flags = 0x41)
0      ... 
28965  -O                                                                        (1 = 100.0%) {0.0%}
32969  ... 

Histogram: HttpCache.OpenDiskEntry recorded 45 samples, mean = 0.2 (flags = 0x41)
0  ----------------------------------O                                       (34 = 75.6%)
1  -----------O                                                              (11 = 24.4%) {75.6%}
2  ... 

Histogram: HttpCache.Pattern recorded 50 samples, mean = 3.1 (flags = 0x41)
0  ... 
2  -----O                                                                    (5 = 10.0%) {0.0%}
3  -----------------------------------------O                                (41 = 82.0%) {10.0%}
4  --O                                                                       (2 = 4.0%) {92.0%}
5  O                                                                         (0 = 0.0%) {96.0%}
6  --O                                                                       (2 = 4.0%) {96.0%}
7  O                                                                         (0 = 0.0%) {100.0%}

Histogram: HttpCache.Pattern.CSS recorded 9 samples, mean = 3.1 (flags = 0x41)
0  ... 
3  --------O                                                                 (8 = 88.9%) {0.0%}
4  -O                                                                        (1 = 11.1%) {88.9%}
5  ... 

Histogram: HttpCache.Pattern.CSSThirdParty recorded 9 samples, mean = 3.1 (flags = 0x41)
0  ... 
3  --------O                                                                 (8 = 88.9%) {0.0%}
4  -O                                                                        (1 = 11.1%) {88.9%}
5  ... 

Histogram: HttpCache.Pattern.Font recorded 5 samples, mean = 3.0 (flags = 0x41)
0  ... 
3  -----O                                                                    (5 = 100.0%) {0.0%}
4  ... 

Histogram: HttpCache.Pattern.FontThirdParty recorded 5 samples, mean = 3.0 (flags = 0x41)
0  ... 
3  -----O                                                                    (5 = 100.0%) {0.0%}
4  ... 

Histogram: HttpCache.Pattern.Image recorded 1 samples, mean = 2.0 (flags = 0x41)
0  ... 
2  -O                                                                        (1 = 100.0%) {0.0%}
3  ... 

Histogram: HttpCache.Pattern.JavaScript recorded 26 samples, mean = 3.0 (flags = 0x41)
0  ... 
3  --------------------------O                                               (26 = 100.0%) {0.0%}
4  ... 

Histogram: HttpCache.Pattern.JavaScriptThirdParty recorded 25 samples, mean = 3.0 (flags = 0x41)
0  ... 
3  -------------------------O                                                (25 = 100.0%) {0.0%}
4  ... 

Histogram: HttpCache.Pattern.MainFrameHTML recorded 1 samples, mean = 2.0 (flags = 0x41)
0  ... 
2  -O                                                                        (1 = 100.0%) {0.0%}
3  ... 

Histogram: HttpCache.Pattern.NonTinyImage recorded 1 samples, mean = 2.0 (flags = 0x41)
0  ... 
2  -O                                                                        (1 = 100.0%) {0.0%}
3  ... 

Histogram: HttpCache.TotalDiskCacheTimePerTransaction.Read recorded 4 samples, mean = 0.0 (flags = 0x41)
0  ----O                                                                     (4 = 100.0%)
1  ... 

Histogram: HttpCache.TotalDiskCacheTimePerTransaction.Write recorded 4 samples, mean = 0.0 (flags = 0x41)
0  ----O                                                                     (4 = 100.0%)
1  ... 

Histogram: ImageDecoder.Png.UiGfxIntoSkBitmap recorded 1 samples, mean = 142.0 (flags = 0x41)
0    ... 
113  -O                                                                        (1 = 100.0%) {0.0%}
149  ... 

Histogram: ImportantFile.FileReplaceRetryCount recorded 44 samples, mean = 0.0 (flags = 0x41)
0  --------------------------------------------O                             (44 = 100.0%)
1  ... 

Histogram: ImportantFile.SerializationDuration recorded 17 samples, mean = 0.0 (flags = 0x41)
0  -----------------O                                                        (17 = 100.0%)
1  ... 

Histogram: ImportantFile.SerializationDuration.Local_State recorded 4 samples, mean = 0.0 (flags = 0x41)
0  ----O                                                                     (4 = 100.0%)
1  ... 

Histogram: ImportantFile.SerializationDuration.Preferences recorded 3 samples, mean = 0.0 (flags = 0x41)
0  ---O                                                                      (3 = 100.0%)
1  ... 

Histogram: ImportantFile.SerializationDuration.TransportSecurityPersister recorded 17 samples, mean = 0.0 (flags = 0x41)
0  -----------------O                                                        (17 = 100.0%)
1  ... 

Histogram: ImportantFile.WriteDuration recorded 17 samples, mean = 11.6 (flags = 0x41)
0   ... 
4   -O                                                                        (1 = 5.9%) {0.0%}
5   --O                                                                       (2 = 11.8%) {5.9%}
6   --O                                                                       (2 = 11.8%) {17.6%}
7   --O                                                                       (2 = 11.8%) {29.4%}
8   ... 
12  --O                                                                       (2 = 11.8%) {41.2%}
14  ---O                                                                      (3 = 17.6%) {52.9%}
17  -----O                                                                    (5 = 29.4%) {70.6%}
20  ... 

Histogram: ImportantFile.WriteDuration.Local_State recorded 4 samples, mean = 16.5 (flags = 0x41)
0   ... 
8   -O                                                                        (1 = 25.0%) {0.0%}
10  ... 
14  --O                                                                       (2 = 50.0%) {25.0%}
17  ... 
24  -O                                                                        (1 = 25.0%) {75.0%}
29  ... 

Histogram: ImportantFile.WriteDuration.Preferences recorded 3 samples, mean = 10.0 (flags = 0x41)
0   ... 
6   -O                                                                        (1 = 33.3%) {0.0%}
7   O                                                                         (0 = 0.0%) {33.3%}
8   -O                                                                        (1 = 33.3%) {33.3%}
10  ... 
14  -O                                                                        (1 = 33.3%) {66.7%}
17  ... 

Histogram: ImportantFile.WriteDuration.SCTAuditing recorded 2 samples, mean = 13.0 (flags = 0x41)
0   ... 
5   -O                                                                        (1 = 50.0%) {0.0%}
6   ... 
20  -O                                                                        (1 = 50.0%) {50.0%}
24  ... 

Histogram: ImportantFile.WriteDuration.TransportSecurityPersister recorded 17 samples, mean = 13.8 (flags = 0x41)
0   ... 
5   -O                                                                        (1 = 5.9%) {0.0%}
6   ----O                                                                     (4 = 23.5%) {5.9%}
7   -O                                                                        (1 = 5.9%) {29.4%}
8   ... 
12  -O                                                                        (1 = 5.9%) {35.3%}
14  ------O                                                                   (6 = 35.3%) {41.2%}
17  ---O                                                                      (3 = 17.6%) {76.5%}
20  ... 
40  -O                                                                        (1 = 5.9%) {94.1%}
48  ... 

Histogram: ImportantFile.WriteDuration.TrustedVault recorded 1 samples, mean = 5.0 (flags = 0x41)
0  ... 
5  -O                                                                        (1 = 100.0%) {0.0%}
6  ... 

Histogram: InProductHelp.Config.ParsingEvent recorded 68 samples, mean = 6.4 (flags = 0x41)
0   -----------------------------O                                            (29 = 42.6%)
1   O                                                                         (0 = 0.0%) {42.6%}
2   ---------O                                                                (9 = 13.2%) {42.6%}
3   ... 
14  ------------------------------O                                           (30 = 44.1%) {55.9%}
15  ... 

Histogram: InProductHelp.Db.Init.AvailabilityStore recorded 1 samples, mean = 1.0 (flags = 0x41)
0  O                                                                         (0 = 0.0%)
1  -O                                                                        (1 = 100.0%) {0.0%}
2  O                                                                         (0 = 0.0%) {100.0%}

Histogram: InProductHelp.Db.Init.EventStore recorded 1 samples, mean = 1.0 (flags = 0x41)
0  O                                                                         (0 = 0.0%)
1  -O                                                                        (1 = 100.0%) {0.0%}
2  O                                                                         (0 = 0.0%) {100.0%}

Histogram: InProductHelp.Db.Load.AvailabilityStore recorded 1 samples, mean = 1.0 (flags = 0x41)
0  O                                                                         (0 = 0.0%)
1  -O                                                                        (1 = 100.0%) {0.0%}
2  O                                                                         (0 = 0.0%) {100.0%}

Histogram: InProductHelp.Db.Load.EventStore recorded 1 samples, mean = 1.0 (flags = 0x41)
0  O                                                                         (0 = 0.0%)
1  -O                                                                        (1 = 100.0%) {0.0%}
2  O                                                                         (0 = 0.0%) {100.0%}

Histogram: InProductHelp.Db.TotalEvents recorded 1 samples, mean = 0.0 (flags = 0x41)
0  -O                                                                        (1 = 100.0%)
1  ... 

Histogram: InProductHelp.Db.Update.AvailabilityStore recorded 1 samples, mean = 1.0 (flags = 0x41)
0  O                                                                         (0 = 0.0%)
1  -O                                                                        (1 = 100.0%) {0.0%}
2  O                                                                         (0 = 0.0%) {100.0%}

Histogram: IndexedDB.ContextShutdownDuration recorded 1 samples, mean = 1.0 (flags = 0x41)
0  O                                                                         (0 = 0.0%)
1  -O                                                                        (1 = 100.0%) {0.0%}
2  ... 

Histogram: Input.Digitizer.MaxTouchPoints.Touch recorded 1 samples, mean = 10.0 (flags = 0x41)
0   ... 
10  -O                                                                        (1 = 100.0%) {0.0%}
11  ... 

Histogram: Input.Digitizer.MaxTouchPointsSupportedBySystemAtStartup recorded 1 samples, mean = 10.0 (flags = 0x41)
0   ... 
10  -O                                                                        (1 = 100.0%) {0.0%}
11  ... 

Histogram: Input.Digitizer.OnStartup recorded 1 samples, mean = 3.0 (flags = 0x41)
0  ... 
3  -O                                                                        (1 = 100.0%) {0.0%}
4  ... 

Histogram: Input.PointerTypePrimary recorded 1 samples, mean = 2.0 (flags = 0x41)
0  ... 
2  -O                                                                        (1 = 100.0%) {0.0%}
3  O                                                                         (0 = 0.0%) {100.0%}

Histogram: Input.PointerTypesAll recorded 1 samples, mean = 3.0 (flags = 0x41)
0  ... 
3  -O                                                                        (1 = 100.0%) {0.0%}
4  O                                                                         (0 = 0.0%) {100.0%}

Histogram: LanguageDetection.TFLiteModel.WasModelRequestDeferred recorded 2 samples, mean = 1.0 (flags = 0x41)
0  O                                                                         (0 = 0.0%)
1  --O                                                                       (2 = 100.0%) {0.0%}
2  O                                                                         (0 = 0.0%) {100.0%}

Histogram: LanguageUsage.AcceptLanguage recorded 2 samples (flags = 0x41)
25966  -O                                                                        (1 = 50.0%)
27503  -O                                                                        (1 = 50.0%)

Histogram: LanguageUsage.AcceptLanguage.Count recorded 1 samples, mean = 2.0 (flags = 0x41)
0  ... 
2  -O                                                                        (1 = 100.0%) {0.0%}
3  ... 

Histogram: LanguageUsage.AcceptLanguageAndContentLanguageUsage recorded 1 samples, mean = 0.0 (flags = 0x41)
0  -O                                                                        (1 = 100.0%)
1  ... 

Histogram: LanguageUsage.AcceptLanguageAndXmlHtmlLangUsage recorded 1 samples, mean = 7.0 (flags = 0x41)
0  ... 
7  -O                                                                        (1 = 100.0%) {0.0%}
8  O                                                                         (0 = 0.0%) {100.0%}

Histogram: LevelDB.ApproximateMemTableMemoryUse.BudgetManager recorded 0 samples (flags = 0x41)
0 ... 

Histogram: LevelDB.ApproximateMemTableMemoryUse.CartDatabase recorded 0 samples (flags = 0x41)
0 ... 

Histogram: LevelDB.ApproximateMemTableMemoryUse.ClientCertificatesDatabase recorded 0 samples (flags = 0x41)
0 ... 

Histogram: LevelDB.ApproximateMemTableMemoryUse.CommerceParcelTrackingDatabase recorded 0 samples (flags = 0x41)
0 ... 

Histogram: LevelDB.ApproximateMemTableMemoryUse.CommerceSubscriptionDatabase recorded 0 samples (flags = 0x41)
0 ... 

Histogram: LevelDB.ApproximateMemTableMemoryUse.CouponDatabase recorded 0 samples (flags = 0x41)
0 ... 

Histogram: LevelDB.ApproximateMemTableMemoryUse.DiscountsDatabase recorded 0 samples (flags = 0x41)
0 ... 

Histogram: LevelDB.ApproximateMemTableMemoryUse.DownloadDB recorded 0 samples (flags = 0x41)
0 ... 

Histogram: LevelDB.ApproximateMemTableMemoryUse.DownloadService recorded 0 samples (flags = 0x41)
0 ... 

Histogram: LevelDB.ApproximateMemTableMemoryUse.FeatureEngagementTrackerAvailabilityStore recorded 0 samples (flags = 0x41)
0 ... 

Histogram: LevelDB.ApproximateMemTableMemoryUse.FeatureEngagementTrackerEventStore recorded 0 samples (flags = 0x41)
0 ... 

Histogram: LevelDB.ApproximateMemTableMemoryUse.Metadata recorded 1 samples, mean = 4104.0 (flags = 0x41)
0  O                                                                         (0 = 0.0%)
1  -O                                                                        (1 = 100.0%) {0.0%}
270601... 

Histogram: LevelDB.ApproximateMemTableMemoryUse.PersistentOriginTrials recorded 0 samples (flags = 0x41)
0 ... 

Histogram: LevelDB.ApproximateMemTableMemoryUse.PreviewsHintCacheStore recorded 0 samples (flags = 0x41)
0 ... 

Histogram: LevelDB.ApproximateMemTableMemoryUse.SegmentInfoDatabase recorded 0 samples (flags = 0x41)
0 ... 

Histogram: LevelDB.ApproximateMemTableMemoryUse.SharedProtoDB recorded 1 samples, mean = 20520.0 (flags = 0x41)
0  O                                                                         (0 = 0.0%)
1  -O                                                                        (1 = 100.0%) {0.0%}
270601... 

Histogram: LevelDB.ApproximateMemTableMemoryUse.SignalDatabase recorded 0 samples (flags = 0x41)
0 ... 

Histogram: LevelDB.ApproximateMemTableMemoryUse.SignalStorageConfigDatabase recorded 0 samples (flags = 0x41)
0 ... 

Histogram: LevelDB.ApproximateMemTableMemoryUse.StrikeService recorded 0 samples (flags = 0x41)
0 ... 

Histogram: LevelDBEnv.DeleteTableBackupFile recorded 0 samples (flags = 0x41)
0 ... 

Histogram: LevelDBEnv.SyncResult recorded 20 samples, mean = 0.0 (flags = 0x41)
0  --------------------O                                                     (20 = 100.0%)
1  ... 

Histogram: LevelDBWrapper.CommitDelay recorded 2 samples, mean = 5000.0 (flags = 0x41)
0     ... 
4516  --O                                                                       (2 = 100.0%) {0.0%}
6118  ... 

Histogram: LoadingPredictor.PreconnectCount recorded 1 samples, mean = 1.0 (flags = 0x41)
0  O                                                                         (0 = 0.0%)
1  -O                                                                        (1 = 100.0%) {0.0%}
2  ... 

Histogram: LoadingPredictor.PreconnectHitsPercentage recorded 1 samples, mean = 100.0 (flags = 0x41)
0    ... 
100  -O                                                                        (1 = 100.0%) {0.0%}
101  O                                                                         (0 = 0.0%) {100.0%}

Histogram: LoadingPredictor.PreconnectLearningCount.Navigation recorded 1 samples, mean = 4.0 (flags = 0x41)
0  ... 
4  -O                                                                        (1 = 100.0%) {0.0%}
5  ... 

Histogram: LoadingPredictor.PreconnectLearningPrecision.Navigation recorded 1 samples, mean = 75.0 (flags = 0x41)
0   ... 
75  -O                                                                        (1 = 100.0%) {0.0%}
76  ... 

Histogram: LoadingPredictor.PreconnectLearningRecall.Navigation recorded 1 samples, mean = 75.0 (flags = 0x41)
0   ... 
75  -O                                                                        (1 = 100.0%) {0.0%}
76  ... 

Histogram: LoadingPredictor.PreconnectLearningRedirectStatus.Navigation recorded 1 samples, mean = 0.0 (flags = 0x41)
0  -O                                                                        (1 = 100.0%)
1  ... 

Histogram: LoadingPredictor.PredictorDatabaseFileSize recorded 1 samples, mean = 44.0 (flags = 0x41)
0   ... 
37  -O                                                                        (1 = 100.0%) {0.0%}
49  ... 

Histogram: LoadingPredictor.PreresolveCount recorded 1 samples, mean = 1.0 (flags = 0x41)
0  O                                                                         (0 = 0.0%)
1  -O                                                                        (1 = 100.0%) {0.0%}
2  ... 

Histogram: LoadingPredictor.PreresolveHitsPercentage recorded 1 samples, mean = 100.0 (flags = 0x41)
0    ... 
100  -O                                                                        (1 = 100.0%) {0.0%}
101  O                                                                         (0 = 0.0%) {100.0%}

Histogram: LocalStorage.MojoSizeInKB recorded 1 samples, mean = 1.0 (flags = 0x41)
0  O                                                                         (0 = 0.0%)
1  -O                                                                        (1 = 100.0%) {0.0%}
2  ... 

Histogram: LocalStorage.MojoTimeToPrime recorded 1 samples, mean = 0.0 (flags = 0x41)
0  -O                                                                        (1 = 100.0%)
1  ... 

Histogram: LocalStorage.MojoTimeToPrimeForUnder100KB recorded 1 samples, mean = 0.0 (flags = 0x41)
0  -O                                                                        (1 = 100.0%)
1  ... 

Histogram: LocalStorage.RendererAreaCacheHit recorded 2 samples, mean = 1.0 (flags = 0x41)
0  -O                                                                        (1 = 50.0%)
1  O                                                                         (0 = 0.0%) {50.0%}
2  -O                                                                        (1 = 50.0%) {50.0%}
3  O                                                                         (0 = 0.0%) {100.0%}

Histogram: LocalStorageContext.ShutDown.MaybeDroppedChanges recorded 1 samples, mean = 0.0 (flags = 0x40)
0  -O                                                                        (1 = 100.0%)
1  ... 

Histogram: MPArch.ChildProcessLaunchFirst recorded 1 samples, mean = 43.0 (flags = 0x41)
0   ... 
40  -O                                                                        (1 = 100.0%) {0.0%}
48  ... 

Histogram: MPArch.ChildProcessLaunchSubsequent recorded 7 samples, mean = 8.1 (flags = 0x41)
0   ... 
6   --O                                                                       (2 = 28.6%) {0.0%}
7   -O                                                                        (1 = 14.3%) {28.6%}
8   ---O                                                                      (3 = 42.9%) {42.9%}
10  -O                                                                        (1 = 14.3%) {85.7%}
12  ... 

Histogram: ManagedUsers.BlockedIframeCount recorded 1 samples, mean = 0.0 (flags = 0x41)
0  -O                                                                        (1 = 100.0%)
1  ... 

Histogram: Manifest.HasProperty.description recorded 1 samples, mean = 0.0 (flags = 0x41)
0  -O                                                                        (1 = 100.0%)
1  ... 

Histogram: Manifest.HasProperty.display recorded 1 samples, mean = 1.0 (flags = 0x41)
0  O                                                                         (0 = 0.0%)
1  -O                                                                        (1 = 100.0%) {0.0%}
2  O                                                                         (0 = 0.0%) {100.0%}

Histogram: Manifest.HasProperty.gcm_sender_id recorded 1 samples, mean = 0.0 (flags = 0x41)
0  -O                                                                        (1 = 100.0%)
1  ... 

Histogram: Manifest.HasProperty.icons recorded 1 samples, mean = 1.0 (flags = 0x41)
0  O                                                                         (0 = 0.0%)
1  -O                                                                        (1 = 100.0%) {0.0%}
2  O                                                                         (0 = 0.0%) {100.0%}

Histogram: Manifest.HasProperty.name recorded 1 samples, mean = 1.0 (flags = 0x41)
0  O                                                                         (0 = 0.0%)
1  -O                                                                        (1 = 100.0%) {0.0%}
2  O                                                                         (0 = 0.0%) {100.0%}

Histogram: Manifest.HasProperty.orientation recorded 1 samples, mean = 0.0 (flags = 0x41)
0  -O                                                                        (1 = 100.0%)
1  ... 

Histogram: Manifest.HasProperty.protocol_handlers recorded 1 samples, mean = 0.0 (flags = 0x41)
0  -O                                                                        (1 = 100.0%)
1  ... 

Histogram: Manifest.HasProperty.screenshots recorded 1 samples, mean = 0.0 (flags = 0x41)
0  -O                                                                        (1 = 100.0%)
1  ... 

Histogram: Manifest.HasProperty.share_target recorded 1 samples, mean = 0.0 (flags = 0x41)
0  -O                                                                        (1 = 100.0%)
1  ... 

Histogram: Manifest.HasProperty.short_name recorded 1 samples, mean = 1.0 (flags = 0x41)
0  O                                                                         (0 = 0.0%)
1  -O                                                                        (1 = 100.0%) {0.0%}
2  O                                                                         (0 = 0.0%) {100.0%}

Histogram: Manifest.HasProperty.start_url recorded 1 samples, mean = 1.0 (flags = 0x41)
0  O                                                                         (0 = 0.0%)
1  -O                                                                        (1 = 100.0%) {0.0%}
2  O                                                                         (0 = 0.0%) {100.0%}

Histogram: Manifest.ParseIdResult recorded 1 samples, mean = 1.0 (flags = 0x41)
0  O                                                                         (0 = 0.0%)
1  -O                                                                        (1 = 100.0%) {0.0%}
2  ... 

Histogram: Media.GPU.VideoDecoderType recorded 1 samples, mean = 11.0 (flags = 0x41)
0   ... 
11  -O                                                                        (1 = 100.0%) {0.0%}
12  ... 

Histogram: Media.MediaHistory.DatabaseExists recorded 1 samples, mean = 0.0 (flags = 0x41)
0  -O                                                                        (1 = 100.0%)
1  ... 

Histogram: MediaRouter.Cast.Discovery.ConnectedDevicesCount recorded 1 samples, mean = 0.0 (flags = 0x41)
0  -O                                                                        (1 = 100.0%)
1  ... 

Histogram: MediaRouter.Cast.Discovery.KnownDevicesCount recorded 1 samples, mean = 0.0 (flags = 0x41)
0  -O                                                                        (1 = 100.0%)
1  ... 

Histogram: MediaRouter.Dial.AvailableDevicesCount recorded 1 samples, mean = 0.0 (flags = 0x41)
0  -O                                                                        (1 = 100.0%)
1  ... 

Histogram: MediaRouter.Dial.KnownDevicesCount recorded 1 samples, mean = 0.0 (flags = 0x41)
0  -O                                                                        (1 = 100.0%)
1  ... 

Histogram: Memory.Discardable.FreelistSize.Foreground recorded 4 samples, mean = 0.0 (flags = 0x41)
0  ----O                                                                     (4 = 100.0%)
1  ... 

Histogram: Memory.Discardable.Size.Foreground recorded 4 samples, mean = 0.0 (flags = 0x41)
0  ----O                                                                     (4 = 100.0%)
1  ... 

Histogram: Memory.Discardable.VirtualSize.Foreground recorded 4 samples, mean = 0.0 (flags = 0x41)
0  ----O                                                                     (4 = 100.0%)
1  ... 

Histogram: Memory.Experimental.AvailableMemoryMB recorded 20 samples, mean = 5928.1 (flags = 0x41)
0     ... 
3617  -O                                                                        (1 = 5.0%) {0.0%}
3994  ... 
4869  -----O                                                                    (5 = 25.0%) {5.0%}
5376  ----O                                                                     (4 = 20.0%) {30.0%}
5936  ----O                                                                     (4 = 20.0%) {50.0%}
6554  ------O                                                                   (6 = 30.0%) {70.0%}
7237  ... 

Histogram: Memory.Experimental.AvailableMemoryPercent recorded 20 samples, mean = 17.9 (flags = 0x41)
0   ... 
12  -O                                                                        (1 = 5.0%) {0.0%}
13  ... 
15  -O                                                                        (1 = 5.0%) {5.0%}
16  ----O                                                                     (4 = 20.0%) {10.0%}
17  ---O                                                                      (3 = 15.0%) {30.0%}
18  -O                                                                        (1 = 5.0%) {45.0%}
19  ----O                                                                     (4 = 20.0%) {50.0%}
20  ----O                                                                     (4 = 20.0%) {70.0%}
21  --O                                                                       (2 = 10.0%) {90.0%}
22  ... 

Histogram: Memory.Experimental.Renderer.HighestPrivateMemoryFootprint.0to2min recorded 1 samples, mean = 84.0 (flags = 0x41)
0   ... 
84  -O                                                                        (1 = 100.0%) {0.0%}
95  ... 

Histogram: Memory.Experimental.Renderer.HighestPrivateMemoryFootprint.2to4min recorded 1 samples, mean = 67.0 (flags = 0x41)
0   ... 
67  -O                                                                        (1 = 100.0%) {0.0%}
75  ... 

Histogram: Memory.Experimental.Renderer.HighestPrivateMemoryFootprint.4to8min recorded 1 samples, mean = 67.0 (flags = 0x41)
0   ... 
67  -O                                                                        (1 = 100.0%) {0.0%}
75  ... 

Histogram: Memory.Experimental.Renderer.HighestPrivateMemoryFootprint.8to16min recorded 1 samples, mean = 67.0 (flags = 0x41)
0   ... 
67  -O                                                                        (1 = 100.0%) {0.0%}
75  ... 

Histogram: Memory.GPU.PeakMemoryAllocationSource2.PageLoad.SharedContextState recorded 1 samples, mean = 0.0 (flags = 0x41)
0  -O                                                                        (1 = 100.0%)
1  ... 

Histogram: Memory.GPU.PeakMemoryAllocationSource2.PageLoad.SharedImageStub recorded 1 samples, mean = 0.0 (flags = 0x41)
0  -O                                                                        (1 = 100.0%)
1  ... 

Histogram: Memory.GPU.PeakMemoryAllocationSource2.PageLoad.Skia recorded 1 samples, mean = 0.0 (flags = 0x41)
0  -O                                                                        (1 = 100.0%)
1  ... 

Histogram: Memory.GPU.PeakMemoryUsage2.PageLoad recorded 1 samples, mean = 0.0 (flags = 0x41)
0  -O                                                                        (1 = 100.0%)
1  ... 

Histogram: Memory.ParkableString.Compression.Latency recorded 18 samples, mean = 7903.8 (flags = 0x41)
0      ---O                                                                      (3 = 16.7%)
500    ... 
584    -O                                                                        (1 = 5.6%) {16.7%}
631    ... 
737    -O                                                                        (1 = 5.6%) {22.2%}
796    ... 
1728   -O                                                                        (1 = 5.6%) {27.8%}
1867   ... 
2181   -O                                                                        (1 = 5.6%) {33.3%}
2357   ... 
2974   ---O                                                                      (3 = 16.7%) {38.9%}
3214   -O                                                                        (1 = 5.6%) {55.6%}
3473   ... 
6981   -O                                                                        (1 = 5.6%) {61.1%}
7544   ... 
11119  -O                                                                        (1 = 5.6%) {66.7%}
12016  ... 
14032  -O                                                                        (1 = 5.6%) {72.2%}
15164  ... 
20681  ---O                                                                      (3 = 16.7%) {77.8%}
22349  O                                                                         (0 = 0.0%) {94.4%}
24152  -O                                                                        (1 = 5.6%) {94.4%}
26100  ... 

Histogram: Memory.ParkableString.Compression.SizeKb recorded 18 samples, mean = 267.0 (flags = 0x41)
0    ... 
14   -O                                                                        (1 = 5.6%) {0.0%}
16   ... 
20   -O                                                                        (1 = 5.6%) {5.6%}
23   O                                                                         (0 = 0.0%) {11.1%}
26   -O                                                                        (1 = 5.6%) {11.1%}
29   -O                                                                        (1 = 5.6%) {16.7%}
33   ... 
60   -O                                                                        (1 = 5.6%) {22.2%}
67   -O                                                                        (1 = 5.6%) {27.8%}
75   O                                                                         (0 = 0.0%) {33.3%}
84   -O                                                                        (1 = 5.6%) {33.3%}
95   O                                                                         (0 = 0.0%) {38.9%}
107  -O                                                                        (1 = 5.6%) {38.9%}
120  O                                                                         (0 = 0.0%) {44.4%}
135  -O                                                                        (1 = 5.6%) {44.4%}
152  O                                                                         (0 = 0.0%) {50.0%}
171  --O                                                                       (2 = 11.1%) {50.0%}
192  -O                                                                        (1 = 5.6%) {61.1%}
216  ... 
307  -O                                                                        (1 = 5.6%) {66.7%}
345  -O                                                                        (1 = 5.6%) {72.2%}
388  ... 
554  -O                                                                        (1 = 5.6%) {77.8%}
623  O                                                                         (0 = 0.0%) {83.3%}
701  -O                                                                        (1 = 5.6%) {83.3%}
789  --O                                                                       (2 = 11.1%) {88.9%}
888  ... 

Histogram: Memory.ParkableString.Decompression.Latency recorded 3 samples, mean = 654.0 (flags = 0x41)
0     -O                                                                        (1 = 33.3%)
500   O                                                                         (0 = 0.0%) {33.3%}
540   -O                                                                        (1 = 33.3%) {33.3%}
584   ... 
1268  -O                                                                        (1 = 33.3%) {66.7%}
1370  ... 

Histogram: Memory.ParkableString.Decompression.ThroughputMBps recorded 3 samples, mean = 215.0 (flags = 0x41)
0    ... 
120  -O                                                                        (1 = 33.3%) {0.0%}
135  ... 
192  -O                                                                        (1 = 33.3%) {33.3%}
216  ... 
307  -O                                                                        (1 = 33.3%) {66.7%}
345  ... 

Histogram: Memory.ParkableString.DiskReadTime.5min recorded 1 samples, mean = 0.0 (flags = 0x41)
0  -O                                                                        (1 = 100.0%)
1  ... 

Histogram: Memory.ParkableString.DiskWriteTime.5min recorded 1 samples, mean = 6.0 (flags = 0x41)
0  ... 
6  -O                                                                        (1 = 100.0%) {0.0%}
7  ... 

Histogram: Memory.ParkableString.OnDiskSizeKb.5min recorded 1 samples, mean = 952.0 (flags = 0x41)
0    ... 
896  -O                                                                        (1 = 100.0%) {0.0%}
1122 ... 

Histogram: Memory.ParkableString.Read.Latency recorded 3 samples, mean = 131.3 (flags = 0x41)
0  ---O                                                                      (3 = 100.0%)
500... 

Histogram: Memory.ParkableString.TotalParkingThreadTime.5min recorded 1 samples, mean = 110.0 (flags = 0x41)
0   ... 
96  -O                                                                        (1 = 100.0%) {0.0%}
114 ... 

Histogram: Memory.ParkableString.TotalUnparkingTime.5min recorded 1 samples, mean = 0.0 (flags = 0x41)
0  -O                                                                        (1 = 100.0%)
1  ... 

Histogram: Memory.PartitionAlloc.MemoryReclaim recorded 2409 samples, mean = 358.5 (flags = 0x41)
0     ... 
49    O                                                                         (2 = 0.1%) {0.0%}
65    --------------O                                                           (123 = 5.1%) {0.1%}
86    ----------------------------------O                                       (310 = 12.9%) {5.2%}
113   --------------------------O                                               (237 = 9.8%) {18.1%}
149   ------------------------O                                                 (218 = 9.0%) {27.9%}
196   -------------------O                                                      (173 = 7.2%) {36.9%}
258   -----------------------O                                                  (203 = 8.4%) {44.1%}
340   ---------------------O                                                    (190 = 7.9%) {52.6%}
448   ------------------------------------------------------------------------O (649 = 26.9%) {60.4%}
590   ------------------O                                                       (159 = 6.6%) {87.4%}
777   ----------O                                                               (86 = 3.6%) {94.0%}
1023  ------O                                                                   (57 = 2.4%) {97.6%}
1347  O                                                                         (2 = 0.1%) {99.9%}
1774  ... 

Histogram: Memory.PartitionAlloc.PartitionRoot.ExtrasSize recorded 1 samples, mean = 4.0 (flags = 0x41)
0  ... 
4  -O                                                                        (1 = 100.0%) {0.0%}
5  ... 

Histogram: Memory.PartitionAlloc.PeriodicPurge recorded 287 samples, mean = 36.9 (flags = 0x41)
0    ... 
5    -----O                                                                    (5 = 1.7%) {0.0%}
7    ----------O                                                               (10 = 3.5%) {1.7%}
9    -----------------O                                                        (17 = 5.9%) {5.2%}
12   ------------------------O                                                 (24 = 8.4%) {11.1%}
16   -----------------------------------------------O                          (47 = 16.4%) {19.5%}
21   -----------------------------------------------------O                    (53 = 18.5%) {35.9%}
28   -----------------------------------------------O                          (47 = 16.4%) {54.4%}
37   -------------------------------O                                          (31 = 10.8%) {70.7%}
49   ----------------------O                                                   (22 = 7.7%) {81.5%}
65   ------------O                                                             (12 = 4.2%) {89.2%}
86   -------O                                                                  (7 = 2.4%) {93.4%}
113  ----O                                                                     (4 = 1.4%) {95.8%}
149  -----O                                                                    (5 = 1.7%) {97.2%}
196  -O                                                                        (1 = 0.3%) {99.0%}
258  O                                                                         (0 = 0.0%) {99.3%}
340  --O                                                                       (2 = 0.7%) {99.3%}
448  ... 

Histogram: Memory.PressureLevel2 recorded 2470 samples, mean = 0.0 (flags = 0x41)
0  ------------------------------------------------------------------------O (2470 = 100.0%)
1  ... 

Histogram: Mojo.Channel.WriteReceiveMessageProcessType recorded 4 samples, mean = 2.0 (flags = 0x41)
0  --O                                                                       (2 = 50.0%)
1  O                                                                         (0 = 0.0%) {50.0%}
2  -O                                                                        (1 = 25.0%) {50.0%}
3  ... 
6  -O                                                                        (1 = 25.0%) {75.0%}
7  ... 

Histogram: NQE.ContentObserver.NetworkQualityMeaningfullyChanged recorded 14 samples, mean = 0.4 (flags = 0x40)
0  --------O                                                                 (8 = 57.1%)
1  ------O                                                                   (6 = 42.9%) {57.1%}
2  O                                                                         (0 = 0.0%) {100.0%}

Histogram: NQE.RTT.Error.Absolute recorded 44 samples, mean = 39.9 (flags = 0x41)
0    --O                                                                       (2 = 4.5%)
1    O                                                                         (0 = 0.0%) {4.5%}
2    --O                                                                       (2 = 4.5%) {4.5%}
3    O                                                                         (0 = 0.0%) {9.1%}
4    --O                                                                       (2 = 4.5%) {9.1%}
5    O                                                                         (0 = 0.0%) {13.6%}
6    -O                                                                        (1 = 2.3%) {13.6%}
7    O                                                                         (0 = 0.0%) {15.9%}
8    --O                                                                       (2 = 4.5%) {15.9%}
10   --O                                                                       (2 = 4.5%) {20.5%}
12   -O                                                                        (1 = 2.3%) {25.0%}
14   -O                                                                        (1 = 2.3%) {27.3%}
17   -----O                                                                    (5 = 11.4%) {29.5%}
20   --O                                                                       (2 = 4.5%) {40.9%}
24   O                                                                         (0 = 0.0%) {45.5%}
29   ---O                                                                      (3 = 6.8%) {45.5%}
34   -------O                                                                  (7 = 15.9%) {52.3%}
40   ---O                                                                      (3 = 6.8%) {68.2%}
48   ---O                                                                      (3 = 6.8%) {75.0%}
57   ----O                                                                     (4 = 9.1%) {81.8%}
68   O                                                                         (0 = 0.0%) {90.9%}
81   -O                                                                        (1 = 2.3%) {90.9%}
96   ... 
160  -O                                                                        (1 = 2.3%) {93.2%}
190  --O                                                                       (2 = 4.5%) {95.5%}
226  ... 

Histogram: NQE.RTT.Error.IsZero recorded 44 samples, mean = 0.0 (flags = 0x41)
0  --------------------------------------------O                             (44 = 100.0%)
1  ... 

Histogram: NQE.RTT.Error.Negative recorded 14 samples, mean = 25.7 (flags = 0x41)
0   ... 
4   --O                                                                       (2 = 14.3%) {0.0%}
5   O                                                                         (0 = 0.0%) {14.3%}
6   -O                                                                        (1 = 7.1%) {14.3%}
7   ... 
10  -O                                                                        (1 = 7.1%) {21.4%}
12  ... 
17  -O                                                                        (1 = 7.1%) {28.6%}
20  --O                                                                       (2 = 14.3%) {35.7%}
24  ... 
34  -----O                                                                    (5 = 35.7%) {50.0%}
40  --O                                                                       (2 = 14.3%) {85.7%}
48  ... 

Histogram: NQE.RTT.Error.Positive recorded 30 samples, mean = 46.5 (flags = 0x41)
0    --O                                                                       (2 = 6.7%)
1    O                                                                         (0 = 0.0%) {6.7%}
2    --O                                                                       (2 = 6.7%) {6.7%}
3    ... 
8    --O                                                                       (2 = 6.7%) {13.3%}
10   -O                                                                        (1 = 3.3%) {20.0%}
12   -O                                                                        (1 = 3.3%) {23.3%}
14   -O                                                                        (1 = 3.3%) {26.7%}
17   ----O                                                                     (4 = 13.3%) {30.0%}
20   ... 
29   ---O                                                                      (3 = 10.0%) {43.3%}
34   --O                                                                       (2 = 6.7%) {53.3%}
40   -O                                                                        (1 = 3.3%) {60.0%}
48   ---O                                                                      (3 = 10.0%) {63.3%}
57   ----O                                                                     (4 = 13.3%) {73.3%}
68   O                                                                         (0 = 0.0%) {86.7%}
81   -O                                                                        (1 = 3.3%) {86.7%}
96   ... 
160  -O                                                                        (1 = 3.3%) {90.0%}
190  --O                                                                       (2 = 6.7%) {93.3%}
226  ... 

Histogram: NQE.RTT.HittingThreshold.EndToEnd.FallbackSuccess recorded 12 samples, mean = 0.0 (flags = 0x41)
0  ------------O                                                             (12 = 100.0%)
1  ... 

Histogram: NQE.RTT.HittingThreshold.Transport.FallbackSuccess recorded 1 samples, mean = 0.0 (flags = 0x41)
0  -O                                                                        (1 = 100.0%)
1  ... 

Histogram: NQE.RTT.ObservationSource recorded 116 samples, mean = 1.4 (flags = 0x41)
0  --------------------------------------------O                             (44 = 37.9%)
1  O                                                                         (0 = 0.0%) {37.9%}
2  ----------------------------------------------------------------O         (64 = 55.2%) {37.9%}
3  ---O                                                                      (3 = 2.6%) {93.1%}
4  -O                                                                        (1 = 0.9%) {95.7%}
5  O                                                                         (0 = 0.0%) {96.6%}
6  ---O                                                                      (3 = 2.6%) {96.6%}
7  -O                                                                        (1 = 0.9%) {99.1%}
8  ... 

Histogram: NQE.RTT.OnECTComputation recorded 37 samples, mean = 120.4 (flags = 0x41)
0    ... 
34   ---O                                                                      (3 = 8.1%) {0.0%}
40   ... 
96   -----------O                                                              (11 = 29.7%) {8.1%}
114  ------------O                                                             (12 = 32.4%) {37.8%}
135  -------O                                                                  (7 = 18.9%) {70.3%}
160  ----O                                                                     (4 = 10.8%) {89.2%}
190  ... 

Histogram: NQE.RenderThreadNotified recorded 16 samples, mean = 1.0 (flags = 0x40)
0  O                                                                         (0 = 0.0%)
1  ----------------O                                                         (16 = 100.0%) {0.0%}
2  O                                                                         (0 = 0.0%) {100.0%}

Histogram: NQE.TransportRTT.OnECTComputation recorded 36 samples, mean = 53.2 (flags = 0x41)
0    ... 
12   ----O                                                                     (4 = 11.1%) {0.0%}
14   ... 
40   --------O                                                                 (8 = 22.2%) {11.1%}
48   --------------O                                                           (14 = 38.9%) {33.3%}
57   -----O                                                                    (5 = 13.9%) {72.2%}
68   -O                                                                        (1 = 2.8%) {86.1%}
81   --O                                                                       (2 = 5.6%) {88.9%}
96   O                                                                         (0 = 0.0%) {94.4%}
114  --O                                                                       (2 = 5.6%) {94.4%}
135  ... 

Histogram: Navigation.BeginNavigationImpl.MainFrame recorded 2 samples, mean = 0.0 (flags = 0x41)
0  --O                                                                       (2 = 100.0%)
1  ... 

Histogram: Navigation.BrowserInitiatedSessionHistoryCount recorded 1 samples, mean = 0.0 (flags = 0x41)
0  -O                                                                        (1 = 100.0%)
1  ... 

Histogram: Navigation.CommitRenderFrame recorded 1 samples, mean = 8.0 (flags = 0x41)
0  ... 
8  -O                                                                        (1 = 100.0%) {0.0%}
10 ... 

Histogram: Navigation.CommitToCompositorCreation recorded 1 samples, mean = 291.0 (flags = 0x41)
0    ... 
288  -O                                                                        (1 = 100.0%) {0.0%}
375  ... 

Histogram: Navigation.CompositorRequestedBeforeCommit2 recorded 1 samples, mean = 0.0 (flags = 0x41)
0  -O                                                                        (1 = 100.0%)
1  ... 

Histogram: Navigation.CompositorRequestedBeforeSwapRFH2 recorded 1 samples, mean = 0.0 (flags = 0x41)
0  -O                                                                        (1 = 100.0%)
1  ... 

Histogram: Navigation.CreateSpeculativeRFH recorded 1 samples, mean = 6.0 (flags = 0x41)
0  ... 
6  -O                                                                        (1 = 100.0%) {0.0%}
7  ... 

Histogram: Navigation.DidCommitSameDocumentNavigation.Duration recorded 1 samples, mean = 1.0 (flags = 0x41)
0  O                                                                         (0 = 0.0%)
1  -O                                                                        (1 = 100.0%) {0.0%}
2  ... 

Histogram: Navigation.DidStartLoading.MainFrame recorded 3 samples, mean = 0.0 (flags = 0x41)
0  ---O                                                                      (3 = 100.0%)
1  ... 

Histogram: Navigation.DidStartLoading.Subframe recorded 2 samples, mean = 0.0 (flags = 0x41)
0  --O                                                                       (2 = 100.0%)
1  ... 

Histogram: Navigation.EarlyRenderFrameHostSwapType recorded 6 samples, mean = 0.0 (flags = 0x41)
0  ------O                                                                   (6 = 100.0%)
1  ... 

Histogram: Navigation.EngagementTime.HTTPS recorded 1 samples, mean = 2468205.0 (flags = 0x41)
0        ... 
2341034  -O                                                                        (1 = 100.0%) {0.0%}
2702128  ... 

Histogram: Navigation.GetFrameHostForNavigation recorded 4 samples, mean = 5.0 (flags = 0x41)
0   --O                                                                       (2 = 50.0%)
1   ... 
7   -O                                                                        (1 = 25.0%) {50.0%}
8   ... 
12  -O                                                                        (1 = 25.0%) {75.0%}
14  ... 

Histogram: Navigation.GetFrameHostForNavigationTime.InDidCreateNavigationRequest.IsHTTPOrHTTPS recorded 3 samples, mean = 4628.0 (flags = 0x41)
0      ... 
76     -O                                                                        (1 = 33.3%) {0.0%}
105    O                                                                         (0 = 0.0%) {33.3%}
146    -O                                                                        (1 = 33.3%) {33.3%}
203    ... 
10321  -O                                                                        (1 = 33.3%) {66.7%}
14319  ... 

Histogram: Navigation.IsGuest recorded 1 samples, mean = 0.0 (flags = 0x41)
0  -O                                                                        (1 = 100.0%)
1  ... 

Histogram: Navigation.IsLockedProcess recorded 1 samples, mean = 1.0 (flags = 0x41)
0  O                                                                         (0 = 0.0%)
1  -O                                                                        (1 = 100.0%) {0.0%}
2  O                                                                         (0 = 0.0%) {100.0%}

Histogram: Navigation.IsLockedProcess.HTTPOrHTTPS recorded 1 samples, mean = 1.0 (flags = 0x41)
0  O                                                                         (0 = 0.0%)
1  -O                                                                        (1 = 100.0%) {0.0%}
2  O                                                                         (0 = 0.0%) {100.0%}

Histogram: Navigation.IsProcessBackgrounded.OnCommit recorded 1 samples, mean = 0.0 (flags = 0x41)
0  -O                                                                        (1 = 100.0%)
1  ... 

Histogram: Navigation.IsProcessBackgrounded.OnDOMContentLoaded recorded 1 samples, mean = 0.0 (flags = 0x41)
0  -O                                                                        (1 = 100.0%)
1  ... 

Histogram: Navigation.IsSameBrowsingInstance recorded 1 samples, mean = 0.0 (flags = 0x41)
0  -O                                                                        (1 = 100.0%)
1  ... 

Histogram: Navigation.IsSameSiteInstance recorded 1 samples, mean = 0.0 (flags = 0x41)
0  -O                                                                        (1 = 100.0%)
1  ... 

Histogram: Navigation.IsSameSiteInstance.MainFrame recorded 1 samples, mean = 0.0 (flags = 0x41)
0  -O                                                                        (1 = 100.0%)
1  ... 

Histogram: Navigation.LoaderCreateToRequestStart.MainFrame recorded 1 samples, mean = 0.0 (flags = 0x41)
0  -O                                                                        (1 = 100.0%)
1  ... 

Histogram: Navigation.MainFrame.FrameCount recorded 1 samples, mean = 2.0 (flags = 0x41)
0  ... 
2  -O                                                                        (1 = 100.0%) {0.0%}
3  ... 

Histogram: Navigation.MainFrame.MaxFrameCount recorded 3 samples, mean = 2.0 (flags = 0x41)
0  O                                                                         (0 = 0.0%)
1  -O                                                                        (1 = 33.3%) {0.0%}
2  -O                                                                        (1 = 33.3%) {33.3%}
3  -O                                                                        (1 = 33.3%) {66.7%}
4  ... 

Histogram: Navigation.MainFrame.NewNavigation.IgnoreRestore.IsHTTPOrHTTPS.BeginNavigationToLoaderStart.Time2 recorded 1 samples, mean = 1.0 (flags = 0x41)
0  O                                                                         (0 = 0.0%)
1  -O                                                                        (1 = 100.0%) {0.0%}
2  ... 

Histogram: Navigation.MainFrame.NewNavigation.IgnoreRestore.IsHTTPOrHTTPS.FetchStart.Time2 recorded 1 samples, mean = 27.0 (flags = 0x41)
0   ... 
24  -O                                                                        (1 = 100.0%) {0.0%}
29  ... 

Histogram: Navigation.MainFrame.NewNavigation.IgnoreRestore.IsHTTPOrHTTPS.LoaderStartToFetchStart.Time2 recorded 1 samples, mean = 418.0 (flags = 0x41)
0    ... 
378  -O                                                                        (1 = 100.0%) {0.0%}
449  ... 

Histogram: Navigation.MainFrame.NewNavigation.IgnoreRestore.IsHTTPOrHTTPS.LoaderStartToReceiveResponse.Time2 recorded 1 samples, mean = 825.0 (flags = 0x41)
0    ... 
752  -O                                                                        (1 = 100.0%) {0.0%}
894  ... 

Histogram: Navigation.MainFrame.NewNavigation.IgnoreRestore.IsHTTPOrHTTPS.NavigationStartToBeginNavigation.Time2 recorded 1 samples, mean = 2401.0 (flags = 0x41)
0     ... 
2117  -O                                                                        (1 = 100.0%) {0.0%}
2516  ... 

Histogram: Navigation.MainFrame.NewNavigation.IgnoreRestore.IsHTTPOrHTTPS.ReceiveHeaders.Time2 recorded 1 samples, mean = 261.0 (flags = 0x41)
0    ... 
226  -O                                                                        (1 = 100.0%) {0.0%}
268  ... 

Histogram: Navigation.MainFrame.NewNavigation.IgnoreRestore.IsHTTPOrHTTPS.ReceiveHeadersToReceiveResponse.Time2 recorded 1 samples, mean = 117.0 (flags = 0x41)
0    ... 
114  -O                                                                        (1 = 100.0%) {0.0%}
135  ... 

Histogram: Navigation.MainFrame.NewNavigation.IgnoreRestore.IsHTTPOrHTTPS.ReceiveResponseToCommitNavigation.Time2 recorded 1 samples, mean = 11.0 (flags = 0x41)
0   ... 
10  -O                                                                        (1 = 100.0%) {0.0%}
12  ... 

Histogram: Navigation.MainFrame.RendererInitiated.InitiatorFramePresentAtStart recorded 1 samples, mean = 0.0 (flags = 0x41)
0  -O                                                                        (1 = 100.0%)
1  ... 

Histogram: Navigation.MainFrame.SiteEngagementLevel recorded 1 samples, mean = 2.0 (flags = 0x41)
0  ... 
2  -O                                                                        (1 = 100.0%) {0.0%}
3  ... 

Histogram: Navigation.MainFrame.ThirdPartyCookieBlockingEnabled recorded 2 samples, mean = 0.0 (flags = 0x41)
0  --O                                                                       (2 = 100.0%)
1  ... 

Histogram: Navigation.MainFrameHasRTLDomain2 recorded 2 samples, mean = 0.0 (flags = 0x41)
0  --O                                                                       (2 = 100.0%)
1  ... 

Histogram: Navigation.MainFrameHasRTLDomainDifferentPage2 recorded 1 samples, mean = 0.0 (flags = 0x41)
0  -O                                                                        (1 = 100.0%)
1  ... 

Histogram: Navigation.MainFrameProfileType2 recorded 2 samples, mean = 0.0 (flags = 0x41)
0  --O                                                                       (2 = 100.0%)
1  ... 

Histogram: Navigation.MainFrameScheme2 recorded 2 samples, mean = 2.0 (flags = 0x41)
0  ... 
2  --O                                                                       (2 = 100.0%) {0.0%}
3  ... 

Histogram: Navigation.MainFrameSchemeDifferentPage2 recorded 1 samples, mean = 2.0 (flags = 0x41)
0  ... 
2  -O                                                                        (1 = 100.0%) {0.0%}
3  ... 

Histogram: Navigation.OnBeforeUnloadOverheadTime recorded 2 samples, mean = 1206.0 (flags = 0x41)
0     ... 
10    -O                                                                        (1 = 50.0%) {0.0%}
12    ... 
2117  -O                                                                        (1 = 50.0%) {50.0%}
2516  ... 

Histogram: Navigation.OnBeforeUnloadTotalTime recorded 2 samples, mean = 0.0 (flags = 0x41)
0  --O                                                                       (2 = 100.0%)
1  ... 

Histogram: Navigation.OriginAgentCluster.Result recorded 1 samples, mean = 9.0 (flags = 0x41)
0  ... 
9  -O                                                                        (1 = 100.0%) {0.0%}
10 O                                                                         (0 = 0.0%) {100.0%}

Histogram: Navigation.PendingCommit.DidBlockGetFrameHostForNavigation.Regular recorded 1 samples, mean = 0.0 (flags = 0x41)
0  -O                                                                        (1 = 100.0%)
1  ... 

Histogram: Navigation.PendingCommit.Duration.Regular recorded 1 samples, mean = 270.0 (flags = 0x41)
0    ... 
268  -O                                                                        (1 = 100.0%) {0.0%}
318  ... 

Histogram: Navigation.Preconnect.PreresolveJobQueueLength recorded 14 samples, mean = 0.5 (flags = 0x41)
0  -------O                                                                  (7 = 50.0%)
1  -------O                                                                  (7 = 50.0%) {50.0%}
2  ... 

Histogram: Navigation.Preconnect.PreresolveJobQueueingTime recorded 7 samples, mean = 0.0 (flags = 0x41)
0  -------O                                                                  (7 = 100.0%)
1  ... 

Histogram: Navigation.Preconnect.ProxyLookupCallbackQueueingTime recorded 7 samples, mean = 208.0 (flags = 0x41)
0    -O                                                                        (1 = 14.3%)
1    ... 
29   --O                                                                       (2 = 28.6%) {14.3%}
34   ... 
268  --O                                                                       (2 = 28.6%) {42.9%}
318  O                                                                         (0 = 0.0%) {71.4%}
378  --O                                                                       (2 = 28.6%) {71.4%}
449  ... 

Histogram: Navigation.Preconnect.ProxyLookupLatency recorded 7 samples, mean = 570.4 (flags = 0x41)
0     O                                                                         (0 = 0.0%)
1     -O                                                                        (1 = 14.3%) {0.0%}
2     ... 
29    --O                                                                       (2 = 28.6%) {14.3%}
34    ... 
318   --O                                                                       (2 = 28.6%) {42.9%}
378   -O                                                                        (1 = 14.3%) {71.4%}
449   ... 
2516  -O                                                                        (1 = 14.3%) {85.7%}
2990  ... 

Histogram: Navigation.Preconnect.ResolveHostCallbackQueueingTime recorded 7 samples, mean = 47.7 (flags = 0x41)
0    ... 
2    ----O                                                                     (4 = 57.1%) {0.0%}
3    ... 
10   -O                                                                        (1 = 14.3%) {57.1%}
12   ... 
20   -O                                                                        (1 = 14.3%) {71.4%}
24   ... 
268  -O                                                                        (1 = 14.3%) {85.7%}
318  ... 

Histogram: Navigation.Preconnect.ResolveHostLatency recorded 7 samples, mean = 69.4 (flags = 0x41)
0    ... 
2    --O                                                                       (2 = 28.6%) {0.0%}
3    --O                                                                       (2 = 28.6%) {28.6%}
4    ... 
29   -O                                                                        (1 = 14.3%) {57.1%}
34   ... 
114  -O                                                                        (1 = 14.3%) {71.4%}
135  ... 
318  -O                                                                        (1 = 14.3%) {85.7%}
378  ... 

Histogram: Navigation.ProcessNavigationThrottlesTime.WillStartRequest.MainFrame recorded 2 samples, mean = 0.0 (flags = 0x41)
0  --O                                                                       (2 = 100.0%)
1  ... 

Histogram: Navigation.QueueTime.OnReceiveResponse.MainFrame recorded 1 samples, mean = 112.0 (flags = 0x41)
0   ... 
96  -O                                                                        (1 = 100.0%) {0.0%}
114 ... 

Histogram: Navigation.ReadyToCommitUntilCommit2 recorded 1 samples, mean = 270.0 (flags = 0x41)
0    ... 
220  -O                                                                        (1 = 100.0%) {0.0%}
280  ... 

Histogram: Navigation.ReadyToCommitUntilCommit2.ForegroundProcessPriority recorded 1 samples, mean = 270.0 (flags = 0x41)
0    ... 
220  -O                                                                        (1 = 100.0%) {0.0%}
280  ... 

Histogram: Navigation.ReadyToCommitUntilCommit2.NewNavigation recorded 1 samples, mean = 270.0 (flags = 0x41)
0    ... 
220  -O                                                                        (1 = 100.0%) {0.0%}
280  ... 

Histogram: Navigation.RegisterNavigationThrottlesTime.MainFrame recorded 2 samples, mean = 0.0 (flags = 0x41)
0  --O                                                                       (2 = 100.0%)
1  ... 

Histogram: Navigation.RenderFrameDelete recorded 1 samples, mean = 2.0 (flags = 0x41)
0  ... 
2  -O                                                                        (1 = 100.0%) {0.0%}
3  ... 

Histogram: Navigation.RenderFrameHostConstructor recorded 4 samples, mean = 0.0 (flags = 0x41)
0  ----O                                                                     (4 = 100.0%)
1  ... 

Histogram: Navigation.RenderFrameHostDestructor recorded 4 samples, mean = 1.2 (flags = 0x41)
0  -O                                                                        (1 = 25.0%)
1  --O                                                                       (2 = 50.0%) {25.0%}
2  O                                                                         (0 = 0.0%) {75.0%}
3  -O                                                                        (1 = 25.0%) {75.0%}
4  ... 

Histogram: Navigation.RenderViewHostConstructor recorded 2 samples, mean = 0.0 (flags = 0x41)
0  --O                                                                       (2 = 100.0%)
1  ... 

Histogram: Navigation.RenderViewHostDestructor recorded 2 samples, mean = 0.5 (flags = 0x41)
0  -O                                                                        (1 = 50.0%)
1  -O                                                                        (1 = 50.0%) {50.0%}
2  ... 

Histogram: Navigation.RenderWidgetHostConstructor recorded 2 samples, mean = 0.0 (flags = 0x41)
0  --O                                                                       (2 = 100.0%)
1  ... 

Histogram: Navigation.RenderWidgetHostDestructor recorded 2 samples, mean = 0.0 (flags = 0x41)
0  --O                                                                       (2 = 100.0%)
1  ... 

Histogram: Navigation.RendererCommitDelay.MainFrame recorded 1 samples, mean = 7.0 (flags = 0x41)
0  ... 
7  -O                                                                        (1 = 100.0%) {0.0%}
8  ... 

Histogram: Navigation.RendererCommitQueueTime.MainFrame recorded 1 samples, mean = 6.0 (flags = 0x41)
0  ... 
6  -O                                                                        (1 = 100.0%) {0.0%}
7  ... 

Histogram: Navigation.RendererDidNavigateTime.MainFrame recorded 1 samples, mean = 0.0 (flags = 0x41)
0  -O                                                                        (1 = 100.0%)
1  ... 

Histogram: Navigation.RendererDidNavigateTime.Subframe recorded 2 samples, mean = 0.0 (flags = 0x41)
0  --O                                                                       (2 = 100.0%)
1  ... 

Histogram: Navigation.RequiresDedicatedProcess recorded 1 samples, mean = 1.0 (flags = 0x41)
0  O                                                                         (0 = 0.0%)
1  -O                                                                        (1 = 100.0%) {0.0%}
2  O                                                                         (0 = 0.0%) {100.0%}

Histogram: Navigation.RequiresDedicatedProcess.HTTPOrHTTPS recorded 1 samples, mean = 1.0 (flags = 0x41)
0  O                                                                         (0 = 0.0%)
1  -O                                                                        (1 = 100.0%) {0.0%}
2  O                                                                         (0 = 0.0%) {100.0%}

Histogram: Navigation.SameDocumentNavigationWithScreenshot recorded 1 samples, mean = 0.0 (flags = 0x41)
0  -O                                                                        (1 = 100.0%)
1  ... 

Histogram: Navigation.SendCommitNavigationTime.MainFrame recorded 1 samples, mean = 0.0 (flags = 0x41)
0  -O                                                                        (1 = 100.0%)
1  ... 

Histogram: Navigation.StartToCommit recorded 3 samples, mean = 1168.7 (flags = 0x41)
0     --O                                                                       (2 = 66.7%)
1     ... 
3069  -O                                                                        (1 = 33.3%) {66.7%}
3900  ... 

Histogram: Navigation.StartToCommit.CrossProcess recorded 1 samples, mean = 3506.0 (flags = 0x41)
0     ... 
3069  -O                                                                        (1 = 100.0%) {0.0%}
3900  ... 

Histogram: Navigation.StartToCommit.CrossProcess.ForegroundProcessPriority recorded 1 samples, mean = 3506.0 (flags = 0x41)
0     ... 
3069  -O                                                                        (1 = 100.0%) {0.0%}
3900  ... 

Histogram: Navigation.StartToCommit.CrossProcess.MainFrame recorded 1 samples, mean = 3506.0 (flags = 0x41)
0     ... 
3069  -O                                                                        (1 = 100.0%) {0.0%}
3900  ... 

Histogram: Navigation.StartToCommit.CrossProcess.MainFrame.ForegroundProcessPriority recorded 1 samples, mean = 3506.0 (flags = 0x41)
0     ... 
3069  -O                                                                        (1 = 100.0%) {0.0%}
3900  ... 

Histogram: Navigation.StartToCommit.CrossProcess.MainFrame.NewNavigation recorded 1 samples, mean = 3506.0 (flags = 0x41)
0     ... 
3069  -O                                                                        (1 = 100.0%) {0.0%}
3900  ... 

Histogram: Navigation.StartToCommit.CrossProcess.NewNavigation recorded 1 samples, mean = 3506.0 (flags = 0x41)
0     ... 
3069  -O                                                                        (1 = 100.0%) {0.0%}
3900  ... 

Histogram: Navigation.StartToCommit.ForegroundProcessPriority recorded 3 samples, mean = 1168.7 (flags = 0x41)
0     --O                                                                       (2 = 66.7%)
1     ... 
3069  -O                                                                        (1 = 33.3%) {66.7%}
3900  ... 

Histogram: Navigation.StartToCommit.MainFrame recorded 1 samples, mean = 3506.0 (flags = 0x41)
0     ... 
3069  -O                                                                        (1 = 100.0%) {0.0%}
3900  ... 

Histogram: Navigation.StartToCommit.MainFrame.ForegroundProcessPriority recorded 1 samples, mean = 3506.0 (flags = 0x41)
0     ... 
3069  -O                                                                        (1 = 100.0%) {0.0%}
3900  ... 

Histogram: Navigation.StartToCommit.MainFrame.NewNavigation recorded 1 samples, mean = 3506.0 (flags = 0x41)
0     ... 
3069  -O                                                                        (1 = 100.0%) {0.0%}
3900  ... 

Histogram: Navigation.StartToCommit.NewNavigation recorded 3 samples, mean = 1168.7 (flags = 0x41)
0     --O                                                                       (2 = 66.7%)
1     ... 
3069  -O                                                                        (1 = 33.3%) {66.7%}
3900  ... 

Histogram: Navigation.StartToCommit.SameProcess recorded 2 samples, mean = 0.0 (flags = 0x41)
0  --O                                                                       (2 = 100.0%)
1  ... 

Histogram: Navigation.StartToCommit.SameProcess.ForegroundProcessPriority recorded 2 samples, mean = 0.0 (flags = 0x41)
0  --O                                                                       (2 = 100.0%)
1  ... 

Histogram: Navigation.StartToCommit.SameProcess.NewNavigation recorded 2 samples, mean = 0.0 (flags = 0x41)
0  --O                                                                       (2 = 100.0%)
1  ... 

Histogram: Navigation.StartToCommit.SameProcess.Subframe recorded 2 samples, mean = 0.0 (flags = 0x41)
0  --O                                                                       (2 = 100.0%)
1  ... 

Histogram: Navigation.StartToCommit.SameProcess.Subframe.ForegroundProcessPriority recorded 2 samples, mean = 0.0 (flags = 0x41)
0  --O                                                                       (2 = 100.0%)
1  ... 

Histogram: Navigation.StartToCommit.SameProcess.Subframe.NewNavigation recorded 2 samples, mean = 0.0 (flags = 0x41)
0  --O                                                                       (2 = 100.0%)
1  ... 

Histogram: Navigation.StartToCommit.Subframe recorded 2 samples, mean = 0.0 (flags = 0x41)
0  --O                                                                       (2 = 100.0%)
1  ... 

Histogram: Navigation.StartToCommit.Subframe.ForegroundProcessPriority recorded 2 samples, mean = 0.0 (flags = 0x41)
0  --O                                                                       (2 = 100.0%)
1  ... 

Histogram: Navigation.StartToCommit.Subframe.NewNavigation recorded 2 samples, mean = 0.0 (flags = 0x41)
0  --O                                                                       (2 = 100.0%)
1  ... 

Histogram: Navigation.SuddenTerminationDisabler.AllOrigins recorded 1 samples, mean = 13.0 (flags = 0x41)
0   ... 
13  -O                                                                        (1 = 100.0%) {0.0%}
14  ... 

Histogram: Navigation.SuddenTerminationDisabler.SameOrigin recorded 1 samples, mean = 13.0 (flags = 0x41)
0   ... 
13  -O                                                                        (1 = 100.0%) {0.0%}
14  ... 

Histogram: Navigation.SwapRFHToCompositorCreation recorded 1 samples, mean = 25.0 (flags = 0x41)
0   ... 
21  -O                                                                        (1 = 100.0%) {0.0%}
27  ... 

Histogram: Navigation.ThrottleCount recorded 2 samples, mean = 20.0 (flags = 0x41)
0   ... 
20  --O                                                                       (2 = 100.0%) {0.0%}
21  ... 

Histogram: Navigation.ThrottleEventDurationTime.WillProcessResponse recorded 1 samples, mean = 0.0 (flags = 0x41)
0  -O                                                                        (1 = 100.0%)
1  ... 

Histogram: Navigation.ThrottleEventDurationTime.WillStartRequest recorded 2 samples, mean = 0.0 (flags = 0x41)
0  --O                                                                       (2 = 100.0%)
1  ... 

Histogram: Navigation.ThrottleEventExecutionTime.WillProcessResponse recorded 1 samples, mean = 0.0 (flags = 0x41)
0  -O                                                                        (1 = 100.0%)
1  ... 

Histogram: Navigation.ThrottleEventExecutionTime.WillStartRequest recorded 2 samples, mean = 0.0 (flags = 0x41)
0  --O                                                                       (2 = 100.0%)
1  ... 

Histogram: Navigation.ThrottleExecutionTime.WillProcessResponse recorded 20 samples, mean = 0.0 (flags = 0x41)
0  --------------------O                                                     (20 = 100.0%)
1  ... 

Histogram: Navigation.ThrottleExecutionTime.WillStartRequest recorded 40 samples, mean = 0.0 (flags = 0x41)
0  ----------------------------------------O                                 (40 = 100.0%)
1  ... 

Histogram: Navigation.ThrottleTotalDeferCount recorded 5 samples, mean = 0.0 (flags = 0x41)
0  -----O                                                                    (5 = 100.0%)
1  ... 

Histogram: Navigation.ThrottleTotalDeferCount.Request recorded 5 samples, mean = 0.0 (flags = 0x41)
0  -----O                                                                    (5 = 100.0%)
1  ... 

Histogram: Navigation.ThrottleTotalDeferTime recorded 5 samples, mean = 0.0 (flags = 0x41)
0  -----O                                                                    (5 = 100.0%)
1  ... 

Histogram: Navigation.ThrottleTotalDeferTime.Request recorded 5 samples, mean = 0.0 (flags = 0x41)
0  -----O                                                                    (5 = 100.0%)
1  ... 

Histogram: Navigation.Throttles.PolicyBlocklist.DeferDurationTime recorded 2 samples, mean = 0.0 (flags = 0x41)
0  --O                                                                       (2 = 100.0%)
1  ... 

Histogram: Navigation.Throttles.PolicyBlocklist.RequestThrottleAction recorded 2 samples, mean = 2.5 (flags = 0x41)
0  O                                                                         (0 = 0.0%)
1  -O                                                                        (1 = 50.0%) {0.0%}
2  ... 
4  -O                                                                        (1 = 50.0%) {50.0%}
5  ... 

Histogram: Navigation.Throttles.PolicyBlocklist.RequestToResponseTime recorded 1 samples, mean = 0.0 (flags = 0x41)
0  -O                                                                        (1 = 100.0%)
1  ... 

Histogram: Navigation.TimeToReadyToCommit2 recorded 1 samples, mean = 3236.0 (flags = 0x41)
0     ... 
3069  -O                                                                        (1 = 100.0%) {0.0%}
3900  ... 

Histogram: Navigation.TimeToReadyToCommit2.CrossProcess recorded 1 samples, mean = 3236.0 (flags = 0x41)
0     ... 
3069  -O                                                                        (1 = 100.0%) {0.0%}
3900  ... 

Histogram: Navigation.TimeToReadyToCommit2.CrossProcess.NewNavigation recorded 1 samples, mean = 3236.0 (flags = 0x41)
0     ... 
3069  -O                                                                        (1 = 100.0%) {0.0%}
3900  ... 

Histogram: Navigation.TimeToReadyToCommit2.MainFrame recorded 1 samples, mean = 3236.0 (flags = 0x41)
0     ... 
3069  -O                                                                        (1 = 100.0%) {0.0%}
3900  ... 

Histogram: Navigation.TimeToReadyToCommit2.MainFrame.NewNavigation recorded 1 samples, mean = 3236.0 (flags = 0x41)
0     ... 
3069  -O                                                                        (1 = 100.0%) {0.0%}
3900  ... 

Histogram: Navigation.TimeToReadyToCommit2.NewNavigation recorded 1 samples, mean = 3236.0 (flags = 0x41)
0     ... 
3069  -O                                                                        (1 = 100.0%) {0.0%}
3900  ... 

Histogram: Navigation.Unload recorded 1 samples, mean = 0.0 (flags = 0x41)
0  -O                                                                        (1 = 100.0%)
1  ... 

Histogram: Navigation.UserAgentStringType recorded 3 samples, mean = 1.0 (flags = 0x41)
0  O                                                                         (0 = 0.0%)
1  ---O                                                                      (3 = 100.0%) {0.0%}
2  ... 

Histogram: Navigation.WillStartRequestToLoaderStart.MainFrame recorded 2 samples, mean = 0.5 (flags = 0x41)
0  -O                                                                        (1 = 50.0%)
1  -O                                                                        (1 = 50.0%) {50.0%}
2  ... 

Histogram: NavigationPredictor.SearchEnginePreconnector.IsBrowserAppLikelyInForeground recorded 41 samples, mean = 0.0 (flags = 0x41)
0  ---------------------------------------O                                  (39 = 95.1%)
1  --O                                                                       (2 = 4.9%) {95.1%}
2  O                                                                         (0 = 0.0%) {100.0%}

Histogram: NavigationSuggestion.GetDomainInfoDelayBeforeAllowingNavigation recorded 1 samples, mean = 0.0 (flags = 0x41)
0  -O                                                                        (1 = 100.0%)
1  ... 

Histogram: NavigationSuggestion.IsLookalikeUrlDelayBeforeAllowingNavigation recorded 1 samples, mean = 0.0 (flags = 0x41)
0  -O                                                                        (1 = 100.0%)
1  ... 

Histogram: NavigationSuggestion.PerformChecksDelayBeforeAllowingNavigation recorded 1 samples, mean = 0.0 (flags = 0x41)
0  -O                                                                        (1 = 100.0%)
1  ... 

Histogram: Net.AlternateProtocolUsage recorded 70 samples, mean = 1.7 (flags = 0x41)
0  ------O                                                                   (6 = 8.6%)
1  -------------------------------------------------O                        (49 = 70.0%) {8.6%}
2  -----O                                                                    (5 = 7.1%) {78.6%}
3  ---O                                                                      (3 = 4.3%) {85.7%}
4  ... 
7  -------O                                                                  (7 = 10.0%) {90.0%}
8  O                                                                         (0 = 0.0%) {100.0%}

Histogram: Net.AlternateProtocolUsageGoogle recorded 17 samples, mean = 1.1 (flags = 0x41)
0  O                                                                         (0 = 0.0%)
1  ----------------O                                                         (16 = 94.1%) {0.0%}
2  -O                                                                        (1 = 5.9%) {94.1%}
3  ... 

Histogram: Net.AlternativeServiceTypeForRequest recorded 76 samples, mean = 0.8 (flags = 0x41)
0  ---------------O                                                          (15 = 19.7%)
1  -------------------------------------------------------------O            (61 = 80.3%) {19.7%}
2  ... 

Histogram: Net.CertVerifier.PathBuilderIterationCount recorded 14 samples, mean = 2.0 (flags = 0x41)
0  ... 
2  --------------O                                                           (14 = 100.0%) {0.0%}
3  ... 

Histogram: Net.CertVerifier_First_Job_Latency recorded 3 samples, mean = 144.0 (flags = 0x41)
0    ... 
37   -O                                                                        (1 = 33.3%) {0.0%}
42   O                                                                         (0 = 0.0%) {33.3%}
48   -O                                                                        (1 = 33.3%) {33.3%}
54   ... 
307  -O                                                                        (1 = 33.3%) {66.7%}
348  ... 

Histogram: Net.CertVerifier_Job_Latency recorded 14 samples, mean = 397.9 (flags = 0x41)
0    ... 
37   -O                                                                        (1 = 7.1%) {0.0%}
42   -O                                                                        (1 = 7.1%) {7.1%}
48   -O                                                                        (1 = 7.1%) {14.3%}
54   -O                                                                        (1 = 7.1%) {21.4%}
61   ... 
78   -O                                                                        (1 = 7.1%) {28.6%}
88   ... 
307  --O                                                                       (2 = 14.3%) {35.7%}
348  -O                                                                        (1 = 7.1%) {50.0%}
394  ... 
505  -O                                                                        (1 = 7.1%) {57.1%}
572  -O                                                                        (1 = 7.1%) {64.3%}
648  -O                                                                        (1 = 7.1%) {71.4%}
734  --O                                                                       (2 = 14.3%) {78.6%}
831  -O                                                                        (1 = 7.1%) {92.9%}
941  ... 

Histogram: Net.Certificate.TrustAnchor.Request recorded 67 samples (flags = 0x41)
200  -O                                                                        (1 = 1.5%)
210  ----O                                                                     (4 = 6.0%)
483  -O                                                                        (1 = 1.5%)
486  -------------------------------------------------------------O            (61 = 91.0%)

Histogram: Net.Certificate.TrustAnchor.Verify recorded 14 samples (flags = 0x41)
200  -O                                                                        (1 = 7.1%)
210  --O                                                                       (2 = 14.3%)
483  --O                                                                       (2 = 14.3%)
486  ---------O                                                                (9 = 64.3%)

Histogram: Net.ConnectionInfo.MainFrame recorded 1 samples, mean = 4.0 (flags = 0x41)
0  ... 
4  -O                                                                        (1 = 100.0%) {0.0%}
5  ... 

Histogram: Net.ConnectionInfo.SubResource recorded 9 samples, mean = 23.7 (flags = 0x41)
0   O                                                                         (0 = 0.0%)
1   -O                                                                        (1 = 11.1%) {0.0%}
2   ... 
4   ---O                                                                      (3 = 33.3%) {11.1%}
5   ... 
40  -----O                                                                    (5 = 55.6%) {44.4%}
41  ... 

Histogram: Net.ContentEncodingType recorded 106 samples, mean = 0.4 (flags = 0x41)
0  --------------------------------------------------------------------O     (68 = 64.2%)
1  ----------------------------------O                                       (34 = 32.1%) {64.2%}
2  ----O                                                                     (4 = 3.8%) {96.2%}
3  ... 

Histogram: Net.Cors.AccessCheckResult recorded 10 samples, mean = 0.0 (flags = 0x41)
0  ----------O                                                               (10 = 100.0%)
1  ... 

Histogram: Net.CountOfQuicServerInfos recorded 1 samples, mean = 0.0 (flags = 0x41)
0  -O                                                                        (1 = 100.0%)
1  ... 

Histogram: Net.DNS.DnsConfig.DnsClientCapability recorded 68 samples, mean = 3.0 (flags = 0x41)
0  ... 
3  --------------------------------------------------------------------O     (68 = 100.0%) {0.0%}
4  O                                                                         (0 = 0.0%) {100.0%}

Histogram: Net.DNS.DnsConfig.SecureDnsMode recorded 1 samples, mean = 4.0 (flags = 0x41)
0  ... 
4  -O                                                                        (1 = 100.0%) {0.0%}
5  ... 

Histogram: Net.DNS.DnsConfig.Windows.Compatibility recorded 29 samples, mean = 0.0 (flags = 0x41)
0  -----------------------------O                                            (29 = 100.0%)
1  ... 

Histogram: Net.DNS.DnsConfig.Windows.ReadSystemSettings0 recorded 17 samples, mean = 0.0 (flags = 0x41)
0  -----------------O                                                        (17 = 100.0%)
1  ... 

Histogram: Net.DNS.DnsHosts.Count recorded 6 samples, mean = 0.0 (flags = 0x41)
0  ------O                                                                   (6 = 100.0%)
1  ... 

Histogram: Net.DNS.DnsHosts.EstimateMemoryUsage recorded 6 samples, mean = 0.0 (flags = 0x41)
0  ------O                                                                   (6 = 100.0%)
1000... 

Histogram: Net.DNS.DnsHosts.FileSize recorded 6 samples, mean = 854.0 (flags = 0x41)
0    ... 
737  ------O                                                                   (6 = 100.0%) {0.0%}
1065 ... 

Histogram: Net.DNS.DnsTask.SuccessTime recorded 36 samples, mean = 78.6 (flags = 0x41)
0    ... 
8    -O                                                                        (1 = 2.8%) {0.0%}
9    ----O                                                                     (4 = 11.1%) {2.8%}
10   ------O                                                                   (6 = 16.7%) {13.9%}
12   -----O                                                                    (5 = 13.9%) {30.6%}
14   -O                                                                        (1 = 2.8%) {44.4%}
16   O                                                                         (0 = 0.0%) {47.2%}
18   -O                                                                        (1 = 2.8%) {47.2%}
21   ... 
50   -O                                                                        (1 = 2.8%) {50.0%}
58   ... 
89   -O                                                                        (1 = 2.8%) {52.8%}
103  ---O                                                                      (3 = 8.3%) {55.6%}
119  -------O                                                                  (7 = 19.4%) {63.9%}
137  O                                                                         (0 = 0.0%) {83.3%}
158  -----O                                                                    (5 = 13.9%) {83.3%}
182  ... 
429  -O                                                                        (1 = 2.8%) {97.2%}
495  ... 

Histogram: Net.DNS.DnsTask.SvcbHttpsTransactionError recorded 36 samples, mean = 0.0 (flags = 0x41)
0  ------------------------------------O                                     (36 = 100.0%)
1  ... 

Histogram: Net.DNS.DnsTransaction.AttemptType recorded 72 samples, mean = 1.5 (flags = 0x41)
0  ------------------------------------O                                     (36 = 50.0%)
1  ... 
3  ------------------------------------O                                     (36 = 50.0%) {50.0%}
4  O                                                                         (0 = 0.0%) {100.0%}

Histogram: Net.DNS.DnsTransaction.Insecure.Other.SuccessTime recorded 36 samples, mean = 10.6 (flags = 0x41)
0   ... 
8   ---------------O                                                          (15 = 41.7%) {0.0%}
10  ---------------O                                                          (15 = 41.7%) {41.7%}
13  ----O                                                                     (4 = 11.1%) {83.3%}
16  --O                                                                       (2 = 5.6%) {94.4%}
20  ... 

Histogram: Net.DNS.DnsTransaction.SecureValidated.Google.SuccessTime recorded 39 samples, mean = 154.3 (flags = 0x41)
0    ... 
41   --O                                                                       (2 = 5.1%) {0.0%}
52   ... 
84   ----O                                                                     (4 = 10.3%) {5.1%}
107  ------------------O                                                       (18 = 46.2%) {15.4%}
136  --------O                                                                 (8 = 20.5%) {61.5%}
173  ---O                                                                      (3 = 7.7%) {82.1%}
220  O                                                                         (0 = 0.0%) {89.7%}
280  --O                                                                       (2 = 5.1%) {89.7%}
356  --O                                                                       (2 = 5.1%) {94.9%}
452  ... 

Histogram: Net.DNS.H3SupportedGoogleHost.TaskTypeMetadataAvailability2 recorded 2 samples, mean = 4.0 (flags = 0x41)
0  ... 
3  -O                                                                        (1 = 50.0%) {0.0%}
4  O                                                                         (0 = 0.0%) {50.0%}
5  -O                                                                        (1 = 50.0%) {50.0%}
6  ... 

Histogram: Net.DNS.HTTPSSVC.RecordHttps.Insecure.ExpectNoerror.DnsRcode recorded 18 samples, mean = 3.0 (flags = 0x41)
0  ... 
3  ------------------O                                                       (18 = 100.0%) {0.0%}
4  ... 

Histogram: Net.DNS.HTTPSSVC.RecordHttps.Insecure.ExpectNoerror.Parsable recorded 2 samples, mean = 1.0 (flags = 0x41)
0  O                                                                         (0 = 0.0%)
1  --O                                                                       (2 = 100.0%) {0.0%}
2  O                                                                         (0 = 0.0%) {100.0%}

Histogram: Net.DNS.HTTPSSVC.RecordHttps.Insecure.ExpectNoerror.ResolveTimeAddress recorded 18 samples, mean = 10.8 (flags = 0x41)
0   ... 
8   ------O                                                                   (6 = 33.3%) {0.0%}
10  --------O                                                                 (8 = 44.4%) {33.3%}
13  ---O                                                                      (3 = 16.7%) {77.8%}
16  -O                                                                        (1 = 5.6%) {94.4%}
20  ... 

Histogram: Net.DNS.HTTPSSVC.RecordHttps.Insecure.ExpectNoerror.ResolveTimeExperimental recorded 18 samples, mean = 10.9 (flags = 0x41)
0   ... 
8   -------O                                                                  (7 = 38.9%) {0.0%}
10  ------O                                                                   (6 = 33.3%) {38.9%}
13  ----O                                                                     (4 = 22.2%) {72.2%}
16  -O                                                                        (1 = 5.6%) {94.4%}
20  ... 

Histogram: Net.DNS.HTTPSSVC.RecordHttps.Insecure.ExpectNoerror.ResolveTimeRatio recorded 18 samples, mean = 9.7 (flags = 0x41)
0   ... 
8   --O                                                                       (2 = 11.1%) {0.0%}
9   ----O                                                                     (4 = 22.2%) {11.1%}
10  ----------O                                                               (10 = 55.6%) {33.3%}
11  --O                                                                       (2 = 11.1%) {88.9%}
12  ... 

Histogram: Net.DNS.HTTPSSVC.RecordHttps.Secure.ExpectNoerror.DnsRcode recorded 18 samples, mean = 3.0 (flags = 0x41)
0  ... 
3  ------------------O                                                       (18 = 100.0%) {0.0%}
4  ... 

Histogram: Net.DNS.HTTPSSVC.RecordHttps.Secure.ExpectNoerror.Parsable recorded 1 samples, mean = 1.0 (flags = 0x41)
0  O                                                                         (0 = 0.0%)
1  -O                                                                        (1 = 100.0%) {0.0%}
2  O                                                                         (0 = 0.0%) {100.0%}

Histogram: Net.DNS.HTTPSSVC.RecordHttps.Secure.ExpectNoerror.ResolveTimeAddress recorded 18 samples, mean = 144.7 (flags = 0x41)
0    ... 
41   -O                                                                        (1 = 5.6%) {0.0%}
52   ... 
84   --O                                                                       (2 = 11.1%) {5.6%}
107  ---------O                                                                (9 = 50.0%) {16.7%}
136  ----O                                                                     (4 = 22.2%) {66.7%}
173  -O                                                                        (1 = 5.6%) {88.9%}
220  ... 
356  -O                                                                        (1 = 5.6%) {94.4%}
452  ... 

Histogram: Net.DNS.HTTPSSVC.RecordHttps.Secure.ExpectNoerror.ResolveTimeExperimental recorded 18 samples, mean = 146.1 (flags = 0x41)
0    ... 
41   -O                                                                        (1 = 5.6%) {0.0%}
52   ... 
84   --O                                                                       (2 = 11.1%) {5.6%}
107  ---------O                                                                (9 = 50.0%) {16.7%}
136  ----O                                                                     (4 = 22.2%) {66.7%}
173  -O                                                                        (1 = 5.6%) {88.9%}
220  ... 
356  -O                                                                        (1 = 5.6%) {94.4%}
452  ... 

Histogram: Net.DNS.HTTPSSVC.RecordHttps.Secure.ExpectNoerror.ResolveTimeRatio recorded 18 samples, mean = 9.9 (flags = 0x41)
0   ... 
9   -O                                                                        (1 = 5.6%) {0.0%}
10  -----------------O                                                        (17 = 94.4%) {5.6%}
11  ... 

Histogram: Net.DNS.JobQueueTime.PerTransaction recorded 72 samples, mean = 0.0 (flags = 0x41)
0  -----------------------------------------------------------------------O  (71 = 98.6%)
1  -O                                                                        (1 = 1.4%) {98.6%}
2  ... 

Histogram: Net.DNS.JobQueueTime.Success recorded 36 samples, mean = 0.0 (flags = 0x41)
0  -----------------------------------O                                      (35 = 97.2%)
1  -O                                                                        (1 = 2.8%) {97.2%}
2  ... 

Histogram: Net.DNS.ProbeSequence.ConfigChange.Success.AttemptTime recorded 3 samples, mean = 262.3 (flags = 0x41)
0    ... 
160  -O                                                                        (1 = 33.3%) {0.0%}
217  -O                                                                        (1 = 33.3%) {33.3%}
294  -O                                                                        (1 = 33.3%) {66.7%}
398  ... 

Histogram: Net.DNS.Request.TotalTime recorded 297 samples, mean = 9.2 (flags = 0x41)
0    ------------------------------------------------------------------------O (269 = 90.6%)
10   -O                                                                        (5 = 1.7%) {90.6%}
12   -O                                                                        (5 = 1.7%) {92.3%}
15   O                                                                         (0 = 0.0%) {93.9%}
18   O                                                                         (1 = 0.3%) {93.9%}
22   ... 
50   O                                                                         (1 = 0.3%) {94.3%}
61   ... 
92   -O                                                                        (2 = 0.7%) {94.6%}
113  --O                                                                       (8 = 2.7%) {95.3%}
139  -O                                                                        (4 = 1.3%) {98.0%}
171  O                                                                         (1 = 0.3%) {99.3%}
210  ... 
389  O                                                                         (1 = 0.3%) {99.7%}
477  ... 

Histogram: Net.DNS.Request.TotalTimeAsync recorded 57 samples, mean = 48.1 (flags = 0x41)
0    -----------------------------O                                            (29 = 50.9%)
10   -----O                                                                    (5 = 8.8%) {50.9%}
12   -----O                                                                    (5 = 8.8%) {59.6%}
15   O                                                                         (0 = 0.0%) {68.4%}
18   -O                                                                        (1 = 1.8%) {68.4%}
22   ... 
50   -O                                                                        (1 = 1.8%) {70.2%}
61   ... 
92   --O                                                                       (2 = 3.5%) {71.9%}
113  --------O                                                                 (8 = 14.0%) {75.4%}
139  ----O                                                                     (4 = 7.0%) {89.5%}
171  -O                                                                        (1 = 1.8%) {96.5%}
210  ... 
389  -O                                                                        (1 = 1.8%) {98.2%}
477  ... 

Histogram: Net.DNS.ResolveCategory recorded 60 samples, mean = 0.5 (flags = 0x41)
0  ---------------------------------O                                        (33 = 55.0%)
1  ------------------------O                                                 (24 = 40.0%) {55.0%}
2  ---O                                                                      (3 = 5.0%) {95.0%}
3  ... 

Histogram: Net.DNS.ResolveContext.DohAutoupgrade.Google.Status recorded 3 samples, mean = 0.0 (flags = 0x41)
0  ---O                                                                      (3 = 100.0%)
1  ... 

Histogram: Net.DNS.ResolveError.Fast recorded 24 samples (flags = 0x41)
105  ------------------------O                                                 (24 = 100.0%)

Histogram: Net.DNS.ResolveFailureTime recorded 24 samples, mean = 1.4 (flags = 0x41)
0  ---------------O                                                          (15 = 62.5%)
1  --O                                                                       (2 = 8.3%) {62.5%}
2  -O                                                                        (1 = 4.2%) {70.8%}
3  --O                                                                       (2 = 8.3%) {75.0%}
4  -O                                                                        (1 = 4.2%) {83.3%}
5  -O                                                                        (1 = 4.2%) {87.5%}
6  -O                                                                        (1 = 4.2%) {91.7%}
7  O                                                                         (0 = 0.0%) {95.8%}
8  -O                                                                        (1 = 4.2%) {95.8%}
9  ... 

Histogram: Net.DNS.ResolveSuccessTime recorded 33 samples, mean = 81.8 (flags = 0x41)
0    ... 
8    -O                                                                        (1 = 3.0%) {0.0%}
9    ----O                                                                     (4 = 12.1%) {3.0%}
10   -----O                                                                    (5 = 15.2%) {15.2%}
12   ----O                                                                     (4 = 12.1%) {30.3%}
14   -O                                                                        (1 = 3.0%) {42.4%}
16   O                                                                         (0 = 0.0%) {45.5%}
18   -O                                                                        (1 = 3.0%) {45.5%}
21   ... 
50   -O                                                                        (1 = 3.0%) {48.5%}
58   ... 
89   -O                                                                        (1 = 3.0%) {51.5%}
103  --O                                                                       (2 = 6.1%) {54.5%}
119  -------O                                                                  (7 = 21.2%) {60.6%}
137  O                                                                         (0 = 0.0%) {81.8%}
158  -----O                                                                    (5 = 15.2%) {81.8%}
182  ... 
429  -O                                                                        (1 = 3.0%) {97.0%}
495  ... 

Histogram: Net.DNS.SystemTask.FailureTime recorded 24 samples, mean = 1.3 (flags = 0x41)
0  ---------------O                                                          (15 = 62.5%)
1  ---O                                                                      (3 = 12.5%) {62.5%}
2  O                                                                         (0 = 0.0%) {75.0%}
3  --O                                                                       (2 = 8.3%) {75.0%}
4  -O                                                                        (1 = 4.2%) {83.3%}
5  -O                                                                        (1 = 4.2%) {87.5%}
6  -O                                                                        (1 = 4.2%) {91.7%}
7  O                                                                         (0 = 0.0%) {95.8%}
8  -O                                                                        (1 = 4.2%) {95.8%}
9  ... 

Histogram: Net.DNS.UpgradeConfig.HasPublicInsecureNameserver recorded 1 samples, mean = 1.0 (flags = 0x41)
0  O                                                                         (0 = 0.0%)
1  -O                                                                        (1 = 100.0%) {0.0%}
2  O                                                                         (0 = 0.0%) {100.0%}

Histogram: Net.DNS.UpgradeConfig.Ineligible.DohSpecified recorded 1 samples, mean = 0.0 (flags = 0x41)
0  -O                                                                        (1 = 100.0%)
1  ... 

Histogram: Net.DNS.UpgradeConfig.Ineligible.UnhandledOptions recorded 1 samples, mean = 0.0 (flags = 0x41)
0  -O                                                                        (1 = 100.0%)
1  ... 

Histogram: Net.DNS.UpgradeConfig.InsecureUpgradeSucceeded recorded 1 samples, mean = 1.0 (flags = 0x41)
0  O                                                                         (0 = 0.0%)
1  -O                                                                        (1 = 100.0%) {0.0%}
2  O                                                                         (0 = 0.0%) {100.0%}

Histogram: Net.DNS_Resolution_And_TCP_Connection_Latency2 recorded 12 samples, mean = 74.3 (flags = 0x41)
0    ... 
9    -O                                                                        (1 = 8.3%) {0.0%}
10   O                                                                         (0 = 0.0%) {8.3%}
11   -O                                                                        (1 = 8.3%) {8.3%}
12   -O                                                                        (1 = 8.3%) {16.7%}
14   ... 
42   ---O                                                                      (3 = 25.0%) {25.0%}
48   ... 
61   -O                                                                        (1 = 8.3%) {50.0%}
69   --O                                                                       (2 = 16.7%) {58.3%}
78   O                                                                         (0 = 0.0%) {75.0%}
88   -O                                                                        (1 = 8.3%) {75.0%}
100  ... 
186  -O                                                                        (1 = 8.3%) {83.3%}
211  -O                                                                        (1 = 8.3%) {91.7%}
239  ... 

Histogram: Net.ErrorCodesForMainFrame4 recorded 2 samples (flags = 0x41)
0  -O                                                                        (1 = 50.0%)
3  -O                                                                        (1 = 50.0%)

Histogram: Net.ErrorCodesForSubresources3 recorded 49 samples (flags = 0x41)
0  -------------------------------------------------O                        (49 = 100.0%)

Histogram: Net.HttpJob.BytesReceived2 recorded 67 samples, mean = 1188.4 (flags = 0x41)
0      ... 
340    --O                                                                       (2 = 3.0%) {0.0%}
488    ---------------------------------------O                                  (39 = 58.2%) {3.0%}
700    ----O                                                                     (4 = 6.0%) {61.2%}
1004   -----------------O                                                        (17 = 25.4%) {67.2%}
1440   ... 
2961   ----O                                                                     (4 = 6.0%) {92.5%}
4246   ... 
17959  -O                                                                        (1 = 1.5%) {98.5%}
25755  ... 

Histogram: Net.HttpJob.BytesSent2 recorded 67 samples, mean = 678.7 (flags = 0x41)
0      ... 
13     ----------------------------------O                                       (34 = 50.7%) {0.0%}
19     ... 
165    ------O                                                                   (6 = 9.0%) {50.7%}
237    O                                                                         (0 = 0.0%) {59.7%}
340    -O                                                                        (1 = 1.5%) {59.7%}
488    ----O                                                                     (4 = 6.0%) {61.2%}
700    O                                                                         (0 = 0.0%) {67.2%}
1004   ---------------------O                                                    (21 = 31.3%) {67.2%}
1440   ... 
12523  -O                                                                        (1 = 1.5%) {98.5%}
17959  ... 

Histogram: Net.HttpJob.MainJobWaitTimeWithAvailableSpdySession recorded 6 samples, mean = 0.0 (flags = 0x41)
0  ------O                                                                   (6 = 100.0%)
1  ... 

Histogram: Net.HttpJob.MainJobWaitTimeWithoutAvailableSpdySession recorded 52 samples, mean = 94.4 (flags = 0x41)
0    --O                                                                       (2 = 3.8%)
1    ... 
14   --O                                                                       (2 = 3.8%) {3.8%}
17   ... 
57   --------O                                                                 (8 = 15.4%) {7.7%}
68   ---------------O                                                          (15 = 28.8%) {23.1%}
81   ----O                                                                     (4 = 7.7%) {51.9%}
96   -------------O                                                            (13 = 25.0%) {59.6%}
114  ----O                                                                     (4 = 7.7%) {84.6%}
135  O                                                                         (0 = 0.0%) {92.3%}
160  -O                                                                        (1 = 1.9%) {92.3%}
190  ... 
268  ---O                                                                      (3 = 5.8%) {94.2%}
318  ... 

Histogram: Net.HttpJob.PrefilterBytesRead recorded 108 samples, mean = 13093.8 (flags = 0x41)
0       ----O                                                                     (4 = 3.7%)
1       ... 
13      -O                                                                        (1 = 0.9%) {3.7%}
19      -O                                                                        (1 = 0.9%) {4.6%}
27      O                                                                         (0 = 0.0%) {5.6%}
39      -O                                                                        (1 = 0.9%) {5.6%}
56      -O                                                                        (1 = 0.9%) {6.5%}
80      -O                                                                        (1 = 0.9%) {7.4%}
115     O                                                                         (0 = 0.0%) {8.3%}
165     -O                                                                        (1 = 0.9%) {8.3%}
237     O                                                                         (0 = 0.0%) {9.3%}
340     -----------------------------------------O                                (41 = 38.0%) {9.3%}
488     ----O                                                                     (4 = 3.7%) {47.2%}
700     ----O                                                                     (4 = 3.7%) {50.9%}
1004    -----------------O                                                        (17 = 15.7%) {54.6%}
1440    --O                                                                       (2 = 1.9%) {70.4%}
2065    --O                                                                       (2 = 1.9%) {72.2%}
2961    --O                                                                       (2 = 1.9%) {74.1%}
4246    --O                                                                       (2 = 1.9%) {75.9%}
6089    -O                                                                        (1 = 0.9%) {77.8%}
8732    ---O                                                                      (3 = 2.8%) {78.7%}
12523   O                                                                         (0 = 0.0%) {81.5%}
17959   ------O                                                                   (6 = 5.6%) {81.5%}
25755   --O                                                                       (2 = 1.9%) {87.0%}
36935   ----O                                                                     (4 = 3.7%) {88.9%}
52968   O                                                                         (0 = 0.0%) {92.6%}
75961   -----O                                                                    (5 = 4.6%) {92.6%}
108935  --O                                                                       (2 = 1.9%) {97.2%}
156223  -O                                                                        (1 = 0.9%) {99.1%}
224038  ... 

Histogram: Net.HttpJob.PrefilterBytesRead.Cache recorded 43 samples, mean = 31540.4 (flags = 0x41)
0       -O                                                                        (1 = 2.3%)
1       ... 
165     -O                                                                        (1 = 2.3%) {2.3%}
237     O                                                                         (0 = 0.0%) {4.7%}
340     --O                                                                       (2 = 4.7%) {4.7%}
488     ----O                                                                     (4 = 9.3%) {9.3%}
700     ----O                                                                     (4 = 9.3%) {18.6%}
1004    -O                                                                        (1 = 2.3%) {27.9%}
1440    --O                                                                       (2 = 4.7%) {30.2%}
2065    -O                                                                        (1 = 2.3%) {34.9%}
2961    --O                                                                       (2 = 4.7%) {37.2%}
4246    --O                                                                       (2 = 4.7%) {41.9%}
6089    -O                                                                        (1 = 2.3%) {46.5%}
8732    ---O                                                                      (3 = 7.0%) {48.8%}
12523   O                                                                         (0 = 0.0%) {55.8%}
17959   -----O                                                                    (5 = 11.6%) {55.8%}
25755   --O                                                                       (2 = 4.7%) {67.4%}
36935   ----O                                                                     (4 = 9.3%) {72.1%}
52968   O                                                                         (0 = 0.0%) {81.4%}
75961   -----O                                                                    (5 = 11.6%) {81.4%}
108935  --O                                                                       (2 = 4.7%) {93.0%}
156223  -O                                                                        (1 = 2.3%) {97.7%}
224038  ... 

Histogram: Net.HttpJob.PrefilterBytesRead.Net recorded 65 samples, mean = 890.7 (flags = 0x41)
0      ---O                                                                      (3 = 4.6%)
1      ... 
13     -O                                                                        (1 = 1.5%) {4.6%}
19     -O                                                                        (1 = 1.5%) {6.2%}
27     O                                                                         (0 = 0.0%) {7.7%}
39     -O                                                                        (1 = 1.5%) {7.7%}
56     -O                                                                        (1 = 1.5%) {9.2%}
80     -O                                                                        (1 = 1.5%) {10.8%}
115    ... 
340    ---------------------------------------O                                  (39 = 60.0%) {12.3%}
488    ... 
1004   ----------------O                                                         (16 = 24.6%) {72.3%}
1440   O                                                                         (0 = 0.0%) {96.9%}
2065   -O                                                                        (1 = 1.5%) {96.9%}
2961   ... 
17959  -O                                                                        (1 = 1.5%) {98.5%}
25755  ... 

Histogram: Net.HttpJob.ProxyTypeSuccess recorded 67 samples, mean = 1.0 (flags = 0x41)
0  O                                                                         (0 = 0.0%)
1  -------------------------------------------------------------------O      (67 = 100.0%) {0.0%}
2  ... 

Histogram: Net.HttpJob.TotalTime recorded 108 samples, mean = 222.8 (flags = 0x41)
0     O                                                                         (0 = 0.0%)
1     --O                                                                       (2 = 1.9%) {0.0%}
2     ---O                                                                      (3 = 2.8%) {1.9%}
3     ----O                                                                     (4 = 3.7%) {4.6%}
4     ---------O                                                                (9 = 8.3%) {8.3%}
5     O                                                                         (0 = 0.0%) {16.7%}
6     --O                                                                       (2 = 1.9%) {16.7%}
7     --O                                                                       (2 = 1.9%) {18.5%}
8     ... 
12    --O                                                                       (2 = 1.9%) {20.4%}
14    ------O                                                                   (6 = 5.6%) {22.2%}
17    ----O                                                                     (4 = 3.7%) {27.8%}
20    -----O                                                                    (5 = 4.6%) {31.5%}
24    --O                                                                       (2 = 1.9%) {36.1%}
29    -O                                                                        (1 = 0.9%) {38.0%}
34    ... 
48    --O                                                                       (2 = 1.9%) {38.9%}
57    ... 
96    ------O                                                                   (6 = 5.6%) {40.7%}
114   ----------------O                                                         (16 = 14.8%) {46.3%}
135   O                                                                         (0 = 0.0%) {61.1%}
160   ----------O                                                               (10 = 9.3%) {61.1%}
190   --O                                                                       (2 = 1.9%) {70.4%}
226   ----O                                                                     (4 = 3.7%) {72.2%}
268   ---O                                                                      (3 = 2.8%) {75.9%}
318   O                                                                         (0 = 0.0%) {78.7%}
378   --O                                                                       (2 = 1.9%) {78.7%}
449   -O                                                                        (1 = 0.9%) {80.6%}
533   -----O                                                                    (5 = 4.6%) {81.5%}
633   -------O                                                                  (7 = 6.5%) {86.1%}
752   ----O                                                                     (4 = 3.7%) {92.6%}
894   --O                                                                       (2 = 1.9%) {96.3%}
1062  ... 
1500  --O                                                                       (2 = 1.9%) {98.1%}
1782  ... 

Histogram: Net.HttpJob.TotalTime.Secure.Quic recorded 16 samples, mean = 702.8 (flags = 0x41)
0     ... 
452   -----O                                                                    (5 = 31.2%) {0.0%}
574   -------O                                                                  (7 = 43.8%) {31.2%}
729   ---O                                                                      (3 = 18.8%) {75.0%}
926   ... 
1496  -O                                                                        (1 = 6.2%) {93.8%}
1901  ... 

Histogram: Net.HttpJob.TotalTime.TLS13.Google recorded 1 samples, mean = 911.0 (flags = 0x41)
0    ... 
894  -O                                                                        (1 = 100.0%) {0.0%}
1062 ... 

Histogram: Net.HttpJob.TotalTimeCached recorded 43 samples, mean = 34.4 (flags = 0x41)
0    O                                                                         (0 = 0.0%)
1    --O                                                                       (2 = 4.7%) {0.0%}
2    ---O                                                                      (3 = 7.0%) {4.7%}
3    ----O                                                                     (4 = 9.3%) {11.6%}
4    ---------O                                                                (9 = 20.9%) {20.9%}
5    O                                                                         (0 = 0.0%) {41.9%}
6    --O                                                                       (2 = 4.7%) {41.9%}
7    --O                                                                       (2 = 4.7%) {46.5%}
8    ... 
12   --O                                                                       (2 = 4.7%) {51.2%}
14   ------O                                                                   (6 = 14.0%) {55.8%}
17   ---O                                                                      (3 = 7.0%) {69.8%}
20   -----O                                                                    (5 = 11.6%) {76.7%}
24   --O                                                                       (2 = 4.7%) {88.4%}
29   -O                                                                        (1 = 2.3%) {93.0%}
34   ... 
226  -O                                                                        (1 = 2.3%) {95.3%}
268  ... 
752  -O                                                                        (1 = 2.3%) {97.7%}
894  ... 

Histogram: Net.HttpJob.TotalTimeNotCached recorded 65 samples, mean = 347.4 (flags = 0x41)
0     ... 
17    -O                                                                        (1 = 1.5%) {0.0%}
20    ... 
48    --O                                                                       (2 = 3.1%) {1.5%}
57    ... 
96    ------O                                                                   (6 = 9.2%) {4.6%}
114   ----------------O                                                         (16 = 24.6%) {13.8%}
135   O                                                                         (0 = 0.0%) {38.5%}
160   ----------O                                                               (10 = 15.4%) {38.5%}
190   --O                                                                       (2 = 3.1%) {53.8%}
226   ---O                                                                      (3 = 4.6%) {56.9%}
268   ---O                                                                      (3 = 4.6%) {61.5%}
318   O                                                                         (0 = 0.0%) {66.2%}
378   --O                                                                       (2 = 3.1%) {66.2%}
449   -O                                                                        (1 = 1.5%) {69.2%}
533   -----O                                                                    (5 = 7.7%) {70.8%}
633   -------O                                                                  (7 = 10.8%) {78.5%}
752   ---O                                                                      (3 = 4.6%) {89.2%}
894   --O                                                                       (2 = 3.1%) {93.8%}
1062  ... 
1500  --O                                                                       (2 = 3.1%) {96.9%}
1782  ... 

Histogram: Net.HttpJob.TotalTimeNotCached.Secure.Quic recorded 16 samples, mean = 702.8 (flags = 0x41)
0     ... 
452   -----O                                                                    (5 = 31.2%) {0.0%}
574   -------O                                                                  (7 = 43.8%) {31.2%}
729   ---O                                                                      (3 = 18.8%) {75.0%}
926   ... 
1496  -O                                                                        (1 = 6.2%) {93.8%}
1901  ... 

Histogram: Net.HttpJob.TotalTimeSuccess recorded 108 samples, mean = 222.8 (flags = 0x41)
0     O                                                                         (0 = 0.0%)
1     --O                                                                       (2 = 1.9%) {0.0%}
2     ---O                                                                      (3 = 2.8%) {1.9%}
3     ----O                                                                     (4 = 3.7%) {4.6%}
4     ---------O                                                                (9 = 8.3%) {8.3%}
5     O                                                                         (0 = 0.0%) {16.7%}
6     --O                                                                       (2 = 1.9%) {16.7%}
7     --O                                                                       (2 = 1.9%) {18.5%}
8     ... 
12    --O                                                                       (2 = 1.9%) {20.4%}
14    ------O                                                                   (6 = 5.6%) {22.2%}
17    ----O                                                                     (4 = 3.7%) {27.8%}
20    -----O                                                                    (5 = 4.6%) {31.5%}
24    --O                                                                       (2 = 1.9%) {36.1%}
29    -O                                                                        (1 = 0.9%) {38.0%}
34    ... 
48    --O                                                                       (2 = 1.9%) {38.9%}
57    ... 
96    ------O                                                                   (6 = 5.6%) {40.7%}
114   ----------------O                                                         (16 = 14.8%) {46.3%}
135   O                                                                         (0 = 0.0%) {61.1%}
160   ----------O                                                               (10 = 9.3%) {61.1%}
190   --O                                                                       (2 = 1.9%) {70.4%}
226   ----O                                                                     (4 = 3.7%) {72.2%}
268   ---O                                                                      (3 = 2.8%) {75.9%}
318   O                                                                         (0 = 0.0%) {78.7%}
378   --O                                                                       (2 = 1.9%) {78.7%}
449   -O                                                                        (1 = 0.9%) {80.6%}
533   -----O                                                                    (5 = 4.6%) {81.5%}
633   -------O                                                                  (7 = 6.5%) {86.1%}
752   ----O                                                                     (4 = 3.7%) {92.6%}
894   --O                                                                       (2 = 1.9%) {96.3%}
1062  ... 
1500  --O                                                                       (2 = 1.9%) {98.1%}
1782  ... 

Histogram: Net.HttpJob.TotalTimeSuccess.Priority1 recorded 53 samples, mean = 343.2 (flags = 0x41)
0     ... 
48    --O                                                                       (2 = 3.8%) {0.0%}
57    ... 
96    ----O                                                                     (4 = 7.5%) {3.8%}
114   ----------------O                                                         (16 = 30.2%) {11.3%}
135   O                                                                         (0 = 0.0%) {41.5%}
160   ----------O                                                               (10 = 18.9%) {41.5%}
190   O                                                                         (0 = 0.0%) {60.4%}
226   -O                                                                        (1 = 1.9%) {60.4%}
268   ... 
378   --O                                                                       (2 = 3.8%) {62.3%}
449   -O                                                                        (1 = 1.9%) {66.0%}
533   -----O                                                                    (5 = 9.4%) {67.9%}
633   ------O                                                                   (6 = 11.3%) {77.4%}
752   ----O                                                                     (4 = 7.5%) {88.7%}
894   -O                                                                        (1 = 1.9%) {96.2%}
1062  ... 
1500  -O                                                                        (1 = 1.9%) {98.1%}
1782  ... 

Histogram: Net.HttpJob.TotalTimeSuccess.Priority2 recorded 34 samples, mean = 92.9 (flags = 0x41)
0     O                                                                         (0 = 0.0%)
1     -O                                                                        (1 = 2.9%) {0.0%}
2     --O                                                                       (2 = 5.9%) {2.9%}
3     --O                                                                       (2 = 5.9%) {8.8%}
4     -O                                                                        (1 = 2.9%) {14.7%}
5     O                                                                         (0 = 0.0%) {17.6%}
6     -O                                                                        (1 = 2.9%) {17.6%}
7     --O                                                                       (2 = 5.9%) {20.6%}
8     ... 
12    --O                                                                       (2 = 5.9%) {26.5%}
14    -----O                                                                    (5 = 14.7%) {32.4%}
17    ---O                                                                      (3 = 8.8%) {47.1%}
20    -----O                                                                    (5 = 14.7%) {55.9%}
24    --O                                                                       (2 = 5.9%) {70.6%}
29    -O                                                                        (1 = 2.9%) {76.5%}
34    ... 
96    --O                                                                       (2 = 5.9%) {79.4%}
114   ... 
190   --O                                                                       (2 = 5.9%) {85.3%}
226   O                                                                         (0 = 0.0%) {91.2%}
268   --O                                                                       (2 = 5.9%) {91.2%}
318   ... 
1500  -O                                                                        (1 = 2.9%) {97.1%}
1782  ... 

Histogram: Net.HttpJob.TotalTimeSuccess.Priority3 recorded 1 samples, mean = 266.0 (flags = 0x41)
0    ... 
226  -O                                                                        (1 = 100.0%) {0.0%}
268  ... 

Histogram: Net.HttpJob.TotalTimeSuccess.Priority4 recorded 7 samples, mean = 299.3 (flags = 0x41)
0    O                                                                         (0 = 0.0%)
1    -O                                                                        (1 = 14.3%) {0.0%}
2    O                                                                         (0 = 0.0%) {14.3%}
3    -O                                                                        (1 = 14.3%) {14.3%}
4    ... 
17   -O                                                                        (1 = 14.3%) {28.6%}
20   ... 
226  --O                                                                       (2 = 28.6%) {42.9%}
268  ... 
633  -O                                                                        (1 = 14.3%) {71.4%}
752  O                                                                         (0 = 0.0%) {85.7%}
894  -O                                                                        (1 = 14.3%) {85.7%}
1062 ... 

Histogram: Net.HttpJob.TotalTimeSuccess.Priority5 recorded 13 samples, mean = 26.8 (flags = 0x41)
0    ... 
2    -O                                                                        (1 = 7.7%) {0.0%}
3    -O                                                                        (1 = 7.7%) {7.7%}
4    --------O                                                                 (8 = 61.5%) {15.4%}
5    O                                                                         (0 = 0.0%) {76.9%}
6    -O                                                                        (1 = 7.7%) {76.9%}
7    ... 
14   -O                                                                        (1 = 7.7%) {84.6%}
17   ... 
268  -O                                                                        (1 = 7.7%) {92.3%}
318  ... 

Histogram: Net.HttpRequestSSLUpgradeDecision recorded 1 samples, mean = 5.0 (flags = 0x41)
0  ... 
5  -O                                                                        (1 = 100.0%) {0.0%}
6  O                                                                         (0 = 0.0%) {100.0%}

Histogram: Net.HttpRequestStsState recorded 1 samples, mean = 2.0 (flags = 0x41)
0  ... 
2  -O                                                                        (1 = 100.0%) {0.0%}
3  ... 

Histogram: Net.HttpResponseCode recorded 119 samples, mean = 231.7 (flags = 0x41)
0    ... 
200  ------------------------------------------------------------------------O (96 = 80.7%) {0.0%}
201  ... 
204  --O                                                                       (2 = 1.7%) {80.7%}
205  ... 
302  --O                                                                       (3 = 2.5%) {82.4%}
303  O                                                                         (0 = 0.0%) {84.9%}
304  --O                                                                       (2 = 1.7%) {84.9%}
305  ... 
403  ------------O                                                             (16 = 13.4%) {86.6%}
404  ... 

Histogram: Net.HttpTimeToFirstByte recorded 108 samples, mean = 223.2 (flags = 0x41)
0     ---------------------------O                                              (27 = 25.0%)
10    ----O                                                                     (4 = 3.7%) {25.0%}
12    ----------O                                                               (10 = 9.3%) {28.7%}
15    O                                                                         (0 = 0.0%) {38.0%}
18    -O                                                                        (1 = 0.9%) {38.0%}
22    ... 
50    --O                                                                       (2 = 1.9%) {38.9%}
61    ... 
92    ------O                                                                   (6 = 5.6%) {40.7%}
113   ----------------O                                                         (16 = 14.8%) {46.3%}
139   --------O                                                                 (8 = 7.4%) {61.1%}
171   ---O                                                                      (3 = 2.8%) {68.5%}
210   ---O                                                                      (3 = 2.8%) {71.3%}
258   -----O                                                                    (5 = 4.6%) {74.1%}
317   O                                                                         (0 = 0.0%) {78.7%}
389   --O                                                                       (2 = 1.9%) {78.7%}
477   ------O                                                                   (6 = 5.6%) {80.6%}
585   -------O                                                                  (7 = 6.5%) {86.1%}
718   ----O                                                                     (4 = 3.7%) {92.6%}
881   -O                                                                        (1 = 0.9%) {96.3%}
1081  -O                                                                        (1 = 0.9%) {97.2%}
1326  --O                                                                       (2 = 1.9%) {98.1%}
1627  ... 

Histogram: Net.HttpTimeToFirstByte.TLS13.Google recorded 1 samples, mean = 1263.0 (flags = 0x41)
0     ... 
1177  -O                                                                        (1 = 100.0%) {0.0%}
1496  ... 

Histogram: Net.NetworkChangeNotifier.NewConnectionCost recorded 2 samples, mean = 1.0 (flags = 0x41)
0  O                                                                         (0 = 0.0%)
1  --O                                                                       (2 = 100.0%) {0.0%}
2  ... 

Histogram: Net.NetworkChangeNotifier.NewConnectionType recorded 4 samples, mean = 2.0 (flags = 0x41)
0  ... 
2  ----O                                                                     (4 = 100.0%) {0.0%}
3  ... 

Histogram: Net.NumQuicSessionsAtShutdown recorded 3 samples, mean = 0.0 (flags = 0x41)
0  ---O                                                                      (3 = 100.0%)
1  ... 

Histogram: Net.OnTransferSizeUpdated.Experimental.OverridenBy recorded 35 samples, mean = 7.3 (flags = 0x41)
0   O                                                                         (0 = 0.0%)
1   -----------------------O                                                  (23 = 65.7%) {0.0%}
2   ... 
11  -----O                                                                    (5 = 14.3%) {65.7%}
12  -O                                                                        (1 = 2.9%) {80.0%}
13  ... 
26  -O                                                                        (1 = 2.9%) {82.9%}
27  O                                                                         (0 = 0.0%) {85.7%}
28  -----O                                                                    (5 = 14.3%) {85.7%}
29  ... 

Histogram: Net.QuicActiveSessions recorded 38 samples, mean = 0.8 (flags = 0x41)
0  -----------------O                                                        (17 = 44.7%)
1  -----------------O                                                        (17 = 44.7%) {44.7%}
2  -O                                                                        (1 = 2.6%) {89.5%}
3  -O                                                                        (1 = 2.6%) {92.1%}
4  -O                                                                        (1 = 2.6%) {94.7%}
5  -O                                                                        (1 = 2.6%) {97.4%}
7  ... 

Histogram: Net.QuicChromiumClientStream.HandleOnCloseConnectionError recorded 55 samples (flags = 0x41)
0  -------------------------------------------------------O                  (55 = 100.0%)

Histogram: Net.QuicChromiumClientStream.HandleOnCloseNetError recorded 55 samples (flags = 0x41)
100  -------------------------------------------------------O                  (55 = 100.0%)

Histogram: Net.QuicChromiumClientStream.HandleOnCloseStreamError recorded 55 samples (flags = 0x41)
0  -------------------------------------------------------O                  (55 = 100.0%)

Histogram: Net.QuicChromiumClientStream.HeaderDecodingDelay recorded 55 samples, mean = 12.7 (flags = 0x41)
0   ----------------------------------------O                                 (40 = 72.7%)
1   ... 
24  --O                                                                       (2 = 3.6%) {72.7%}
29  O                                                                         (0 = 0.0%) {76.4%}
34  --O                                                                       (2 = 3.6%) {76.4%}
40  ------O                                                                   (6 = 10.9%) {80.0%}
48  -O                                                                        (1 = 1.8%) {90.9%}
57  --O                                                                       (2 = 3.6%) {92.7%}
68  --O                                                                       (2 = 3.6%) {96.4%}
81  ... 

Histogram: Net.QuicChromiumClientStream.HeaderDecodingDelayGoogle recorded 16 samples, mean = 0.0 (flags = 0x41)
0  ----------------O                                                         (16 = 100.0%)
1  ... 

Histogram: Net.QuicConnection.WritePacketStatus recorded 423 samples, mean = 0.0 (flags = 0x41)
0  ------------------------------------------------------------------------O (423 = 100.0%)
1  ... 

Histogram: Net.QuicCryptoClientConfig.PopulatedFromCanonicalConfig recorded 6 samples, mean = 0.0 (flags = 0x41)
0  ------O                                                                   (6 = 100.0%)
1  ... 

Histogram: Net.QuicDroppedPacketReason recorded 24 samples, mean = 6.0 (flags = 0x41)
0  ... 
6  ------------------------O                                                 (24 = 100.0%) {0.0%}
7  O                                                                         (0 = 0.0%) {100.0%}

Histogram: Net.QuicHandshakeState recorded 114 samples, mean = 1.0 (flags = 0x41)
0  --------------------------------------O                                   (38 = 33.3%)
1  --------------------------------------O                                   (38 = 33.3%) {33.3%}
2  --------------------------------------O                                   (38 = 33.3%) {66.7%}
3  ... 

Histogram: Net.QuicHttpStream.ProcessResponseHeaderSuccess recorded 55 samples, mean = 1.0 (flags = 0x41)
0  O                                                                         (0 = 0.0%)
1  -------------------------------------------------------O                  (55 = 100.0%) {0.0%}
2  O                                                                         (0 = 0.0%) {100.0%}

Histogram: Net.QuicSession.AbortedPendingStreamRequests recorded 38 samples, mean = 0.0 (flags = 0x41)
0  --------------------------------------O                                   (38 = 100.0%)
1  ... 

Histogram: Net.QuicSession.AcceptChForOrigin recorded 55 samples, mean = 0.1 (flags = 0x41)
0  ----------------------------------------------------O                     (52 = 94.5%)
1  ---O                                                                      (3 = 5.5%) {94.5%}
2  O                                                                         (0 = 0.0%) {100.0%}

Histogram: Net.QuicSession.AcceptChFrameReceivedViaAlps recorded 36 samples, mean = 1.0 (flags = 0x41)
0  O                                                                         (0 = 0.0%)
1  ------------------------------------O                                     (36 = 100.0%) {0.0%}
2  ... 

Histogram: Net.QuicSession.AsyncRead recorded 497 samples, mean = 0.6 (flags = 0x41)
0  -----------------------------------------------O                          (197 = 39.6%)
1  ------------------------------------------------------------------------O (300 = 60.4%) {39.6%}
2  O                                                                         (0 = 0.0%) {100.0%}

Histogram: Net.QuicSession.BlockedFrames.Received recorded 38 samples, mean = 0.0 (flags = 0x41)
0  --------------------------------------O                                   (38 = 100.0%)
1  ... 

Histogram: Net.QuicSession.BlockedFrames.Sent recorded 38 samples, mean = 0.0 (flags = 0x41)
0  --------------------------------------O                                   (38 = 100.0%)
1  ... 

Histogram: Net.QuicSession.CertVerificationResult recorded 38 samples (flags = 0x41)
0  --------------------------------------O                                   (38 = 100.0%)

Histogram: Net.QuicSession.ClientSideMtu recorded 38 samples (flags = 0x41)
1250  --------------------------------------O                                   (38 = 100.0%)

Histogram: Net.QuicSession.CloseAllSessionsError recorded 3 samples (flags = 0x41)
3  ---O                                                                      (3 = 100.0%)

Histogram: Net.QuicSession.ClosedDuringInitializeSession recorded 38 samples, mean = 0.0 (flags = 0x41)
0  --------------------------------------O                                   (38 = 100.0%)
1  ... 

Histogram: Net.QuicSession.CoalesceStreamFrameStatus recorded 351 samples, mean = 0.3 (flags = 0x41)
0  ------------------------------------------------------------------------O (250 = 71.2%)
1  -----------------------------O                                            (101 = 28.8%) {71.2%}
2  O                                                                         (0 = 0.0%) {100.0%}

Histogram: Net.QuicSession.ConnectRandomPortForHTTPS recorded 38 samples, mean = 0.0 (flags = 0x41)
0  --------------------------------------O                                   (38 = 100.0%)
1  ... 

Histogram: Net.QuicSession.ConnectionClose.NumOpenStreams.TimedOut recorded 38 samples, mean = 0.0 (flags = 0x41)
0  --------------------------------------O                                   (38 = 100.0%)
1  ... 

Histogram: Net.QuicSession.ConnectionCloseErrorCodeClient recorded 38 samples (flags = 0x41)
25  --------------------------------------O                                   (38 = 100.0%)

Histogram: Net.QuicSession.ConnectionCloseErrorCodeClient.HandshakeConfirmed recorded 38 samples (flags = 0x41)
25  --------------------------------------O                                   (38 = 100.0%)

Histogram: Net.QuicSession.ConnectionCloseErrorCodeClientGoogle recorded 19 samples (flags = 0x41)
25  -------------------O                                                      (19 = 100.0%)

Histogram: Net.QuicSession.ConnectionCloseErrorCodeClientGoogle.HandshakeConfirmed recorded 19 samples (flags = 0x41)
25  -------------------O                                                      (19 = 100.0%)

Histogram: Net.QuicSession.ConnectionDuration recorded 38 samples, mean = 29594.5 (flags = 0x41)
0      ... 
27425  ------------------------------------O                                     (36 = 94.7%) {0.0%}
31655  --O                                                                       (2 = 5.3%) {94.7%}
36538  ... 

Histogram: Net.QuicSession.ConnectionFlowControlBlocked recorded 17 samples, mean = 1.0 (flags = 0x41)
0  O                                                                         (0 = 0.0%)
1  -----------------O                                                        (17 = 100.0%) {0.0%}
2  O                                                                         (0 = 0.0%) {100.0%}

Histogram: Net.QuicSession.ConnectionIpPooled recorded 38 samples, mean = 0.0 (flags = 0x41)
0  --------------------------------------O                                   (38 = 100.0%)
1  ... 

Histogram: Net.QuicSession.ConnectionTypeFromSelf recorded 38 samples, mean = 1.0 (flags = 0x41)
0  O                                                                         (0 = 0.0%)
1  --------------------------------------O                                   (38 = 100.0%) {0.0%}
2  O                                                                         (0 = 0.0%) {100.0%}

Histogram: Net.QuicSession.CryptoRetransmitCount.HandshakeConfirmed recorded 38 samples, mean = 0.3 (flags = 0x41)
0  ---------------------------------O                                        (33 = 86.8%)
1  ---O                                                                      (3 = 7.9%) {86.8%}
2  -O                                                                        (1 = 2.6%) {94.7%}
3  ... 
6  -O                                                                        (1 = 2.6%) {97.4%}
7  ... 

Histogram: Net.QuicSession.DuplicatePacketsReceived recorded 38 samples, mean = 0.0 (flags = 0x41)
0  --------------------------------------O                                   (38 = 100.0%)
1  ... 

Histogram: Net.QuicSession.EcnMarksObserved recorded 38 samples, mean = 1.0 (flags = 0x41)
0  O                                                                         (0 = 0.0%)
1  --------------------------------------O                                   (38 = 100.0%) {0.0%}
2  ... 

Histogram: Net.QuicSession.EncryptionEstablishedTime recorded 38 samples, mean = 71.5 (flags = 0x41)
0    ---------------------------O                                              (27 = 71.1%)
1    ---O                                                                      (3 = 7.9%) {71.1%}
2    ... 
14   -O                                                                        (1 = 2.6%) {78.9%}
17   ... 
57   -O                                                                        (1 = 2.6%) {81.6%}
68   ... 
135  --O                                                                       (2 = 5.3%) {84.2%}
160  ... 
318  -O                                                                        (1 = 2.6%) {89.5%}
378  ... 
533  -O                                                                        (1 = 2.6%) {92.1%}
633  --O                                                                       (2 = 5.3%) {94.7%}
752  ... 

Histogram: Net.QuicSession.FinchConfigIsValid recorded 3 samples, mean = 1.0 (flags = 0x41)
0  O                                                                         (0 = 0.0%)
1  ---O                                                                      (3 = 100.0%) {0.0%}
2  O                                                                         (0 = 0.0%) {100.0%}

Histogram: Net.QuicSession.FindMatchingIpSessionResult recorded 76 samples, mean = 2.0 (flags = 0x41)
0  ... 
2  ------------------------------------------------------------------------O (76 = 100.0%) {0.0%}
3  O                                                                         (0 = 0.0%) {100.0%}

Histogram: Net.QuicSession.FindMatchingIpSessionResultGoogle recorded 38 samples, mean = 2.0 (flags = 0x41)
0  ... 
2  --------------------------------------O                                   (38 = 100.0%) {0.0%}
3  O                                                                         (0 = 0.0%) {100.0%}

Histogram: Net.QuicSession.HandshakeConfirmedTime recorded 38 samples, mean = 128.8 (flags = 0x41)
0    ... 
14   -O                                                                        (1 = 2.6%) {0.0%}
17   ... 
57   --------------O                                                           (14 = 36.8%) {2.6%}
68   ----------O                                                               (10 = 26.3%) {39.5%}
81   ------O                                                                   (6 = 15.8%) {65.8%}
96   -O                                                                        (1 = 2.6%) {81.6%}
114  O                                                                         (0 = 0.0%) {84.2%}
135  --O                                                                       (2 = 5.3%) {84.2%}
160  ... 
318  -O                                                                        (1 = 2.6%) {89.5%}
378  ... 
533  -O                                                                        (1 = 2.6%) {92.1%}
633  --O                                                                       (2 = 5.3%) {94.7%}
752  ... 

Histogram: Net.QuicSession.HeaderCompressionRatioQpackReceived recorded 55 samples, mean = 9.7 (flags = 0x41)
0   ... 
3   ----------------------------------O                                       (34 = 61.8%) {0.0%}
4   O                                                                         (0 = 0.0%) {61.8%}
5   ----------------O                                                         (16 = 29.1%) {61.8%}
6   ... 
69  ----O                                                                     (4 = 7.3%) {90.9%}
70  ... 
74  -O                                                                        (1 = 1.8%) {98.2%}
75  ... 

Histogram: Net.QuicSession.HeaderCompressionRatioQpackSent recorded 55 samples, mean = 59.9 (flags = 0x41)
0   ... 
47  -----------------O                                                        (17 = 30.9%) {0.0%}
48  ... 
59  -O                                                                        (1 = 1.8%) {30.9%}
60  ----------------O                                                         (16 = 29.1%) {32.7%}
61  ... 
69  ----------------O                                                         (16 = 29.1%) {61.8%}
70  ... 
73  -O                                                                        (1 = 1.8%) {90.9%}
74  --O                                                                       (2 = 3.6%) {92.7%}
75  O                                                                         (0 = 0.0%) {96.4%}
76  --O                                                                       (2 = 3.6%) {96.4%}
77  ... 

Histogram: Net.QuicSession.HostResolution.HandshakeConfirmedTime recorded 38 samples, mean = 129.3 (flags = 0x41)
0    ... 
14   -O                                                                        (1 = 2.6%) {0.0%}
17   ... 
57   --------------O                                                           (14 = 36.8%) {2.6%}
68   ----------O                                                               (10 = 26.3%) {39.5%}
81   ------O                                                                   (6 = 15.8%) {65.8%}
96   -O                                                                        (1 = 2.6%) {81.6%}
114  O                                                                         (0 = 0.0%) {84.2%}
135  --O                                                                       (2 = 5.3%) {84.2%}
160  ... 
318  -O                                                                        (1 = 2.6%) {89.5%}
378  ... 
533  -O                                                                        (1 = 2.6%) {92.1%}
633  --O                                                                       (2 = 5.3%) {94.7%}
752  ... 

Histogram: Net.QuicSession.IncorrectConnectionIDsReceived recorded 38 samples, mean = 0.0 (flags = 0x41)
0  --------------------------------------O                                   (38 = 100.0%)
1  ... 

Histogram: Net.QuicSession.InitialRttEsitmateSource recorded 38 samples, mean = 1.0 (flags = 0x41)
0  -O                                                                        (1 = 2.6%)
1  -------------------------------------O                                    (37 = 97.4%) {2.6%}
2  ... 

Histogram: Net.QuicSession.KeyUpdate.PerConnection2 recorded 38 samples, mean = 0.0 (flags = 0x41)
0  --------------------------------------O                                   (38 = 100.0%)
1  ... 

Histogram: Net.QuicSession.KeyUpdate.PotentialPeerKeyUpdateAttemptCount recorded 38 samples, mean = 0.0 (flags = 0x41)
0  --------------------------------------O                                   (38 = 100.0%)
1  ... 

Histogram: Net.QuicSession.MaxConsecutiveRtoWithForwardProgress recorded 38 samples, mean = 0.1 (flags = 0x41)
0  ---------------------------------O                                        (33 = 86.8%)
1  -----O                                                                    (5 = 13.2%) {86.8%}
2  ... 

Histogram: Net.QuicSession.MinRTT recorded 38 samples, mean = 52.5 (flags = 0x41)
0    ... 
10   --O                                                                       (2 = 5.3%) {0.0%}
12   ... 
40   ---------------O                                                          (15 = 39.5%) {5.3%}
48   ---------O                                                                (9 = 23.7%) {44.7%}
57   ---------O                                                                (9 = 23.7%) {68.4%}
68   --O                                                                       (2 = 5.3%) {92.1%}
81   ... 
114  -O                                                                        (1 = 2.6%) {97.4%}
135  ... 

Histogram: Net.QuicSession.MtuProbesSent recorded 38 samples, mean = 0.0 (flags = 0x41)
0  --------------------------------------O                                   (38 = 100.0%)
1  ... 

Histogram: Net.QuicSession.NumDefaultPathDegrading recorded 38 samples, mean = 0.0 (flags = 0x41)
0  --------------------------------------O                                   (38 = 100.0%)
1  ... 

Histogram: Net.QuicSession.NumMigrations recorded 38 samples, mean = 0.0 (flags = 0x41)
0  --------------------------------------O                                   (38 = 100.0%)
1  ... 

Histogram: Net.QuicSession.NumOpenStreams recorded 55 samples, mean = 1.3 (flags = 0x41)
0  O                                                                         (0 = 0.0%)
1  -------------------------------------O                                    (37 = 67.3%) {0.0%}
2  ------------------O                                                       (18 = 32.7%) {67.3%}
3  ... 

Histogram: Net.QuicSession.NumPingsSent recorded 38 samples, mean = 0.3 (flags = 0x41)
0  ---------------------------------O                                        (33 = 86.8%)
1  ---O                                                                      (3 = 7.9%) {86.8%}
2  -O                                                                        (1 = 2.6%) {94.7%}
3  ... 
5  -O                                                                        (1 = 2.6%) {97.4%}
6  ... 

Histogram: Net.QuicSession.NumQueuedPacketsBeforeWrite recorded 461 samples, mean = 0.0 (flags = 0x41)
0  ------------------------------------------------------------------------O (461 = 100.0%)
1  ... 

Histogram: Net.QuicSession.NumTotalStreams recorded 38 samples, mean = 1.4 (flags = 0x41)
0  ---O                                                                      (3 = 7.9%)
1  -----------------O                                                        (17 = 44.7%) {7.9%}
2  -----------------O                                                        (17 = 44.7%) {52.6%}
3  O                                                                         (0 = 0.0%) {97.4%}
4  -O                                                                        (1 = 2.6%) {97.4%}
5  ... 

Histogram: Net.QuicSession.OutOfOrderGapReceived recorded 4 samples, mean = 4.8 (flags = 0x41)
0   O                                                                         (0 = 0.0%)
1   --O                                                                       (2 = 50.0%) {0.0%}
2   ... 
4   -O                                                                        (1 = 25.0%) {50.0%}
5   ... 
12  -O                                                                        (1 = 25.0%) {75.0%}
16  ... 

Histogram: Net.QuicSession.OutOfOrderLargePacketsReceived recorded 38 samples, mean = 0.0 (flags = 0x41)
0  -------------------------------------O                                    (37 = 97.4%)
1  -O                                                                        (1 = 2.6%) {97.4%}
2  ... 

Histogram: Net.QuicSession.OutOfOrderPacketsReceived recorded 38 samples, mean = 0.1 (flags = 0x41)
0  ----------------------------------O                                       (34 = 89.5%)
1  ----O                                                                     (4 = 10.5%) {89.5%}
2  ... 

Histogram: Net.QuicSession.PacketGapReceived recorded 9 samples, mean = 2.1 (flags = 0x41)
0  O                                                                         (0 = 0.0%)
1  -----O                                                                    (5 = 55.6%) {0.0%}
2  O                                                                         (0 = 0.0%) {55.6%}
3  --O                                                                       (2 = 22.2%) {55.6%}
4  --O                                                                       (2 = 22.2%) {77.8%}
5  ... 

Histogram: Net.QuicSession.PacketGapReceivedNearPing recorded 10 samples, mean = 2.6 (flags = 0x41)
0  O                                                                         (0 = 0.0%)
1  ----O                                                                     (4 = 40.0%) {0.0%}
2  --O                                                                       (2 = 20.0%) {40.0%}
3  O                                                                         (0 = 0.0%) {60.0%}
4  --O                                                                       (2 = 20.0%) {60.0%}
5  --O                                                                       (2 = 20.0%) {80.0%}
7  ... 

Histogram: Net.QuicSession.PacketLossRate_CONNECTION_WIFI recorded 2 samples, mean = 60.0 (flags = 0x41)
0    -O                                                                        (1 = 50.0%)
1    ... 
118  -O                                                                        (1 = 50.0%) {50.0%}
127  ... 

Histogram: Net.QuicSession.PacketWriteTime.Synchronous recorded 417 samples, mean = 0.0 (flags = 0x41)
0  ------------------------------------------------------------------------O (416 = 99.8%)
1  O                                                                         (1 = 0.2%) {99.8%}
2  ... 

Histogram: Net.QuicSession.PacketsBeforeEcnTransition recorded 38 samples, mean = 0.0 (flags = 0x41)
0  --------------------------------------O                                   (38 = 100.0%)
1  ... 

Histogram: Net.QuicSession.PreferAesGcm recorded 3 samples, mean = 1.0 (flags = 0x41)
0  O                                                                         (0 = 0.0%)
1  ---O                                                                      (3 = 100.0%) {0.0%}
2  O                                                                         (0 = 0.0%) {100.0%}

Histogram: Net.QuicSession.Qpack.HeaderListCountWhenBlockedStreamLimited recorded 5 samples, mean = 2.2 (flags = 0x41)
0  O                                                                         (0 = 0.0%)
1  --O                                                                       (2 = 40.0%) {0.0%}
2  -O                                                                        (1 = 20.0%) {40.0%}
3  -O                                                                        (1 = 20.0%) {60.0%}
4  -O                                                                        (1 = 20.0%) {80.0%}
5  ... 

Histogram: Net.QuicSession.Qpack.HeaderListCountWhenInsertionNotBlocked recorded 55 samples, mean = 1.4 (flags = 0x41)
0  O                                                                         (0 = 0.0%)
1  -----------------------------------O                                      (35 = 63.6%) {0.0%}
2  ------------------O                                                       (18 = 32.7%) {63.6%}
3  -O                                                                        (1 = 1.8%) {96.4%}
4  -O                                                                        (1 = 1.8%) {98.2%}
5  ... 

Histogram: Net.QuicSession.Qpack.HeaderListCountWhenNotBlockedStreamLimited recorded 50 samples, mean = 1.3 (flags = 0x41)
0  O                                                                         (0 = 0.0%)
1  ---------------------------------O                                        (33 = 66.0%) {0.0%}
2  -----------------O                                                        (17 = 34.0%) {66.0%}
3  ... 

Histogram: Net.QuicSession.QuicVersion recorded 38 samples (flags = 0x41)
80  --------------------------------------O                                   (38 = 100.0%)

Histogram: Net.QuicSession.ReceivedSettings.BlockedStreams recorded 36 samples, mean = 100.0 (flags = 0x41)
0   ... 
95  ------------------------------------O                                     (36 = 100.0%) {0.0%}
107 ... 

Histogram: Net.QuicSession.ReceivedSettings.CountPlusOne recorded 38 samples, mean = 6.8 (flags = 0x41)
0  ... 
3  --O                                                                       (2 = 5.3%) {0.0%}
4  ... 
7  ------------------------------------O                                     (36 = 94.7%) {5.3%}
8  ... 

Histogram: Net.QuicSession.ReceivedSettings.MaxHeaderListSize2 recorded 38 samples, mean = 68985.3 (flags = 0x41)
0       ... 
63662   ------------------------------------O                                     (36 = 94.7%) {0.0%}
83848   O                                                                         (0 = 0.0%) {94.7%}
110434  --O                                                                       (2 = 5.3%) {94.7%}
145450  ... 

Histogram: Net.QuicSession.ReceivedSettings.MaxTableCapacity2 recorded 36 samples, mean = 65536.0 (flags = 0x41)
0      ... 
63662  ------------------------------------O                                     (36 = 100.0%) {0.0%}
83848  ... 

Histogram: Net.QuicSession.ReceivedSettings.ReservedCountPlusOne recorded 38 samples, mean = 2.0 (flags = 0x41)
0  ... 
2  --------------------------------------O                                   (38 = 100.0%) {0.0%}
3  ... 

Histogram: Net.QuicSession.RstStreamErrorCodeServer recorded 2 samples (flags = 0x41)
20  --O                                                                       (2 = 100.0%)

Histogram: Net.QuicSession.SendPacketSize.0RTT recorded 64 samples, mean = 159.8 (flags = 0x41)
0    ... 
68   ------O                                                                   (6 = 9.4%) {0.0%}
77   --------------------------O                                               (26 = 40.6%) {9.4%}
87   ... 
214  ----------------O                                                         (16 = 25.0%) {50.0%}
243  ----------------O                                                         (16 = 25.0%) {75.0%}
276  ... 

Histogram: Net.QuicSession.SendPacketSize.ForwardSecure recorded 203 samples, mean = 263.7 (flags = 0x41)
0     ... 
28    ---------------------------------------------------------------O          (63 = 31.0%) {0.0%}
32    -------------------------------O                                          (31 = 15.3%) {31.0%}
36    -----------------------------------O                                      (35 = 17.2%) {46.3%}
41    ------------O                                                             (12 = 5.9%) {63.5%}
47    --O                                                                       (2 = 1.0%) {69.5%}
53    ... 
68    ----O                                                                     (4 = 2.0%) {70.4%}
77    --O                                                                       (2 = 1.0%) {72.4%}
87    ... 
128   -O                                                                        (1 = 0.5%) {73.4%}
145   ... 
188   -O                                                                        (1 = 0.5%) {73.9%}
214   O                                                                         (0 = 0.0%) {74.4%}
243   -O                                                                        (1 = 0.5%) {74.4%}
276   ----------------O                                                         (16 = 7.9%) {74.9%}
314   ... 
676   -O                                                                        (1 = 0.5%) {82.8%}
768   -O                                                                        (1 = 0.5%) {83.3%}
872   ... 
1126  ---------------------------------O                                        (33 = 16.3%) {83.7%}
1279  ... 

Histogram: Net.QuicSession.SendPacketSize.Handshake recorded 53 samples, mean = 73.1 (flags = 0x41)
0   ... 
36  ----------O                                                               (10 = 18.9%) {0.0%}
41  --O                                                                       (2 = 3.8%) {18.9%}
47  ---O                                                                      (3 = 5.7%) {22.6%}
53  ... 
68  --O                                                                       (2 = 3.8%) {28.3%}
77  --------------------O                                                     (20 = 37.7%) {32.1%}
87  ---------------O                                                          (15 = 28.3%) {69.8%}
99  -O                                                                        (1 = 1.9%) {98.1%}
113 ... 

Histogram: Net.QuicSession.SendPacketSize.Initial recorded 103 samples, mean = 905.1 (flags = 0x41)
0     ... 
41    ---O                                                                      (3 = 2.9%) {0.0%}
47    --O                                                                       (2 = 1.9%) {2.9%}
53    ... 
99    -----------O                                                              (11 = 10.7%) {4.9%}
113   ----O                                                                     (4 = 3.9%) {15.5%}
128   -O                                                                        (1 = 1.0%) {19.4%}
145   ---O                                                                      (3 = 2.9%) {20.4%}
165   O                                                                         (0 = 0.0%) {23.3%}
188   ---O                                                                      (3 = 2.9%) {23.3%}
214   ... 
524   -O                                                                        (1 = 1.0%) {26.2%}
595   -----O                                                                    (5 = 4.9%) {27.2%}
676   ... 
1126  ----------------------------------------------------------------------O   (70 = 68.0%) {32.0%}
1279  ... 

Histogram: Net.QuicSession.ServerSideMtu recorded 38 samples (flags = 0x41)
1200  --O                                                                       (2 = 5.3%)
1250  ------------------------------------O                                     (36 = 94.7%)

Histogram: Net.QuicSession.SmoothedRTT recorded 38 samples, mean = 55.7 (flags = 0x41)
0    ... 
10   --O                                                                       (2 = 5.3%) {0.0%}
12   ... 
40   ----------O                                                               (10 = 26.3%) {5.3%}
48   -------------O                                                            (13 = 34.2%) {31.6%}
57   ----O                                                                     (4 = 10.5%) {65.8%}
68   -----O                                                                    (5 = 13.2%) {76.3%}
81   ---O                                                                      (3 = 7.9%) {89.5%}
96   O                                                                         (0 = 0.0%) {97.4%}
114  -O                                                                        (1 = 2.6%) {97.4%}
135  ... 

Histogram: Net.QuicSession.StopSendingErrorCodeClient recorded 2 samples (flags = 0x41)
20  --O                                                                       (2 = 100.0%)

Histogram: Net.QuicSession.StreamFlowControlBlocked recorded 17 samples, mean = 1.0 (flags = 0x41)
0  O                                                                         (0 = 0.0%)
1  -----------------O                                                        (17 = 100.0%) {0.0%}
2  O                                                                         (0 = 0.0%) {100.0%}

Histogram: Net.QuicSession.StreamFrameDuplicatedShortConnection recorded 35 samples, mean = 0.0 (flags = 0x41)
0  -----------------------------------O                                      (35 = 100.0%)
1  ... 

Histogram: Net.QuicSession.TimeFromResolveHostToConfirmConnection recorded 38 samples, mean = 139.0 (flags = 0x41)
0    --O                                                                       (2 = 5.3%)
1    -----O                                                                    (5 = 13.2%) {5.3%}
2    -O                                                                        (1 = 2.6%) {18.4%}
3    ... 
8    -O                                                                        (1 = 2.6%) {21.1%}
10   -----O                                                                    (5 = 13.2%) {23.7%}
12   -O                                                                        (1 = 2.6%) {36.8%}
14   --O                                                                       (2 = 5.3%) {39.5%}
17   ... 
57   -O                                                                        (1 = 2.6%) {44.7%}
68   ... 
96   -O                                                                        (1 = 2.6%) {47.4%}
114  --------O                                                                 (8 = 21.1%) {50.0%}
135  -O                                                                        (1 = 2.6%) {71.1%}
160  -----O                                                                    (5 = 13.2%) {73.7%}
190  -O                                                                        (1 = 2.6%) {86.8%}
226  ... 
318  -O                                                                        (1 = 2.6%) {89.5%}
378  ... 
633  -O                                                                        (1 = 2.6%) {92.1%}
752  -O                                                                        (1 = 2.6%) {94.7%}
894  -O                                                                        (1 = 2.6%) {97.4%}
1062 ... 

Histogram: Net.QuicSession.TooManyOpenStreams recorded 55 samples, mean = 0.0 (flags = 0x41)
0  -------------------------------------------------------O                  (55 = 100.0%)
1  ... 

Histogram: Net.QuicSession.TooSmallInitialSentPacket recorded 42 samples, mean = 787.3 (flags = 0x41)
0     ... 
14    -O                                                                        (1 = 2.4%) {0.0%}
16    O                                                                         (0 = 0.0%) {2.4%}
18    -O                                                                        (1 = 2.4%) {2.4%}
20    --O                                                                       (2 = 4.8%) {4.8%}
23    --O                                                                       (2 = 4.8%) {9.5%}
26    ... 
48    -O                                                                        (1 = 2.4%) {14.3%}
54    --O                                                                       (2 = 4.8%) {16.7%}
61    ... 
505   --O                                                                       (2 = 4.8%) {21.4%}
571   ----O                                                                     (4 = 9.5%) {26.2%}
646   ... 
936   ------O                                                                   (6 = 14.3%) {35.7%}
1060  ---------------------O                                                    (21 = 50.0%) {50.0%}
1200  O                                                                         (0 = 0.0%) {100.0%}

Histogram: Net.QuicSession.UndecryptablePacketsReceived recorded 38 samples, mean = 0.6 (flags = 0x41)
0  ---------------------------------O                                        (33 = 86.8%)
1  O                                                                         (0 = 0.0%) {86.8%}
2  -O                                                                        (1 = 2.6%) {86.8%}
3  --O                                                                       (2 = 5.3%) {89.5%}
4  ... 
7  -O                                                                        (1 = 2.6%) {94.7%}
9  -O                                                                        (1 = 2.6%) {97.4%}
12 ... 

Histogram: Net.QuicSession.UndecryptablePacketsReceivedWithDecrypter recorded 38 samples, mean = 0.0 (flags = 0x41)
0  --------------------------------------O                                   (38 = 100.0%)
1  ... 

Histogram: Net.QuicSession.ValidConnectionTime recorded 30 samples, mean = 0.6 (flags = 0x41)
0  ---------------O                                                          (15 = 50.0%)
1  ------------O                                                             (12 = 40.0%) {50.0%}
2  ---O                                                                      (3 = 10.0%) {90.0%}
3  ... 

Histogram: Net.QuicSession.VerifyProofTime recorded 38 samples, mean = 61.3 (flags = 0x41)
0    --------------------------------O                                         (32 = 84.2%)
1    ... 
40   -O                                                                        (1 = 2.6%) {84.2%}
48   ... 
81   -O                                                                        (1 = 2.6%) {86.8%}
96   ... 
318  -O                                                                        (1 = 2.6%) {89.5%}
378  ... 
533  --O                                                                       (2 = 5.3%) {92.1%}
633  -O                                                                        (1 = 2.6%) {97.4%}
752  ... 

Histogram: Net.QuicSession.VerifyProofTime.google recorded 2 samples, mean = 43.0 (flags = 0x41)
0   -O                                                                        (1 = 50.0%)
1   ... 
81  -O                                                                        (1 = 50.0%) {50.0%}
96  ... 

Histogram: Net.QuicSession.ZeroRttReason recorded 38 samples, mean = 2.5 (flags = 0x41)
0  ... 
2  --------------------------------O                                         (32 = 84.2%) {0.0%}
3  ... 
5  ------O                                                                   (6 = 15.8%) {84.2%}
6  ... 

Histogram: Net.QuicSession.ZeroRttReasonGoogle recorded 19 samples, mean = 2.5 (flags = 0x41)
0  ... 
2  ----------------O                                                         (16 = 84.2%) {0.0%}
3  ... 
5  ---O                                                                      (3 = 15.8%) {84.2%}
6  ... 

Histogram: Net.QuicSession.ZeroRttReasonNonGoogle recorded 19 samples, mean = 2.5 (flags = 0x41)
0  ... 
2  ----------------O                                                         (16 = 84.2%) {0.0%}
3  ... 
5  ---O                                                                      (3 = 15.8%) {84.2%}
6  ... 

Histogram: Net.QuicSession.ZeroRttState recorded 38 samples, mean = 0.3 (flags = 0x41)
0  --------------------------------O                                         (32 = 84.2%)
1  O                                                                         (0 = 0.0%) {84.2%}
2  ------O                                                                   (6 = 15.8%) {84.2%}
3  O                                                                         (0 = 0.0%) {100.0%}

Histogram: Net.RestrictedCookieManager.GetCookiesString.Count30Seconds recorded 82 samples, mean = 0.0 (flags = 0x41)
0  ------------------------------------------------------------------------O (81 = 98.8%)
1  O                                                                         (0 = 0.0%) {98.8%}
2  -O                                                                        (1 = 1.2%) {98.8%}
3  ... 

Histogram: Net.RestrictedCookieManager.SiteForCookiesOK recorded 2 samples, mean = 1.0 (flags = 0x41)
0  O                                                                         (0 = 0.0%)
1  --O                                                                       (2 = 100.0%) {0.0%}
2  O                                                                         (0 = 0.0%) {100.0%}

Histogram: Net.RestrictedCookieManager.TopFrameOriginOK recorded 2 samples, mean = 1.0 (flags = 0x41)
0  O                                                                         (0 = 0.0%)
1  --O                                                                       (2 = 100.0%) {0.0%}
2  O                                                                         (0 = 0.0%) {100.0%}

Histogram: Net.SSLHandshakeDetails recorded 12 samples, mean = 6.2 (flags = 0x41)
0  ... 
6  ----------O                                                               (10 = 83.3%) {0.0%}
7  --O                                                                       (2 = 16.7%) {83.3%}
8  ... 

Histogram: Net.SSLNegotiatedAlpnProtocol recorded 12 samples, mean = 1.9 (flags = 0x41)
0  O                                                                         (0 = 0.0%)
1  -O                                                                        (1 = 8.3%) {0.0%}
2  -----------O                                                              (11 = 91.7%) {8.3%}
3  ... 

Histogram: Net.SSLRenegotiationInfoSupported recorded 12 samples, mean = 1.0 (flags = 0x41)
0  O                                                                         (0 = 0.0%)
1  ------------O                                                             (12 = 100.0%) {0.0%}
2  O                                                                         (0 = 0.0%) {100.0%}

Histogram: Net.SSLSignatureAlgorithm recorded 12 samples (flags = 0x41)
1027  ---------O                                                                (9 = 75.0%)
2052  ---O                                                                      (3 = 25.0%)

Histogram: Net.SSLVersion recorded 12 samples, mean = 6.0 (flags = 0x41)
0  ... 
6  ------------O                                                             (12 = 100.0%) {0.0%}
7  ... 

Histogram: Net.SSL_CipherSuite recorded 12 samples (flags = 0x41)
4865  ----------O                                                               (10 = 83.3%)
4866  --O                                                                       (2 = 16.7%)

Histogram: Net.SSL_Connection_Error recorded 12 samples (flags = 0x41)
0  ------------O                                                             (12 = 100.0%)

Histogram: Net.SSL_Connection_Latency_2 recorded 12 samples, mean = 398.0 (flags = 0x41)
0    ... 
92   -O                                                                        (1 = 8.3%) {0.0%}
101  -O                                                                        (1 = 8.3%) {8.3%}
111  ... 
135  --O                                                                       (2 = 16.7%) {16.7%}
149  ... 
181  -O                                                                        (1 = 8.3%) {33.3%}
200  O                                                                         (0 = 0.0%) {41.7%}
221  -O                                                                        (1 = 8.3%) {41.7%}
244  ... 
328  -O                                                                        (1 = 8.3%) {50.0%}
362  O                                                                         (0 = 0.0%) {58.3%}
399  -O                                                                        (1 = 8.3%) {58.3%}
440  -O                                                                        (1 = 8.3%) {66.7%}
485  ... 
718  -O                                                                        (1 = 8.3%) {75.0%}
792  -O                                                                        (1 = 8.3%) {83.3%}
874  O                                                                         (0 = 0.0%) {91.7%}
964  -O                                                                        (1 = 8.3%) {91.7%}
1064 ... 

Histogram: Net.SSL_KeyExchange.ECDHE recorded 12 samples (flags = 0x41)
29     ----------O                                                               (10 = 83.3%)
25497  --O                                                                       (2 = 16.7%)

Histogram: Net.SharedDictionaryStorageOnDisk.IsMetadataReadyOnFirstUse recorded 1 samples, mean = 1.0 (flags = 0x41)
0  O                                                                         (0 = 0.0%)
1  -O                                                                        (1 = 100.0%) {0.0%}
2  O                                                                         (0 = 0.0%) {100.0%}

Histogram: Net.SharedDictionaryStorageOnDisk.MetadataReadTime.Empty recorded 1 samples, mean = 0.0 (flags = 0x41)
0  -O                                                                        (1 = 100.0%)
1  ... 

Histogram: Net.SharedDictionaryStore.DeleteExpiredDictionaries.Error recorded 2 samples, mean = 0.0 (flags = 0x41)
0  --O                                                                       (2 = 100.0%)
1  ... 

Histogram: Net.SharedDictionaryStore.GetDictionaries.Error recorded 1 samples, mean = 0.0 (flags = 0x41)
0  -O                                                                        (1 = 100.0%)
1  ... 

Histogram: Net.SharedDictionaryStore.ProcessEviction.Error recorded 1 samples, mean = 0.0 (flags = 0x41)
0  -O                                                                        (1 = 100.0%)
1  ... 

Histogram: Net.SpdyFrameStreamAndSessionFlowControlState recorded 1 samples, mean = 0.0 (flags = 0x41)
0  -O                                                                        (1 = 100.0%)
1  ... 

Histogram: Net.SpdyHeadersCompressionPercentage recorded 11 samples, mean = 48.9 (flags = 0x41)
0   ... 
31  -O                                                                        (1 = 9.1%) {0.0%}
32  ... 
34  -O                                                                        (1 = 9.1%) {9.1%}
35  ... 
40  -O                                                                        (1 = 9.1%) {18.2%}
41  -O                                                                        (1 = 9.1%) {27.3%}
42  O                                                                         (0 = 0.0%) {36.4%}
43  -O                                                                        (1 = 9.1%) {36.4%}
44  ... 
49  ---O                                                                      (3 = 27.3%) {45.5%}
50  ... 
61  --O                                                                       (2 = 18.2%) {72.7%}
62  ... 
80  -O                                                                        (1 = 9.1%) {90.9%}
81  ... 

Histogram: Net.SpdyResponseCode recorded 11 samples (flags = 0x41)
200  --------O                                                                 (8 = 72.7%)
204  -O                                                                        (1 = 9.1%)
302  -O                                                                        (1 = 9.1%)
304  -O                                                                        (1 = 9.1%)

Histogram: Net.SpdySession.AcceptChForOrigin recorded 11 samples, mean = 0.5 (flags = 0x41)
0  -----O                                                                    (5 = 45.5%)
1  ------O                                                                   (6 = 54.5%) {45.5%}
2  O                                                                         (0 = 0.0%) {100.0%}

Histogram: Net.SpdySession.AlpsAcceptChEntries recorded 4 samples, mean = 1.0 (flags = 0x41)
0  O                                                                         (0 = 0.0%)
1  ----O                                                                     (4 = 100.0%) {0.0%}
2  ... 

Histogram: Net.SpdySession.AlpsDecoderStatus recorded 4 samples, mean = 0.0 (flags = 0x41)
0  ----O                                                                     (4 = 100.0%)
1  ... 

Histogram: Net.SpdySession.AlpsDecoderStatus.Bypassed recorded 4 samples, mean = 0.0 (flags = 0x41)
0  ----O                                                                     (4 = 100.0%)
1  ... 

Histogram: Net.SpdySession.AlpsSettingParameterCount recorded 4 samples, mean = 0.0 (flags = 0x41)
0  ----O                                                                     (4 = 100.0%)
1  ... 

Histogram: Net.SpdySession.ClosedOnError recorded 8 samples (flags = 0x41)
0  --------O                                                                 (8 = 100.0%)

Histogram: Net.SpdySession.CreateStreamWithSocketConnected recorded 11 samples, mean = 1.0 (flags = 0x41)
0  O                                                                         (0 = 0.0%)
1  -----------O                                                              (11 = 100.0%) {0.0%}
2  O                                                                         (0 = 0.0%) {100.0%}

Histogram: Net.SpdySession.GoAwayReceived recorded 3 samples (flags = 0x41)
0  ---O                                                                      (3 = 100.0%)

Histogram: Net.SpdySession.OnSettings.ActiveStreamCount2 recorded 8 samples, mean = 0.9 (flags = 0x41)
0  -O                                                                        (1 = 12.5%)
1  -------O                                                                  (7 = 87.5%) {12.5%}
2  ... 

Histogram: Net.SpdySession.OnSettings.CreatedAndActiveStreamCount2 recorded 8 samples, mean = 0.9 (flags = 0x41)
0  -O                                                                        (1 = 12.5%)
1  -------O                                                                  (7 = 87.5%) {12.5%}
2  ... 

Histogram: Net.SpdySession.OnSettings.CreatedStreamCount2 recorded 8 samples, mean = 0.0 (flags = 0x41)
0  --------O                                                                 (8 = 100.0%)
1  ... 

Histogram: Net.SpdySession.OnSettings.PendingStreamCount2 recorded 8 samples, mean = 0.0 (flags = 0x41)
0  --------O                                                                 (8 = 100.0%)
1  ... 

Histogram: Net.SpdySession.ServerSupportsWebSocket recorded 8 samples, mean = 0.0 (flags = 0x41)
0  --------O                                                                 (8 = 100.0%)
1  ... 

Histogram: Net.SpdySessionGet recorded 11 samples, mean = 2.5 (flags = 0x41)
0  O                                                                         (0 = 0.0%)
1  ---O                                                                      (3 = 27.3%) {0.0%}
2  O                                                                         (0 = 0.0%) {27.3%}
3  --------O                                                                 (8 = 72.7%) {27.3%}
4  O                                                                         (0 = 0.0%) {100.0%}

Histogram: Net.SpdyStreamsAbandonedPerSession recorded 8 samples, mean = 0.0 (flags = 0x41)
0  --------O                                                                 (8 = 100.0%)
1  ... 

Histogram: Net.SpdyStreamsPerSession recorded 8 samples, mean = 1.4 (flags = 0x41)
0  O                                                                         (0 = 0.0%)
1  ------O                                                                   (6 = 75.0%) {0.0%}
2  -O                                                                        (1 = 12.5%) {75.0%}
3  -O                                                                        (1 = 12.5%) {87.5%}
4  ... 

Histogram: Net.TCP_Connection_Latency recorded 12 samples, mean = 74.2 (flags = 0x41)
0    ... 
9    -O                                                                        (1 = 8.3%) {0.0%}
10   O                                                                         (0 = 0.0%) {8.3%}
11   -O                                                                        (1 = 8.3%) {8.3%}
12   -O                                                                        (1 = 8.3%) {16.7%}
14   ... 
42   ---O                                                                      (3 = 25.0%) {25.0%}
48   ... 
61   -O                                                                        (1 = 8.3%) {50.0%}
69   --O                                                                       (2 = 16.7%) {58.3%}
78   O                                                                         (0 = 0.0%) {75.0%}
88   -O                                                                        (1 = 8.3%) {75.0%}
100  ... 
186  -O                                                                        (1 = 8.3%) {83.3%}
211  -O                                                                        (1 = 8.3%) {91.7%}
239  ... 

Histogram: Net.TcpConnectAttempt.Latency.Success recorded 12 samples, mean = 74.2 (flags = 0x41)
0    -O                                                                        (1 = 8.3%)
10   -O                                                                        (1 = 8.3%) {8.3%}
12   -O                                                                        (1 = 8.3%) {16.7%}
15   ... 
41   ---O                                                                      (3 = 25.0%) {25.0%}
50   O                                                                         (0 = 0.0%) {50.0%}
61   ---O                                                                      (3 = 25.0%) {50.0%}
75   -O                                                                        (1 = 8.3%) {75.0%}
92   ... 
171  -O                                                                        (1 = 8.3%) {83.3%}
210  -O                                                                        (1 = 8.3%) {91.7%}
258  ... 

Histogram: Net.UDPSocketWinClose recorded 126 samples, mean = 0.0 (flags = 0x41)
0  ------------------------------------------------------------------------O (126 = 100.0%)
1  ... 

Histogram: Net.URLLoaderThrottle.OnReceiveResponseTime recorded 50 samples, mean = 0.2 (flags = 0x41)
0   ------------------------------------------------O                         (48 = 96.0%)
1   -O                                                                        (1 = 2.0%) {96.0%}
2   ... 
10  -O                                                                        (1 = 2.0%) {98.0%}
12  ... 

Histogram: Net.URLLoaderThrottleExecutionTime.BeforeWillProcessResponse recorded 252 samples, mean = 0.0 (flags = 0x41)
0  ------------------------------------------------------------------------O (252 = 100.0%)
1  ... 

Histogram: Net.URLLoaderThrottleExecutionTime.WillProcessResponse recorded 252 samples, mean = 0.0 (flags = 0x41)
0  ------------------------------------------------------------------------O (252 = 100.0%)
1  ... 

Histogram: Net.URLLoaderThrottleExecutionTime.WillRedirectRequest recorded 10 samples, mean = 0.0 (flags = 0x41)
0  ----------O                                                               (10 = 100.0%)
1  ... 

Histogram: Net.URLLoaderThrottleExecutionTime.WillStartRequest recorded 252 samples, mean = 0.0 (flags = 0x41)
0  ------------------------------------------------------------------------O (252 = 100.0%)
1  ... 

Histogram: Net.URLRequest.ReferrerHasInformativePath.CrossOrigin recorded 100 samples, mean = 0.0 (flags = 0x41)
0  ------------------------------------------------------------------------O (100 = 100.0%)
1  ... 

Histogram: Net.URLRequest.ReferrerHasInformativePath.SameOrigin recorded 8 samples, mean = 1.0 (flags = 0x41)
0  O                                                                         (0 = 0.0%)
1  --------O                                                                 (8 = 100.0%) {0.0%}
2  O                                                                         (0 = 0.0%) {100.0%}

Histogram: Net.URLRequest.ReferrerPolicyForRequest.CrossOrigin recorded 100 samples, mean = 1.0 (flags = 0x41)
0  --------------------------------------O                                   (38 = 38.0%)
1  --------------------------------------------O                             (44 = 44.0%) {38.0%}
2  O                                                                         (0 = 0.0%) {82.0%}
3  -----------------O                                                        (17 = 17.0%) {82.0%}
4  ... 
7  -O                                                                        (1 = 1.0%) {99.0%}
8  O                                                                         (0 = 0.0%) {100.0%}

Histogram: Net.URLRequest.ReferrerPolicyForRequest.SameOrigin recorded 8 samples, mean = 1.0 (flags = 0x41)
0  O                                                                         (0 = 0.0%)
1  --------O                                                                 (8 = 100.0%) {0.0%}
2  ... 

Histogram: Network.Mdns.Googlecast recorded 15 samples, mean = 0.0 (flags = 0x41)
0  ---------------O                                                          (15 = 100.0%)
1  ... 

Histogram: NetworkService.DeletedOldCacheData recorded 1 samples, mean = 0.0 (flags = 0x41)
0  -O                                                                        (1 = 100.0%)
1  ... 

Histogram: NetworkService.GrantSandboxResult recorded 3 samples, mean = 9.0 (flags = 0x41)
0   ... 
7   -O                                                                        (1 = 33.3%) {0.0%}
8   ... 
10  --O                                                                       (2 = 66.7%) {33.3%}
11  ... 

Histogram: NetworkService.NetworkLoaderCompletionTime2.DiskCache recorded 42 samples, mean = 38.2 (flags = 0x41)
0    ... 
3    -O                                                                        (1 = 2.4%) {0.0%}
4    -----O                                                                    (5 = 11.9%) {2.4%}
5    O                                                                         (0 = 0.0%) {14.3%}
6    ---O                                                                      (3 = 7.1%) {14.3%}
7    -O                                                                        (1 = 2.4%) {21.4%}
8    -------O                                                                  (7 = 16.7%) {23.8%}
10   ----O                                                                     (4 = 9.5%) {40.5%}
12   O                                                                         (0 = 0.0%) {50.0%}
14   -O                                                                        (1 = 2.4%) {50.0%}
17   -----O                                                                    (5 = 11.9%) {52.4%}
20   --------O                                                                 (8 = 19.0%) {64.3%}
24   --O                                                                       (2 = 4.8%) {83.3%}
29   ---O                                                                      (3 = 7.1%) {88.1%}
34   ... 
226  -O                                                                        (1 = 2.4%) {95.2%}
268  ... 
752  -O                                                                        (1 = 2.4%) {97.6%}
894  ... 

Histogram: NetworkService.NetworkLoaderCompletionTime2.Network recorded 25 samples, mean = 616.0 (flags = 0x41)
0     ... 
20    -O                                                                        (1 = 4.0%) {0.0%}
24    ... 
190   -O                                                                        (1 = 4.0%) {4.0%}
226   ---O                                                                      (3 = 12.0%) {8.0%}
268   -O                                                                        (1 = 4.0%) {20.0%}
318   ... 
449   -O                                                                        (1 = 4.0%) {24.0%}
533   -----O                                                                    (5 = 20.0%) {28.0%}
633   -------O                                                                  (7 = 28.0%) {48.0%}
752   ---O                                                                      (3 = 12.0%) {76.0%}
894   -O                                                                        (1 = 4.0%) {88.0%}
1062  O                                                                         (0 = 0.0%) {92.0%}
1262  -O                                                                        (1 = 4.0%) {92.0%}
1500  -O                                                                        (1 = 4.0%) {96.0%}
1782  ... 

Histogram: NetworkService.TimeToGrantCacheAccess recorded 1 samples, mean = 25.0 (flags = 0x41)
0   ... 
24  -O                                                                        (1 = 100.0%) {0.0%}
29  ... 

Histogram: NetworkService.TimeToGrantDataAccess recorded 2 samples, mean = 1.5 (flags = 0x41)
0  O                                                                         (0 = 0.0%)
1  -O                                                                        (1 = 50.0%) {0.0%}
2  -O                                                                        (1 = 50.0%) {50.0%}
3  ... 

Histogram: NetworkService.TimeToGrantSharedDictionaryAccess recorded 1 samples, mean = 7.0 (flags = 0x41)
0  ... 
7  -O                                                                        (1 = 100.0%) {0.0%}
8  ... 

Histogram: NetworkedProfile.Check recorded 1 samples, mean = 4.0 (flags = 0x41)
0  ... 
4  -O                                                                        (1 = 100.0%) {0.0%}
5  ... 

Histogram: NewTabPage.MostVisited.DeciScore.0.Local recorded 1 samples, mean = 71.0 (flags = 0x41)
0   ... 
65  -O                                                                        (1 = 100.0%) {0.0%}
86  ... 

Histogram: NewTabPage.MostVisited.DeciScore.1.Local recorded 1 samples, mean = 71.0 (flags = 0x41)
0   ... 
65  -O                                                                        (1 = 100.0%) {0.0%}
86  ... 

Histogram: Notifications.UsingSystemNotificationCenter recorded 1 samples, mean = 0.0 (flags = 0x41)
0  -O                                                                        (1 = 100.0%)
1  ... 

Histogram: Notifications.Windows.GetDisplayedStatus recorded 1 samples, mean = 0.0 (flags = 0x41)
0  -O                                                                        (1 = 100.0%)
1  ... 

Histogram: Notifications.Windows.GetSettingPolicyStartup recorded 1 samples, mean = 2.0 (flags = 0x41)
0  ... 
2  -O                                                                        (1 = 100.0%) {0.0%}
3  ... 

Histogram: Notifications.Windows.GetSettingStatusStartup recorded 1 samples, mean = 0.0 (flags = 0x41)
0  -O                                                                        (1 = 100.0%)
1  ... 

Histogram: Notifications.Windows.HistoryStatus recorded 1 samples, mean = 0.0 (flags = 0x41)
0  -O                                                                        (1 = 100.0%)
1  ... 

Histogram: Notifications.Windows.SetReadyCallbackStatus2 recorded 1 samples, mean = 3.0 (flags = 0x41)
0  ... 
3  -O                                                                        (1 = 100.0%) {0.0%}
4  ... 

Histogram: Notifications.Windows.StartMenuShortcutStatus recorded 1 samples, mean = 2.0 (flags = 0x41)
0  ... 
2  -O                                                                        (1 = 100.0%) {0.0%}
3  ... 

Histogram: OSCrypt.AppBoundEncryption.SupportLevel recorded 1 samples, mean = 4.0 (flags = 0x41)
0  ... 
4  -O                                                                        (1 = 100.0%) {0.0%}
5  ... 

Histogram: OSCrypt.AppBoundProvider.KeyRetrieval.Status recorded 1 samples, mean = 1.0 (flags = 0x41)
0  O                                                                         (0 = 0.0%)
1  -O                                                                        (1 = 100.0%) {0.0%}
2  ... 

Histogram: OSCrypt.AsyncInitialization.Result recorded 1 samples, mean = 1.0 (flags = 0x41)
0  O                                                                         (0 = 0.0%)
1  -O                                                                        (1 = 100.0%) {0.0%}
2  O                                                                         (0 = 0.0%) {100.0%}

Histogram: OSCrypt.AsyncInitialization.Time recorded 1 samples, mean = 0.0 (flags = 0x41)
0  -O                                                                        (1 = 100.0%)
1  ... 

Histogram: OSCrypt.DPAPIProvider.Status recorded 1 samples, mean = 0.0 (flags = 0x41)
0  -O                                                                        (1 = 100.0%)
1  ... 

Histogram: OSCrypt.Win.Decrypt.Result recorded 1 samples, mean = 1.0 (flags = 0x41)
0  O                                                                         (0 = 0.0%)
1  -O                                                                        (1 = 100.0%) {0.0%}
2  O                                                                         (0 = 0.0%) {100.0%}

Histogram: OSCrypt.Win.Decrypt.Time recorded 1 samples, mean = 0.0 (flags = 0x41)
0  -O                                                                        (1 = 100.0%)
1  ... 

Histogram: Omnibox.TemplateUrl.RlzPresent recorded 47 samples, mean = 0.0 (flags = 0x41)
0  -----------------------------------------------O                          (47 = 100.0%)
1  ... 

Histogram: Omnibox.TemplateUrl.SearchClientPresent recorded 47 samples, mean = 0.0 (flags = 0x41)
0  -----------------------------------------------O                          (47 = 100.0%)
1  ... 

Histogram: OptimizationGuide.ApplyDecision.AboutThisSite recorded 1 samples, mean = 8.0 (flags = 0x41)
0  ... 
8  -O                                                                        (1 = 100.0%) {0.0%}
9  ... 

Histogram: OptimizationGuide.ApplyDecision.V8CompileHints recorded 1 samples, mean = 8.0 (flags = 0x41)
0  ... 
8  -O                                                                        (1 = 100.0%) {0.0%}
9  ... 

Histogram: OptimizationGuide.HintCacheLevelDBStore.LoadMetadataResult recorded 1 samples, mean = 6.0 (flags = 0x41)
0  ... 
6  -O                                                                        (1 = 100.0%) {0.0%}
7  O                                                                         (0 = 0.0%) {100.0%}

Histogram: OptimizationGuide.HintCacheLevelDBStore.Status recorded 3 samples, mean = 1.0 (flags = 0x41)
0  -O                                                                        (1 = 33.3%)
1  -O                                                                        (1 = 33.3%) {33.3%}
2  -O                                                                        (1 = 33.3%) {66.7%}
3  ... 

Histogram: OptimizationGuide.HintsManager.HintCacheInitialized recorded 1 samples, mean = 1.0 (flags = 0x40)
0  O                                                                         (0 = 0.0%)
1  -O                                                                        (1 = 100.0%) {0.0%}
2  O                                                                         (0 = 0.0%) {100.0%}

Histogram: OptimizationGuide.LoadedHint.Result recorded 3 samples, mean = 0.0 (flags = 0x40)
0  ---O                                                                      (3 = 100.0%)
1  ... 

Histogram: OptimizationGuide.ModelExecution.FeatureCurrentlyEnabledResult.Compose recorded 1 samples, mean = 1.0 (flags = 0x41)
0  O                                                                         (0 = 0.0%)
1  -O                                                                        (1 = 100.0%) {0.0%}
2  ... 

Histogram: OptimizationGuide.ModelExecution.FeatureCurrentlyEnabledResult.HistorySearch recorded 2 samples, mean = 3.0 (flags = 0x41)
0  ... 
3  --O                                                                       (2 = 100.0%) {0.0%}
4  ... 

Histogram: OptimizationGuide.ModelExecution.FeatureCurrentlyEnabledResult.TabOrganization recorded 1 samples, mean = 3.0 (flags = 0x41)
0  ... 
3  -O                                                                        (1 = 100.0%) {0.0%}
4  ... 

Histogram: OptimizationGuide.ModelExecution.FeatureCurrentlyEnabledResult.WallpaperSearch recorded 1 samples, mean = 1.0 (flags = 0x41)
0  O                                                                         (0 = 0.0%)
1  -O                                                                        (1 = 100.0%) {0.0%}
2  ... 

Histogram: OptimizationGuide.ModelExecution.FeatureEnabledAtStartup.Compose recorded 1 samples, mean = 0.0 (flags = 0x41)
0  -O                                                                        (1 = 100.0%)
1  ... 

Histogram: OptimizationGuide.ModelExecution.FeatureEnabledAtStartup.HistorySearch recorded 1 samples, mean = 0.0 (flags = 0x41)
0  -O                                                                        (1 = 100.0%)
1  ... 

Histogram: OptimizationGuide.ModelExecution.FeatureEnabledAtStartup.TabOrganization recorded 1 samples, mean = 0.0 (flags = 0x41)
0  -O                                                                        (1 = 100.0%)
1  ... 

Histogram: OptimizationGuide.ModelExecution.FeatureEnabledAtStartup.WallpaperSearch recorded 1 samples, mean = 0.0 (flags = 0x41)
0  -O                                                                        (1 = 100.0%)
1  ... 

Histogram: OptimizationGuide.ModelExecution.OnDeviceModelInstallCriteria.AtRegistration.All recorded 1 samples, mean = 0.0 (flags = 0x41)
0  -O                                                                        (1 = 100.0%)
1  ... 

Histogram: OptimizationGuide.ModelExecution.OnDeviceModelInstallCriteria.AtRegistration.DeviceCapability recorded 1 samples, mean = 0.0 (flags = 0x41)
0  -O                                                                        (1 = 100.0%)
1  ... 

Histogram: OptimizationGuide.ModelExecution.OnDeviceModelInstallCriteria.AtRegistration.DiskSpace recorded 1 samples, mean = 1.0 (flags = 0x41)
0  O                                                                         (0 = 0.0%)
1  -O                                                                        (1 = 100.0%) {0.0%}
2  O                                                                         (0 = 0.0%) {100.0%}

Histogram: OptimizationGuide.ModelExecution.OnDeviceModelInstallCriteria.AtRegistration.EnabledByEnterprisePolicy recorded 1 samples, mean = 1.0 (flags = 0x41)
0  O                                                                         (0 = 0.0%)
1  -O                                                                        (1 = 100.0%) {0.0%}
2  O                                                                         (0 = 0.0%) {100.0%}

Histogram: OptimizationGuide.ModelExecution.OnDeviceModelInstallCriteria.AtRegistration.EnabledByFeature recorded 1 samples, mean = 0.0 (flags = 0x41)
0  -O                                                                        (1 = 100.0%)
1  ... 

Histogram: OptimizationGuide.ModelExecution.OnDeviceModelInstallCriteria.AtRegistration.FeatureUse recorded 1 samples, mean = 0.0 (flags = 0x41)
0  -O                                                                        (1 = 100.0%)
1  ... 

Histogram: OptimizationGuide.ModelHandler.HandlerCreated.GeolocationPermissions recorded 1 samples, mean = 1.0 (flags = 0x41)
0  O                                                                         (0 = 0.0%)
1  -O                                                                        (1 = 100.0%) {0.0%}
2  O                                                                         (0 = 0.0%) {100.0%}

Histogram: OptimizationGuide.ModelHandler.HandlerCreated.NewTabPageHistoryClustersModuleRanking recorded 1 samples, mean = 1.0 (flags = 0x41)
0  O                                                                         (0 = 0.0%)
1  -O                                                                        (1 = 100.0%) {0.0%}
2  O                                                                         (0 = 0.0%) {100.0%}

Histogram: OptimizationGuide.ModelHandler.HandlerCreated.NotificationPermissions recorded 1 samples, mean = 1.0 (flags = 0x41)
0  O                                                                         (0 = 0.0%)
1  -O                                                                        (1 = 100.0%) {0.0%}
2  O                                                                         (0 = 0.0%) {100.0%}

Histogram: OptimizationGuide.ModelHandler.HandlerCreated.OmniboxUrlScoring recorded 1 samples, mean = 1.0 (flags = 0x41)
0  O                                                                         (0 = 0.0%)
1  -O                                                                        (1 = 100.0%) {0.0%}
2  O                                                                         (0 = 0.0%) {100.0%}

Histogram: OptimizationGuide.ModelHandler.HandlerCreated.PageTopicsV2 recorded 1 samples, mean = 1.0 (flags = 0x41)
0  O                                                                         (0 = 0.0%)
1  -O                                                                        (1 = 100.0%) {0.0%}
2  O                                                                         (0 = 0.0%) {100.0%}

Histogram: OptimizationGuide.ModelHandler.HandlerCreated.SegmentationChromeLowUserEngagement recorded 1 samples, mean = 1.0 (flags = 0x41)
0  O                                                                         (0 = 0.0%)
1  -O                                                                        (1 = 100.0%) {0.0%}
2  O                                                                         (0 = 0.0%) {100.0%}

Histogram: OptimizationGuide.ModelHandler.HandlerCreated.SegmentationComposePromotion recorded 1 samples, mean = 1.0 (flags = 0x41)
0  O                                                                         (0 = 0.0%)
1  -O                                                                        (1 = 100.0%) {0.0%}
2  O                                                                         (0 = 0.0%) {100.0%}

Histogram: OptimizationGuide.ModelHandler.HandlerCreated.SegmentationDeviceSwitcher recorded 1 samples, mean = 1.0 (flags = 0x41)
0  O                                                                         (0 = 0.0%)
1  -O                                                                        (1 = 100.0%) {0.0%}
2  O                                                                         (0 = 0.0%) {100.0%}

Histogram: OptimizationGuide.ModelHandler.HandlerCreated.SegmentationSearchUser recorded 1 samples, mean = 1.0 (flags = 0x41)
0  O                                                                         (0 = 0.0%)
1  -O                                                                        (1 = 100.0%) {0.0%}
2  O                                                                         (0 = 0.0%) {100.0%}

Histogram: OptimizationGuide.ModelHandler.HandlerCreated.SegmentationShoppingUser recorded 1 samples, mean = 1.0 (flags = 0x41)
0  O                                                                         (0 = 0.0%)
1  -O                                                                        (1 = 100.0%) {0.0%}
2  O                                                                         (0 = 0.0%) {100.0%}

Histogram: OptimizationGuide.ModelHandler.HandlerCreated.URLVisitResumptionRanker recorded 1 samples, mean = 1.0 (flags = 0x41)
0  O                                                                         (0 = 0.0%)
1  -O                                                                        (1 = 100.0%) {0.0%}
2  O                                                                         (0 = 0.0%) {100.0%}

Histogram: OptimizationGuide.ModelHandler.HandlerCreated.WebAppInstallationPromo recorded 1 samples, mean = 1.0 (flags = 0x41)
0  O                                                                         (0 = 0.0%)
1  -O                                                                        (1 = 100.0%) {0.0%}
2  O                                                                         (0 = 0.0%) {100.0%}

Histogram: OptimizationGuide.PageContentAnnotations.AnnotateVisitResultCached recorded 3 samples, mean = 0.0 (flags = 0x41)
0  ---O                                                                      (3 = 100.0%)
1  ... 

Histogram: OptimizationGuide.PageContentAnnotationsService.ContentAnnotated recorded 3 samples, mean = 0.0 (flags = 0x41)
0  ---O                                                                      (3 = 100.0%)
1  ... 

Histogram: OptimizationGuide.PredictionManager.DownloadServiceAvailabilityBlockedFetch recorded 16 samples, mean = 0.0 (flags = 0x41)
0  ----------------O                                                         (16 = 100.0%)
1  ... 

Histogram: OptimizationGuide.PredictionManager.FirstModelFetchSinceServiceInit recorded 1 samples, mean = 10032.0 (flags = 0x41)
0     ... 
8000  -O                                                                        (1 = 100.0%) {0.0%}
10165 ... 

Histogram: OptimizationGuide.PredictionManager.ModelAvailableAtRegistration.ClientSidePhishing recorded 1 samples, mean = 0.0 (flags = 0x41)
0  -O                                                                        (1 = 100.0%)
1  ... 

Histogram: OptimizationGuide.PredictionManager.ModelAvailableAtRegistration.GeolocationPermissions recorded 1 samples, mean = 0.0 (flags = 0x41)
0  -O                                                                        (1 = 100.0%)
1  ... 

Histogram: OptimizationGuide.PredictionManager.ModelAvailableAtRegistration.LanguageDetection recorded 2 samples, mean = 0.0 (flags = 0x41)
0  --O                                                                       (2 = 100.0%)
1  ... 

Histogram: OptimizationGuide.PredictionManager.ModelAvailableAtRegistration.NewTabPageHistoryClustersModuleRanking recorded 1 samples, mean = 0.0 (flags = 0x41)
0  -O                                                                        (1 = 100.0%)
1  ... 

Histogram: OptimizationGuide.PredictionManager.ModelAvailableAtRegistration.NotificationPermissions recorded 1 samples, mean = 0.0 (flags = 0x41)
0  -O                                                                        (1 = 100.0%)
1  ... 

Histogram: OptimizationGuide.PredictionManager.ModelAvailableAtRegistration.OmniboxUrlScoring recorded 1 samples, mean = 0.0 (flags = 0x41)
0  -O                                                                        (1 = 100.0%)
1  ... 

Histogram: OptimizationGuide.PredictionManager.ModelAvailableAtRegistration.PageTopicsV2 recorded 1 samples, mean = 0.0 (flags = 0x41)
0  -O                                                                        (1 = 100.0%)
1  ... 

Histogram: OptimizationGuide.PredictionManager.ModelAvailableAtRegistration.SegmentationChromeLowUserEngagement recorded 1 samples, mean = 0.0 (flags = 0x41)
0  -O                                                                        (1 = 100.0%)
1  ... 

Histogram: OptimizationGuide.PredictionManager.ModelAvailableAtRegistration.SegmentationComposePromotion recorded 1 samples, mean = 0.0 (flags = 0x41)
0  -O                                                                        (1 = 100.0%)
1  ... 

Histogram: OptimizationGuide.PredictionManager.ModelAvailableAtRegistration.SegmentationDeviceSwitcher recorded 1 samples, mean = 0.0 (flags = 0x41)
0  -O                                                                        (1 = 100.0%)
1  ... 

Histogram: OptimizationGuide.PredictionManager.ModelAvailableAtRegistration.SegmentationSearchUser recorded 1 samples, mean = 0.0 (flags = 0x41)
0  -O                                                                        (1 = 100.0%)
1  ... 

Histogram: OptimizationGuide.PredictionManager.ModelAvailableAtRegistration.SegmentationShoppingUser recorded 1 samples, mean = 0.0 (flags = 0x41)
0  -O                                                                        (1 = 100.0%)
1  ... 

Histogram: OptimizationGuide.PredictionManager.ModelAvailableAtRegistration.TextSafety recorded 1 samples, mean = 0.0 (flags = 0x41)
0  -O                                                                        (1 = 100.0%)
1  ... 

Histogram: OptimizationGuide.PredictionManager.ModelAvailableAtRegistration.URLVisitResumptionRanker recorded 1 samples, mean = 0.0 (flags = 0x41)
0  -O                                                                        (1 = 100.0%)
1  ... 

Histogram: OptimizationGuide.PredictionManager.ModelAvailableAtRegistration.VisualSearchClassification recorded 1 samples, mean = 0.0 (flags = 0x41)
0  -O                                                                        (1 = 100.0%)
1  ... 

Histogram: OptimizationGuide.PredictionManager.ModelAvailableAtRegistration.WebAppInstallationPromo recorded 1 samples, mean = 0.0 (flags = 0x41)
0  -O                                                                        (1 = 100.0%)
1  ... 

Histogram: OptimizationGuide.PredictionManager.ModelDeliveryEvents.ClientSidePhishing recorded 32 samples, mean = 5.5 (flags = 0x41)
0  ... 
3  ----------------O                                                         (16 = 50.0%) {0.0%}
4  ... 
8  ----------------O                                                         (16 = 50.0%) {50.0%}
9  ... 

Histogram: OptimizationGuide.PredictionManager.ModelDeliveryEvents.GeolocationPermissions recorded 32 samples, mean = 5.5 (flags = 0x41)
0  ... 
3  ----------------O                                                         (16 = 50.0%) {0.0%}
4  ... 
8  ----------------O                                                         (16 = 50.0%) {50.0%}
9  ... 

Histogram: OptimizationGuide.PredictionManager.ModelDeliveryEvents.LanguageDetection recorded 32 samples, mean = 5.5 (flags = 0x41)
0  ... 
3  ----------------O                                                         (16 = 50.0%) {0.0%}
4  ... 
8  ----------------O                                                         (16 = 50.0%) {50.0%}
9  ... 

Histogram: OptimizationGuide.PredictionManager.ModelDeliveryEvents.NewTabPageHistoryClustersModuleRanking recorded 32 samples, mean = 5.5 (flags = 0x41)
0  ... 
3  ----------------O                                                         (16 = 50.0%) {0.0%}
4  ... 
8  ----------------O                                                         (16 = 50.0%) {50.0%}
9  ... 

Histogram: OptimizationGuide.PredictionManager.ModelDeliveryEvents.NotificationPermissions recorded 32 samples, mean = 5.5 (flags = 0x41)
0  ... 
3  ----------------O                                                         (16 = 50.0%) {0.0%}
4  ... 
8  ----------------O                                                         (16 = 50.0%) {50.0%}
9  ... 

Histogram: OptimizationGuide.PredictionManager.ModelDeliveryEvents.OmniboxUrlScoring recorded 32 samples, mean = 5.5 (flags = 0x41)
0  ... 
3  ----------------O                                                         (16 = 50.0%) {0.0%}
4  ... 
8  ----------------O                                                         (16 = 50.0%) {50.0%}
9  ... 

Histogram: OptimizationGuide.PredictionManager.ModelDeliveryEvents.PageTopicsV2 recorded 32 samples, mean = 5.5 (flags = 0x41)
0  ... 
3  ----------------O                                                         (16 = 50.0%) {0.0%}
4  ... 
8  ----------------O                                                         (16 = 50.0%) {50.0%}
9  ... 

Histogram: OptimizationGuide.PredictionManager.ModelDeliveryEvents.SegmentationChromeLowUserEngagement recorded 32 samples, mean = 5.5 (flags = 0x41)
0  ... 
3  ----------------O                                                         (16 = 50.0%) {0.0%}
4  ... 
8  ----------------O                                                         (16 = 50.0%) {50.0%}
9  ... 

Histogram: OptimizationGuide.PredictionManager.ModelDeliveryEvents.SegmentationComposePromotion recorded 32 samples, mean = 5.5 (flags = 0x41)
0  ... 
3  ----------------O                                                         (16 = 50.0%) {0.0%}
4  ... 
8  ----------------O                                                         (16 = 50.0%) {50.0%}
9  ... 

Histogram: OptimizationGuide.PredictionManager.ModelDeliveryEvents.SegmentationDeviceSwitcher recorded 32 samples, mean = 5.5 (flags = 0x41)
0  ... 
3  ----------------O                                                         (16 = 50.0%) {0.0%}
4  ... 
8  ----------------O                                                         (16 = 50.0%) {50.0%}
9  ... 

Histogram: OptimizationGuide.PredictionManager.ModelDeliveryEvents.SegmentationSearchUser recorded 32 samples, mean = 5.5 (flags = 0x41)
0  ... 
3  ----------------O                                                         (16 = 50.0%) {0.0%}
4  ... 
8  ----------------O                                                         (16 = 50.0%) {50.0%}
9  ... 

Histogram: OptimizationGuide.PredictionManager.ModelDeliveryEvents.SegmentationShoppingUser recorded 32 samples, mean = 5.5 (flags = 0x41)
0  ... 
3  ----------------O                                                         (16 = 50.0%) {0.0%}
4  ... 
8  ----------------O                                                         (16 = 50.0%) {50.0%}
9  ... 

Histogram: OptimizationGuide.PredictionManager.ModelDeliveryEvents.TextSafety recorded 32 samples, mean = 5.5 (flags = 0x41)
0  ... 
3  ----------------O                                                         (16 = 50.0%) {0.0%}
4  ... 
8  ----------------O                                                         (16 = 50.0%) {50.0%}
9  ... 

Histogram: OptimizationGuide.PredictionManager.ModelDeliveryEvents.URLVisitResumptionRanker recorded 32 samples, mean = 5.5 (flags = 0x41)
0  ... 
3  ----------------O                                                         (16 = 50.0%) {0.0%}
4  ... 
8  ----------------O                                                         (16 = 50.0%) {50.0%}
9  ... 

Histogram: OptimizationGuide.PredictionManager.ModelDeliveryEvents.VisualSearchClassification recorded 32 samples, mean = 5.5 (flags = 0x41)
0  ... 
3  ----------------O                                                         (16 = 50.0%) {0.0%}
4  ... 
8  ----------------O                                                         (16 = 50.0%) {50.0%}
9  ... 

Histogram: OptimizationGuide.PredictionManager.ModelDeliveryEvents.WebAppInstallationPromo recorded 32 samples, mean = 5.5 (flags = 0x41)
0  ... 
3  ----------------O                                                         (16 = 50.0%) {0.0%}
4  ... 
8  ----------------O                                                         (16 = 50.0%) {50.0%}
9  ... 

Histogram: OptimizationGuide.PredictionManager.RegistrationTimeSinceServiceInit.ClientSidePhishing recorded 1 samples, mean = 0.0 (flags = 0x41)
0  -O                                                                        (1 = 100.0%)
1  ... 

Histogram: OptimizationGuide.PredictionManager.RegistrationTimeSinceServiceInit.GeolocationPermissions recorded 1 samples, mean = 0.0 (flags = 0x41)
0  -O                                                                        (1 = 100.0%)
1  ... 

Histogram: OptimizationGuide.PredictionManager.RegistrationTimeSinceServiceInit.LanguageDetection recorded 2 samples, mean = 5.5 (flags = 0x41)
0   -O                                                                        (1 = 50.0%)
1   ... 
10  -O                                                                        (1 = 50.0%) {50.0%}
13  ... 

Histogram: OptimizationGuide.PredictionManager.RegistrationTimeSinceServiceInit.NewTabPageHistoryClustersModuleRanking recorded 1 samples, mean = 0.0 (flags = 0x41)
0  -O                                                                        (1 = 100.0%)
1  ... 

Histogram: OptimizationGuide.PredictionManager.RegistrationTimeSinceServiceInit.NotificationPermissions recorded 1 samples, mean = 0.0 (flags = 0x41)
0  -O                                                                        (1 = 100.0%)
1  ... 

Histogram: OptimizationGuide.PredictionManager.RegistrationTimeSinceServiceInit.OmniboxUrlScoring recorded 1 samples, mean = 0.0 (flags = 0x41)
0  -O                                                                        (1 = 100.0%)
1  ... 

Histogram: OptimizationGuide.PredictionManager.RegistrationTimeSinceServiceInit.PageTopicsV2 recorded 1 samples, mean = 0.0 (flags = 0x41)
0  -O                                                                        (1 = 100.0%)
1  ... 

Histogram: OptimizationGuide.PredictionManager.RegistrationTimeSinceServiceInit.SegmentationChromeLowUserEngagement recorded 1 samples, mean = 2928.0 (flags = 0x41)
0     ... 
2415  -O                                                                        (1 = 100.0%) {0.0%}
3069  ... 

Histogram: OptimizationGuide.PredictionManager.RegistrationTimeSinceServiceInit.SegmentationComposePromotion recorded 1 samples, mean = 2929.0 (flags = 0x41)
0     ... 
2415  -O                                                                        (1 = 100.0%) {0.0%}
3069  ... 

Histogram: OptimizationGuide.PredictionManager.RegistrationTimeSinceServiceInit.SegmentationDeviceSwitcher recorded 1 samples, mean = 2928.0 (flags = 0x41)
0     ... 
2415  -O                                                                        (1 = 100.0%) {0.0%}
3069  ... 

Histogram: OptimizationGuide.PredictionManager.RegistrationTimeSinceServiceInit.SegmentationSearchUser recorded 1 samples, mean = 2928.0 (flags = 0x41)
0     ... 
2415  -O                                                                        (1 = 100.0%) {0.0%}
3069  ... 

Histogram: OptimizationGuide.PredictionManager.RegistrationTimeSinceServiceInit.SegmentationShoppingUser recorded 1 samples, mean = 2928.0 (flags = 0x41)
0     ... 
2415  -O                                                                        (1 = 100.0%) {0.0%}
3069  ... 

Histogram: OptimizationGuide.PredictionManager.RegistrationTimeSinceServiceInit.TextSafety recorded 1 samples, mean = 0.0 (flags = 0x41)
0  -O                                                                        (1 = 100.0%)
1  ... 

Histogram: OptimizationGuide.PredictionManager.RegistrationTimeSinceServiceInit.URLVisitResumptionRanker recorded 1 samples, mean = 2929.0 (flags = 0x41)
0     ... 
2415  -O                                                                        (1 = 100.0%) {0.0%}
3069  ... 

Histogram: OptimizationGuide.PredictionManager.RegistrationTimeSinceServiceInit.VisualSearchClassification recorded 1 samples, mean = 0.0 (flags = 0x41)
0  -O                                                                        (1 = 100.0%)
1  ... 

Histogram: OptimizationGuide.PredictionManager.RegistrationTimeSinceServiceInit.WebAppInstallationPromo recorded 1 samples, mean = 2929.0 (flags = 0x41)
0     ... 
2415  -O                                                                        (1 = 100.0%) {0.0%}
3069  ... 

Histogram: OptimizationGuide.PredictionManager.StoreInitialized recorded 1 samples, mean = 1.0 (flags = 0x40)
0  O                                                                         (0 = 0.0%)
1  -O                                                                        (1 = 100.0%) {0.0%}
2  O                                                                         (0 = 0.0%) {100.0%}

Histogram: OptimizationGuide.PredictionManager.SupportedModelEngineVersion recorded 16 samples, mean = 18.0 (flags = 0x40)
0   ... 
18  ----------------O                                                         (16 = 100.0%) {0.0%}
19  ... 

Histogram: OptimizationGuide.PredictionModelFetcher.GetModelsResponse.NetErrorCode recorded 16 samples (flags = 0x41)
379  ----------------O                                                         (16 = 100.0%)

Histogram: OptimizationGuide.PredictionModelFetcher.GetModelsResponse.NetErrorCode.ClientSidePhishing recorded 16 samples (flags = 0x41)
379  ----------------O                                                         (16 = 100.0%)

Histogram: OptimizationGuide.PredictionModelFetcher.GetModelsResponse.NetErrorCode.GeolocationPermissions recorded 16 samples (flags = 0x41)
379  ----------------O                                                         (16 = 100.0%)

Histogram: OptimizationGuide.PredictionModelFetcher.GetModelsResponse.NetErrorCode.LanguageDetection recorded 16 samples (flags = 0x41)
379  ----------------O                                                         (16 = 100.0%)

Histogram: OptimizationGuide.PredictionModelFetcher.GetModelsResponse.NetErrorCode.NewTabPageHistoryClustersModuleRanking recorded 16 samples (flags = 0x41)
379  ----------------O                                                         (16 = 100.0%)

Histogram: OptimizationGuide.PredictionModelFetcher.GetModelsResponse.NetErrorCode.NotificationPermissions recorded 16 samples (flags = 0x41)
379  ----------------O                                                         (16 = 100.0%)

Histogram: OptimizationGuide.PredictionModelFetcher.GetModelsResponse.NetErrorCode.OmniboxUrlScoring recorded 16 samples (flags = 0x41)
379  ----------------O                                                         (16 = 100.0%)

Histogram: OptimizationGuide.PredictionModelFetcher.GetModelsResponse.NetErrorCode.PageTopicsV2 recorded 16 samples (flags = 0x41)
379  ----------------O                                                         (16 = 100.0%)

Histogram: OptimizationGuide.PredictionModelFetcher.GetModelsResponse.NetErrorCode.SegmentationChromeLowUserEngagement recorded 16 samples (flags = 0x41)
379  ----------------O                                                         (16 = 100.0%)

Histogram: OptimizationGuide.PredictionModelFetcher.GetModelsResponse.NetErrorCode.SegmentationComposePromotion recorded 16 samples (flags = 0x41)
379  ----------------O                                                         (16 = 100.0%)

Histogram: OptimizationGuide.PredictionModelFetcher.GetModelsResponse.NetErrorCode.SegmentationDeviceSwitcher recorded 16 samples (flags = 0x41)
379  ----------------O                                                         (16 = 100.0%)

Histogram: OptimizationGuide.PredictionModelFetcher.GetModelsResponse.NetErrorCode.SegmentationSearchUser recorded 16 samples (flags = 0x41)
379  ----------------O                                                         (16 = 100.0%)

Histogram: OptimizationGuide.PredictionModelFetcher.GetModelsResponse.NetErrorCode.SegmentationShoppingUser recorded 16 samples (flags = 0x41)
379  ----------------O                                                         (16 = 100.0%)

Histogram: OptimizationGuide.PredictionModelFetcher.GetModelsResponse.NetErrorCode.TextSafety recorded 16 samples (flags = 0x41)
379  ----------------O                                                         (16 = 100.0%)

Histogram: OptimizationGuide.PredictionModelFetcher.GetModelsResponse.NetErrorCode.URLVisitResumptionRanker recorded 16 samples (flags = 0x41)
379  ----------------O                                                         (16 = 100.0%)

Histogram: OptimizationGuide.PredictionModelFetcher.GetModelsResponse.NetErrorCode.VisualSearchClassification recorded 16 samples (flags = 0x41)
379  ----------------O                                                         (16 = 100.0%)

Histogram: OptimizationGuide.PredictionModelFetcher.GetModelsResponse.NetErrorCode.WebAppInstallationPromo recorded 16 samples (flags = 0x41)
379  ----------------O                                                         (16 = 100.0%)

Histogram: OptimizationGuide.PredictionModelFetcher.GetModelsResponse.Status recorded 16 samples, mean = 403.0 (flags = 0x41)
0    ... 
403  ----------------O                                                         (16 = 100.0%) {0.0%}
404  ... 

Histogram: OptimizationGuide.PredictionModelFetcher.GetModelsResponse.Status.ClientSidePhishing recorded 16 samples, mean = 403.0 (flags = 0x41)
0    ... 
403  ----------------O                                                         (16 = 100.0%) {0.0%}
404  ... 

Histogram: OptimizationGuide.PredictionModelFetcher.GetModelsResponse.Status.GeolocationPermissions recorded 16 samples, mean = 403.0 (flags = 0x41)
0    ... 
403  ----------------O                                                         (16 = 100.0%) {0.0%}
404  ... 

Histogram: OptimizationGuide.PredictionModelFetcher.GetModelsResponse.Status.LanguageDetection recorded 16 samples, mean = 403.0 (flags = 0x41)
0    ... 
403  ----------------O                                                         (16 = 100.0%) {0.0%}
404  ... 

Histogram: OptimizationGuide.PredictionModelFetcher.GetModelsResponse.Status.NewTabPageHistoryClustersModuleRanking recorded 16 samples, mean = 403.0 (flags = 0x41)
0    ... 
403  ----------------O                                                         (16 = 100.0%) {0.0%}
404  ... 

Histogram: OptimizationGuide.PredictionModelFetcher.GetModelsResponse.Status.NotificationPermissions recorded 16 samples, mean = 403.0 (flags = 0x41)
0    ... 
403  ----------------O                                                         (16 = 100.0%) {0.0%}
404  ... 

Histogram: OptimizationGuide.PredictionModelFetcher.GetModelsResponse.Status.OmniboxUrlScoring recorded 16 samples, mean = 403.0 (flags = 0x41)
0    ... 
403  ----------------O                                                         (16 = 100.0%) {0.0%}
404  ... 

Histogram: OptimizationGuide.PredictionModelFetcher.GetModelsResponse.Status.PageTopicsV2 recorded 16 samples, mean = 403.0 (flags = 0x41)
0    ... 
403  ----------------O                                                         (16 = 100.0%) {0.0%}
404  ... 

Histogram: OptimizationGuide.PredictionModelFetcher.GetModelsResponse.Status.SegmentationChromeLowUserEngagement recorded 16 samples, mean = 403.0 (flags = 0x41)
0    ... 
403  ----------------O                                                         (16 = 100.0%) {0.0%}
404  ... 

Histogram: OptimizationGuide.PredictionModelFetcher.GetModelsResponse.Status.SegmentationComposePromotion recorded 16 samples, mean = 403.0 (flags = 0x41)
0    ... 
403  ----------------O                                                         (16 = 100.0%) {0.0%}
404  ... 

Histogram: OptimizationGuide.PredictionModelFetcher.GetModelsResponse.Status.SegmentationDeviceSwitcher recorded 16 samples, mean = 403.0 (flags = 0x41)
0    ... 
403  ----------------O                                                         (16 = 100.0%) {0.0%}
404  ... 

Histogram: OptimizationGuide.PredictionModelFetcher.GetModelsResponse.Status.SegmentationSearchUser recorded 16 samples, mean = 403.0 (flags = 0x41)
0    ... 
403  ----------------O                                                         (16 = 100.0%) {0.0%}
404  ... 

Histogram: OptimizationGuide.PredictionModelFetcher.GetModelsResponse.Status.SegmentationShoppingUser recorded 16 samples, mean = 403.0 (flags = 0x41)
0    ... 
403  ----------------O                                                         (16 = 100.0%) {0.0%}
404  ... 

Histogram: OptimizationGuide.PredictionModelFetcher.GetModelsResponse.Status.TextSafety recorded 16 samples, mean = 403.0 (flags = 0x41)
0    ... 
403  ----------------O                                                         (16 = 100.0%) {0.0%}
404  ... 

Histogram: OptimizationGuide.PredictionModelFetcher.GetModelsResponse.Status.URLVisitResumptionRanker recorded 16 samples, mean = 403.0 (flags = 0x41)
0    ... 
403  ----------------O                                                         (16 = 100.0%) {0.0%}
404  ... 

Histogram: OptimizationGuide.PredictionModelFetcher.GetModelsResponse.Status.VisualSearchClassification recorded 16 samples, mean = 403.0 (flags = 0x41)
0    ... 
403  ----------------O                                                         (16 = 100.0%) {0.0%}
404  ... 

Histogram: OptimizationGuide.PredictionModelFetcher.GetModelsResponse.Status.WebAppInstallationPromo recorded 16 samples, mean = 403.0 (flags = 0x41)
0    ... 
403  ----------------O                                                         (16 = 100.0%) {0.0%}
404  ... 

Histogram: OptimizationGuide.ProcessingComponentAtShutdown recorded 1 samples, mean = 0.0 (flags = 0x41)
0  -O                                                                        (1 = 100.0%)
1  ... 

Histogram: OptimizationGuide.RemoteFetchingEnabled recorded 1 samples, mean = 0.0 (flags = 0x41)
0  -O                                                                        (1 = 100.0%)
1  ... 

Histogram: OriginTrials.PersistentOriginTrial.LevelDbInitSuccess recorded 1 samples, mean = 1.0 (flags = 0x41)
0  O                                                                         (0 = 0.0%)
1  -O                                                                        (1 = 100.0%) {0.0%}
2  O                                                                         (0 = 0.0%) {100.0%}

Histogram: OriginTrials.PersistentOriginTrial.LevelDbLoadSize recorded 1 samples, mean = 0.0 (flags = 0x41)
0  -O                                                                        (1 = 100.0%)
1  ... 

Histogram: OriginTrials.PersistentOriginTrial.LevelDbLoadSuccess recorded 1 samples, mean = 1.0 (flags = 0x41)
0  O                                                                         (0 = 0.0%)
1  -O                                                                        (1 = 100.0%) {0.0%}
2  O                                                                         (0 = 0.0%) {100.0%}

Histogram: OriginTrials.PersistentOriginTrial.LevelDbLoadTime recorded 1 samples, mean = 2930.0 (flags = 0x41)
0     ... 
2516  -O                                                                        (1 = 100.0%) {0.0%}
2990  ... 

Histogram: OriginTrials.PersistentOriginTrial.OriginLookupsBeforeDbLoad recorded 1 samples, mean = 0.0 (flags = 0x41)
0  -O                                                                        (1 = 100.0%)
1  ... 

Histogram: OriginTrials.PersistentOriginTrial.OriginsAddedBeforeDbLoad recorded 1 samples, mean = 0.0 (flags = 0x41)
0  -O                                                                        (1 = 100.0%)
1  ... 

Histogram: PageActionController.ExtensionsWithPageActions recorded 1 samples, mean = 0.0 (flags = 0x41)
0  -O                                                                        (1 = 100.0%)
1  ... 

Histogram: PageContentAnnotations.AnnotateVisit.AnnotationRequestQueued recorded 3 samples, mean = 1.0 (flags = 0x40)
0  O                                                                         (0 = 0.0%)
1  ---O                                                                      (3 = 100.0%) {0.0%}
2  O                                                                         (0 = 0.0%) {100.0%}

Histogram: PageContentAnnotations.AnnotateVisit.AnnotationRequested recorded 3 samples, mean = 1.0 (flags = 0x40)
0  O                                                                         (0 = 0.0%)
1  ---O                                                                      (3 = 100.0%) {0.0%}
2  O                                                                         (0 = 0.0%) {100.0%}

Histogram: PageContentAnnotations.AnnotateVisit.BatchAnnotationStarted recorded 1 samples, mean = 1.0 (flags = 0x40)
0  O                                                                         (0 = 0.0%)
1  -O                                                                        (1 = 100.0%) {0.0%}
2  O                                                                         (0 = 0.0%) {100.0%}

Histogram: PageLoad.Clients.Ads.AllPages.NonAdNetworkBytes recorded 1 samples, mean = 38.0 (flags = 0x41)
0   ... 
38  -O                                                                        (1 = 100.0%) {0.0%}
49  ... 

Histogram: PageLoad.Clients.Ads.AllPages.PercentNetworkBytesAds recorded 1 samples, mean = 0.0 (flags = 0x41)
0  -O                                                                        (1 = 100.0%)
1  ... 

Histogram: PageLoad.Clients.Ads.AllPages.PercentTotalBytesAds recorded 1 samples, mean = 0.0 (flags = 0x41)
0  -O                                                                        (1 = 100.0%)
1  ... 

Histogram: PageLoad.Clients.Ads.AverageViewportAdDensity recorded 1 samples, mean = 0.0 (flags = 0x41)
0  -O                                                                        (1 = 100.0%)
1  ... 

Histogram: PageLoad.Clients.Ads.FrameCounts.AdFrames.Total recorded 1 samples, mean = 0.0 (flags = 0x41)
0  -O                                                                        (1 = 100.0%)
1  ... 

Histogram: PageLoad.Clients.Ads.NonVisible.FrameCounts.AdFrames.Total recorded 1 samples, mean = 0.0 (flags = 0x41)
0  -O                                                                        (1 = 100.0%)
1  ... 

Histogram: PageLoad.Clients.Ads.Visible.FrameCounts.AdFrames.Total recorded 1 samples, mean = 0.0 (flags = 0x41)
0  -O                                                                        (1 = 100.0%)
1  ... 

Histogram: PageLoad.Clients.CrossOrigin.LayoutInstability.CumulativeShiftScore recorded 1 samples, mean = 0.0 (flags = 0x41)
0  -O                                                                        (1 = 100.0%)
1  ... 

Histogram: PageLoad.Clients.CrossOrigin.LayoutInstability.CumulativeShiftScore.MainFrame recorded 1 samples, mean = 0.0 (flags = 0x41)
0  -O                                                                        (1 = 100.0%)
1  ... 

Histogram: PageLoad.Clients.Leakage2.AbandonReasonAt.LoaderStart recorded 1 samples, mean = 10.0 (flags = 0x41)
0   ... 
10  -O                                                                        (1 = 100.0%) {0.0%}
11  ... 

Histogram: PageLoad.Clients.Leakage2.LastMilestoneBeforeAbandon.NewReloadNavigation recorded 1 samples, mean = 1.0 (flags = 0x41)
0  O                                                                         (0 = 0.0%)
1  -O                                                                        (1 = 100.0%) {0.0%}
2  ... 

Histogram: PageLoad.Clients.Leakage2.LoaderStartToAbandon.NewReloadNavigation recorded 1 samples, mean = 2462.0 (flags = 0x41)
0     ... 
2435  -O                                                                        (1 = 100.0%) {0.0%}
2725  ... 

Histogram: PageLoad.Clients.Leakage2.NavigationStart recorded 2 samples, mean = 3003.0 (flags = 0x41)
0     ... 
2435  -O                                                                        (1 = 50.0%) {0.0%}
2725  ... 
3412  -O                                                                        (1 = 50.0%) {50.0%}
3818  ... 

Histogram: PageLoad.Clients.Leakage2.NavigationStartToCommitReceived recorded 1 samples, mean = 3245.0 (flags = 0x41)
0     ... 
3049  -O                                                                        (1 = 100.0%) {0.0%}
3412  ... 

Histogram: PageLoad.Clients.Leakage2.NavigationStartToCommitSent recorded 1 samples, mean = 3238.0 (flags = 0x41)
0     ... 
3049  -O                                                                        (1 = 100.0%) {0.0%}
3412  ... 

Histogram: PageLoad.Clients.Leakage2.NavigationStartToDOMContentLoaded recorded 1 samples, mean = 3699.0 (flags = 0x41)
0     ... 
3412  -O                                                                        (1 = 100.0%) {0.0%}
3818  ... 

Histogram: PageLoad.Clients.Leakage2.NavigationStartToDidCommit recorded 1 samples, mean = 3506.0 (flags = 0x41)
0     ... 
3412  -O                                                                        (1 = 100.0%) {0.0%}
3818  ... 

Histogram: PageLoad.Clients.Leakage2.NavigationStartToLoadStarted recorded 1 samples, mean = 5112.0 (flags = 0x41)
0     ... 
4780  -O                                                                        (1 = 100.0%) {0.0%}
5349  ... 

Histogram: PageLoad.Clients.Leakage2.NavigationStartToLoaderStart recorded 2 samples, mean = 1219.5 (flags = 0x41)
0     ... 
34    -O                                                                        (1 = 50.0%) {0.0%}
38    ... 
2176  -O                                                                        (1 = 50.0%) {50.0%}
2435  ... 

Histogram: PageLoad.Clients.Leakage2.NavigationStartToNonRedirectResponseLoaderCallback recorded 1 samples, mean = 3228.0 (flags = 0x41)
0     ... 
3049  -O                                                                        (1 = 100.0%) {0.0%}
3412  ... 

Histogram: PageLoad.Clients.Leakage2.NavigationStartToNonRedirectResponseStart recorded 1 samples, mean = 3109.0 (flags = 0x41)
0     ... 
3049  -O                                                                        (1 = 100.0%) {0.0%}
3412  ... 

Histogram: PageLoad.Clients.Leakage2.NavigationStartToNonRedirectedRequestStart recorded 1 samples, mean = 2848.0 (flags = 0x41)
0     ... 
2725  -O                                                                        (1 = 100.0%) {0.0%}
3049  ... 

Histogram: PageLoad.Clients.Leakage2.NavigationStartToParseStart recorded 1 samples, mean = 3249.0 (flags = 0x41)
0     ... 
3049  -O                                                                        (1 = 100.0%) {0.0%}
3412  ... 

Histogram: PageLoad.Clients.Leakage2.RendererProcessCreatedBeforeNav recorded 1 samples, mean = 1.0 (flags = 0x41)
0  O                                                                         (0 = 0.0%)
1  -O                                                                        (1 = 100.0%) {0.0%}
2  O                                                                         (0 = 0.0%) {100.0%}

Histogram: PageLoad.Clients.LinkPreview.Usage recorded 1 samples, mean = 0.0 (flags = 0x41)
0  -O                                                                        (1 = 100.0%)
1  ... 

Histogram: PageLoad.Clients.MultiTabLoading.WithTabCount_0.DocumentTiming.NavigationToDOMContentLoadedEventFired recorded 1 samples, mean = 3699.0 (flags = 0x41)
0     ... 
3412  -O                                                                        (1 = 100.0%) {0.0%}
3818  ... 

Histogram: PageLoad.Clients.MultiTabLoading.WithTabCount_0.DocumentTiming.NavigationToLoadEventFired recorded 1 samples, mean = 5112.0 (flags = 0x41)
0     ... 
4780  -O                                                                        (1 = 100.0%) {0.0%}
5349  ... 

Histogram: PageLoad.Clients.MultiTabLoading.With_0_OtherLoading.DocumentTiming.NavigationToDOMContentLoadedEventFired recorded 1 samples, mean = 3699.0 (flags = 0x41)
0     ... 
3412  -O                                                                        (1 = 100.0%) {0.0%}
3818  ... 

Histogram: PageLoad.Clients.MultiTabLoading.With_0_OtherLoading.DocumentTiming.NavigationToLoadEventFired recorded 1 samples, mean = 5112.0 (flags = 0x41)
0     ... 
4780  -O                                                                        (1 = 100.0%) {0.0%}
5349  ... 

Histogram: PageLoad.Clients.PerformanceManager.LoadedIdleWithoutLCP recorded 1 samples, mean = 6900.0 (flags = 0x41)
0     ... 
6296  -O                                                                        (1 = 100.0%) {0.0%}
8000  ... 

Histogram: PageLoad.Clients.PerformanceManager.LoadedIdleWithoutLCP.Foreground recorded 1 samples, mean = 6900.0 (flags = 0x41)
0     ... 
6296  -O                                                                        (1 = 100.0%) {0.0%}
8000  ... 

Histogram: PageLoad.Clients.Protocol.H2.DocumentTiming.NavigationToDOMContentLoadedEventFired recorded 1 samples, mean = 3699.0 (flags = 0x41)
0     ... 
3412  -O                                                                        (1 = 100.0%) {0.0%}
3818  ... 

Histogram: PageLoad.Clients.Protocol.H2.DocumentTiming.NavigationToLoadEventFired recorded 1 samples, mean = 5112.0 (flags = 0x41)
0     ... 
4780  -O                                                                        (1 = 100.0%) {0.0%}
5349  ... 

Histogram: PageLoad.Clients.Protocol.H2.ParseTiming.NavigationToParseStart recorded 1 samples, mean = 3249.0 (flags = 0x41)
0     ... 
3049  -O                                                                        (1 = 100.0%) {0.0%}
3412  ... 

Histogram: PageLoad.Clients.Scheme.HTTPS.ParseTiming.NavigationToParseStart recorded 1 samples, mean = 3249.0 (flags = 0x41)
0     ... 
3049  -O                                                                        (1 = 100.0%) {0.0%}
3412  ... 

Histogram: PageLoad.Clients.SubresourceLoading.DaysSinceLastVisitToOrigin recorded 1 samples, mean = 0.0 (flags = 0x40)
0  -O                                                                        (1 = 100.0%)
1  ... 

Histogram: PageLoad.Clients.SubresourceLoading.HasPreviousVisitToOrigin recorded 1 samples, mean = 1.0 (flags = 0x40)
0  O                                                                         (0 = 0.0%)
1  -O                                                                        (1 = 100.0%) {0.0%}
2  O                                                                         (0 = 0.0%) {100.0%}

Histogram: PageLoad.Clients.ThirdParty.Origins.CookieRead2 recorded 1 samples, mean = 0.0 (flags = 0x41)
0  -O                                                                        (1 = 100.0%)
1  ... 

Histogram: PageLoad.Cpu.TotalUsage recorded 1 samples, mean = 397.0 (flags = 0x41)
0    ... 
360  -O                                                                        (1 = 100.0%) {0.0%}
403  ... 

Histogram: PageLoad.Cpu.TotalUsageForegrounded recorded 1 samples, mean = 397.0 (flags = 0x41)
0    ... 
360  -O                                                                        (1 = 100.0%) {0.0%}
403  ... 

Histogram: PageLoad.DocumentTiming.NavigationToDOMContentLoadedEventFired recorded 1 samples, mean = 3699.0 (flags = 0x41)
0     ... 
3412  -O                                                                        (1 = 100.0%) {0.0%}
3818  ... 

Histogram: PageLoad.DocumentTiming.NavigationToLoadEventFired recorded 1 samples, mean = 5112.0 (flags = 0x41)
0     ... 
4780  -O                                                                        (1 = 100.0%) {0.0%}
5349  ... 

Histogram: PageLoad.Experimental.NavigationTiming.FinalLoaderCallbackToNavigationCommitSent recorded 1 samples, mean = 10.0 (flags = 0x41)
0   O                                                                         (0 = 0.0%)
10  -O                                                                        (1 = 100.0%) {0.0%}
11  ... 

Histogram: PageLoad.Experimental.NavigationTiming.FinalRequestStartToFinalResponseStart recorded 1 samples, mean = 260.0 (flags = 0x41)
0    ... 
257  -O                                                                        (1 = 100.0%) {0.0%}
288  ... 

Histogram: PageLoad.Experimental.NavigationTiming.FinalResponseStartToFinalLoaderCallback recorded 1 samples, mean = 119.0 (flags = 0x41)
0    ... 
117  -O                                                                        (1 = 100.0%) {0.0%}
131  ... 

Histogram: PageLoad.Experimental.NavigationTiming.FirstRequestStartToFirstResponseStart recorded 1 samples, mean = 260.0 (flags = 0x41)
0    ... 
257  -O                                                                        (1 = 100.0%) {0.0%}
288  ... 

Histogram: PageLoad.Experimental.NavigationTiming.FirstResponseStartToFirstLoaderCallback recorded 1 samples, mean = 119.0 (flags = 0x41)
0    ... 
117  -O                                                                        (1 = 100.0%) {0.0%}
131  ... 

Histogram: PageLoad.Experimental.NavigationTiming.NavigationStartToFinalLoaderCallback recorded 1 samples, mean = 3228.0 (flags = 0x41)
0     ... 
3049  -O                                                                        (1 = 100.0%) {0.0%}
3412  ... 

Histogram: PageLoad.Experimental.NavigationTiming.NavigationStartToFinalRequestStart recorded 1 samples, mean = 2848.0 (flags = 0x41)
0     ... 
2725  -O                                                                        (1 = 100.0%) {0.0%}
3049  ... 

Histogram: PageLoad.Experimental.NavigationTiming.NavigationStartToFinalResponseStart recorded 1 samples, mean = 3109.0 (flags = 0x41)
0     ... 
3049  -O                                                                        (1 = 100.0%) {0.0%}
3412  ... 

Histogram: PageLoad.Experimental.NavigationTiming.NavigationStartToFirstLoaderCallback recorded 1 samples, mean = 3228.0 (flags = 0x41)
0     ... 
3049  -O                                                                        (1 = 100.0%) {0.0%}
3412  ... 

Histogram: PageLoad.Experimental.NavigationTiming.NavigationStartToFirstRequestStart recorded 1 samples, mean = 2848.0 (flags = 0x41)
0     ... 
2725  -O                                                                        (1 = 100.0%) {0.0%}
3049  ... 

Histogram: PageLoad.Experimental.NavigationTiming.NavigationStartToFirstResponseStart recorded 1 samples, mean = 3109.0 (flags = 0x41)
0     ... 
3049  -O                                                                        (1 = 100.0%) {0.0%}
3412  ... 

Histogram: PageLoad.Experimental.NavigationTiming.NavigationStartToNavigationCommitSent recorded 1 samples, mean = 3238.0 (flags = 0x41)
0     ... 
3049  -O                                                                        (1 = 100.0%) {0.0%}
3412  ... 

Histogram: PageLoad.Experimental.PageTiming.CachedResourceLoadTime. recorded 1 samples, mean = 2.0 (flags = 0x41)
0  ... 
2  -O                                                                        (1 = 100.0%) {0.0%}
3  ... 

Histogram: PageLoad.Experimental.PageTiming.CachedResourceLoadTime.font recorded 5 samples, mean = 2.4 (flags = 0x41)
0  ... 
2  ---O                                                                      (3 = 60.0%) {0.0%}
3  --O                                                                       (2 = 40.0%) {60.0%}
4  ... 

Histogram: PageLoad.Experimental.PageTiming.CachedResourceLoadTime.manifest recorded 1 samples, mean = 266.0 (flags = 0x41)
0    ... 
220  -O                                                                        (1 = 100.0%) {0.0%}
280  ... 

Histogram: PageLoad.Experimental.PageTiming.CachedResourceLoadTime.script recorded 26 samples, mean = 7.5 (flags = 0x41)
0   --O                                                                       (2 = 7.7%)
1   ---O                                                                      (3 = 11.5%) {7.7%}
2   O                                                                         (0 = 0.0%) {19.2%}
3   ---O                                                                      (3 = 11.5%) {19.2%}
4   -O                                                                        (1 = 3.8%) {30.8%}
5   ---O                                                                      (3 = 11.5%) {34.6%}
6   ... 
10  --------------O                                                           (14 = 53.8%) {46.2%}
13  ... 

Histogram: PageLoad.Experimental.PageTiming.CachedResourceLoadTime.style recorded 9 samples, mean = 89.2 (flags = 0x41)
0    ... 
4    -------O                                                                  (7 = 77.8%) {0.0%}
5    -O                                                                        (1 = 11.1%) {77.8%}
6    ... 
729  -O                                                                        (1 = 11.1%) {88.9%}
926  ... 

Histogram: PageLoad.Experimental.PageTiming.CommitSentToFirstSubresourceLoadStart recorded 1 samples, mean = 271.0 (flags = 0x41)
0    ... 
257  -O                                                                        (1 = 100.0%) {0.0%}
288  ... 

Histogram: PageLoad.Experimental.PageTiming.NavigationToFirstSubresourceLoadStart recorded 1 samples, mean = 3510.0 (flags = 0x41)
0     ... 
3412  -O                                                                        (1 = 100.0%) {0.0%}
3818  ... 

Histogram: PageLoad.Experimental.PageTiming.ResourceLoadTime. recorded 6 samples, mean = 391.8 (flags = 0x41)
0    ... 
20   -O                                                                        (1 = 16.7%) {0.0%}
25   ... 
220  ---O                                                                      (3 = 50.0%) {16.7%}
280  ... 
574  -O                                                                        (1 = 16.7%) {66.7%}
729  O                                                                         (0 = 0.0%) {83.3%}
926  -O                                                                        (1 = 16.7%) {83.3%}
1177 ... 

Histogram: PageLoad.Experimental.PageTiming.ResourceLoadTime.document recorded 1 samples, mean = 288.0 (flags = 0x41)
0    ... 
280  -O                                                                        (1 = 100.0%) {0.0%}
356  ... 

Histogram: PageLoad.Experimental.PageTiming.ResourceLoadTime.image recorded 1 samples, mean = 223.0 (flags = 0x41)
0    ... 
220  -O                                                                        (1 = 100.0%) {0.0%}
280  ... 

Histogram: PageLoad.Experimental.PageVisitFinalStatus recorded 1 samples, mean = 1.0 (flags = 0x41)
0  O                                                                         (0 = 0.0%)
1  -O                                                                        (1 = 100.0%) {0.0%}
2  ... 

Histogram: PageLoad.Experimental.PageVisitType2 recorded 1 samples, mean = 6.0 (flags = 0x41)
0  ... 
6  -O                                                                        (1 = 100.0%) {0.0%}
7  ... 

Histogram: PageLoad.Experimental.PaintTiming.FirstEligibleToPaintToFirstPaint recorded 1 samples, mean = 518.0 (flags = 0x41)
0    ... 
505  -O                                                                        (1 = 100.0%) {0.0%}
565  ... 

Histogram: PageLoad.Experimental.TotalForegroundDuration recorded 1 samples, mean = 2470607.0 (flags = 0x41)
0        ... 
2434152  -O                                                                        (1 = 100.0%) {0.0%}
2773316  ... 

Histogram: PageLoad.Experimental.TotalForegroundDuration.AllVisit recorded 1 samples, mean = 2470607.0 (flags = 0x41)
0        ... 
2434152  -O                                                                        (1 = 100.0%) {0.0%}
2773316  ... 

Histogram: PageLoad.Experimental.TotalForegroundDuration.IndependentUIVisit recorded 1 samples, mean = 2470607.0 (flags = 0x41)
0        ... 
2434152  -O                                                                        (1 = 100.0%) {0.0%}
2773316  ... 

Histogram: PageLoad.Expermental.SoftNavigations.Count recorded 1 samples, mean = 0.0 (flags = 0x41)
0  -O                                                                        (1 = 100.0%)
1  ... 

Histogram: PageLoad.Internal.PageLoadTimingStatus recorded 15 samples, mean = 0.0 (flags = 0x41)
0  ---------------O                                                          (15 = 100.0%)
1  ... 

Histogram: PageLoad.Internal.PageLoadTimingStatus.AtTimingCallbackDispatch recorded 3 samples, mean = 0.0 (flags = 0x41)
0  ---O                                                                      (3 = 100.0%)
1  ... 

Histogram: PageLoad.Internal.PageType recorded 2 samples, mean = 0.0 (flags = 0x41)
0  --O                                                                       (2 = 100.0%)
1  ... 

Histogram: PageLoad.Internal.SuppressedEventsBeforeMissingFirstPaint recorded 1 samples, mean = 0.0 (flags = 0x41)
0  -O                                                                        (1 = 100.0%)
1  ... 

Histogram: PageLoad.Internal.SuppressedEventsCountBeforePaint3 recorded 1 samples, mean = 0.0 (flags = 0x41)
0  -O                                                                        (1 = 100.0%)
1  ... 

Histogram: PageLoad.Internal.SuppressedEventsTimingBeforePaint3 recorded 1 samples, mean = 0.0 (flags = 0x41)
0  -O                                                                        (1 = 100.0%)
1  ... 

Histogram: PageLoad.Internal.SuppressedInteractionsCountBeforePaint3 recorded 1 samples, mean = 0.0 (flags = 0x41)
0  -O                                                                        (1 = 100.0%)
1  ... 

Histogram: PageLoad.LayoutInstability.CumulativeShiftScore recorded 1 samples, mean = 0.0 (flags = 0x41)
0  -O                                                                        (1 = 100.0%)
1  ... 

Histogram: PageLoad.LayoutInstability.CumulativeShiftScore.MainFrame recorded 1 samples, mean = 0.0 (flags = 0x41)
0  -O                                                                        (1 = 100.0%)
1  ... 

Histogram: PageLoad.LayoutInstability.MaxCumulativeShiftScore.SessionWindow.Gap1000ms.Max5000ms recorded 1 samples, mean = 0.0 (flags = 0x41)
0  -O                                                                        (1 = 100.0%)
1  ... 

Histogram: PageLoad.LayoutInstability.MaxCumulativeShiftScore.SessionWindow.Gap1000ms.Max5000ms2 recorded 1 samples, mean = 0.0 (flags = 0x41)
0  -O                                                                        (1 = 100.0%)
1  ... 

Histogram: PageLoad.PageTiming.ForegroundDuration recorded 1 samples, mean = 2470607.0 (flags = 0x41)
0        ... 
2434152  -O                                                                        (1 = 100.0%) {0.0%}
2773316  ... 

Histogram: PageLoad.PageTiming.ForegroundDuration.AfterPaint recorded 1 samples, mean = 2466500.0 (flags = 0x41)
0        ... 
2434152  -O                                                                        (1 = 100.0%) {0.0%}
2773316  ... 

Histogram: PageLoad.PageTiming.ForegroundDuration.NoCommit recorded 1 samples, mean = 97.0 (flags = 0x41)
0   ... 
92  -O                                                                        (1 = 100.0%) {0.0%}
105 ... 

Histogram: PageLoad.PageTiming.ForegroundDuration.WithPaint recorded 1 samples, mean = 2470607.0 (flags = 0x41)
0        ... 
2434152  -O                                                                        (1 = 100.0%) {0.0%}
2773316  ... 

Histogram: PageLoad.PaintTiming.NavigationToFirstPaint recorded 1 samples, mean = 4107.0 (flags = 0x41)
0     ... 
3818  -O                                                                        (1 = 100.0%) {0.0%}
4272  ... 

Histogram: PageLoad.ParseTiming.NavigationToParseStart recorded 1 samples, mean = 3249.0 (flags = 0x41)
0     ... 
3049  -O                                                                        (1 = 100.0%) {0.0%}
3412  ... 

Histogram: PageLoad.ParseTiming.NavigationToParseStart.LoadType.NewNavigation recorded 1 samples, mean = 3249.0 (flags = 0x41)
0     ... 
3049  -O                                                                        (1 = 100.0%) {0.0%}
3412  ... 

Histogram: PageLoad.ParseTiming.ParseBlockedOnScriptExecution recorded 1 samples, mean = 7.0 (flags = 0x41)
0  -O                                                                        (1 = 100.0%)
10 ... 

Histogram: PageLoad.ParseTiming.ParseBlockedOnScriptExecutionFromDocumentWrite recorded 1 samples, mean = 0.0 (flags = 0x41)
0  -O                                                                        (1 = 100.0%)
10 ... 

Histogram: PageLoad.ParseTiming.ParseBlockedOnScriptLoad recorded 1 samples, mean = 332.0 (flags = 0x41)
0    ... 
322  -O                                                                        (1 = 100.0%) {0.0%}
360  ... 

Histogram: PaintHolding.CommitTrigger2 recorded 1 samples, mean = 3.0 (flags = 0x41)
0  ... 
3  -O                                                                        (1 = 100.0%) {0.0%}
4  ... 

Histogram: PasswordManager.AccountStore.InaccessiblePasswords3 recorded 1 samples, mean = 0.0 (flags = 0x41)
0  -O                                                                        (1 = 100.0%)
1  ... 

Histogram: PasswordManager.AccountStore.LoginDatabaseEncryptionStatus recorded 1 samples, mean = 0.0 (flags = 0x41)
0  -O                                                                        (1 = 100.0%)
1  ... 

Histogram: PasswordManager.AffiliationDatabase.DatabaseSize recorded 1 samples, mean = 52.0 (flags = 0x41)
0  -O                                                                        (1 = 100.0%)
1000... 

Histogram: PasswordManager.BubbleSuppression.AccountsInStatisticsTable2 recorded 1 samples, mean = 0.0 (flags = 0x41)
0  -O                                                                        (1 = 100.0%)
1  ... 

Histogram: PasswordManager.GetAllLogins.TimeSinceInit recorded 2 samples, mean = 30054.5 (flags = 0x41)
0      ... 
26495  --O                                                                       (2 = 100.0%) {0.0%}
33665  ... 

Histogram: PasswordManager.GetAutofillableLogins.TimeSinceInit recorded 2 samples, mean = 3335.5 (flags = 0x41)
0     ... 
3069  --O                                                                       (2 = 100.0%) {0.0%}
3900  ... 

Histogram: PasswordManager.LoginDatabaseInit2 recorded 2 samples, mean = 0.0 (flags = 0x41)
0  --O                                                                       (2 = 100.0%)
1  ... 

Histogram: PasswordManager.OnEncryptorReceived.Success recorded 2 samples, mean = 1.0 (flags = 0x41)
0  O                                                                         (0 = 0.0%)
1  --O                                                                       (2 = 100.0%) {0.0%}
2  O                                                                         (0 = 0.0%) {100.0%}

Histogram: PasswordManager.PasswordStore.InitTime recorded 2 samples, mean = 2505.5 (flags = 0x41)
0     ... 
2117  --O                                                                       (2 = 100.0%) {0.0%}
2516  ... 

Histogram: PasswordManager.PasswordStoreBackend.GetAllLoginsAsync recorded 4 samples, mean = 1.0 (flags = 0x41)
0  --O                                                                       (2 = 50.0%)
1  O                                                                         (0 = 0.0%) {50.0%}
2  --O                                                                       (2 = 50.0%) {50.0%}
3  ... 

Histogram: PasswordManager.PasswordStoreBackend.GetAllLoginsAsync.Latency recorded 2 samples, mean = 31.0 (flags = 0x41)
0   ... 
25  --O                                                                       (2 = 100.0%) {0.0%}
32  ... 

Histogram: PasswordManager.PasswordStoreBackend.GetAllLoginsAsync.Success recorded 2 samples, mean = 1.0 (flags = 0x41)
0  O                                                                         (0 = 0.0%)
1  --O                                                                       (2 = 100.0%) {0.0%}
2  O                                                                         (0 = 0.0%) {100.0%}

Histogram: PasswordManager.PasswordStoreBackend.GetAutofillableLoginsAsync recorded 4 samples, mean = 1.0 (flags = 0x41)
0  --O                                                                       (2 = 50.0%)
1  O                                                                         (0 = 0.0%) {50.0%}
2  --O                                                                       (2 = 50.0%) {50.0%}
3  ... 

Histogram: PasswordManager.PasswordStoreBackend.GetAutofillableLoginsAsync.Latency recorded 2 samples, mean = 265.5 (flags = 0x41)
0    ... 
220  --O                                                                       (2 = 100.0%) {0.0%}
280  ... 

Histogram: PasswordManager.PasswordStoreBackend.GetAutofillableLoginsAsync.Success recorded 2 samples, mean = 1.0 (flags = 0x41)
0  O                                                                         (0 = 0.0%)
1  --O                                                                       (2 = 100.0%) {0.0%}
2  O                                                                         (0 = 0.0%) {100.0%}

Histogram: PasswordManager.PasswordStoreBuiltInBackend.GetAllLoginsAsync recorded 4 samples, mean = 1.0 (flags = 0x41)
0  --O                                                                       (2 = 50.0%)
1  O                                                                         (0 = 0.0%) {50.0%}
2  --O                                                                       (2 = 50.0%) {50.0%}
3  ... 

Histogram: PasswordManager.PasswordStoreBuiltInBackend.GetAllLoginsAsync.Latency recorded 2 samples, mean = 31.0 (flags = 0x41)
0   ... 
25  --O                                                                       (2 = 100.0%) {0.0%}
32  ... 

Histogram: PasswordManager.PasswordStoreBuiltInBackend.GetAllLoginsAsync.Success recorded 2 samples, mean = 1.0 (flags = 0x41)
0  O                                                                         (0 = 0.0%)
1  --O                                                                       (2 = 100.0%) {0.0%}
2  O                                                                         (0 = 0.0%) {100.0%}

Histogram: PasswordManager.PasswordStoreBuiltInBackend.GetAutofillableLoginsAsync recorded 4 samples, mean = 1.0 (flags = 0x41)
0  --O                                                                       (2 = 50.0%)
1  O                                                                         (0 = 0.0%) {50.0%}
2  --O                                                                       (2 = 50.0%) {50.0%}
3  ... 

Histogram: PasswordManager.PasswordStoreBuiltInBackend.GetAutofillableLoginsAsync.Latency recorded 2 samples, mean = 265.5 (flags = 0x41)
0    ... 
220  --O                                                                       (2 = 100.0%) {0.0%}
280  ... 

Histogram: PasswordManager.PasswordStoreBuiltInBackend.GetAutofillableLoginsAsync.Success recorded 2 samples, mean = 1.0 (flags = 0x41)
0  O                                                                         (0 = 0.0%)
1  --O                                                                       (2 = 100.0%) {0.0%}
2  O                                                                         (0 = 0.0%) {100.0%}

Histogram: PasswordManager.ProfileStore.InaccessiblePasswords3 recorded 1 samples, mean = 0.0 (flags = 0x41)
0  -O                                                                        (1 = 100.0%)
1  ... 

Histogram: PasswordManager.ProfileStore.LoginDatabaseEncryptionStatus recorded 1 samples, mean = 0.0 (flags = 0x41)
0  -O                                                                        (1 = 100.0%)
1  ... 

Histogram: PasswordManager.SavedGaiaPasswordHashCount2 recorded 1 samples, mean = 0.0 (flags = 0x41)
0  -O                                                                        (1 = 100.0%)
1  ... 

Histogram: PasswordManager.SyncMetadataReadError2 recorded 2 samples, mean = 0.0 (flags = 0x41)
0  --O                                                                       (2 = 100.0%)
1  ... 

Histogram: PaymentRequest.IsCanMakePaymentAllowedByPref.Startup recorded 1 samples, mean = 1.0 (flags = 0x41)
0  O                                                                         (0 = 0.0%)
1  -O                                                                        (1 = 100.0%) {0.0%}
2  O                                                                         (0 = 0.0%) {100.0%}

Histogram: PerformanceManager.LoadingNotQuiescentPageCount.All recorded 82 samples, mean = 0.0 (flags = 0x41)
0  ------------------------------------------------------------------------O (82 = 100.0%)
1  ... 

Histogram: PerformanceManager.LoadingNotQuiescentPageCount.Hidden recorded 82 samples, mean = 0.0 (flags = 0x41)
0  ------------------------------------------------------------------------O (82 = 100.0%)
1  ... 

Histogram: PerformanceManager.LoadingNotQuiescentPageCount.MixedVisibility recorded 82 samples, mean = 0.0 (flags = 0x41)
0  ------------------------------------------------------------------------O (82 = 100.0%)
1  ... 

Histogram: PerformanceManager.LoadingNotQuiescentPageCount.Visible recorded 82 samples, mean = 0.0 (flags = 0x41)
0  ------------------------------------------------------------------------O (82 = 100.0%)
1  ... 

Histogram: PerformanceManager.QuiescentPageCount recorded 82 samples, mean = 1.0 (flags = 0x41)
0  O                                                                         (0 = 0.0%)
1  ------------------------------------------------------------------------O (82 = 100.0%) {0.0%}
2  ... 

Histogram: PerformanceManager.SiteDB.DatabaseInit recorded 1 samples, mean = 0.0 (flags = 0x41)
0  -O                                                                        (1 = 100.0%)
1  ... 

Histogram: PerformanceManager.SiteDB.OnDiskSize recorded 1 samples, mean = 0.0 (flags = 0x41)
0  -O                                                                        (1 = 100.0%)
1000... 

Histogram: PerformanceManager.SiteDB.WriteCompleted.WriteSiteDataIntoStore recorded 1 samples, mean = 1.0 (flags = 0x41)
0  O                                                                         (0 = 0.0%)
1  -O                                                                        (1 = 100.0%) {0.0%}
2  O                                                                         (0 = 0.0%) {100.0%}

Histogram: PerformanceManager.SiteDB.WriteScheduled.WriteSiteDataIntoStore recorded 1 samples, mean = 1.0 (flags = 0x41)
0  O                                                                         (0 = 0.0%)
1  -O                                                                        (1 = 100.0%) {0.0%}
2  O                                                                         (0 = 0.0%) {100.0%}

Histogram: PerformanceManager.TabRevisitTracker.TimeToClose2 recorded 1 samples, mean = 2470.0 (flags = 0x41)
0     ... 
2396  -O                                                                        (1 = 100.0%) {0.0%}
2521  ... 

Histogram: PerformanceManager.UserTuning.BatterySaverModeEnabledPercent recorded 1 samples, mean = 0.0 (flags = 0x41)
0  -O                                                                        (1 = 100.0%)
1  ... 

Histogram: PerformanceManager.UserTuning.MemorySaverModeEnabledPercent recorded 1 samples, mean = 0.0 (flags = 0x41)
0  -O                                                                        (1 = 100.0%)
1  ... 

Histogram: PerformanceMonitor.AverageCPU8.BrowserProcess recorded 20 samples, mean = 1706.6 (flags = 0x41)
0     ... 
674   --------O                                                                 (8 = 40.0%) {0.0%}
814   --------O                                                                 (8 = 40.0%) {40.0%}
983   ... 
1433  -O                                                                        (1 = 5.0%) {80.0%}
1730  ... 
2521  -O                                                                        (1 = 5.0%) {85.0%}
3043  ... 
5353  -O                                                                        (1 = 5.0%) {90.0%}
6462  ... 
9417  -O                                                                        (1 = 5.0%) {95.0%}
11368 ... 

Histogram: PerformanceMonitor.AverageCPU8.GPUProcess recorded 20 samples, mean = 14.1 (flags = 0x41)
0    -O                                                                        (1 = 5.0%)
1    ---------------O                                                          (15 = 75.0%) {5.0%}
2    ... 
5    -O                                                                        (1 = 5.0%) {80.0%}
6    ... 
10   --O                                                                       (2 = 10.0%) {85.0%}
12   ... 
218  -O                                                                        (1 = 5.0%) {95.0%}
263  ... 

Histogram: PerformanceMonitor.AverageCPU8.NetworkProcess recorded 20 samples, mean = 4.6 (flags = 0x41)
0   ... 
2   -----O                                                                    (5 = 25.0%) {0.0%}
3   --------O                                                                 (8 = 40.0%) {25.0%}
4   ---O                                                                      (3 = 15.0%) {65.0%}
5   -O                                                                        (1 = 5.0%) {80.0%}
6   -O                                                                        (1 = 5.0%) {85.0%}
7   ... 
10  -O                                                                        (1 = 5.0%) {90.0%}
12  ... 
22  -O                                                                        (1 = 5.0%) {95.0%}
27  ... 

Histogram: PerformanceMonitor.AverageCPU8.OtherProcess recorded 20 samples, mean = 0.0 (flags = 0x41)
0  --------------------O                                                     (20 = 100.0%)
1  ... 

Histogram: PerformanceMonitor.AverageCPU8.RendererExtensionEventProcess recorded 20 samples, mean = 0.0 (flags = 0x41)
0  --------------------O                                                     (20 = 100.0%)
1  ... 

Histogram: PerformanceMonitor.AverageCPU8.RendererExtensionPersistentProcess recorded 20 samples, mean = 0.0 (flags = 0x41)
0  --------------------O                                                     (20 = 100.0%)
1  ... 

Histogram: PerformanceMonitor.AverageCPU8.RendererProcess recorded 20 samples, mean = 21.0 (flags = 0x41)
0    --------------O                                                           (14 = 70.0%)
1    --O                                                                       (2 = 10.0%) {70.0%}
2    ... 
5    --O                                                                       (2 = 10.0%) {80.0%}
6    -O                                                                        (1 = 5.0%) {90.0%}
7    ... 
383  -O                                                                        (1 = 5.0%) {95.0%}
462  ... 

Histogram: PerformanceMonitor.AverageCPU8.Total recorded 20 samples, mean = 1720.6 (flags = 0x41)
0     ... 
674   ----O                                                                     (4 = 20.0%) {0.0%}
814   ------------O                                                             (12 = 60.0%) {20.0%}
983   ... 
1433  -O                                                                        (1 = 5.0%) {80.0%}
1730  ... 
2521  -O                                                                        (1 = 5.0%) {85.0%}
3043  ... 
5353  -O                                                                        (1 = 5.0%) {90.0%}
6462  ... 
9417  -O                                                                        (1 = 5.0%) {95.0%}
11368 ... 

Histogram: PerformanceMonitor.AverageCPU8.Total.ZeroWindow recorded 20 samples, mean = 1720.6 (flags = 0x41)
0     ... 
674   ----O                                                                     (4 = 20.0%) {0.0%}
814   ------------O                                                             (12 = 60.0%) {20.0%}
983   ... 
1433  -O                                                                        (1 = 5.0%) {80.0%}
1730  ... 
2521  -O                                                                        (1 = 5.0%) {85.0%}
3043  ... 
5353  -O                                                                        (1 = 5.0%) {90.0%}
6462  ... 
9417  -O                                                                        (1 = 5.0%) {95.0%}
11368 ... 

Histogram: PerformanceMonitor.AverageCPU8.UtilityProcess recorded 20 samples, mean = 55.9 (flags = 0x41)
0    ----------------O                                                         (16 = 80.0%)
1    ---O                                                                      (3 = 15.0%) {80.0%}
2    ... 
983  -O                                                                        (1 = 5.0%) {95.0%}
1187 ... 

Histogram: PerformanceMonitor.HasPreciseCPUUsage recorded 9 samples, mean = 1.0 (flags = 0x41)
0  O                                                                         (0 = 0.0%)
1  ---------O                                                                (9 = 100.0%) {0.0%}
2  O                                                                         (0 = 0.0%) {100.0%}

Histogram: PerformanceMonitor.UsageScenario.LongInterval recorded 20 samples, mean = 13.0 (flags = 0x41)
0   ... 
13  --------------------O                                                     (20 = 100.0%) {0.0%}
14  ... 

Histogram: Permissions.API.CreatedPermissionStatusObjects recorded 1 samples, mean = 0.0 (flags = 0x41)
0  -O                                                                        (1 = 100.0%)
1  ... 

Histogram: Permissions.Experimental.PrimaryMainNavigationFinished.AudioCapture.TopLevelHeaderPolicy recorded 1 samples, mean = 0.0 (flags = 0x41)
0  -O                                                                        (1 = 100.0%)
1  ... 

Histogram: Permissions.Experimental.PrimaryMainNavigationFinished.Geolocation.TopLevelHeaderPolicy recorded 1 samples, mean = 0.0 (flags = 0x41)
0  -O                                                                        (1 = 100.0%)
1  ... 

Histogram: Permissions.Experimental.PrimaryMainNavigationFinished.VideoCapture.TopLevelHeaderPolicy recorded 1 samples, mean = 0.0 (flags = 0x41)
0  -O                                                                        (1 = 100.0%)
1  ... 

Histogram: Permissions.QuietNotificationPrompts.RegularProfile.IsEnabledInPrefs recorded 1 samples, mean = 0.0 (flags = 0x41)
0  -O                                                                        (1 = 100.0%)
1  ... 

Histogram: Platform.IntelMaxMicroArchitecture recorded 1 samples, mean = 10.0 (flags = 0x41)
0   ... 
10  -O                                                                        (1 = 100.0%) {0.0%}
11  ... 

Histogram: Power.BatteryDischargeGranularityIsOrdered recorded 63 samples, mean = 1.0 (flags = 0x41)
0  O                                                                         (0 = 0.0%)
1  ---------------------------------------------------------------O          (63 = 100.0%) {0.0%}
2  O                                                                         (0 = 0.0%) {100.0%}

Histogram: Power.BatteryDischargeMode5 recorded 41 samples, mean = 1.0 (flags = 0x41)
0  O                                                                         (0 = 0.0%)
1  -----------------------------------------O                                (41 = 100.0%) {0.0%}
2  ... 

Histogram: Power.BatteryDischargeMode5.Initial recorded 1 samples, mean = 1.0 (flags = 0x41)
0  O                                                                         (0 = 0.0%)
1  -O                                                                        (1 = 100.0%) {0.0%}
2  ... 

Histogram: Power.BatteryDischargeMode5.Periodic recorded 40 samples, mean = 1.0 (flags = 0x41)
0  O                                                                         (0 = 0.0%)
1  ----------------------------------------O                                 (40 = 100.0%) {0.0%}
2  ... 

Histogram: Power.BatteryDischargeMode5.TenMinutes recorded 3 samples, mean = 1.0 (flags = 0x41)
0  O                                                                         (0 = 0.0%)
1  ---O                                                                      (3 = 100.0%) {0.0%}
2  ... 

Histogram: Power.BatteryDischargeMode5.ZeroWindow recorded 41 samples, mean = 1.0 (flags = 0x41)
0  O                                                                         (0 = 0.0%)
1  -----------------------------------------O                                (41 = 100.0%) {0.0%}
2  ... 

Histogram: Power.BatteryDischargeMode5.ZeroWindow.Initial recorded 1 samples, mean = 1.0 (flags = 0x41)
0  O                                                                         (0 = 0.0%)
1  -O                                                                        (1 = 100.0%) {0.0%}
2  ... 

Histogram: Power.BatteryDischargeMode5.ZeroWindow.Periodic recorded 40 samples, mean = 1.0 (flags = 0x41)
0  O                                                                         (0 = 0.0%)
1  ----------------------------------------O                                 (40 = 100.0%) {0.0%}
2  ... 

Histogram: Power.HasPreciseBatteryDischargeGranularity recorded 41 samples, mean = 0.0 (flags = 0x41)
0  -----------------------------------------O                                (41 = 100.0%)
1  ... 

Histogram: Prefs.JSonStore.SetValueKey recorded 46 samples (flags = 0x41)
174384190   --O                                                                       (2 = 4.3%)
372921139   -----------------O                                                        (17 = 37.0%)
852125461   --O                                                                       (2 = 4.3%)
1923415074  ----O                                                                     (4 = 8.7%)
1927273959  -O                                                                        (1 = 2.2%)
1936820420  --O                                                                       (2 = 4.3%)
1956100443  -O                                                                        (1 = 2.2%)
2056672062  ----------------O                                                         (16 = 34.8%)
2082524502  -O                                                                        (1 = 2.2%)

Histogram: Privacy.CookieControlsSetting.RegularProfile recorded 1 samples, mean = 2.0 (flags = 0x41)
0  ... 
2  -O                                                                        (1 = 100.0%) {0.0%}
3  O                                                                         (0 = 0.0%) {100.0%}

Histogram: Privacy.DIPS.BounceCategoryServer.Block3PC recorded 1 samples, mean = 0.0 (flags = 0x41)
0  -O                                                                        (1 = 100.0%)
1  ... 

Histogram: Privacy.DIPS.ClearedSitesCount.Block3PC recorded 1 samples, mean = 0.0 (flags = 0x41)
0  -O                                                                        (1 = 100.0%)
1  ... 

Histogram: Privacy.DIPS.DIPSErrorCodes recorded 3 samples, mean = 2.0 (flags = 0x41)
0  --O                                                                       (2 = 66.7%)
1  ... 
6  -O                                                                        (1 = 33.3%) {66.7%}
7  ... 

Histogram: Privacy.DIPS.Database.Operation.FilterSitesWithProtectiveEventTime recorded 1 samples, mean = 0.0 (flags = 0x41)
0  -O                                                                        (1 = 100.0%)
1  ... 

Histogram: Privacy.DIPS.Database.Operation.GetSitesThatBouncedWithStateTime recorded 1 samples, mean = 0.0 (flags = 0x41)
0  -O                                                                        (1 = 100.0%)
1  ... 

Histogram: Privacy.DIPS.Database.Operation.InitTime recorded 1 samples, mean = 6.0 (flags = 0x41)
0  ... 
6  -O                                                                        (1 = 100.0%) {0.0%}
7  ... 

Histogram: Privacy.DIPS.Database.Operation.ReadTime recorded 2 samples, mean = 0.0 (flags = 0x41)
0  --O                                                                       (2 = 100.0%)
1  ... 

Histogram: Privacy.DIPS.Database.Operation.RemoveRowsTime recorded 1 samples, mean = 18.0 (flags = 0x41)
0   ... 
17  -O                                                                        (1 = 100.0%) {0.0%}
20  ... 

Histogram: Privacy.DIPS.Database.Operation.WriteTime recorded 1 samples, mean = 28.0 (flags = 0x41)
0   ... 
24  -O                                                                        (1 = 100.0%) {0.0%}
29  ... 

Histogram: Privacy.DIPS.DatabaseEntryCount recorded 1 samples, mean = 1.0 (flags = 0x41)
0  O                                                                         (0 = 0.0%)
1  -O                                                                        (1 = 100.0%) {0.0%}
2  ... 

Histogram: Privacy.DIPS.DatabaseHealthMetricsTime recorded 1 samples, mean = 0.0 (flags = 0x41)
0  -O                                                                        (1 = 100.0%)
1  ... 

Histogram: Privacy.DIPS.DatabaseInit recorded 1 samples, mean = 1.0 (flags = 0x41)
0  O                                                                         (0 = 0.0%)
1  -O                                                                        (1 = 100.0%) {0.0%}
2  ... 

Histogram: Privacy.DIPS.DatabaseSize recorded 1 samples, mean = 36.0 (flags = 0x41)
0  -O                                                                        (1 = 100.0%)
1000... 

Histogram: Privacy.DoNotTrackSetting2 recorded 1 samples, mean = 0.0 (flags = 0x41)
0  -O                                                                        (1 = 100.0%)
1  ... 

Histogram: Privacy.ThirdPartyCookieBlockingSetting.RegularProfile recorded 1 samples, mean = 0.0 (flags = 0x41)
0  -O                                                                        (1 = 100.0%)
1  ... 

Histogram: PrivacyBudget.Identifiability.FinchConfigValidationResult recorded 1 samples, mean = 1.0 (flags = 0x41)
0  O                                                                         (0 = 0.0%)
1  -O                                                                        (1 = 100.0%) {0.0%}
2  O                                                                         (0 = 0.0%) {100.0%}

Histogram: PrivacySandbox.NoticeRequirement.IsVariationCountryEmpty recorded 3 samples, mean = 1.0 (flags = 0x41)
0  O                                                                         (0 = 0.0%)
1  ---O                                                                      (3 = 100.0%) {0.0%}
2  O                                                                         (0 = 0.0%) {100.0%}

Histogram: PrivacySandbox.NoticeRequirement.IsVariationServiceReady recorded 3 samples, mean = 1.0 (flags = 0x41)
0  O                                                                         (0 = 0.0%)
1  ---O                                                                      (3 = 100.0%) {0.0%}
2  O                                                                         (0 = 0.0%) {100.0%}

Histogram: PrivacySandbox.TrackingProtection.OnboardingStartup.State recorded 1 samples, mean = 0.0 (flags = 0x41)
0  -O                                                                        (1 = 100.0%)
1  ... 

Histogram: PrivacySandbox.TrackingProtection.SilentOnboardingStartup.State recorded 1 samples, mean = 0.0 (flags = 0x41)
0  -O                                                                        (1 = 100.0%)
1  ... 

Histogram: Profile.AppCount recorded 1 samples, mean = 0.0 (flags = 0x41)
0  -O                                                                        (1 = 100.0%)
1  ... 

Histogram: Profile.BookmarksSize recorded 1 samples, mean = 0.0 (flags = 0x41)
0  -O                                                                        (1 = 100.0%)
1  ... 

Histogram: Profile.CookiesSize recorded 1 samples, mean = 0.0 (flags = 0x41)
0  -O                                                                        (1 = 100.0%)
1  ... 

Histogram: Profile.Destroyer.OffTheRecord recorded 1 samples, mean = 1.0 (flags = 0x41)
0  O                                                                         (0 = 0.0%)
1  -O                                                                        (1 = 100.0%) {0.0%}
2  ... 

Histogram: Profile.DidDestroyProfileBeforeShutdown recorded 1 samples, mean = 0.0 (flags = 0x41)
0  -O                                                                        (1 = 100.0%)
1  ... 

Histogram: Profile.ExtensionSize recorded 1 samples, mean = 0.0 (flags = 0x41)
0  -O                                                                        (1 = 100.0%)
1  ... 

Histogram: Profile.FaviconsSize recorded 1 samples, mean = 0.0 (flags = 0x41)
0  -O                                                                        (1 = 100.0%)
1  ... 

Histogram: Profile.HistorySize recorded 1 samples, mean = 0.0 (flags = 0x41)
0  -O                                                                        (1 = 100.0%)
1  ... 

Histogram: Profile.KeepAliveLeakAtShutdown recorded 2 samples, mean = 3.5 (flags = 0x41)
0  -O                                                                        (1 = 50.0%)
1  ... 
7  -O                                                                        (1 = 50.0%) {50.0%}
8  ... 

Histogram: Profile.LiveProfileCount recorded 1 samples, mean = 1.0 (flags = 0x41)
0  O                                                                         (0 = 0.0%)
1  -O                                                                        (1 = 100.0%) {0.0%}
2  ... 

Histogram: Profile.TopSitesSize recorded 1 samples, mean = 0.0 (flags = 0x41)
0  -O                                                                        (1 = 100.0%)
1  ... 

Histogram: Profile.TotalHistorySize recorded 1 samples, mean = 0.0 (flags = 0x41)
0  -O                                                                        (1 = 100.0%)
1  ... 

Histogram: Profile.TotalSize recorded 1 samples, mean = 0.0 (flags = 0x41)
0  -O                                                                        (1 = 100.0%)
1  ... 

Histogram: Profile.TotalSizeRecursive recorded 1 samples, mean = 9.0 (flags = 0x41)
0  ... 
8  -O                                                                        (1 = 100.0%) {0.0%}
10 ... 

Histogram: Profile.TriggeredReset recorded 1 samples, mean = 0.0 (flags = 0x41)
0  -O                                                                        (1 = 100.0%)
1  ... 

Histogram: Profile.VisitedLinksSize recorded 1 samples, mean = 0.0 (flags = 0x41)
0  -O                                                                        (1 = 100.0%)
1  ... 

Histogram: Profile.WebDataSize recorded 1 samples, mean = 0.0 (flags = 0x41)
0  -O                                                                        (1 = 100.0%)
1  ... 

Histogram: Profile.ZombieProfileCount recorded 1 samples, mean = 0.0 (flags = 0x41)
0  -O                                                                        (1 = 100.0%)
1  ... 

Histogram: ProfilePicker.StartupMode.CreateInitialProfile recorded 1 samples, mean = 0.0 (flags = 0x41)
0  -O                                                                        (1 = 100.0%)
1  ... 

Histogram: ProfilePicker.StartupMode.GetStartupProfile recorded 1 samples, mean = 0.0 (flags = 0x41)
0  -O                                                                        (1 = 100.0%)
1  ... 

Histogram: ProfilePicker.StartupReason.GetStartupProfile recorded 1 samples, mean = 27.0 (flags = 0x41)
0   ... 
27  -O                                                                        (1 = 100.0%) {0.0%}
28  ... 

Histogram: ProtoDB.GetErrorStatus.Metadata recorded 0 samples (flags = 0x41)
0 ... 

Histogram: ProtoDB.GetFound.Metadata recorded 18 samples, mean = 1.0 (flags = 0x41)
0  O                                                                         (0 = 0.0%)
1  ------------------O                                                       (18 = 100.0%) {0.0%}
2  O                                                                         (0 = 0.0%) {100.0%}

Histogram: ProtoDB.GetSuccess.Metadata recorded 18 samples, mean = 1.0 (flags = 0x41)
0  O                                                                         (0 = 0.0%)
1  ------------------O                                                       (18 = 100.0%) {0.0%}
2  O                                                                         (0 = 0.0%) {100.0%}

Histogram: ProtoDB.InitStatus.BudgetManager recorded 1 samples, mean = 4.0 (flags = 0x41)
0  ... 
4  -O                                                                        (1 = 100.0%) {0.0%}
5  ... 

Histogram: ProtoDB.InitStatus.CartDatabase recorded 1 samples, mean = 4.0 (flags = 0x41)
0  ... 
4  -O                                                                        (1 = 100.0%) {0.0%}
5  ... 

Histogram: ProtoDB.InitStatus.ClientCertificatesDatabase recorded 1 samples, mean = 4.0 (flags = 0x41)
0  ... 
4  -O                                                                        (1 = 100.0%) {0.0%}
5  ... 

Histogram: ProtoDB.InitStatus.CommerceParcelTrackingDatabase recorded 1 samples, mean = 4.0 (flags = 0x41)
0  ... 
4  -O                                                                        (1 = 100.0%) {0.0%}
5  ... 

Histogram: ProtoDB.InitStatus.CommerceSubscriptionDatabase recorded 1 samples, mean = 4.0 (flags = 0x41)
0  ... 
4  -O                                                                        (1 = 100.0%) {0.0%}
5  ... 

Histogram: ProtoDB.InitStatus.CouponDatabase recorded 1 samples, mean = 4.0 (flags = 0x41)
0  ... 
4  -O                                                                        (1 = 100.0%) {0.0%}
5  ... 

Histogram: ProtoDB.InitStatus.DiscountsDatabase recorded 1 samples, mean = 4.0 (flags = 0x41)
0  ... 
4  -O                                                                        (1 = 100.0%) {0.0%}
5  ... 

Histogram: ProtoDB.InitStatus.DownloadDB recorded 1 samples, mean = 4.0 (flags = 0x41)
0  ... 
4  -O                                                                        (1 = 100.0%) {0.0%}
5  ... 

Histogram: ProtoDB.InitStatus.DownloadService recorded 1 samples, mean = 4.0 (flags = 0x41)
0  ... 
4  -O                                                                        (1 = 100.0%) {0.0%}
5  ... 

Histogram: ProtoDB.InitStatus.FeatureEngagementTrackerAvailabilityStore recorded 1 samples, mean = 4.0 (flags = 0x41)
0  ... 
4  -O                                                                        (1 = 100.0%) {0.0%}
5  ... 

Histogram: ProtoDB.InitStatus.FeatureEngagementTrackerEventStore recorded 1 samples, mean = 4.0 (flags = 0x41)
0  ... 
4  -O                                                                        (1 = 100.0%) {0.0%}
5  ... 

Histogram: ProtoDB.InitStatus.Metadata recorded 1 samples, mean = 0.0 (flags = 0x41)
0  -O                                                                        (1 = 100.0%)
1  ... 

Histogram: ProtoDB.InitStatus.PersistentOriginTrials recorded 1 samples, mean = 4.0 (flags = 0x41)
0  ... 
4  -O                                                                        (1 = 100.0%) {0.0%}
5  ... 

Histogram: ProtoDB.InitStatus.PreviewsHintCacheStore recorded 1 samples, mean = 4.0 (flags = 0x41)
0  ... 
4  -O                                                                        (1 = 100.0%) {0.0%}
5  ... 

Histogram: ProtoDB.InitStatus.SegmentInfoDatabase recorded 1 samples, mean = 4.0 (flags = 0x41)
0  ... 
4  -O                                                                        (1 = 100.0%) {0.0%}
5  ... 

Histogram: ProtoDB.InitStatus.SharedDb recorded 1 samples, mean = 0.0 (flags = 0x41)
0  -O                                                                        (1 = 100.0%)
1  ... 

Histogram: ProtoDB.InitStatus.SignalDatabase recorded 1 samples, mean = 4.0 (flags = 0x41)
0  ... 
4  -O                                                                        (1 = 100.0%) {0.0%}
5  ... 

Histogram: ProtoDB.InitStatus.SignalStorageConfigDatabase recorded 1 samples, mean = 4.0 (flags = 0x41)
0  ... 
4  -O                                                                        (1 = 100.0%) {0.0%}
5  ... 

Histogram: ProtoDB.InitStatus.StrikeService recorded 1 samples, mean = 4.0 (flags = 0x41)
0  ... 
4  -O                                                                        (1 = 100.0%) {0.0%}
5  ... 

Histogram: ProtoDB.LoadEntriesSuccess.CartDatabase recorded 1 samples, mean = 1.0 (flags = 0x41)
0  O                                                                         (0 = 0.0%)
1  -O                                                                        (1 = 100.0%) {0.0%}
2  O                                                                         (0 = 0.0%) {100.0%}

Histogram: ProtoDB.LoadEntriesSuccess.CouponDatabase recorded 1 samples, mean = 1.0 (flags = 0x41)
0  O                                                                         (0 = 0.0%)
1  -O                                                                        (1 = 100.0%) {0.0%}
2  O                                                                         (0 = 0.0%) {100.0%}

Histogram: ProtoDB.LoadEntriesSuccess.DownloadDB recorded 1 samples, mean = 1.0 (flags = 0x41)
0  O                                                                         (0 = 0.0%)
1  -O                                                                        (1 = 100.0%) {0.0%}
2  O                                                                         (0 = 0.0%) {100.0%}

Histogram: ProtoDB.LoadEntriesSuccess.DownloadService recorded 1 samples, mean = 1.0 (flags = 0x41)
0  O                                                                         (0 = 0.0%)
1  -O                                                                        (1 = 100.0%) {0.0%}
2  O                                                                         (0 = 0.0%) {100.0%}

Histogram: ProtoDB.LoadEntriesSuccess.FeatureEngagementTrackerAvailabilityStore recorded 1 samples, mean = 1.0 (flags = 0x41)
0  O                                                                         (0 = 0.0%)
1  -O                                                                        (1 = 100.0%) {0.0%}
2  O                                                                         (0 = 0.0%) {100.0%}

Histogram: ProtoDB.LoadEntriesSuccess.FeatureEngagementTrackerEventStore recorded 1 samples, mean = 1.0 (flags = 0x41)
0  O                                                                         (0 = 0.0%)
1  -O                                                                        (1 = 100.0%) {0.0%}
2  O                                                                         (0 = 0.0%) {100.0%}

Histogram: ProtoDB.LoadEntriesSuccess.PersistentOriginTrials recorded 1 samples, mean = 1.0 (flags = 0x41)
0  O                                                                         (0 = 0.0%)
1  -O                                                                        (1 = 100.0%) {0.0%}
2  O                                                                         (0 = 0.0%) {100.0%}

Histogram: ProtoDB.LoadEntriesSuccess.SegmentInfoDatabase recorded 1 samples, mean = 1.0 (flags = 0x41)
0  O                                                                         (0 = 0.0%)
1  -O                                                                        (1 = 100.0%) {0.0%}
2  O                                                                         (0 = 0.0%) {100.0%}

Histogram: ProtoDB.LoadEntriesSuccess.SignalStorageConfigDatabase recorded 1 samples, mean = 1.0 (flags = 0x41)
0  O                                                                         (0 = 0.0%)
1  -O                                                                        (1 = 100.0%) {0.0%}
2  O                                                                         (0 = 0.0%) {100.0%}

Histogram: ProtoDB.LoadKeysAndEntriesSuccess.PreviewsHintCacheStore recorded 2 samples, mean = 1.0 (flags = 0x41)
0  O                                                                         (0 = 0.0%)
1  --O                                                                       (2 = 100.0%) {0.0%}
2  O                                                                         (0 = 0.0%) {100.0%}

Histogram: ProtoDB.LoadKeysAndEntriesSuccess.StrikeService recorded 1 samples, mean = 1.0 (flags = 0x41)
0  O                                                                         (0 = 0.0%)
1  -O                                                                        (1 = 100.0%) {0.0%}
2  O                                                                         (0 = 0.0%) {100.0%}

Histogram: ProtoDB.SharedDbInitStatus recorded 53 samples, mean = 11.4 (flags = 0x41)
0   ------------------O                                                       (18 = 34.0%)
1   ... 
11  -----------------O                                                        (17 = 32.1%) {34.0%}
12  ... 
23  -----------------O                                                        (17 = 32.1%) {66.0%}
24  ... 
27  -O                                                                        (1 = 1.9%) {98.1%}
28  ... 

Histogram: ProtoDB.UpdateErrorStatus.CartDatabase recorded 0 samples (flags = 0x41)
0 ... 

Histogram: ProtoDB.UpdateErrorStatus.CouponDatabase recorded 0 samples (flags = 0x41)
0 ... 

Histogram: ProtoDB.UpdateErrorStatus.Default recorded 0 samples (flags = 0x41)
0 ... 

Histogram: ProtoDB.UpdateErrorStatus.FeatureEngagementTrackerAvailabilityStore recorded 0 samples (flags = 0x41)
0 ... 

Histogram: ProtoDB.UpdateErrorStatus.Metadata recorded 0 samples (flags = 0x41)
0 ... 

Histogram: ProtoDB.UpdateErrorStatus.SegmentInfoDatabase recorded 0 samples (flags = 0x41)
0 ... 

Histogram: ProtoDB.UpdateSuccess.CartDatabase recorded 1 samples, mean = 1.0 (flags = 0x41)
0  O                                                                         (0 = 0.0%)
1  -O                                                                        (1 = 100.0%) {0.0%}
2  O                                                                         (0 = 0.0%) {100.0%}

Histogram: ProtoDB.UpdateSuccess.CouponDatabase recorded 1 samples, mean = 1.0 (flags = 0x41)
0  O                                                                         (0 = 0.0%)
1  -O                                                                        (1 = 100.0%) {0.0%}
2  O                                                                         (0 = 0.0%) {100.0%}

Histogram: ProtoDB.UpdateSuccess.Default recorded 5 samples, mean = 1.0 (flags = 0x41)
0  O                                                                         (0 = 0.0%)
1  -----O                                                                    (5 = 100.0%) {0.0%}
2  O                                                                         (0 = 0.0%) {100.0%}

Histogram: ProtoDB.UpdateSuccess.FeatureEngagementTrackerAvailabilityStore recorded 1 samples, mean = 1.0 (flags = 0x41)
0  O                                                                         (0 = 0.0%)
1  -O                                                                        (1 = 100.0%) {0.0%}
2  O                                                                         (0 = 0.0%) {100.0%}

Histogram: ProtoDB.UpdateSuccess.Metadata recorded 1 samples, mean = 1.0 (flags = 0x41)
0  O                                                                         (0 = 0.0%)
1  -O                                                                        (1 = 100.0%) {0.0%}
2  O                                                                         (0 = 0.0%) {100.0%}

Histogram: ProtoDB.UpdateSuccess.SegmentInfoDatabase recorded 11 samples, mean = 1.0 (flags = 0x41)
0  O                                                                         (0 = 0.0%)
1  -----------O                                                              (11 = 100.0%) {0.0%}
2  O                                                                         (0 = 0.0%) {100.0%}

Histogram: Quota.AvailableDiskSpace recorded 2 samples, mean = 48216.0 (flags = 0x41)
0      ... 
47754  --O                                                                       (2 = 100.0%) {0.0%}
55707  ... 

Histogram: Quota.GlobalTemporaryPoolSize recorded 2 samples, mean = 372380.0 (flags = 0x41)
0       ... 
353788  --O                                                                       (2 = 100.0%) {0.0%}
412711  ... 

Histogram: Quota.PercentDiskAvailable recorded 2 samples, mean = 10.0 (flags = 0x41)
0   ... 
10  --O                                                                       (2 = 100.0%) {0.0%}
11  ... 

Histogram: Quota.TotalDiskSpace recorded 2 samples, mean = 465475.0 (flags = 0x41)
0       ... 
412711  --O                                                                       (2 = 100.0%) {0.0%}
481447  ... 

Histogram: Quota.TotalDiskSpaceIsZero recorded 2 samples, mean = 0.0 (flags = 0x41)
0  --O                                                                       (2 = 100.0%)
1  ... 

Histogram: ReadingList.Read.Count.OnModelLoaded.AccountStorage recorded 1 samples, mean = 0.0 (flags = 0x41)
0  -O                                                                        (1 = 100.0%)
1  ... 

Histogram: ReadingList.Read.Count.OnModelLoaded.LocalStorage recorded 1 samples, mean = 0.0 (flags = 0x41)
0  -O                                                                        (1 = 100.0%)
1  ... 

Histogram: ReadingList.Unread.Count.OnModelLoaded.AccountStorage recorded 1 samples, mean = 0.0 (flags = 0x41)
0  -O                                                                        (1 = 100.0%)
1  ... 

Histogram: ReadingList.Unread.Count.OnModelLoaded.LocalStorage recorded 1 samples, mean = 0.0 (flags = 0x41)
0  -O                                                                        (1 = 100.0%)
1  ... 

Histogram: Renderer.Core.Timing.Performance.SwapsPerPerformanceEntryInsertion recorded 59 samples, mean = 1.1 (flags = 0x41)
0   --------------------------------O                                         (32 = 54.2%)
1   -----------O                                                              (11 = 18.6%) {54.2%}
2   --------O                                                                 (8 = 13.6%) {72.9%}
3   -----O                                                                    (5 = 8.5%) {86.4%}
4   -O                                                                        (1 = 1.7%) {94.9%}
5   ... 
9   -O                                                                        (1 = 1.7%) {96.6%}
10  -O                                                                        (1 = 1.7%) {98.3%}
11  ... 

Histogram: Renderer.CriticalFonts.BlockingResourcesLoadTime recorded 1 samples, mean = 3567.0 (flags = 0x41)
0     ... 
3553  -O                                                                        (1 = 100.0%) {0.0%}
4222  ... 

Histogram: Renderer.CriticalFonts.CriticalFontDelay recorded 1 samples, mean = 0.0 (flags = 0x41)
0  -O                                                                        (1 = 100.0%)
1  ... 

Histogram: Renderer.CriticalFonts.PreloadedFontsLoadTime recorded 1 samples, mean = 3529.0 (flags = 0x41)
0     ... 
2990  -O                                                                        (1 = 100.0%) {0.0%}
3553  ... 

Histogram: Renderer.Font.PrimaryFont.DomContentLoaded recorded 1 samples, mean = 0.0 (flags = 0x41)
0  -O                                                                        (1 = 100.0%)
1  ... 

Histogram: Renderer.Font.PrimaryFont.DomContentLoaded.Style recorded 1 samples, mean = 0.0 (flags = 0x41)
0  -O                                                                        (1 = 100.0%)
1  ... 

Histogram: Renderer.Font.SystemFallback.DomContentLoaded recorded 1 samples, mean = 0.0 (flags = 0x41)
0  -O                                                                        (1 = 100.0%)
1  ... 

Histogram: Renderer.Layout.TextWrapBalance recorded 4 samples, mean = 0.0 (flags = 0x41)
0  ----O                                                                     (4 = 100.0%)
1  ... 

Histogram: Renderer.ProcessLifetime3 recorded 3 samples, mean = 1645483.0 (flags = 0x41)
0        O                                                                         (0 = 0.0%)
1000     -O                                                                        (1 = 33.3%) {0.0%}
1123     ... 
2371391  --O                                                                       (2 = 66.7%) {33.3%}
2663020  ... 

Histogram: Renderer.ProcessLifetime3.Empty recorded 1 samples, mean = 2467122.0 (flags = 0x41)
0        ... 
2371391  -O                                                                        (1 = 100.0%) {0.0%}
2663020  ... 

Histogram: Renderer.ProcessLifetime3.MainFrame recorded 1 samples, mean = 2468207.0 (flags = 0x41)
0        ... 
2371391  -O                                                                        (1 = 100.0%) {0.0%}
2663020  ... 

Histogram: Renderer.ProcessLifetime3.Speculative recorded 1 samples, mean = 1120.0 (flags = 0x41)
0     O                                                                         (0 = 0.0%)
1000  -O                                                                        (1 = 100.0%) {0.0%}
1123  ... 

Histogram: Renderer.ReduceSubresourceResponseIPC.DidNotifyBrowser recorded 49 samples, mean = 1.0 (flags = 0x41)
0  O                                                                         (0 = 0.0%)
1  -------------------------------------------------O                        (49 = 100.0%) {0.0%}
2  O                                                                         (0 = 0.0%) {100.0%}

Histogram: Renderer4.GpuRasterizationEnabled recorded 1 samples, mean = 1.0 (flags = 0x41)
0  O                                                                         (0 = 0.0%)
1  -O                                                                        (1 = 100.0%) {0.0%}
2  O                                                                         (0 = 0.0%) {100.0%}

Histogram: RendererScheduler.RendererMainThreadLoad5 recorded 4940 samples, mean = 0.0 (flags = 0x41)
0   ------------------------------------------------------------------------O (4934 = 99.9%)
1   ... 
3   O                                                                         (1 = 0.0%) {99.9%}
4   ... 
6   O                                                                         (2 = 0.0%) {99.9%}
7   ... 
21  O                                                                         (1 = 0.0%) {99.9%}
22  ... 
41  O                                                                         (1 = 0.0%) {100.0%}
42  ... 
51  O                                                                         (1 = 0.0%) {100.0%}
52  ... 

Histogram: RendererScheduler.RendererMainThreadLoad5.Background recorded 2467 samples, mean = 0.0 (flags = 0x41)
0  ------------------------------------------------------------------------O (2467 = 100.0%)
1  ... 

Histogram: RendererScheduler.RendererMainThreadLoad5.Background.AfterFifthMinute recorded 2168 samples, mean = 0.0 (flags = 0x41)
0  ------------------------------------------------------------------------O (2168 = 100.0%)
1  ... 

Histogram: RendererScheduler.RendererMainThreadLoad5.Background.AfterFirstMinute recorded 2408 samples, mean = 0.0 (flags = 0x41)
0  ------------------------------------------------------------------------O (2408 = 100.0%)
1  ... 

Histogram: RendererScheduler.RendererMainThreadLoad5.Background.AfterTenthMinute recorded 1868 samples, mean = 0.0 (flags = 0x41)
0  ------------------------------------------------------------------------O (1868 = 100.0%)
1  ... 

Histogram: RendererScheduler.RendererMainThreadLoad5.Foreground recorded 3 samples, mean = 13.7 (flags = 0x41)
0   --O                                                                       (2 = 66.7%)
1   ... 
41  -O                                                                        (1 = 33.3%) {66.7%}
42  ... 

Histogram: RendererScheduler.RendererMainThreadLoad5.Foreground.AfterFirstMinute recorded 2408 samples, mean = 0.0 (flags = 0x41)
0  ------------------------------------------------------------------------O (2408 = 100.0%)
1  ... 

Histogram: ReportingAndNEL.NumberOfLoadedNELPolicies recorded 1 samples, mean = 0.0 (flags = 0x41)
0  -O                                                                        (1 = 100.0%)
1  ... 

Histogram: ReportingAndNEL.NumberOfLoadedNELPolicies2 recorded 1 samples, mean = 0.0 (flags = 0x41)
0  -O                                                                        (1 = 100.0%)
1  ... 

Histogram: ReportingAndNEL.TimeInitializeDB recorded 1 samples, mean = 4.0 (flags = 0x41)
0  ... 
4  -O                                                                        (1 = 100.0%) {0.0%}
5  ... 

Histogram: ResourceScheduler.RequestQueuingDuration.Priority1 recorded 19 samples, mean = 0.0 (flags = 0x41)
0  -------------------O                                                      (19 = 100.0%)
1  ... 

Histogram: ResourceScheduler.RequestQueuingDuration.Priority2 recorded 29 samples, mean = 0.0 (flags = 0x41)
0  -----------------------------O                                            (29 = 100.0%)
1  ... 

Histogram: ResourceScheduler.RequestQueuingDuration.Priority3 recorded 1 samples, mean = 0.0 (flags = 0x41)
0  -O                                                                        (1 = 100.0%)
1  ... 

Histogram: ResourceScheduler.RequestQueuingDuration.Priority4 recorded 7 samples, mean = 0.0 (flags = 0x41)
0  -------O                                                                  (7 = 100.0%)
1  ... 

Histogram: ResourceScheduler.RequestQueuingDuration.Priority5 recorded 13 samples, mean = 0.0 (flags = 0x41)
0  -------------O                                                            (13 = 100.0%)
1  ... 

Histogram: SBClientPhishing.Classifier.Event recorded 2 samples, mean = 1.0 (flags = 0x41)
0  O                                                                         (0 = 0.0%)
1  --O                                                                       (2 = 100.0%) {0.0%}
2  ... 

Histogram: SBClientPhishing.HighConfidenceAllowlistCheckDuration recorded 1 samples, mean = 19.0 (flags = 0x41)
0   ... 
16  -O                                                                        (1 = 100.0%) {0.0%}
20  ... 

Histogram: SBClientPhishing.ImageEmbedder.Event recorded 2 samples, mean = 1.0 (flags = 0x41)
0  O                                                                         (0 = 0.0%)
1  --O                                                                       (2 = 100.0%) {0.0%}
2  ... 

Histogram: SBClientPhishing.LoadReportTimesFromPrefAtServiceCreationSuccessful recorded 1 samples, mean = 1.0 (flags = 0x41)
0  O                                                                         (0 = 0.0%)
1  -O                                                                        (1 = 100.0%) {0.0%}
2  O                                                                         (0 = 0.0%) {100.0%}

Histogram: SBClientPhishing.MatchHighConfidenceAllowlist recorded 1 samples, mean = 3.0 (flags = 0x41)
0  ... 
3  -O                                                                        (1 = 100.0%) {0.0%}
4  O                                                                         (0 = 0.0%) {100.0%}

Histogram: SBClientPhishing.MatchHighConfidenceAllowlist.TriggerModel recorded 1 samples, mean = 3.0 (flags = 0x41)
0  ... 
3  -O                                                                        (1 = 100.0%) {0.0%}
4  O                                                                         (0 = 0.0%) {100.0%}

Histogram: SBClientPhishing.PreClassificationCheckResult recorded 1 samples, mean = 3.0 (flags = 0x41)
0  ... 
3  -O                                                                        (1 = 100.0%) {0.0%}
4  ... 

Histogram: SSL.Experimental.SubresourceResponse recorded 49 samples, mean = 0.0 (flags = 0x41)
0  -------------------------------------------------O                        (49 = 100.0%)
1  ... 

Histogram: SafeBrowsing.AsyncCheck.CommittedNavigationIdsSize recorded 5 samples, mean = 1.6 (flags = 0x41)
0  -O                                                                        (1 = 20.0%)
1  -O                                                                        (1 = 20.0%) {20.0%}
2  --O                                                                       (2 = 40.0%) {40.0%}
3  -O                                                                        (1 = 20.0%) {80.0%}
4  ... 

Histogram: SafeBrowsing.BrowserThrottle.CheckerOnIOLifetime recorded 1 samples, mean = 825.0 (flags = 0x41)
0    ... 
729  -O                                                                        (1 = 100.0%) {0.0%}
926  ... 

Histogram: SafeBrowsing.BrowserThrottle.IntervalBetweenStartAndProcess recorded 1 samples, mean = 825.0 (flags = 0x41)
0    ... 
752  -O                                                                        (1 = 100.0%) {0.0%}
894  ... 

Histogram: SafeBrowsing.BrowserThrottle.IntervalBetweenStartAndProcess.FromNetwork recorded 1 samples, mean = 825.0 (flags = 0x41)
0    ... 
752  -O                                                                        (1 = 100.0%) {0.0%}
894  ... 

Histogram: SafeBrowsing.BrowserThrottle.IsCheckCompletedOnProcessResponse recorded 1 samples, mean = 1.0 (flags = 0x41)
0  O                                                                         (0 = 0.0%)
1  -O                                                                        (1 = 100.0%) {0.0%}
2  O                                                                         (0 = 0.0%) {100.0%}

Histogram: SafeBrowsing.BrowserThrottle.RequestDestination recorded 1 samples, mean = 3.0 (flags = 0x41)
0  ... 
3  -O                                                                        (1 = 100.0%) {0.0%}
4  ... 

Histogram: SafeBrowsing.BrowserThrottle.RequestDestination.Checked recorded 1 samples, mean = 3.0 (flags = 0x41)
0  ... 
3  -O                                                                        (1 = 100.0%) {0.0%}
4  ... 

Histogram: SafeBrowsing.BrowserThrottle.TotalDelay2.FromNetwork recorded 1 samples, mean = 0.0 (flags = 0x41)
0  -O                                                                        (1 = 100.0%)
1  ... 

Histogram: SafeBrowsing.BrowserThrottle.TotalDelay2.HashPrefixDatabaseCheck recorded 1 samples, mean = 0.0 (flags = 0x41)
0  -O                                                                        (1 = 100.0%)
1  ... 

Histogram: SafeBrowsing.BrowserThrottle.WillProcessResponseCount recorded 1 samples, mean = 1.0 (flags = 0x41)
0  O                                                                         (0 = 0.0%)
1  -O                                                                        (1 = 100.0%) {0.0%}
2  ... 

Histogram: SafeBrowsing.CheckBrowseUrl.HasLocalMatch recorded 1 samples, mean = 1.0 (flags = 0x41)
0  O                                                                         (0 = 0.0%)
1  -O                                                                        (1 = 100.0%) {0.0%}
2  O                                                                         (0 = 0.0%) {100.0%}

Histogram: SafeBrowsing.CheckUrl.Action recorded 1 samples, mean = 0.0 (flags = 0x41)
0  -O                                                                        (1 = 100.0%)
1  ... 

Histogram: SafeBrowsing.CheckUrl.FirstRequestThreatType2 recorded 1 samples, mean = 1.0 (flags = 0x41)
0  O                                                                         (0 = 0.0%)
1  -O                                                                        (1 = 100.0%) {0.0%}
2  ... 

Histogram: SafeBrowsing.CheckUrl.FirstRequestThreatType2.LocalPVer4 recorded 1 samples, mean = 1.0 (flags = 0x41)
0  O                                                                         (0 = 0.0%)
1  -O                                                                        (1 = 100.0%) {0.0%}
2  ... 

Histogram: SafeBrowsing.CheckUrl.FirstRequestTimedOut recorded 1 samples, mean = 0.0 (flags = 0x41)
0  -O                                                                        (1 = 100.0%)
1  ... 

Histogram: SafeBrowsing.CheckUrl.FirstRequestTimedOut.LocalPVer4 recorded 1 samples, mean = 0.0 (flags = 0x41)
0  -O                                                                        (1 = 100.0%)
1  ... 

Histogram: SafeBrowsing.CheckUrl.IsDocumentCheckPrefetch recorded 1 samples, mean = 0.0 (flags = 0x41)
0  -O                                                                        (1 = 100.0%)
1  ... 

Histogram: SafeBrowsing.CheckUrl.TimeTaken.HashDatabase recorded 1 samples, mean = 351.0 (flags = 0x41)
0    ... 
318  -O                                                                        (1 = 100.0%) {0.0%}
378  ... 

Histogram: SafeBrowsing.CheckUrl.Timeout recorded 1 samples, mean = 0.0 (flags = 0x41)
0  -O                                                                        (1 = 100.0%)
1  ... 

Histogram: SafeBrowsing.CheckUrl.UrlScheme recorded 1 samples, mean = 10.0 (flags = 0x41)
0   ... 
10  -O                                                                        (1 = 100.0%) {0.0%}
11  ... 

Histogram: SafeBrowsing.ClientSidePhishingDetection.AllowlistMatchResult recorded 1 samples, mean = 1.0 (flags = 0x41)
0  O                                                                         (0 = 0.0%)
1  -O                                                                        (1 = 100.0%) {0.0%}
2  ... 

Histogram: SafeBrowsing.FileTypeUpdate.ResourceBundleResult recorded 1 samples (flags = 0x41)
1  -O                                                                        (1 = 100.0%)

Histogram: SafeBrowsing.FileTypeUpdate.ResourceBundleVersion recorded 1 samples (flags = 0x41)
66  -O                                                                        (1 = 100.0%)

Histogram: SafeBrowsing.HPRT.Cache.FullHashCount recorded 3 samples, mean = 0.0 (flags = 0x41)
0  ---O                                                                      (3 = 100.0%)
1  ... 

Histogram: SafeBrowsing.HPRT.Cache.HashPrefixCount recorded 3 samples, mean = 0.0 (flags = 0x41)
0  ---O                                                                      (3 = 100.0%)
1  ... 

Histogram: SafeBrowsing.HPRT.Ineligible.FeatureOff recorded 1 samples, mean = 0.0 (flags = 0x41)
0  -O                                                                        (1 = 100.0%)
1  ... 

Histogram: SafeBrowsing.HPRT.Ineligible.IneligibleForLocation recorded 1 samples, mean = 0.0 (flags = 0x41)
0  -O                                                                        (1 = 100.0%)
1  ... 

Histogram: SafeBrowsing.HPRT.Ineligible.IneligibleForSessionOrLocation recorded 1 samples, mean = 1.0 (flags = 0x41)
0  O                                                                         (0 = 0.0%)
1  -O                                                                        (1 = 100.0%) {0.0%}
2  O                                                                         (0 = 0.0%) {100.0%}

Histogram: SafeBrowsing.HPRT.Ineligible.NoGoogleChromeBranding recorded 1 samples, mean = 1.0 (flags = 0x41)
0  O                                                                         (0 = 0.0%)
1  -O                                                                        (1 = 100.0%) {0.0%}
2  O                                                                         (0 = 0.0%) {100.0%}

Histogram: SafeBrowsing.HPRT.Ineligible.NotAllowedByPolicy recorded 1 samples, mean = 0.0 (flags = 0x41)
0  -O                                                                        (1 = 100.0%)
1  ... 

Histogram: SafeBrowsing.HPRT.Ineligible.NotStandardProtection recorded 1 samples, mean = 0.0 (flags = 0x41)
0  -O                                                                        (1 = 100.0%)
1  ... 

Histogram: SafeBrowsing.HPRT.Ineligible.OffTheRecord recorded 1 samples, mean = 0.0 (flags = 0x41)
0  -O                                                                        (1 = 100.0%)
1  ... 

Histogram: SafeBrowsing.HasCookieAtStartup2 recorded 1 samples, mean = 0.0 (flags = 0x41)
0  -O                                                                        (1 = 100.0%)
1  ... 

Histogram: SafeBrowsing.PageLoadToken.TokenCount recorded 3 samples, mean = 0.0 (flags = 0x41)
0  ---O                                                                      (3 = 100.0%)
1  ... 

Histogram: SafeBrowsing.Pref.Enhanced recorded 1 samples, mean = 0.0 (flags = 0x41)
0  -O                                                                        (1 = 100.0%)
1  ... 

Histogram: SafeBrowsing.Pref.Enhanced.RegularProfile recorded 1 samples, mean = 0.0 (flags = 0x41)
0  -O                                                                        (1 = 100.0%)
1  ... 

Histogram: SafeBrowsing.Pref.Extended recorded 1 samples, mean = 0.0 (flags = 0x41)
0  -O                                                                        (1 = 100.0%)
1  ... 

Histogram: SafeBrowsing.Pref.General recorded 1 samples, mean = 1.0 (flags = 0x41)
0  O                                                                         (0 = 0.0%)
1  -O                                                                        (1 = 100.0%) {0.0%}
2  O                                                                         (0 = 0.0%) {100.0%}

Histogram: SafeBrowsing.RT.CacheManager.CleanUpTime recorded 3 samples, mean = 0.0 (flags = 0x41)
0  ---O                                                                      (3 = 100.0%)
1  ... 

Histogram: SafeBrowsing.RT.CanCheckDatabase recorded 1 samples, mean = 1.0 (flags = 0x41)
0  O                                                                         (0 = 0.0%)
1  -O                                                                        (1 = 100.0%) {0.0%}
2  O                                                                         (0 = 0.0%) {100.0%}

Histogram: SafeBrowsing.RT.ConsumerVersionReason recorded 2 samples, mean = 1.0 (flags = 0x41)
0  -O                                                                        (1 = 50.0%)
1  O                                                                         (0 = 0.0%) {50.0%}
2  -O                                                                        (1 = 50.0%) {50.0%}
3  ... 

Histogram: SafeBrowsing.RendererThrottle.IsCheckCompletedOnProcessResponse recorded 49 samples, mean = 1.0 (flags = 0x41)
0  O                                                                         (0 = 0.0%)
1  -------------------------------------------------O                        (49 = 100.0%) {0.0%}
2  O                                                                         (0 = 0.0%) {100.0%}

Histogram: SafeBrowsing.RendererThrottle.RequestDestination recorded 49 samples, mean = 10.7 (flags = 0x41)
0   -------O                                                                  (7 = 14.3%)
1   ... 
5   -----O                                                                    (5 = 10.2%) {14.3%}
6   ... 
8   -O                                                                        (1 = 2.0%) {24.5%}
9   -O                                                                        (1 = 2.0%) {26.5%}
10  ... 
13  --------------------------O                                               (26 = 53.1%) {28.6%}
14  ... 
16  ---------O                                                                (9 = 18.4%) {81.6%}
17  ... 

Histogram: SafeBrowsing.V4Database.Size recorded 1 samples, mean = 0.0 (flags = 0x41)
0  -O                                                                        (1 = 100.0%)
1  ... 

Histogram: SafeBrowsing.V4Database.Size.ChromeExtMalware recorded 1 samples, mean = 0.0 (flags = 0x41)
0  -O                                                                        (1 = 100.0%)
1  ... 

Histogram: SafeBrowsing.V4Database.Size.UrlBilling recorded 1 samples, mean = 0.0 (flags = 0x41)
0  -O                                                                        (1 = 100.0%)
1  ... 

Histogram: SafeBrowsing.V4Database.Size.UrlCsdDownloadAllowlist recorded 1 samples, mean = 0.0 (flags = 0x41)
0  -O                                                                        (1 = 100.0%)
1  ... 

Histogram: SafeBrowsing.V4Database.Size.UrlMalBin recorded 1 samples, mean = 0.0 (flags = 0x41)
0  -O                                                                        (1 = 100.0%)
1  ... 

Histogram: SafeBrowsing.V4Database.Size.UrlMalware recorded 1 samples, mean = 0.0 (flags = 0x41)
0  -O                                                                        (1 = 100.0%)
1  ... 

Histogram: SafeBrowsing.V4Database.Size.UrlSoceng recorded 1 samples, mean = 0.0 (flags = 0x41)
0  -O                                                                        (1 = 100.0%)
1  ... 

Histogram: SafeBrowsing.V4Database.Size.UrlUws recorded 1 samples, mean = 0.0 (flags = 0x41)
0  -O                                                                        (1 = 100.0%)
1  ... 

Histogram: SafeBrowsing.V4Database.SizeLinear recorded 1 samples, mean = 0.0 (flags = 0x41)
0  -O                                                                        (1 = 100.0%)
1  ... 

Histogram: SafeBrowsing.V4Database.SizeLinear.ChromeExtMalware recorded 1 samples, mean = 0.0 (flags = 0x41)
0  -O                                                                        (1 = 100.0%)
1  ... 

Histogram: SafeBrowsing.V4Database.SizeLinear.UrlMalBin recorded 1 samples, mean = 0.0 (flags = 0x41)
0  -O                                                                        (1 = 100.0%)
1  ... 

Histogram: SafeBrowsing.V4Database.SizeLinear.UrlSoceng recorded 1 samples, mean = 0.0 (flags = 0x41)
0  -O                                                                        (1 = 100.0%)
1  ... 

Histogram: SafeBrowsing.V4DatabaseInitializationTime recorded 1 samples, mean = 2514.0 (flags = 0x41)
0     ... 
2117  -O                                                                        (1 = 100.0%) {0.0%}
2516  ... 

Histogram: SafeBrowsing.V4Store.IsStoreValid recorded 7 samples, mean = 0.0 (flags = 0x41)
0  -------O                                                                  (7 = 100.0%)
1  ... 

Histogram: SafeBrowsing.V4Store.IsStoreValid.ChromeExtMalware recorded 1 samples, mean = 0.0 (flags = 0x41)
0  -O                                                                        (1 = 100.0%)
1  ... 

Histogram: SafeBrowsing.V4Store.IsStoreValid.UrlBilling recorded 1 samples, mean = 0.0 (flags = 0x41)
0  -O                                                                        (1 = 100.0%)
1  ... 

Histogram: SafeBrowsing.V4Store.IsStoreValid.UrlCsdDownloadAllowlist recorded 1 samples, mean = 0.0 (flags = 0x41)
0  -O                                                                        (1 = 100.0%)
1  ... 

Histogram: SafeBrowsing.V4Store.IsStoreValid.UrlMalBin recorded 1 samples, mean = 0.0 (flags = 0x41)
0  -O                                                                        (1 = 100.0%)
1  ... 

Histogram: SafeBrowsing.V4Store.IsStoreValid.UrlMalware recorded 1 samples, mean = 0.0 (flags = 0x41)
0  -O                                                                        (1 = 100.0%)
1  ... 

Histogram: SafeBrowsing.V4Store.IsStoreValid.UrlSoceng recorded 1 samples, mean = 0.0 (flags = 0x41)
0  -O                                                                        (1 = 100.0%)
1  ... 

Histogram: SafeBrowsing.V4Store.IsStoreValid.UrlUws recorded 1 samples, mean = 0.0 (flags = 0x41)
0  -O                                                                        (1 = 100.0%)
1  ... 

Histogram: SafeBrowsing.V4Store.ReadyOnStartup recorded 7 samples, mean = 0.0 (flags = 0x41)
0  -------O                                                                  (7 = 100.0%)
1  ... 

Histogram: SafeBrowsing.V4StoreRead.Result recorded 7 samples, mean = 2.0 (flags = 0x41)
0  ... 
2  -------O                                                                  (7 = 100.0%) {0.0%}
3  ... 

Histogram: Scheduling.MessagePumpTimeKeeper.BrowserIO recorded 0 samples (flags = 0x41)
0 ... 

Histogram: Scheduling.MessagePumpTimeKeeper.BrowserUI recorded 0 samples (flags = 0x41)
0 ... 

Histogram: Scheduling.ThreadController.ActiveIntervalDuration.Any.BrowserUI recorded 28 samples, mean = 0.0 (flags = 0x41)
0  ----------------------------O                                             (28 = 100.0%)
1  ... 

Histogram: Scheduling.ThreadController.ActiveIntervalDuration.Any.Other recorded 33 samples, mean = 0.0 (flags = 0x41)
0  --------------------------------O                                         (32 = 97.0%)
1  -O                                                                        (1 = 3.0%) {97.0%}
2  ... 

Histogram: Scheduling.ThreadController.ActiveIntervalDuration.Medium.Other recorded 1 samples, mean = 1.0 (flags = 0x41)
0  O                                                                         (0 = 0.0%)
1  -O                                                                        (1 = 100.0%) {0.0%}
2  ... 

Histogram: Scheduling.ThreadController.ActiveIntervalDuration.Short.BrowserUI recorded 28 samples, mean = 1.9 (flags = 0x41)
0  O                                                                         (0 = 0.0%)
1  -----------------O                                                        (17 = 60.7%) {0.0%}
2  ----O                                                                     (4 = 14.3%) {60.7%}
3  ---O                                                                      (3 = 10.7%) {75.0%}
4  ---O                                                                      (3 = 10.7%) {85.7%}
5  ... 
7  -O                                                                        (1 = 3.6%) {96.4%}
8  ... 

Histogram: Scheduling.ThreadController.ActiveIntervalDuration.Short.Other recorded 32 samples, mean = 52.5 (flags = 0x41)
0    ... 
4    -O                                                                        (1 = 3.1%) {0.0%}
5    ... 
7    ----O                                                                     (4 = 12.5%) {3.1%}
8    ----O                                                                     (4 = 12.5%) {15.6%}
9    --O                                                                       (2 = 6.2%) {28.1%}
10   -O                                                                        (1 = 3.1%) {34.4%}
11   -O                                                                        (1 = 3.1%) {37.5%}
12   ----O                                                                     (4 = 12.5%) {40.6%}
13   --O                                                                       (2 = 6.2%) {53.1%}
14   -O                                                                        (1 = 3.1%) {59.4%}
15   ... 
19   -O                                                                        (1 = 3.1%) {62.5%}
20   ... 
37   --O                                                                       (2 = 6.2%) {65.6%}
39   ... 
43   --O                                                                       (2 = 6.2%) {71.9%}
45   ... 
64   -O                                                                        (1 = 3.1%) {78.1%}
67   ... 
74   -O                                                                        (1 = 3.1%) {81.2%}
78   O                                                                         (0 = 0.0%) {84.4%}
82   -O                                                                        (1 = 3.1%) {84.4%}
86   O                                                                         (0 = 0.0%) {87.5%}
90   -O                                                                        (1 = 3.1%) {87.5%}
95   ... 
128  -O                                                                        (1 = 3.1%) {90.6%}
135  ... 
157  -O                                                                        (1 = 3.1%) {93.8%}
165  ... 
669  -O                                                                        (1 = 3.1%) {96.9%}
703  ... 

Histogram: Scheduling.ThreadController.ActiveIntervalOffCpuDuration.Any.BrowserUI recorded 28 samples, mean = 0.0 (flags = 0x41)
0  ----------------------------O                                             (28 = 100.0%)
1  ... 

Histogram: Scheduling.ThreadController.ActiveIntervalOffCpuDuration.Any.Other recorded 33 samples, mean = 0.0 (flags = 0x41)
0  --------------------------------O                                         (32 = 97.0%)
1  -O                                                                        (1 = 3.0%) {97.0%}
2  ... 

Histogram: Scheduling.ThreadController.ActiveIntervalOffCpuDuration.Medium.Other recorded 1 samples, mean = 1.0 (flags = 0x41)
0  O                                                                         (0 = 0.0%)
1  -O                                                                        (1 = 100.0%) {0.0%}
2  ... 

Histogram: Scheduling.ThreadController.ActiveIntervalOffCpuDuration.Short.BrowserUI recorded 28 samples, mean = 0.9 (flags = 0x41)
0  --------O                                                                 (8 = 28.6%)
1  ----------------O                                                         (16 = 57.1%) {28.6%}
2  ---O                                                                      (3 = 10.7%) {85.7%}
3  O                                                                         (0 = 0.0%) {96.4%}
4  -O                                                                        (1 = 3.6%) {96.4%}
5  ... 

Histogram: Scheduling.ThreadController.ActiveIntervalOffCpuDuration.Short.Other recorded 32 samples, mean = 10.2 (flags = 0x41)
0    --------O                                                                 (8 = 25.0%)
1    ---------O                                                                (9 = 28.1%) {25.0%}
2    ---------O                                                                (9 = 28.1%) {53.1%}
3    --O                                                                       (2 = 6.2%) {81.2%}
4    ... 
7    -O                                                                        (1 = 3.1%) {87.5%}
8    ... 
25   -O                                                                        (1 = 3.1%) {90.6%}
26   ... 
43   -O                                                                        (1 = 3.1%) {93.8%}
45   ... 
211  -O                                                                        (1 = 3.1%) {96.9%}
222  ... 

Histogram: Scheduling.ThreadController.ActiveIntervalOnCpuDuration.Any.BrowserUI recorded 28 samples, mean = 0.0 (flags = 0x41)
0  ----------------------------O                                             (28 = 100.0%)
1  ... 

Histogram: Scheduling.ThreadController.ActiveIntervalOnCpuDuration.Any.Other recorded 33 samples, mean = 0.0 (flags = 0x41)
0  ---------------------------------O                                        (33 = 100.0%)
1  ... 

Histogram: Scheduling.ThreadController.ActiveIntervalOnCpuDuration.Medium.Other recorded 1 samples, mean = 0.0 (flags = 0x41)
0  -O                                                                        (1 = 100.0%)
1  ... 

Histogram: Scheduling.ThreadController.ActiveIntervalOnCpuDuration.Short.BrowserUI recorded 28 samples, mean = 1.0 (flags = 0x41)
0  -----------O                                                              (11 = 39.3%)
1  ------------O                                                             (12 = 42.9%) {39.3%}
2  O                                                                         (0 = 0.0%) {82.1%}
3  -----O                                                                    (5 = 17.9%) {82.1%}
4  ... 

Histogram: Scheduling.ThreadController.ActiveIntervalOnCpuDuration.Short.Other recorded 32 samples, mean = 42.4 (flags = 0x41)
0    -O                                                                        (1 = 3.1%)
1    ... 
3    -O                                                                        (1 = 3.1%) {3.1%}
4    ... 
6    ----O                                                                     (4 = 12.5%) {6.2%}
7    ------O                                                                   (6 = 18.8%) {18.8%}
8    -O                                                                        (1 = 3.1%) {37.5%}
9    -O                                                                        (1 = 3.1%) {40.6%}
10   -O                                                                        (1 = 3.1%) {43.8%}
11   -----O                                                                    (5 = 15.6%) {46.9%}
12   -O                                                                        (1 = 3.1%) {62.5%}
13   ... 
18   -O                                                                        (1 = 3.1%) {65.6%}
19   ... 
37   --O                                                                       (2 = 6.2%) {68.8%}
39   -O                                                                        (1 = 3.1%) {75.0%}
41   ... 
64   -O                                                                        (1 = 3.1%) {78.1%}
67   O                                                                         (0 = 0.0%) {81.2%}
70   -O                                                                        (1 = 3.1%) {81.2%}
74   ... 
82   -O                                                                        (1 = 3.1%) {84.4%}
86   -O                                                                        (1 = 3.1%) {87.5%}
90   ... 
105  -O                                                                        (1 = 3.1%) {90.6%}
110  ... 
157  -O                                                                        (1 = 3.1%) {93.8%}
165  ... 
471  -O                                                                        (1 = 3.1%) {96.9%}
495  ... 

Histogram: Scheduling.ThreadController.ActiveIntervalOnCpuPercentage.Any.BrowserUI recorded 28 samples, mean = 45.8 (flags = 0x41)
0    -----------O                                                              (11 = 39.3%)
1    ... 
33   --O                                                                       (2 = 7.1%) {39.3%}
34   ... 
42   -O                                                                        (1 = 3.6%) {46.4%}
43   ... 
50   ---O                                                                      (3 = 10.7%) {50.0%}
51   ... 
75   ---O                                                                      (3 = 10.7%) {60.7%}
76   ... 
100  --------O                                                                 (8 = 28.6%) {71.4%}
101  O                                                                         (0 = 0.0%) {100.0%}

Histogram: Scheduling.ThreadController.ActiveIntervalOnCpuPercentage.Any.Other recorded 33 samples, mean = 82.9 (flags = 0x41)
0    --O                                                                       (2 = 6.1%)
1    ... 
46   -O                                                                        (1 = 3.0%) {6.1%}
47   ... 
69   -O                                                                        (1 = 3.0%) {9.1%}
70   ... 
75   --O                                                                       (2 = 6.1%) {12.1%}
76   O                                                                         (0 = 0.0%) {18.2%}
77   -O                                                                        (1 = 3.0%) {18.2%}
78   -O                                                                        (1 = 3.0%) {21.2%}
79   O                                                                         (0 = 0.0%) {24.2%}
80   -O                                                                        (1 = 3.0%) {24.2%}
81   -O                                                                        (1 = 3.0%) {27.3%}
82   O                                                                         (0 = 0.0%) {30.3%}
83   -O                                                                        (1 = 3.0%) {30.3%}
84   -O                                                                        (1 = 3.0%) {33.3%}
85   --O                                                                       (2 = 6.1%) {36.4%}
86   O                                                                         (0 = 0.0%) {42.4%}
87   ---O                                                                      (3 = 9.1%) {42.4%}
88   ... 
91   --O                                                                       (2 = 6.1%) {51.5%}
92   O                                                                         (0 = 0.0%) {57.6%}
93   -O                                                                        (1 = 3.0%) {57.6%}
94   -O                                                                        (1 = 3.0%) {60.6%}
95   ... 
97   ---O                                                                      (3 = 9.1%) {63.6%}
98   -O                                                                        (1 = 3.0%) {72.7%}
99   O                                                                         (0 = 0.0%) {75.8%}
100  --------O                                                                 (8 = 24.2%) {75.8%}
101  O                                                                         (0 = 0.0%) {100.0%}

Histogram: Scheduling.ThreadController.ActiveIntervalOnCpuPercentage.Medium.Other recorded 1 samples, mean = 0.0 (flags = 0x41)
0  -O                                                                        (1 = 100.0%)
1  ... 

Histogram: Scheduling.ThreadController.ActiveIntervalOnCpuPercentage.Short.BrowserUI recorded 28 samples, mean = 45.8 (flags = 0x41)
0    -----------O                                                              (11 = 39.3%)
1    ... 
33   --O                                                                       (2 = 7.1%) {39.3%}
34   ... 
42   -O                                                                        (1 = 3.6%) {46.4%}
43   ... 
50   ---O                                                                      (3 = 10.7%) {50.0%}
51   ... 
75   ---O                                                                      (3 = 10.7%) {60.7%}
76   ... 
100  --------O                                                                 (8 = 28.6%) {71.4%}
101  O                                                                         (0 = 0.0%) {100.0%}

Histogram: Scheduling.ThreadController.ActiveIntervalOnCpuPercentage.Short.Other recorded 32 samples, mean = 85.5 (flags = 0x41)
0    -O                                                                        (1 = 3.1%)
1    ... 
46   -O                                                                        (1 = 3.1%) {3.1%}
47   ... 
69   -O                                                                        (1 = 3.1%) {6.2%}
70   ... 
75   --O                                                                       (2 = 6.2%) {9.4%}
76   O                                                                         (0 = 0.0%) {15.6%}
77   -O                                                                        (1 = 3.1%) {15.6%}
78   -O                                                                        (1 = 3.1%) {18.8%}
79   O                                                                         (0 = 0.0%) {21.9%}
80   -O                                                                        (1 = 3.1%) {21.9%}
81   -O                                                                        (1 = 3.1%) {25.0%}
82   O                                                                         (0 = 0.0%) {28.1%}
83   -O                                                                        (1 = 3.1%) {28.1%}
84   -O                                                                        (1 = 3.1%) {31.2%}
85   --O                                                                       (2 = 6.2%) {34.4%}
86   O                                                                         (0 = 0.0%) {40.6%}
87   ---O                                                                      (3 = 9.4%) {40.6%}
88   ... 
91   --O                                                                       (2 = 6.2%) {50.0%}
92   O                                                                         (0 = 0.0%) {56.2%}
93   -O                                                                        (1 = 3.1%) {56.2%}
94   -O                                                                        (1 = 3.1%) {59.4%}
95   ... 
97   ---O                                                                      (3 = 9.4%) {62.5%}
98   -O                                                                        (1 = 3.1%) {71.9%}
99   O                                                                         (0 = 0.0%) {75.0%}
100  --------O                                                                 (8 = 25.0%) {75.0%}
101  O                                                                         (0 = 0.0%) {100.0%}

Histogram: Scheduling.ThreadController.IdleDuration.Any.BrowserUI recorded 28 samples, mean = 0.0 (flags = 0x41)
0  ----------------------------O                                             (28 = 100.0%)
1  ... 

Histogram: Scheduling.ThreadController.IdleDuration.Any.Other recorded 20 samples, mean = 1444.8 (flags = 0x41)
0      -------O                                                                  (7 = 35.0%)
1      ... 
10     -O                                                                        (1 = 5.0%) {35.0%}
12     ... 
24     -O                                                                        (1 = 5.0%) {40.0%}
29     ... 
96     -O                                                                        (1 = 5.0%) {45.0%}
114    ... 
894    -------O                                                                  (7 = 35.0%) {50.0%}
1062   ... 
3553   -O                                                                        (1 = 5.0%) {85.0%}
4222   ... 
5961   -O                                                                        (1 = 5.0%) {90.0%}
7083   ... 
10000  -O                                                                        (1 = 5.0%) {95.0%}

Histogram: Scheduling.ThreadController.IdleDuration.Medium.Other recorded 2 samples, mean = 18.5 (flags = 0x41)
0   ... 
10  -O                                                                        (1 = 50.0%) {0.0%}
11  ... 
27  -O                                                                        (1 = 50.0%) {50.0%}
28  ... 

Histogram: Scheduling.ThreadController.IdleDuration.Short.BrowserUI recorded 28 samples, mean = 9.8 (flags = 0x41)
0   ... 
2   -O                                                                        (1 = 3.6%) {0.0%}
3   ------O                                                                   (6 = 21.4%) {3.6%}
4   -------O                                                                  (7 = 25.0%) {25.0%}
5   ----O                                                                     (4 = 14.3%) {50.0%}
6   --O                                                                       (2 = 7.1%) {64.3%}
7   -O                                                                        (1 = 3.6%) {71.4%}
8   -O                                                                        (1 = 3.6%) {75.0%}
9   ... 
11  -O                                                                        (1 = 3.6%) {78.6%}
12  ... 
16  -O                                                                        (1 = 3.6%) {82.1%}
17  ... 
21  -O                                                                        (1 = 3.6%) {85.7%}
22  ... 
29  -O                                                                        (1 = 3.6%) {89.3%}
31  O                                                                         (0 = 0.0%) {92.9%}
33  -O                                                                        (1 = 3.6%) {92.9%}
35  ... 
67  -O                                                                        (1 = 3.6%) {96.4%}
70  ... 

Histogram: Scheduling.ThreadController.IdleDuration.Short.Other recorded 7 samples, mean = 144.6 (flags = 0x41)
0    ... 
39   -O                                                                        (1 = 14.3%) {0.0%}
41   O                                                                         (0 = 0.0%) {14.3%}
43   -O                                                                        (1 = 14.3%) {14.3%}
45   ... 
70   -O                                                                        (1 = 14.3%) {28.6%}
74   -O                                                                        (1 = 14.3%) {42.9%}
78   ... 
157  -O                                                                        (1 = 14.3%) {57.1%}
165  ... 
191  -O                                                                        (1 = 14.3%) {71.4%}
201  ... 
405  -O                                                                        (1 = 14.3%) {85.7%}
426  ... 

Histogram: Search.ChoiceReprompt recorded 1 samples, mean = 6.0 (flags = 0x41)
0  ... 
6  -O                                                                        (1 = 100.0%) {0.0%}
7  O                                                                         (0 = 0.0%) {100.0%}

Histogram: Search.SearchProviderOverrideStatus recorded 1 samples, mean = 0.0 (flags = 0x41)
0  -O                                                                        (1 = 100.0%)
1  ... 

Histogram: Security.GwpAsan.Activated.Malloc.Browser recorded 1 samples, mean = 0.0 (flags = 0x41)
0  -O                                                                        (1 = 100.0%)
1  ... 

Histogram: Security.GwpAsan.Activated.PartitionAlloc.Browser recorded 1 samples, mean = 0.0 (flags = 0x41)
0  -O                                                                        (1 = 100.0%)
1  ... 

Histogram: Security.HttpsFirstMode.SettingEnabledAtStartup recorded 1 samples, mean = 0.0 (flags = 0x41)
0  -O                                                                        (1 = 100.0%)
1  ... 

Histogram: Security.JSONParser.ChromiumExtensionUsage recorded 1 samples, mean = 1.0 (flags = 0x41)
0  O                                                                         (0 = 0.0%)
1  -O                                                                        (1 = 100.0%) {0.0%}
2  ... 

Histogram: Security.JSONParser.ParsingTime recorded 17 samples, mean = 34.2 (flags = 0x41)
0    -O                                                                        (1 = 5.9%)
1    -O                                                                        (1 = 5.9%) {5.9%}
2    -O                                                                        (1 = 5.9%) {11.8%}
3    --O                                                                       (2 = 11.8%) {17.6%}
4    O                                                                         (0 = 0.0%) {29.4%}
5    -O                                                                        (1 = 5.9%) {29.4%}
7    --O                                                                       (2 = 11.8%) {35.3%}
9    ... 
16   -O                                                                        (1 = 5.9%) {47.1%}
21   --O                                                                       (2 = 11.8%) {52.9%}
28   -O                                                                        (1 = 5.9%) {64.7%}
37   --O                                                                       (2 = 11.8%) {70.6%}
49   O                                                                         (0 = 0.0%) {82.4%}
65   -O                                                                        (1 = 5.9%) {82.4%}
86   -O                                                                        (1 = 5.9%) {88.2%}
113  O                                                                         (0 = 0.0%) {94.1%}
149  -O                                                                        (1 = 5.9%) {94.1%}
196  ... 

Histogram: Security.NavigationRequestSecurityLevel recorded 1 samples, mean = 1.0 (flags = 0x41)
0  O                                                                         (0 = 0.0%)
1  -O                                                                        (1 = 100.0%) {0.0%}
2  ... 

Histogram: Security.PageEndReason.SECURE recorded 1 samples, mean = 6.0 (flags = 0x41)
0  ... 
6  -O                                                                        (1 = 100.0%) {0.0%}
7  ... 

Histogram: Security.PageEndReason.SafetyTip_None recorded 1 samples, mean = 6.0 (flags = 0x41)
0  ... 
6  -O                                                                        (1 = 100.0%) {0.0%}
7  ... 

Histogram: Security.PrivateNetworkAccess.CheckResult recorded 65 samples, mean = 1.9 (flags = 0x41)
0   ------------------O                                                       (18 = 27.7%)
1   ----------------------------------------O                                 (40 = 61.5%) {27.7%}
2   ... 
12  -------O                                                                  (7 = 10.8%) {89.2%}
13  O                                                                         (0 = 0.0%) {100.0%}

Histogram: Security.SCTAuditing.NumPersistedReportsLoaded recorded 1 samples, mean = 0.0 (flags = 0x41)
0  -O                                                                        (1 = 100.0%)
1  ... 

Histogram: Security.SafetyTips.GetReputationStatusWithEngagedSitesTime recorded 1 samples, mean = 0.0 (flags = 0x41)
0  -O                                                                        (1 = 100.0%)
1  ... 

Histogram: Security.SafetyTips.ReputationCheckComplete.DidFinishNavigation recorded 1 samples, mean = 1.0 (flags = 0x41)
0  O                                                                         (0 = 0.0%)
1  -O                                                                        (1 = 100.0%) {0.0%}
2  ... 

Histogram: Security.SafetyTips.SafetyTipShown recorded 1 samples, mean = 1.0 (flags = 0x41)
0  O                                                                         (0 = 0.0%)
1  -O                                                                        (1 = 100.0%) {0.0%}
2  ... 

Histogram: Security.SafetyTips.StatusWithInitiator.Unknown recorded 1 samples, mean = 1.0 (flags = 0x41)
0  O                                                                         (0 = 0.0%)
1  -O                                                                        (1 = 100.0%) {0.0%}
2  ... 

Histogram: Security.SecurityLevel.OnCommit recorded 1 samples, mean = 3.0 (flags = 0x41)
0  ... 
3  -O                                                                        (1 = 100.0%) {0.0%}
4  ... 

Histogram: Security.SecurityLevel.OnComplete recorded 1 samples, mean = 3.0 (flags = 0x41)
0  ... 
3  -O                                                                        (1 = 100.0%) {0.0%}
4  ... 

Histogram: Security.SiteEngagement.SECURE recorded 1 samples, mean = 7.0 (flags = 0x41)
0  ... 
7  -O                                                                        (1 = 100.0%) {0.0%}
8  ... 

Histogram: Security.SiteEngagement.SafetyTip_None recorded 1 samples, mean = 7.0 (flags = 0x41)
0  ... 
7  -O                                                                        (1 = 100.0%) {0.0%}
8  ... 

Histogram: Security.TimeOnPage2.SECURE recorded 1 samples, mean = 2468206.0 (flags = 0x41)
0        ... 
2341034  -O                                                                        (1 = 100.0%) {0.0%}
2702128  ... 

Histogram: Security.TimeOnPage2.SafetyTip_None recorded 1 samples, mean = 2468206.0 (flags = 0x41)
0        ... 
2341034  -O                                                                        (1 = 100.0%) {0.0%}
2702128  ... 

Histogram: SegmentationPlatform.ClassificationRequest.TotalDuration.DeviceSwitcher recorded 1 samples, mean = 63687.0 (flags = 0x41)
0      ... 
10000  -O                                                                        (1 = 100.0%) {0.0%}

Histogram: SegmentationPlatform.ClassificationRequest.TotalDuration.WebAppInstallationPromo recorded 1 samples, mean = 0.0 (flags = 0x41)
0  -O                                                                        (1 = 100.0%)
1  ... 

Histogram: SegmentationPlatform.Database.UpdateUrlForUkmSource recorded 5 samples, mean = 2.0 (flags = 0x41)
0   ----O                                                                     (4 = 80.0%)
1   ... 
10  -O                                                                        (1 = 20.0%) {80.0%}
12  ... 

Histogram: SegmentationPlatform.DefaultModelDelivery.Metadata.FeatureCount.ChromeLowUserEngagement recorded 1 samples, mean = 1.0 (flags = 0x41)
0  O                                                                         (0 = 0.0%)
1  -O                                                                        (1 = 100.0%) {0.0%}
2  ... 

Histogram: SegmentationPlatform.DefaultModelDelivery.Metadata.FeatureCount.ComposePromotion recorded 1 samples, mean = 1.0 (flags = 0x41)
0  O                                                                         (0 = 0.0%)
1  -O                                                                        (1 = 100.0%) {0.0%}
2  ... 

Histogram: SegmentationPlatform.DefaultModelDelivery.Metadata.FeatureCount.CrossDeviceUserSegment recorded 1 samples, mean = 4.0 (flags = 0x41)
0  ... 
4  -O                                                                        (1 = 100.0%) {0.0%}
5  ... 

Histogram: SegmentationPlatform.DefaultModelDelivery.Metadata.FeatureCount.DatabaseApiClients recorded 1 samples, mean = 3.0 (flags = 0x41)
0  ... 
3  -O                                                                        (1 = 100.0%) {0.0%}
4  ... 

Histogram: SegmentationPlatform.DefaultModelDelivery.Metadata.FeatureCount.DeviceSwitcher recorded 1 samples, mean = 1.0 (flags = 0x41)
0  O                                                                         (0 = 0.0%)
1  -O                                                                        (1 = 100.0%) {0.0%}
2  ... 

Histogram: SegmentationPlatform.DefaultModelDelivery.Metadata.FeatureCount.PasswordManagerUser recorded 1 samples, mean = 7.0 (flags = 0x41)
0  ... 
7  -O                                                                        (1 = 100.0%) {0.0%}
8  ... 

Histogram: SegmentationPlatform.DefaultModelDelivery.Metadata.FeatureCount.ResumeHeavyUserSegment recorded 1 samples, mean = 5.0 (flags = 0x41)
0  ... 
5  -O                                                                        (1 = 100.0%) {0.0%}
6  ... 

Histogram: SegmentationPlatform.DefaultModelDelivery.Metadata.FeatureCount.SearchUser recorded 1 samples, mean = 2.0 (flags = 0x41)
0  ... 
2  -O                                                                        (1 = 100.0%) {0.0%}
3  ... 

Histogram: SegmentationPlatform.DefaultModelDelivery.Metadata.FeatureCount.ShoppingUser recorded 1 samples, mean = 2.0 (flags = 0x41)
0  ... 
2  -O                                                                        (1 = 100.0%) {0.0%}
3  ... 

Histogram: SegmentationPlatform.DefaultModelDelivery.Metadata.FeatureCount.UrlVisitResumptionRanker recorded 1 samples, mean = 23.0 (flags = 0x41)
0   ... 
23  -O                                                                        (1 = 100.0%) {0.0%}
26  ... 

Histogram: SegmentationPlatform.DefaultModelDelivery.Metadata.Validation.Processed.ChromeLowUserEngagement recorded 1 samples, mean = 0.0 (flags = 0x41)
0  -O                                                                        (1 = 100.0%)
1  ... 

Histogram: SegmentationPlatform.DefaultModelDelivery.Metadata.Validation.Processed.ComposePromotion recorded 1 samples, mean = 0.0 (flags = 0x41)
0  -O                                                                        (1 = 100.0%)
1  ... 

Histogram: SegmentationPlatform.DefaultModelDelivery.Metadata.Validation.Processed.CrossDeviceUserSegment recorded 1 samples, mean = 0.0 (flags = 0x41)
0  -O                                                                        (1 = 100.0%)
1  ... 

Histogram: SegmentationPlatform.DefaultModelDelivery.Metadata.Validation.Processed.DatabaseApiClients recorded 1 samples, mean = 0.0 (flags = 0x41)
0  -O                                                                        (1 = 100.0%)
1  ... 

Histogram: SegmentationPlatform.DefaultModelDelivery.Metadata.Validation.Processed.DeviceSwitcher recorded 1 samples, mean = 0.0 (flags = 0x41)
0  -O                                                                        (1 = 100.0%)
1  ... 

Histogram: SegmentationPlatform.DefaultModelDelivery.Metadata.Validation.Processed.PasswordManagerUser recorded 1 samples, mean = 0.0 (flags = 0x41)
0  -O                                                                        (1 = 100.0%)
1  ... 

Histogram: SegmentationPlatform.DefaultModelDelivery.Metadata.Validation.Processed.ResumeHeavyUserSegment recorded 1 samples, mean = 0.0 (flags = 0x41)
0  -O                                                                        (1 = 100.0%)
1  ... 

Histogram: SegmentationPlatform.DefaultModelDelivery.Metadata.Validation.Processed.SearchUser recorded 1 samples, mean = 0.0 (flags = 0x41)
0  -O                                                                        (1 = 100.0%)
1  ... 

Histogram: SegmentationPlatform.DefaultModelDelivery.Metadata.Validation.Processed.ShoppingUser recorded 1 samples, mean = 0.0 (flags = 0x41)
0  -O                                                                        (1 = 100.0%)
1  ... 

Histogram: SegmentationPlatform.DefaultModelDelivery.Metadata.Validation.Processed.UrlVisitResumptionRanker recorded 1 samples, mean = 0.0 (flags = 0x41)
0  -O                                                                        (1 = 100.0%)
1  ... 

Histogram: SegmentationPlatform.DefaultModelDelivery.Received recorded 10 samples (flags = 0x41)
16    -O                                                                        (1 = 10.0%)
21    -O                                                                        (1 = 10.0%)
23    -O                                                                        (1 = 10.0%)
27    -O                                                                        (1 = 10.0%)
45    -O                                                                        (1 = 10.0%)
46    -O                                                                        (1 = 10.0%)
1001  -O                                                                        (1 = 10.0%)
1004  -O                                                                        (1 = 10.0%)
1007  -O                                                                        (1 = 10.0%)
1009  -O                                                                        (1 = 10.0%)

Histogram: SegmentationPlatform.DefaultModelDelivery.SaveResult.ChromeLowUserEngagement recorded 1 samples, mean = 1.0 (flags = 0x41)
0  O                                                                         (0 = 0.0%)
1  -O                                                                        (1 = 100.0%) {0.0%}
2  O                                                                         (0 = 0.0%) {100.0%}

Histogram: SegmentationPlatform.DefaultModelDelivery.SaveResult.ComposePromotion recorded 1 samples, mean = 1.0 (flags = 0x41)
0  O                                                                         (0 = 0.0%)
1  -O                                                                        (1 = 100.0%) {0.0%}
2  O                                                                         (0 = 0.0%) {100.0%}

Histogram: SegmentationPlatform.DefaultModelDelivery.SaveResult.CrossDeviceUserSegment recorded 1 samples, mean = 1.0 (flags = 0x41)
0  O                                                                         (0 = 0.0%)
1  -O                                                                        (1 = 100.0%) {0.0%}
2  O                                                                         (0 = 0.0%) {100.0%}

Histogram: SegmentationPlatform.DefaultModelDelivery.SaveResult.DatabaseApiClients recorded 1 samples, mean = 1.0 (flags = 0x41)
0  O                                                                         (0 = 0.0%)
1  -O                                                                        (1 = 100.0%) {0.0%}
2  O                                                                         (0 = 0.0%) {100.0%}

Histogram: SegmentationPlatform.DefaultModelDelivery.SaveResult.DeviceSwitcher recorded 1 samples, mean = 1.0 (flags = 0x41)
0  O                                                                         (0 = 0.0%)
1  -O                                                                        (1 = 100.0%) {0.0%}
2  O                                                                         (0 = 0.0%) {100.0%}

Histogram: SegmentationPlatform.DefaultModelDelivery.SaveResult.PasswordManagerUser recorded 1 samples, mean = 1.0 (flags = 0x41)
0  O                                                                         (0 = 0.0%)
1  -O                                                                        (1 = 100.0%) {0.0%}
2  O                                                                         (0 = 0.0%) {100.0%}

Histogram: SegmentationPlatform.DefaultModelDelivery.SaveResult.ResumeHeavyUserSegment recorded 1 samples, mean = 1.0 (flags = 0x41)
0  O                                                                         (0 = 0.0%)
1  -O                                                                        (1 = 100.0%) {0.0%}
2  O                                                                         (0 = 0.0%) {100.0%}

Histogram: SegmentationPlatform.DefaultModelDelivery.SaveResult.SearchUser recorded 1 samples, mean = 1.0 (flags = 0x41)
0  O                                                                         (0 = 0.0%)
1  -O                                                                        (1 = 100.0%) {0.0%}
2  O                                                                         (0 = 0.0%) {100.0%}

Histogram: SegmentationPlatform.DefaultModelDelivery.SaveResult.ShoppingUser recorded 1 samples, mean = 1.0 (flags = 0x41)
0  O                                                                         (0 = 0.0%)
1  -O                                                                        (1 = 100.0%) {0.0%}
2  O                                                                         (0 = 0.0%) {100.0%}

Histogram: SegmentationPlatform.DefaultModelDelivery.SaveResult.UrlVisitResumptionRanker recorded 1 samples, mean = 1.0 (flags = 0x41)
0  O                                                                         (0 = 0.0%)
1  -O                                                                        (1 = 100.0%) {0.0%}
2  O                                                                         (0 = 0.0%) {100.0%}

Histogram: SegmentationPlatform.DefaultModelDelivery.SegmentIdMatches.ChromeLowUserEngagement recorded 1 samples, mean = 1.0 (flags = 0x41)
0  O                                                                         (0 = 0.0%)
1  -O                                                                        (1 = 100.0%) {0.0%}
2  O                                                                         (0 = 0.0%) {100.0%}

Histogram: SegmentationPlatform.DefaultModelDelivery.SegmentIdMatches.ComposePromotion recorded 1 samples, mean = 1.0 (flags = 0x41)
0  O                                                                         (0 = 0.0%)
1  -O                                                                        (1 = 100.0%) {0.0%}
2  O                                                                         (0 = 0.0%) {100.0%}

Histogram: SegmentationPlatform.DefaultModelDelivery.SegmentIdMatches.CrossDeviceUserSegment recorded 1 samples, mean = 1.0 (flags = 0x41)
0  O                                                                         (0 = 0.0%)
1  -O                                                                        (1 = 100.0%) {0.0%}
2  O                                                                         (0 = 0.0%) {100.0%}

Histogram: SegmentationPlatform.DefaultModelDelivery.SegmentIdMatches.DatabaseApiClients recorded 1 samples, mean = 1.0 (flags = 0x41)
0  O                                                                         (0 = 0.0%)
1  -O                                                                        (1 = 100.0%) {0.0%}
2  O                                                                         (0 = 0.0%) {100.0%}

Histogram: SegmentationPlatform.DefaultModelDelivery.SegmentIdMatches.DeviceSwitcher recorded 1 samples, mean = 1.0 (flags = 0x41)
0  O                                                                         (0 = 0.0%)
1  -O                                                                        (1 = 100.0%) {0.0%}
2  O                                                                         (0 = 0.0%) {100.0%}

Histogram: SegmentationPlatform.DefaultModelDelivery.SegmentIdMatches.PasswordManagerUser recorded 1 samples, mean = 1.0 (flags = 0x41)
0  O                                                                         (0 = 0.0%)
1  -O                                                                        (1 = 100.0%) {0.0%}
2  O                                                                         (0 = 0.0%) {100.0%}

Histogram: SegmentationPlatform.DefaultModelDelivery.SegmentIdMatches.ResumeHeavyUserSegment recorded 1 samples, mean = 1.0 (flags = 0x41)
0  O                                                                         (0 = 0.0%)
1  -O                                                                        (1 = 100.0%) {0.0%}
2  O                                                                         (0 = 0.0%) {100.0%}

Histogram: SegmentationPlatform.DefaultModelDelivery.SegmentIdMatches.SearchUser recorded 1 samples, mean = 1.0 (flags = 0x41)
0  O                                                                         (0 = 0.0%)
1  -O                                                                        (1 = 100.0%) {0.0%}
2  O                                                                         (0 = 0.0%) {100.0%}

Histogram: SegmentationPlatform.DefaultModelDelivery.SegmentIdMatches.ShoppingUser recorded 1 samples, mean = 1.0 (flags = 0x41)
0  O                                                                         (0 = 0.0%)
1  -O                                                                        (1 = 100.0%) {0.0%}
2  O                                                                         (0 = 0.0%) {100.0%}

Histogram: SegmentationPlatform.DefaultModelDelivery.SegmentIdMatches.UrlVisitResumptionRanker recorded 1 samples, mean = 1.0 (flags = 0x41)
0  O                                                                         (0 = 0.0%)
1  -O                                                                        (1 = 100.0%) {0.0%}
2  O                                                                         (0 = 0.0%) {100.0%}

Histogram: SegmentationPlatform.DeviceSwitcher.PostProcessing.TopLabel.Computed recorded 1 samples (flags = 0x41)
7  -O                                                                        (1 = 100.0%)

Histogram: SegmentationPlatform.FeatureProcessing.Error.DeviceSwitcher recorded 1 samples, mean = 7.0 (flags = 0x41)
0  ... 
7  -O                                                                        (1 = 100.0%) {0.0%}
8  O                                                                         (0 = 0.0%) {100.0%}

Histogram: SegmentationPlatform.Init.CreationToInitializationLatency recorded 1 samples, mean = 2933.0 (flags = 0x41)
0     ... 
2415  -O                                                                        (1 = 100.0%) {0.0%}
3069  ... 

Histogram: SegmentationPlatform.Init.ModelUpdatedTimeDifferenceInDays.ChromeLowUserEngagement recorded 1 samples, mean = 0.0 (flags = 0x41)
0  -O                                                                        (1 = 100.0%)
1  ... 

Histogram: SegmentationPlatform.Init.ModelUpdatedTimeDifferenceInDays.ComposePromotion recorded 1 samples, mean = 0.0 (flags = 0x41)
0  -O                                                                        (1 = 100.0%)
1  ... 

Histogram: SegmentationPlatform.Init.ModelUpdatedTimeDifferenceInDays.CrossDeviceUserSegment recorded 1 samples, mean = 0.0 (flags = 0x41)
0  -O                                                                        (1 = 100.0%)
1  ... 

Histogram: SegmentationPlatform.Init.ModelUpdatedTimeDifferenceInDays.DatabaseApiClients recorded 1 samples, mean = 0.0 (flags = 0x41)
0  -O                                                                        (1 = 100.0%)
1  ... 

Histogram: SegmentationPlatform.Init.ModelUpdatedTimeDifferenceInDays.DeviceSwitcher recorded 1 samples, mean = 0.0 (flags = 0x41)
0  -O                                                                        (1 = 100.0%)
1  ... 

Histogram: SegmentationPlatform.Init.ModelUpdatedTimeDifferenceInDays.PasswordManagerUser recorded 1 samples, mean = 0.0 (flags = 0x41)
0  -O                                                                        (1 = 100.0%)
1  ... 

Histogram: SegmentationPlatform.Init.ModelUpdatedTimeDifferenceInDays.ResumeHeavyUserSegment recorded 1 samples, mean = 0.0 (flags = 0x41)
0  -O                                                                        (1 = 100.0%)
1  ... 

Histogram: SegmentationPlatform.Init.ModelUpdatedTimeDifferenceInDays.SearchUser recorded 1 samples, mean = 0.0 (flags = 0x41)
0  -O                                                                        (1 = 100.0%)
1  ... 

Histogram: SegmentationPlatform.Init.ModelUpdatedTimeDifferenceInDays.ShoppingUser recorded 1 samples, mean = 0.0 (flags = 0x41)
0  -O                                                                        (1 = 100.0%)
1  ... 

Histogram: SegmentationPlatform.Init.ModelUpdatedTimeDifferenceInDays.UrlVisitResumptionRanker recorded 1 samples, mean = 0.0 (flags = 0x41)
0  -O                                                                        (1 = 100.0%)
1  ... 

Histogram: SegmentationPlatform.Init.ProcessCreationToServiceCreationLatency recorded 1 samples, mean = 186361584.0 (flags = 0x41)
0       ... 
180000  -O                                                                        (1 = 100.0%) {0.0%}

Histogram: SegmentationPlatform.Maintenance.CleanupSignalSuccessCount recorded 1 samples, mean = 0.0 (flags = 0x41)
0  -O                                                                        (1 = 100.0%)
1  ... 

Histogram: SegmentationPlatform.Maintenance.SignalIdentifierCount recorded 1 samples, mean = 20.0 (flags = 0x41)
0   ... 
20  -O                                                                        (1 = 100.0%) {0.0%}
23  ... 

Histogram: SegmentationPlatform.ModelAvailability.ChromeLowUserEngagement recorded 1 samples, mean = 0.0 (flags = 0x41)
0  -O                                                                        (1 = 100.0%)
1  ... 

Histogram: SegmentationPlatform.ModelAvailability.ComposePromotion recorded 1 samples, mean = 0.0 (flags = 0x41)
0  -O                                                                        (1 = 100.0%)
1  ... 

Histogram: SegmentationPlatform.ModelAvailability.DeviceSwitcher recorded 1 samples, mean = 0.0 (flags = 0x41)
0  -O                                                                        (1 = 100.0%)
1  ... 

Histogram: SegmentationPlatform.ModelAvailability.SearchUser recorded 1 samples, mean = 0.0 (flags = 0x41)
0  -O                                                                        (1 = 100.0%)
1  ... 

Histogram: SegmentationPlatform.ModelAvailability.ShoppingUser recorded 1 samples, mean = 0.0 (flags = 0x41)
0  -O                                                                        (1 = 100.0%)
1  ... 

Histogram: SegmentationPlatform.ModelAvailability.UrlVisitResumptionRanker recorded 1 samples, mean = 0.0 (flags = 0x41)
0  -O                                                                        (1 = 100.0%)
1  ... 

Histogram: SegmentationPlatform.ModelAvailability.WebAppInstallationPromo recorded 1 samples, mean = 0.0 (flags = 0x41)
0  -O                                                                        (1 = 100.0%)
1  ... 

Histogram: SegmentationPlatform.ModelExecution.DefaultProvider.Status.DeviceSwitcher recorded 1 samples, mean = 0.0 (flags = 0x41)
0  -O                                                                        (1 = 100.0%)
1  ... 

Histogram: SegmentationPlatform.ModelExecution.Duration.Model.DeviceSwitcher.Success recorded 1 samples, mean = 0.0 (flags = 0x41)
0  -O                                                                        (1 = 100.0%)
1  ... 

Histogram: SegmentationPlatform.ModelExecution.Duration.Total.DeviceSwitcher.Success recorded 1 samples, mean = 60048.0 (flags = 0x41)
0      ... 
10000  -O                                                                        (1 = 100.0%) {0.0%}

Histogram: SegmentationPlatform.ModelExecution.Result.0.DeviceSwitcher recorded 1 samples, mean = 0.0 (flags = 0x41)
0  -O                                                                        (1 = 100.0%)
1  ... 

Histogram: SegmentationPlatform.ModelExecution.Result.1.DeviceSwitcher recorded 1 samples, mean = 0.0 (flags = 0x41)
0  -O                                                                        (1 = 100.0%)
1  ... 

Histogram: SegmentationPlatform.ModelExecution.Result.2.DeviceSwitcher recorded 1 samples, mean = 0.0 (flags = 0x41)
0  -O                                                                        (1 = 100.0%)
1  ... 

Histogram: SegmentationPlatform.ModelExecution.Result.3.DeviceSwitcher recorded 1 samples, mean = 0.0 (flags = 0x41)
0  -O                                                                        (1 = 100.0%)
1  ... 

Histogram: SegmentationPlatform.ModelExecution.Result.4.DeviceSwitcher recorded 1 samples, mean = 0.0 (flags = 0x41)
0  -O                                                                        (1 = 100.0%)
1  ... 

Histogram: SegmentationPlatform.ModelExecution.Result.5.DeviceSwitcher recorded 1 samples, mean = 0.0 (flags = 0x41)
0  -O                                                                        (1 = 100.0%)
1  ... 

Histogram: SegmentationPlatform.ModelExecution.Result.6.DeviceSwitcher recorded 1 samples, mean = 0.0 (flags = 0x41)
0  -O                                                                        (1 = 100.0%)
1  ... 

Histogram: SegmentationPlatform.ModelExecution.Result.7.DeviceSwitcher recorded 1 samples, mean = 100.0 (flags = 0x41)
0    ... 
100  -O                                                                        (1 = 100.0%) {0.0%}
101  O                                                                         (0 = 0.0%) {100.0%}

Histogram: SegmentationPlatform.ModelExecution.ZeroValuePercent.DeviceSwitcher recorded 1 samples, mean = 90.0 (flags = 0x41)
0   ... 
90  -O                                                                        (1 = 100.0%) {0.0%}
91  ... 

Histogram: SegmentationPlatform.SegmentInfoDatabase.ProtoDBUpdateResult.ChromeLowUserEngagement recorded 1 samples, mean = 1.0 (flags = 0x41)
0  O                                                                         (0 = 0.0%)
1  -O                                                                        (1 = 100.0%) {0.0%}
2  O                                                                         (0 = 0.0%) {100.0%}

Histogram: SegmentationPlatform.SegmentInfoDatabase.ProtoDBUpdateResult.ComposePromotion recorded 1 samples, mean = 1.0 (flags = 0x41)
0  O                                                                         (0 = 0.0%)
1  -O                                                                        (1 = 100.0%) {0.0%}
2  O                                                                         (0 = 0.0%) {100.0%}

Histogram: SegmentationPlatform.SegmentInfoDatabase.ProtoDBUpdateResult.CrossDeviceUserSegment recorded 1 samples, mean = 1.0 (flags = 0x41)
0  O                                                                         (0 = 0.0%)
1  -O                                                                        (1 = 100.0%) {0.0%}
2  O                                                                         (0 = 0.0%) {100.0%}

Histogram: SegmentationPlatform.SegmentInfoDatabase.ProtoDBUpdateResult.DatabaseApiClients recorded 1 samples, mean = 1.0 (flags = 0x41)
0  O                                                                         (0 = 0.0%)
1  -O                                                                        (1 = 100.0%) {0.0%}
2  O                                                                         (0 = 0.0%) {100.0%}

Histogram: SegmentationPlatform.SegmentInfoDatabase.ProtoDBUpdateResult.DeviceSwitcher recorded 1 samples, mean = 1.0 (flags = 0x41)
0  O                                                                         (0 = 0.0%)
1  -O                                                                        (1 = 100.0%) {0.0%}
2  O                                                                         (0 = 0.0%) {100.0%}

Histogram: SegmentationPlatform.SegmentInfoDatabase.ProtoDBUpdateResult.PasswordManagerUser recorded 1 samples, mean = 1.0 (flags = 0x41)
0  O                                                                         (0 = 0.0%)
1  -O                                                                        (1 = 100.0%) {0.0%}
2  O                                                                         (0 = 0.0%) {100.0%}

Histogram: SegmentationPlatform.SegmentInfoDatabase.ProtoDBUpdateResult.ResumeHeavyUserSegment recorded 1 samples, mean = 1.0 (flags = 0x41)
0  O                                                                         (0 = 0.0%)
1  -O                                                                        (1 = 100.0%) {0.0%}
2  O                                                                         (0 = 0.0%) {100.0%}

Histogram: SegmentationPlatform.SegmentInfoDatabase.ProtoDBUpdateResult.SearchUser recorded 1 samples, mean = 1.0 (flags = 0x41)
0  O                                                                         (0 = 0.0%)
1  -O                                                                        (1 = 100.0%) {0.0%}
2  O                                                                         (0 = 0.0%) {100.0%}

Histogram: SegmentationPlatform.SegmentInfoDatabase.ProtoDBUpdateResult.ShoppingUser recorded 1 samples, mean = 1.0 (flags = 0x41)
0  O                                                                         (0 = 0.0%)
1  -O                                                                        (1 = 100.0%) {0.0%}
2  O                                                                         (0 = 0.0%) {100.0%}

Histogram: SegmentationPlatform.SegmentInfoDatabase.ProtoDBUpdateResult.UrlVisitResumptionRanker recorded 1 samples, mean = 1.0 (flags = 0x41)
0  O                                                                         (0 = 0.0%)
1  -O                                                                        (1 = 100.0%) {0.0%}
2  O                                                                         (0 = 0.0%) {100.0%}

Histogram: SegmentationPlatform.SegmentInfoDatabase.ProtoDBUpdateResult.WebAppInstallationPromo recorded 1 samples, mean = 1.0 (flags = 0x41)
0  O                                                                         (0 = 0.0%)
1  -O                                                                        (1 = 100.0%) {0.0%}
2  O                                                                         (0 = 0.0%) {100.0%}

Histogram: SegmentationPlatform.SelectionFailedReason.ChromeLowUserEngagement recorded 2 samples, mean = 14.5 (flags = 0x41)
0   ... 
12  -O                                                                        (1 = 50.0%) {0.0%}
13  ... 
17  -O                                                                        (1 = 50.0%) {50.0%}
18  ... 

Histogram: SegmentationPlatform.SelectionFailedReason.ComposePromotion recorded 1 samples, mean = 17.0 (flags = 0x41)
0   ... 
17  -O                                                                        (1 = 100.0%) {0.0%}
18  ... 

Histogram: SegmentationPlatform.SelectionFailedReason.CrossDeviceUser recorded 2 samples, mean = 14.5 (flags = 0x41)
0   ... 
12  -O                                                                        (1 = 50.0%) {0.0%}
13  ... 
17  -O                                                                        (1 = 50.0%) {50.0%}
18  ... 

Histogram: SegmentationPlatform.SelectionFailedReason.DatabaseApiClients recorded 1 samples, mean = 17.0 (flags = 0x41)
0   ... 
17  -O                                                                        (1 = 100.0%) {0.0%}
18  ... 

Histogram: SegmentationPlatform.SelectionFailedReason.DeviceSwitcher recorded 2 samples, mean = 19.0 (flags = 0x41)
0   ... 
17  -O                                                                        (1 = 50.0%) {0.0%}
18  ... 
21  -O                                                                        (1 = 50.0%) {50.0%}
22  ... 

Histogram: SegmentationPlatform.SelectionFailedReason.PasswordManagerUser recorded 2 samples, mean = 14.5 (flags = 0x41)
0   ... 
12  -O                                                                        (1 = 50.0%) {0.0%}
13  ... 
17  -O                                                                        (1 = 50.0%) {50.0%}
18  ... 

Histogram: SegmentationPlatform.SelectionFailedReason.ResumeHeavyUser recorded 2 samples, mean = 14.5 (flags = 0x41)
0   ... 
12  -O                                                                        (1 = 50.0%) {0.0%}
13  ... 
17  -O                                                                        (1 = 50.0%) {50.0%}
18  ... 

Histogram: SegmentationPlatform.SelectionFailedReason.SearchUser recorded 2 samples, mean = 14.5 (flags = 0x41)
0   ... 
12  -O                                                                        (1 = 50.0%) {0.0%}
13  ... 
17  -O                                                                        (1 = 50.0%) {50.0%}
18  ... 

Histogram: SegmentationPlatform.SelectionFailedReason.ShoppingUser recorded 2 samples, mean = 14.5 (flags = 0x41)
0   ... 
12  -O                                                                        (1 = 50.0%) {0.0%}
13  ... 
17  -O                                                                        (1 = 50.0%) {50.0%}
18  ... 

Histogram: SegmentationPlatform.SelectionFailedReason.URLVisitResumptionRanker recorded 1 samples, mean = 17.0 (flags = 0x41)
0   ... 
17  -O                                                                        (1 = 100.0%) {0.0%}
18  ... 

Histogram: SegmentationPlatform.SelectionFailedReason.WebAppInstallationPromo recorded 3 samples, mean = 17.3 (flags = 0x41)
0   ... 
11  -O                                                                        (1 = 33.3%) {0.0%}
12  ... 
17  -O                                                                        (1 = 33.3%) {33.3%}
18  ... 
24  -O                                                                        (1 = 33.3%) {66.7%}
25  ... 

Histogram: SegmentationPlatform.Signals.ListeningCount.HistogramEnum recorded 1 samples, mean = 7.0 (flags = 0x41)
0  ... 
7  -O                                                                        (1 = 100.0%) {0.0%}
8  ... 

Histogram: SegmentationPlatform.Signals.ListeningCount.HistogramValue recorded 1 samples, mean = 6.0 (flags = 0x41)
0  ... 
6  -O                                                                        (1 = 100.0%) {0.0%}
7  ... 

Histogram: SegmentationPlatform.Signals.ListeningCount.UserAction recorded 1 samples, mean = 7.0 (flags = 0x41)
0  ... 
7  -O                                                                        (1 = 100.0%) {0.0%}
8  ... 

Histogram: SegmentationPlatform.SyncSessions.TabsCountAtStartup recorded 1 samples, mean = 0.0 (flags = 0x41)
0  -O                                                                        (1 = 100.0%)
1  ... 

Histogram: SegmentationPlatform.UkmDatabase.InitTime recorded 1 samples, mean = 3.0 (flags = 0x41)
0  ... 
3  -O                                                                        (1 = 100.0%) {0.0%}
4  ... 

Histogram: SegmentationPlatform.WebAppInstallationPromo.PostProcessing.TopLabel.Computed recorded 1 samples (flags = 0x41)
-2 -O                                                                        (1 = 100.0%)

Histogram: ServiceWorker.FindRegistrationForClientUrl.IsCalledForNavigation recorded 5 samples, mean = 0.2 (flags = 0x41)
0  ----O                                                                     (4 = 80.0%)
1  -O                                                                        (1 = 20.0%) {80.0%}
2  O                                                                         (0 = 0.0%) {100.0%}

Histogram: ServiceWorker.FindRegistrationForClientUrl.SkippedMojoCall.OnNavigation recorded 1 samples, mean = 0.0 (flags = 0x41)
0  -O                                                                        (1 = 100.0%)
1  ... 

Histogram: ServiceWorker.OnBrowserStartup.SkipServiceWorkerOnFirstNavigation recorded 1 samples, mean = 0.0 (flags = 0x41)
0  -O                                                                        (1 = 100.0%)
1  ... 

Histogram: ServiceWorker.RegisteredStorageKeyCount recorded 1 samples, mean = 0.0 (flags = 0x41)
0  -O                                                                        (1 = 100.0%)
1  ... 

Histogram: ServiceWorker.Storage.ReadInitialDataFromDB.Time recorded 1 samples, mean = 0.0 (flags = 0x41)
0  -O                                                                        (1 = 100.0%)
1  ... 

Histogram: ServiceWorker.Storage.RegisteredStorageKeyCacheInitialization.Time recorded 1 samples, mean = 2535.0 (flags = 0x41)
0     ... 
2415  -O                                                                        (1 = 100.0%) {0.0%}
3069  ... 

Histogram: SessionRestore.UnrecoverableWriteErrorCount recorded 1 samples, mean = 0.0 (flags = 0x41)
0  -O                                                                        (1 = 100.0%)
1  ... 

Histogram: SessionStorageContext.CommitResult recorded 2 samples, mean = 0.0 (flags = 0x41)
0  --O                                                                       (2 = 100.0%)
1  ... 

Histogram: Settings.AdvancedSpellcheck.OnStartup2 recorded 1 samples, mean = 0.0 (flags = 0x41)
0  -O                                                                        (1 = 100.0%)
1  ... 

Histogram: Settings.AutocompleteSearches.OnStartup2 recorded 1 samples, mean = 1.0 (flags = 0x41)
0  O                                                                         (0 = 0.0%)
1  -O                                                                        (1 = 100.0%) {0.0%}
2  O                                                                         (0 = 0.0%) {100.0%}

Histogram: Settings.FingerprintingProtection.Enabled recorded 1 samples, mean = 0.0 (flags = 0x41)
0  -O                                                                        (1 = 100.0%)
1  ... 

Histogram: Settings.FirstPartySets.State recorded 1 samples, mean = 0.0 (flags = 0x41)
0  -O                                                                        (1 = 100.0%)
1  ... 

Histogram: Settings.IpProtection.Enabled recorded 1 samples, mean = 0.0 (flags = 0x41)
0  -O                                                                        (1 = 100.0%)
1  ... 

Histogram: Settings.PreloadStatus.OnStartup3 recorded 1 samples, mean = 1.0 (flags = 0x41)
0  O                                                                         (0 = 0.0%)
1  -O                                                                        (1 = 100.0%) {0.0%}
2  ... 

Histogram: Settings.PrivacySandbox.AdMeasurement.Enabled recorded 1 samples, mean = 0.0 (flags = 0x41)
0  -O                                                                        (1 = 100.0%)
1  ... 

Histogram: Settings.PrivacySandbox.Fledge.Enabled recorded 1 samples, mean = 0.0 (flags = 0x41)
0  -O                                                                        (1 = 100.0%)
1  ... 

Histogram: Settings.PrivacySandbox.Topics.Enabled recorded 1 samples, mean = 0.0 (flags = 0x41)
0  -O                                                                        (1 = 100.0%)
1  ... 

Histogram: Settings.ShowHomeButton2 recorded 1 samples, mean = 0.0 (flags = 0x41)
0  -O                                                                        (1 = 100.0%)
1  ... 

Histogram: Settings.StartupPageLoadSettings2 recorded 1 samples, mean = 5.0 (flags = 0x41)
0  ... 
5  -O                                                                        (1 = 100.0%) {0.0%}
6  ... 

Histogram: Settings.TrackedPreferenceUnchanged recorded 18 samples, mean = 14.5 (flags = 0x41)
0   -O                                                                        (1 = 5.6%)
1   -O                                                                        (1 = 5.6%) {5.6%}
2   -O                                                                        (1 = 5.6%) {11.1%}
3   -O                                                                        (1 = 5.6%) {16.7%}
4   -O                                                                        (1 = 5.6%) {22.2%}
5   -O                                                                        (1 = 5.6%) {27.8%}
6   -O                                                                        (1 = 5.6%) {33.3%}
7   -O                                                                        (1 = 5.6%) {38.9%}
8   ... 
11  -O                                                                        (1 = 5.6%) {44.4%}
12  ... 
14  -O                                                                        (1 = 5.6%) {50.0%}
15  -O                                                                        (1 = 5.6%) {55.6%}
16  ... 
18  -O                                                                        (1 = 5.6%) {61.1%}
19  ... 
23  -O                                                                        (1 = 5.6%) {66.7%}
24  -O                                                                        (1 = 5.6%) {72.2%}
25  ... 
29  -O                                                                        (1 = 5.6%) {77.8%}
30  ... 
32  -O                                                                        (1 = 5.6%) {83.3%}
33  -O                                                                        (1 = 5.6%) {88.9%}
34  -O                                                                        (1 = 5.6%) {94.4%}
35  O                                                                         (0 = 0.0%) {100.0%}

Histogram: Settings.TrackedPreferenceUnchanged.FromRegistry recorded 18 samples, mean = 14.5 (flags = 0x41)
0   -O                                                                        (1 = 5.6%)
1   -O                                                                        (1 = 5.6%) {5.6%}
2   -O                                                                        (1 = 5.6%) {11.1%}
3   -O                                                                        (1 = 5.6%) {16.7%}
4   -O                                                                        (1 = 5.6%) {22.2%}
5   -O                                                                        (1 = 5.6%) {27.8%}
6   -O                                                                        (1 = 5.6%) {33.3%}
7   -O                                                                        (1 = 5.6%) {38.9%}
8   ... 
11  -O                                                                        (1 = 5.6%) {44.4%}
12  ... 
14  -O                                                                        (1 = 5.6%) {50.0%}
15  -O                                                                        (1 = 5.6%) {55.6%}
16  ... 
18  -O                                                                        (1 = 5.6%) {61.1%}
19  ... 
23  -O                                                                        (1 = 5.6%) {66.7%}
24  -O                                                                        (1 = 5.6%) {72.2%}
25  ... 
29  -O                                                                        (1 = 5.6%) {77.8%}
30  ... 
32  -O                                                                        (1 = 5.6%) {83.3%}
33  -O                                                                        (1 = 5.6%) {88.9%}
34  -O                                                                        (1 = 5.6%) {94.4%}
35  O                                                                         (0 = 0.0%) {100.0%}

Histogram: Settings.TrackingProtection.Enabled recorded 1 samples, mean = 0.0 (flags = 0x41)
0  -O                                                                        (1 = 100.0%)
1  ... 

Histogram: SharedDictionary.TimeInitializeDB recorded 1 samples, mean = 3.0 (flags = 0x41)
0  ... 
3  -O                                                                        (1 = 100.0%) {0.0%}
4  ... 

Histogram: Signin.APIKeyMatchesFeatureOnStartup recorded 3 samples, mean = 0.0 (flags = 0x41)
0  ---O                                                                      (3 = 100.0%)
1  ... 

Histogram: Signin.AccountTracker.CountOfLoadedAccounts recorded 1 samples, mean = 0.0 (flags = 0x41)
0  -O                                                                        (1 = 100.0%)
1  ... 

Histogram: Signin.ExplicitSigninMigration recorded 1 samples, mean = 0.0 (flags = 0x41)
0  -O                                                                        (1 = 100.0%)
1  ... 

Histogram: Signin.HadPreviousSyncAccount.SignedOutOnProfileLoad recorded 1 samples, mean = 0.0 (flags = 0x41)
0  -O                                                                        (1 = 100.0%)
1  ... 

Histogram: Signin.HadPreviousSyncAccount.SyncOffOnProfileLoad recorded 1 samples, mean = 0.0 (flags = 0x41)
0  -O                                                                        (1 = 100.0%)
1  ... 

Histogram: Signin.ListAccountsFailure recorded 1 samples, mean = 0.0 (flags = 0x41)
0  -O                                                                        (1 = 100.0%)
1  ... 

Histogram: Signin.PAMInitialize.PrimaryAccountPrefs recorded 1 samples, mean = 2.0 (flags = 0x41)
0  ... 
2  -O                                                                        (1 = 100.0%) {0.0%}
3  ... 

Histogram: Signin.SigninAllowed recorded 1 samples, mean = 0.0 (flags = 0x41)
0  -O                                                                        (1 = 100.0%)
1  ... 

Histogram: Signin.TokenTable.GetAllTokensSqlStatementValidity recorded 1 samples, mean = 1.0 (flags = 0x41)
0  O                                                                         (0 = 0.0%)
1  -O                                                                        (1 = 100.0%) {0.0%}
2  O                                                                         (0 = 0.0%) {100.0%}

Histogram: SimpleCache.App.CacheSizeOnInit recorded 1 samples, mean = 0.0 (flags = 0x41)
0  -O                                                                        (1 = 100.0%)
1000... 

Histogram: SimpleCache.App.ConsistencyResult recorded 1 samples, mean = 0.0 (flags = 0x41)
0  -O                                                                        (1 = 100.0%)
1  ... 

Histogram: SimpleCache.App.CreationToIndex recorded 1 samples, mean = 5.0 (flags = 0x41)
0  ... 
5  -O                                                                        (1 = 100.0%) {0.0%}
6  ... 

Histogram: SimpleCache.App.IndexFileStateOnLoad recorded 1 samples, mean = 2.0 (flags = 0x41)
0  ... 
2  -O                                                                        (1 = 100.0%) {0.0%}
3  ... 

Histogram: SimpleCache.App.IndexInitializeMethod recorded 1 samples, mean = 1.0 (flags = 0x41)
0  O                                                                         (0 = 0.0%)
1  -O                                                                        (1 = 100.0%) {0.0%}
2  ... 

Histogram: SimpleCache.App.IndexNumEntriesOnInit recorded 1 samples, mean = 0.0 (flags = 0x41)
0  -O                                                                        (1 = 100.0%)
1  ... 

Histogram: SimpleCache.App.MaxCacheSizeOnInit recorded 1 samples, mean = 0.0 (flags = 0x41)
0  -O                                                                        (1 = 100.0%)
1000... 

Histogram: SimpleCache.Code.CacheSizeOnInit recorded 1 samples, mean = 1154.0 (flags = 0x41)
0     ... 
1138  -O                                                                        (1 = 100.0%) {0.0%}
1295  ... 

Histogram: SimpleCache.Code.ConsistencyResult recorded 1 samples, mean = 0.0 (flags = 0x41)
0  -O                                                                        (1 = 100.0%)
1  ... 

Histogram: SimpleCache.Code.CreationToIndex recorded 1 samples, mean = 6.0 (flags = 0x41)
0  ... 
6  -O                                                                        (1 = 100.0%) {0.0%}
7  ... 

Histogram: SimpleCache.Code.DiskCloseLatency recorded 29 samples, mean = 0.0 (flags = 0x41)
0  -----------------------------O                                            (29 = 100.0%)
1  ... 

Histogram: SimpleCache.Code.DiskCreateLatency recorded 1 samples, mean = 0.0 (flags = 0x40)
0  -O                                                                        (1 = 100.0%)
1  ... 

Histogram: SimpleCache.Code.DiskOpenLatency recorded 28 samples, mean = 0.5 (flags = 0x41)
0  --------------O                                                           (14 = 50.0%)
1  --------------O                                                           (14 = 50.0%) {50.0%}
2  ... 

Histogram: SimpleCache.Code.DiskWriteLatency recorded 1 samples, mean = 0.0 (flags = 0x41)
0  -O                                                                        (1 = 100.0%)
1  ... 

Histogram: SimpleCache.Code.EntryCreationTime recorded 29 samples, mean = 0.6 (flags = 0x41)
0  -------------O                                                            (13 = 44.8%)
1  ----------------O                                                         (16 = 55.2%) {44.8%}
2  ... 

Histogram: SimpleCache.Code.HeaderSize recorded 4 samples, mean = 37.0 (flags = 0x41)
0   -O                                                                        (1 = 25.0%)
1   ... 
34  --O                                                                       (2 = 50.0%) {25.0%}
40  ... 
68  -O                                                                        (1 = 25.0%) {75.0%}
81  ... 

Histogram: SimpleCache.Code.IndexFileStateOnLoad recorded 1 samples, mean = 2.0 (flags = 0x41)
0  ... 
2  -O                                                                        (1 = 100.0%) {0.0%}
3  ... 

Histogram: SimpleCache.Code.IndexInitializeMethod recorded 1 samples, mean = 1.0 (flags = 0x41)
0  O                                                                         (0 = 0.0%)
1  -O                                                                        (1 = 100.0%) {0.0%}
2  ... 

Histogram: SimpleCache.Code.IndexNumEntriesOnInit recorded 1 samples, mean = 29.0 (flags = 0x41)
0   ... 
25  -O                                                                        (1 = 100.0%) {0.0%}
31  ... 

Histogram: SimpleCache.Code.MaxCacheSizeOnInit recorded 1 samples, mean = 327680.0 (flags = 0x41)
0       ... 
297881  -O                                                                        (1 = 100.0%) {0.0%}
339058  ... 

Histogram: SimpleCache.Code.OpenEntryIndexState recorded 34 samples, mean = 1.8 (flags = 0x41)
0  O                                                                         (0 = 0.0%)
1  ------O                                                                   (6 = 17.6%) {0.0%}
2  ----------------------------O                                             (28 = 82.4%) {17.6%}
3  O                                                                         (0 = 0.0%) {100.0%}

Histogram: SimpleCache.Code.SyncCheckEOFResult recorded 36 samples, mean = 0.0 (flags = 0x40)
0  ------------------------------------O                                     (36 = 100.0%)
1  ... 

Histogram: SimpleCache.Code.SyncCloseResult recorded 29 samples, mean = 0.0 (flags = 0x40)
0  -----------------------------O                                            (29 = 100.0%)
1  ... 

Histogram: SimpleCache.Code.SyncOpenPrefetchMode recorded 28 samples, mean = 0.0 (flags = 0x41)
0  ----------------------------O                                             (28 = 100.0%)
1  ... 

Histogram: SimpleCache.Code.SyncOpenResult recorded 28 samples, mean = 0.0 (flags = 0x40)
0  ----------------------------O                                             (28 = 100.0%)
1  ... 

Histogram: SimpleCache.Code.SyncWriteResult recorded 1 samples, mean = 0.0 (flags = 0x40)
0  -O                                                                        (1 = 100.0%)
1  ... 

Histogram: SiteEngagementService.EngagementScore recorded 1 samples, mean = 7.0 (flags = 0x41)
0  ... 
7  -O                                                                        (1 = 100.0%) {0.0%}
8  ... 

Histogram: SiteEngagementService.EngagementType recorded 1 samples, mean = 0.0 (flags = 0x41)
0  -O                                                                        (1 = 100.0%)
1  ... 

Histogram: SiteEngagementService.MeanEngagement recorded 1 samples, mean = 7.0 (flags = 0x41)
0  ... 
7  -O                                                                        (1 = 100.0%) {0.0%}
8  ... 

Histogram: SiteEngagementService.MedianEngagement recorded 1 samples, mean = 7.0 (flags = 0x41)
0  ... 
7  -O                                                                        (1 = 100.0%) {0.0%}
8  ... 

Histogram: SiteEngagementService.OriginsEngaged recorded 1 samples, mean = 1.0 (flags = 0x41)
0  O                                                                         (0 = 0.0%)
1  -O                                                                        (1 = 100.0%) {0.0%}
2  ... 

Histogram: SiteIsolatedCodeCache.JS.Behaviour recorded 34 samples, mean = 0.5 (flags = 0x41)
0  -------------------------O                                                (25 = 73.5%)
1  -----O                                                                    (5 = 14.7%) {73.5%}
2  O                                                                         (0 = 0.0%) {88.2%}
3  ---O                                                                      (3 = 8.8%) {88.2%}
4  -O                                                                        (1 = 2.9%) {97.1%}
5  ... 

Histogram: SiteIsolatedCodeCache.JS.FetchCodeCache recorded 21 samples, mean = 1.2 (flags = 0x41)
0  ---O                                                                      (3 = 14.3%)
1  -----------O                                                              (11 = 52.4%) {14.3%}
2  -------O                                                                  (7 = 33.3%) {66.7%}
3  ... 

Histogram: SiteIsolatedCodeCache.JS.Hit recorded 26 samples, mean = 0.8 (flags = 0x41)
0  -----O                                                                    (5 = 19.2%)
1  ---------------------O                                                    (21 = 80.8%) {19.2%}
2  O                                                                         (0 = 0.0%) {100.0%}

Histogram: SiteIsolatedCodeCache.JS.PotentialMemoryBackedCodeCacheHit recorded 26 samples, mean = 0.0 (flags = 0x41)
0  --------------------------O                                               (26 = 100.0%)
1  ... 

Histogram: SiteIsolatedCodeCache.JS.PotentialMemoryBackedCodeCacheSize2 recorded 8 samples, mean = 1644423.0 (flags = 0x41)
0        ... 
1404020  --------O                                                                 (8 = 100.0%) {0.0%}
2016476  ... 

Histogram: SiteIsolatedCodeCache.WASM.Behaviour recorded 6 samples, mean = 1.0 (flags = 0x41)
0  O                                                                         (0 = 0.0%)
1  ------O                                                                   (6 = 100.0%) {0.0%}
2  ... 

Histogram: SiteIsolation.BrowsingInstance.MaxCountPerProcess recorded 3 samples, mean = 0.7 (flags = 0x41)
0  -O                                                                        (1 = 33.3%)
1  --O                                                                       (2 = 66.7%) {33.3%}
2  ... 

Histogram: SiteIsolation.NewProcessUsedForNavigationWhenSameSiteProcessExists recorded 1 samples, mean = 0.0 (flags = 0x41)
0  -O                                                                        (1 = 100.0%)
1  ... 

Histogram: SiteIsolation.ProcessPerSiteWithMainFrameThreshold.IsDevToolsUser recorded 1 samples, mean = 0.0 (flags = 0x41)
0  -O                                                                        (1 = 100.0%)
1  ... 

Histogram: Skia.SubmitRenderPasses recorded 17 samples, mean = 0.9 (flags = 0x41)
0  -----------O                                                              (11 = 64.7%)
1  --O                                                                       (2 = 11.8%) {64.7%}
2  -O                                                                        (1 = 5.9%) {76.5%}
3  O                                                                         (0 = 0.0%) {82.4%}
4  ---O                                                                      (3 = 17.6%) {82.4%}
5  ... 

Histogram: Sql.Statement.Affiliation.VMSteps recorded 15 samples, mean = 15.5 (flags = 0x41)
0   ... 
3   ----O                                                                     (4 = 26.7%) {0.0%}
4   O                                                                         (0 = 0.0%) {26.7%}
5   -O                                                                        (1 = 6.7%) {26.7%}
6   -O                                                                        (1 = 6.7%) {33.3%}
7   ... 
12  -----O                                                                    (5 = 33.3%) {40.0%}
14  ... 
20  -O                                                                        (1 = 6.7%) {73.3%}
24  O                                                                         (0 = 0.0%) {80.0%}
29  -O                                                                        (1 = 6.7%) {80.0%}
34  O                                                                         (0 = 0.0%) {86.7%}
40  -O                                                                        (1 = 6.7%) {86.7%}
48  -O                                                                        (1 = 6.7%) {93.3%}
57  ... 

Histogram: Sql.Statement.BrowsingTopics.VMSteps recorded 12 samples, mean = 8.0 (flags = 0x41)
0   ... 
3   ----O                                                                     (4 = 33.3%) {0.0%}
4   O                                                                         (0 = 0.0%) {33.3%}
5   -O                                                                        (1 = 8.3%) {33.3%}
6   ... 
8   --O                                                                       (2 = 16.7%) {41.7%}
10  O                                                                         (0 = 0.0%) {58.3%}
12  -----O                                                                    (5 = 41.7%) {58.3%}
14  ... 

Histogram: Sql.Statement.Cookie.VMSteps recorded 31 samples, mean = 20.2 (flags = 0x41)
0   ... 
3   ------O                                                                   (6 = 19.4%) {0.0%}
4   O                                                                         (0 = 0.0%) {19.4%}
5   --O                                                                       (2 = 6.5%) {19.4%}
6   O                                                                         (0 = 0.0%) {25.8%}
7   -O                                                                        (1 = 3.2%) {25.8%}
8   O                                                                         (0 = 0.0%) {29.0%}
10  -O                                                                        (1 = 3.2%) {29.0%}
12  ----------O                                                               (10 = 32.3%) {32.3%}
14  ... 
20  --O                                                                       (2 = 6.5%) {64.5%}
24  ---O                                                                      (3 = 9.7%) {71.0%}
29  O                                                                         (0 = 0.0%) {80.6%}
34  -O                                                                        (1 = 3.2%) {80.6%}
40  O                                                                         (0 = 0.0%) {83.9%}
48  -O                                                                        (1 = 3.2%) {83.9%}
57  ----O                                                                     (4 = 12.9%) {87.1%}
68  ... 

Histogram: Sql.Statement.DIPS.VMSteps recorded 26 samples, mean = 12.9 (flags = 0x41)
0   ... 
3   --O                                                                       (2 = 7.7%) {0.0%}
4   O                                                                         (0 = 0.0%) {7.7%}
5   -O                                                                        (1 = 3.8%) {7.7%}
6   ... 
8   ------O                                                                   (6 = 23.1%) {11.5%}
10  O                                                                         (0 = 0.0%) {34.6%}
12  ---------O                                                                (9 = 34.6%) {34.6%}
14  --O                                                                       (2 = 7.7%) {69.2%}
17  --O                                                                       (2 = 7.7%) {76.9%}
20  ---O                                                                      (3 = 11.5%) {84.6%}
24  O                                                                         (0 = 0.0%) {96.2%}
29  -O                                                                        (1 = 3.8%) {96.2%}
34  ... 

Histogram: Sql.Statement.FirstPartySets.VMSteps recorded 31 samples, mean = 9.2 (flags = 0x41)
0   ... 
3   ----------O                                                               (10 = 32.3%) {0.0%}
4   O                                                                         (0 = 0.0%) {32.3%}
5   -O                                                                        (1 = 3.2%) {32.3%}
6   ... 
8   ----O                                                                     (4 = 12.9%) {35.5%}
10  ---O                                                                      (3 = 9.7%) {48.4%}
12  -----------O                                                              (11 = 35.5%) {58.1%}
14  ... 
20  -O                                                                        (1 = 3.2%) {93.5%}
24  -O                                                                        (1 = 3.2%) {96.8%}
29  ... 

Histogram: Sql.Statement.History.VMSteps recorded 103 samples, mean = 24.6 (flags = 0x41)
0    ... 
3    ------O                                                                   (6 = 5.8%) {0.0%}
4    O                                                                         (0 = 0.0%) {5.8%}
5    -O                                                                        (1 = 1.0%) {5.8%}
6    --O                                                                       (2 = 1.9%) {6.8%}
7    O                                                                         (0 = 0.0%) {8.7%}
8    ----O                                                                     (4 = 3.9%) {8.7%}
10   ----O                                                                     (4 = 3.9%) {12.6%}
12   ------------------------O                                                 (24 = 23.3%) {16.5%}
14   ---O                                                                      (3 = 2.9%) {39.8%}
17   --------------------O                                                     (20 = 19.4%) {42.7%}
20   ------------------O                                                       (18 = 17.5%) {62.1%}
24   ------O                                                                   (6 = 5.8%) {79.6%}
29   ---O                                                                      (3 = 2.9%) {85.4%}
34   -O                                                                        (1 = 1.0%) {88.3%}
40   O                                                                         (0 = 0.0%) {89.3%}
48   -O                                                                        (1 = 1.0%) {89.3%}
57   -O                                                                        (1 = 1.0%) {90.3%}
68   ----O                                                                     (4 = 3.9%) {91.3%}
81   -O                                                                        (1 = 1.0%) {95.1%}
96   -O                                                                        (1 = 1.0%) {96.1%}
114  O                                                                         (0 = 0.0%) {97.1%}
135  ---O                                                                      (3 = 2.9%) {97.1%}
160  ... 

Histogram: Sql.Statement.OptOutBlacklist.VMSteps recorded 4 samples, mean = 10.8 (flags = 0x41)
0   ... 
5   -O                                                                        (1 = 25.0%) {0.0%}
6   O                                                                         (0 = 0.0%) {25.0%}
7   -O                                                                        (1 = 25.0%) {25.0%}
8   O                                                                         (0 = 0.0%) {50.0%}
10  -O                                                                        (1 = 25.0%) {50.0%}
12  ... 
20  -O                                                                        (1 = 25.0%) {75.0%}
24  ... 

Histogram: Sql.Statement.Passwords.VMSteps recorded 51 samples, mean = 24.6 (flags = 0x41)
0   ... 
3   ----O                                                                     (4 = 7.8%) {0.0%}
4   O                                                                         (0 = 0.0%) {7.8%}
5   --O                                                                       (2 = 3.9%) {7.8%}
6   ------O                                                                   (6 = 11.8%) {11.8%}
7   ----O                                                                     (4 = 7.8%) {23.5%}
8   ---O                                                                      (3 = 5.9%) {31.4%}
10  O                                                                         (0 = 0.0%) {37.3%}
12  ------------O                                                             (12 = 23.5%) {37.3%}
14  --O                                                                       (2 = 3.9%) {60.8%}
17  O                                                                         (0 = 0.0%) {64.7%}
20  --O                                                                       (2 = 3.9%) {64.7%}
24  ... 
34  --O                                                                       (2 = 3.9%) {68.6%}
40  ----O                                                                     (4 = 7.8%) {72.5%}
48  O                                                                         (0 = 0.0%) {80.4%}
57  ----O                                                                     (4 = 7.8%) {80.4%}
68  ------O                                                                   (6 = 11.8%) {88.2%}
81  ... 

Histogram: Sql.Statement.Predictor.VMSteps recorded 15 samples, mean = 15.9 (flags = 0x41)
0   ... 
3   --O                                                                       (2 = 13.3%) {0.0%}
4   O                                                                         (0 = 0.0%) {13.3%}
5   -O                                                                        (1 = 6.7%) {13.3%}
6   -O                                                                        (1 = 6.7%) {20.0%}
7   O                                                                         (0 = 0.0%) {26.7%}
8   -O                                                                        (1 = 6.7%) {26.7%}
10  ----O                                                                     (4 = 26.7%) {33.3%}
12  -O                                                                        (1 = 6.7%) {60.0%}
14  -O                                                                        (1 = 6.7%) {66.7%}
17  ... 
24  -O                                                                        (1 = 6.7%) {73.3%}
29  -O                                                                        (1 = 6.7%) {80.0%}
34  O                                                                         (0 = 0.0%) {86.7%}
40  -O                                                                        (1 = 6.7%) {86.7%}
48  -O                                                                        (1 = 6.7%) {93.3%}
57  ... 

Histogram: Sql.Statement.Quota.VMSteps recorded 17 samples, mean = 8.9 (flags = 0x41)
0   ... 
3   ----O                                                                     (4 = 23.5%) {0.0%}
4   O                                                                         (0 = 0.0%) {23.5%}
5   -O                                                                        (1 = 5.9%) {23.5%}
6   ... 
8   --O                                                                       (2 = 11.8%) {29.4%}
10  --O                                                                       (2 = 11.8%) {41.2%}
12  --------O                                                                 (8 = 47.1%) {52.9%}
14  ... 

Histogram: Sql.Statement.ReportingAndNEL.VMSteps recorded 12 samples, mean = 13.8 (flags = 0x41)
0   ... 
3   --O                                                                       (2 = 16.7%) {0.0%}
4   O                                                                         (0 = 0.0%) {16.7%}
5   -O                                                                        (1 = 8.3%) {16.7%}
6   -O                                                                        (1 = 8.3%) {25.0%}
7   ... 
12  -----O                                                                    (5 = 41.7%) {33.3%}
14  ... 
20  -O                                                                        (1 = 8.3%) {75.0%}
24  O                                                                         (0 = 0.0%) {83.3%}
29  -O                                                                        (1 = 8.3%) {83.3%}
34  -O                                                                        (1 = 8.3%) {91.7%}
40  ... 

Histogram: Sql.Statement.SharedDictionary.VMSteps recorded 20 samples, mean = 9.1 (flags = 0x41)
0   ... 
3   --------O                                                                 (8 = 40.0%) {0.0%}
4   O                                                                         (0 = 0.0%) {40.0%}
5   -O                                                                        (1 = 5.0%) {40.0%}
6   ... 
8   -O                                                                        (1 = 5.0%) {45.0%}
10  O                                                                         (0 = 0.0%) {50.0%}
12  -------O                                                                  (7 = 35.0%) {50.0%}
14  O                                                                         (0 = 0.0%) {85.0%}
17  --O                                                                       (2 = 10.0%) {85.0%}
20  -O                                                                        (1 = 5.0%) {95.0%}
24  ... 

Histogram: Sql.Statement.SharedStorage.VMSteps recorded 3 samples, mean = 7.7 (flags = 0x41)
0   ... 
5   -O                                                                        (1 = 33.3%) {0.0%}
6   ... 
8   -O                                                                        (1 = 33.3%) {33.3%}
10  -O                                                                        (1 = 33.3%) {66.7%}
12  ... 

Histogram: Sql.Statement.Thumbnail.VMSteps recorded 22 samples, mean = 10.0 (flags = 0x41)
0   ... 
3   ------O                                                                   (6 = 27.3%) {0.0%}
4   O                                                                         (0 = 0.0%) {27.3%}
5   --O                                                                       (2 = 9.1%) {27.3%}
6   -O                                                                        (1 = 4.5%) {36.4%}
7   O                                                                         (0 = 0.0%) {40.9%}
8   -O                                                                        (1 = 4.5%) {40.9%}
10  O                                                                         (0 = 0.0%) {45.5%}
12  ----------O                                                               (10 = 45.5%) {45.5%}
14  ... 
20  -O                                                                        (1 = 4.5%) {90.9%}
24  O                                                                         (0 = 0.0%) {95.5%}
29  -O                                                                        (1 = 4.5%) {95.5%}
34  ... 

Histogram: Sql.Statement.TopSites.VMSteps recorded 13 samples, mean = 12.7 (flags = 0x41)
0   ... 
3   --O                                                                       (2 = 15.4%) {0.0%}
4   O                                                                         (0 = 0.0%) {15.4%}
5   -O                                                                        (1 = 7.7%) {15.4%}
6   ... 
12  ---------O                                                                (9 = 69.2%) {23.1%}
14  ... 
40  -O                                                                        (1 = 7.7%) {92.3%}
48  ... 

Histogram: Sql.Statement.TrustTokens.VMSteps recorded 16 samples, mean = 14.1 (flags = 0x41)
0   ... 
3   --O                                                                       (2 = 12.5%) {0.0%}
4   O                                                                         (0 = 0.0%) {12.5%}
5   -O                                                                        (1 = 6.2%) {12.5%}
6   ---O                                                                      (3 = 18.8%) {18.8%}
7   ... 
10  -O                                                                        (1 = 6.2%) {37.5%}
12  -----O                                                                    (5 = 31.2%) {43.8%}
14  ... 
20  -O                                                                        (1 = 6.2%) {75.0%}
24  O                                                                         (0 = 0.0%) {81.2%}
29  -O                                                                        (1 = 6.2%) {81.2%}
34  --O                                                                       (2 = 12.5%) {87.5%}
40  ... 

Histogram: Sql.Statement.UKMMetrics.VMSteps recorded 27 samples, mean = 13.1 (flags = 0x41)
0   ... 
3   -----O                                                                    (5 = 18.5%) {0.0%}
4   O                                                                         (0 = 0.0%) {18.5%}
5   -O                                                                        (1 = 3.7%) {18.5%}
6   ... 
8   ------O                                                                   (6 = 22.2%) {22.2%}
10  O                                                                         (0 = 0.0%) {44.4%}
12  ------O                                                                   (6 = 22.2%) {44.4%}
14  O                                                                         (0 = 0.0%) {66.7%}
17  -O                                                                        (1 = 3.7%) {66.7%}
20  ------O                                                                   (6 = 22.2%) {70.4%}
24  O                                                                         (0 = 0.0%) {92.6%}
29  -O                                                                        (1 = 3.7%) {92.6%}
34  O                                                                         (0 = 0.0%) {96.3%}
40  -O                                                                        (1 = 3.7%) {96.3%}
48  ... 

Histogram: Sql.Statement.Web.VMSteps recorded 116 samples, mean = 53.1 (flags = 0x41)
0    ... 
3    --------O                                                                 (8 = 6.9%) {0.0%}
4    -O                                                                        (1 = 0.9%) {6.9%}
5    -O                                                                        (1 = 0.9%) {7.8%}
6    ------------O                                                             (12 = 10.3%) {8.6%}
7    ----------O                                                               (10 = 8.6%) {19.0%}
8    ------O                                                                   (6 = 5.2%) {27.6%}
10   ---------O                                                                (9 = 7.8%) {32.8%}
12   --------------O                                                           (14 = 12.1%) {40.5%}
14   -O                                                                        (1 = 0.9%) {52.6%}
17   ---O                                                                      (3 = 2.6%) {53.4%}
20   -O                                                                        (1 = 0.9%) {56.0%}
24   -O                                                                        (1 = 0.9%) {56.9%}
29   --O                                                                       (2 = 1.7%) {57.8%}
34   --O                                                                       (2 = 1.7%) {59.5%}
40   --O                                                                       (2 = 1.7%) {61.2%}
48   ---O                                                                      (3 = 2.6%) {62.9%}
57   ----O                                                                     (4 = 3.4%) {65.5%}
68   ----O                                                                     (4 = 3.4%) {69.0%}
81   --O                                                                       (2 = 1.7%) {72.4%}
96   -------O                                                                  (7 = 6.0%) {74.1%}
114  -----O                                                                    (5 = 4.3%) {80.2%}
135  -------O                                                                  (7 = 6.0%) {84.5%}
160  -----O                                                                    (5 = 4.3%) {90.5%}
190  ------O                                                                   (6 = 5.2%) {94.8%}
226  ... 

Histogram: Sql.vfs.SyncTime recorded 43 samples, mean = 0.7 (flags = 0x41)
0   --------------------------------------O                                   (38 = 88.4%)
1   -O                                                                        (1 = 2.3%) {88.4%}
2   -O                                                                        (1 = 2.3%) {90.7%}
3   ... 
8   --O                                                                       (2 = 4.7%) {93.0%}
10  -O                                                                        (1 = 2.3%) {97.7%}
12  ... 

Histogram: Stability.Counts2 recorded 8 samples, mean = 24.2 (flags = 0x43)
0   ... 
2   -O                                                                        (1 = 12.5%) {0.0%}
3   ... 
15  -O                                                                        (1 = 12.5%) {12.5%}
16  ... 
26  ---O                                                                      (3 = 37.5%) {25.0%}
27  ... 
33  ---O                                                                      (3 = 37.5%) {62.5%}
34  O                                                                         (0 = 0.0%) {100.0%}

Histogram: Stability.Experimental.PageLoads recorded 1 samples, mean = 17.0 (flags = 0x41)
0   ... 
17  -O                                                                        (1 = 100.0%) {0.0%}
18  O                                                                         (0 = 0.0%) {100.0%}

Histogram: Startup.AfterStartupTaskCount recorded 1 samples, mean = 2.0 (flags = 0x41)
0  ... 
2  -O                                                                        (1 = 100.0%) {0.0%}
3  ... 

Histogram: Startup.AfterStartupTaskDelayedUntilTime recorded 1 samples, mean = 18327.0 (flags = 0x41)
0      ... 
15215  -O                                                                        (1 = 100.0%) {0.0%}
20614  ... 

Histogram: Startup.BrowserMainRunnerImplInitializeLongTime recorded 1 samples, mean = 89.0 (flags = 0x41)
0   ... 
89  -O                                                                        (1 = 100.0%) {0.0%}
103 ... 

Histogram: Startup.BrowserMessageLoopFirstIdle recorded 1 samples, mean = 2470834.0 (flags = 0x41)
0        ... 
2341034  -O                                                                        (1 = 100.0%) {0.0%}
2702128  ... 

Histogram: Startup.BrowserMessageLoopStartTime recorded 1 samples, mean = 137.0 (flags = 0x41)
0    ... 
137  -O                                                                        (1 = 100.0%) {0.0%}
158  ... 

Histogram: Startup.CreateFirstProfile recorded 1 samples, mean = 41.0 (flags = 0x41)
0   ... 
35  -O                                                                        (1 = 100.0%) {0.0%}
47  ... 

Histogram: Startup.FirstWebContents.FinishReason recorded 1 samples, mean = 6.0 (flags = 0x41)
0  ... 
6  -O                                                                        (1 = 100.0%) {0.0%}
7  ... 

Histogram: Startup.LoadTime.ApplicationStartToChromeMain recorded 1 samples, mean = 0.0 (flags = 0x41)
0  -O                                                                        (1 = 100.0%)
1  ... 

Histogram: Startup.LoadTime.ProcessCreateToApplicationStart recorded 1 samples, mean = 11182.0 (flags = 0x41)
0     ... 
8289  -O                                                                        (1 = 100.0%) {0.0%}
11230 ... 

Histogram: Startup.LoadTime.RecordedProcessCreation recorded 1 samples, mean = 1.0 (flags = 0x1)
0  O                                                                         (0 = 0.0%)
1  -O                                                                        (1 = 100.0%) {0.0%}
2  O                                                                         (0 = 0.0%) {100.0%}

Histogram: Startup.PreMainMessageLoopRunImplLongTime recorded 1 samples, mean = 50.0 (flags = 0x41)
0   ... 
50  -O                                                                        (1 = 100.0%) {0.0%}
58  ... 

Histogram: Startup.Temperature recorded 1 samples, mean = 3.0 (flags = 0x41)
0  ... 
3  -O                                                                        (1 = 100.0%) {0.0%}
4  O                                                                         (0 = 0.0%) {100.0%}

Histogram: Storage.Blob.CreateDirectoryResult recorded 1 samples, mean = 0.0 (flags = 0x41)
0  -O                                                                        (1 = 100.0%)
1  ... 

Histogram: Storage.SessionStorage.RendererAreaCacheHit recorded 2 samples, mean = 1.0 (flags = 0x41)
0  -O                                                                        (1 = 50.0%)
1  O                                                                         (0 = 0.0%) {50.0%}
2  -O                                                                        (1 = 50.0%) {50.0%}
3  O                                                                         (0 = 0.0%) {100.0%}

Histogram: Storage.SharedStorage.Database.Timing.OpenImpl recorded 1 samples, mean = 1.0 (flags = 0x41)
0  O                                                                         (0 = 0.0%)
1  -O                                                                        (1 = 100.0%) {0.0%}
2  ... 

Histogram: Storage.SharedStorage.OnShutdown.NumSqlErrors recorded 1 samples, mean = 0.0 (flags = 0x41)
0  -O                                                                        (1 = 100.0%)
1  ... 

Histogram: Storage.SharedStorage.OnShutdown.RecoveryFromInitFailureAttempted recorded 1 samples, mean = 0.0 (flags = 0x41)
0  -O                                                                        (1 = 100.0%)
1  ... 

Histogram: Storage.SharedStorage.OnShutdown.RecoveryOnDiskAttempted recorded 1 samples, mean = 0.0 (flags = 0x41)
0  -O                                                                        (1 = 100.0%)
1  ... 

Histogram: Storage.SharedStorage.Worklet.NumPerPage recorded 1 samples, mean = 0.0 (flags = 0x41)
0  -O                                                                        (1 = 100.0%)
1  ... 

Histogram: Storage.SharedStorage.Worklet.SelectURL.CallsPerPage recorded 1 samples, mean = 0.0 (flags = 0x41)
0  -O                                                                        (1 = 100.0%)
1  ... 

Histogram: Style.InvalidationTime recorded 2 samples, mean = 43.0 (flags = 0x41)
0   ... 
29  -O                                                                        (1 = 50.0%) {0.0%}
40  O                                                                         (0 = 0.0%) {50.0%}
55  -O                                                                        (1 = 50.0%) {50.0%}
76  ... 

Histogram: Style.RebuildLayoutTreeTime recorded 9 samples, mean = 428.6 (flags = 0x41)
0     ... 
21    --O                                                                       (2 = 22.2%) {0.0%}
29    -O                                                                        (1 = 11.1%) {22.2%}
40    -O                                                                        (1 = 11.1%) {33.3%}
55    -O                                                                        (1 = 11.1%) {44.4%}
76    --O                                                                       (2 = 22.2%) {55.6%}
105   ... 
203   -O                                                                        (1 = 11.1%) {77.8%}
282   ... 
2786  -O                                                                        (1 = 11.1%) {88.9%}
3865  ... 

Histogram: Style.RecalcTime recorded 11 samples, mean = 2047.2 (flags = 0x41)
0     ... 
2     -O                                                                        (1 = 9.1%) {0.0%}
3     ... 
55    -O                                                                        (1 = 9.1%) {9.1%}
76    -O                                                                        (1 = 9.1%) {18.2%}
105   -O                                                                        (1 = 9.1%) {27.3%}
146   O                                                                         (0 = 0.0%) {36.4%}
203   -O                                                                        (1 = 9.1%) {36.4%}
282   O                                                                         (0 = 0.0%) {45.5%}
391   -O                                                                        (1 = 9.1%) {45.5%}
542   ... 
1043  -O                                                                        (1 = 9.1%) {54.5%}
1447  ... 
2786  -O                                                                        (1 = 9.1%) {63.6%}
3865  --O                                                                       (2 = 18.2%) {72.7%}
5362  O                                                                         (0 = 0.0%) {90.9%}
7439  -O                                                                        (1 = 9.1%) {90.9%}
10321 ... 

Histogram: SubresourceFilter.MainFrameLoad.RulesetIsAvailableAnyActivationLevel recorded 1 samples, mean = 0.0 (flags = 0x41)
0  -O                                                                        (1 = 100.0%)
1  ... 

Histogram: SubresourceFilter.PageLoad.ActivationDecision recorded 1 samples, mean = 1.0 (flags = 0x41)
0  O                                                                         (0 = 0.0%)
1  -O                                                                        (1 = 100.0%) {0.0%}
2  ... 

Histogram: SubresourceFilter.PageLoad.ActivationList recorded 1 samples, mean = 0.0 (flags = 0x41)
0  -O                                                                        (1 = 100.0%)
1  ... 

Histogram: SubresourceFilter.PageLoad.ActivationState recorded 2 samples, mean = 0.0 (flags = 0x41)
0  --O                                                                       (2 = 100.0%)
1  ... 

Histogram: SubresourceFilter.PageLoad.SafeBrowsingDelay recorded 1 samples, mean = 0.0 (flags = 0x41)
0  -O                                                                        (1 = 100.0%)
1  ... 

Histogram: SubresourceFilter.SafeBrowsing.TotalCheckTime recorded 2 samples, mean = 0.0 (flags = 0x41)
0  --O                                                                       (2 = 100.0%)
1  ... 

Histogram: Sync.ModelTypeStoreBackendError.ReadRecords recorded 5 samples, mean = 1.0 (flags = 0x41)
0  O                                                                         (0 = 0.0%)
1  -----O                                                                    (5 = 100.0%) {0.0%}
2  ... 

Histogram: Sync.ModelTypeStoreBackendInitializationSuccess recorded 1 samples, mean = 1.0 (flags = 0x41)
0  O                                                                         (0 = 0.0%)
1  -O                                                                        (1 = 100.0%) {0.0%}
2  O                                                                         (0 = 0.0%) {100.0%}

Histogram: Sync.PassphraseType2 recorded 1 samples, mean = 0.0 (flags = 0x41)
0  -O                                                                        (1 = 100.0%)
1  ... 

Histogram: Sync.SyncToSigninMigrationDecision recorded 1 samples, mean = 1.0 (flags = 0x41)
0  O                                                                         (0 = 0.0%)
1  -O                                                                        (1 = 100.0%) {0.0%}
2  ... 

Histogram: Sync.TrustedVaultFileReadStatus recorded 1 samples, mean = 0.0 (flags = 0x41)
0  -O                                                                        (1 = 100.0%)
1  ... 

Histogram: Sync.TrustedVaultFileWriteSuccess recorded 1 samples, mean = 1.0 (flags = 0x41)
0  O                                                                         (0 = 0.0%)
1  -O                                                                        (1 = 100.0%) {0.0%}
2  O                                                                         (0 = 0.0%) {100.0%}

Histogram: TabGroups.CollapsedGroupCountPerLoad recorded 1 samples, mean = 0.0 (flags = 0x41)
0  -O                                                                        (1 = 100.0%)
1  ... 

Histogram: TabGroups.UserCustomizedGroupCountPerLoad recorded 1 samples, mean = 0.0 (flags = 0x41)
0  -O                                                                        (1 = 100.0%)
1  ... 

Histogram: TabGroups.UserGroupCountPerLoad recorded 1 samples, mean = 0.0 (flags = 0x41)
0  -O                                                                        (1 = 100.0%)
1  ... 

Histogram: TabGroups.UserPinnedTabCountPerLoad recorded 1 samples, mean = 0.0 (flags = 0x41)
0  -O                                                                        (1 = 100.0%)
1  ... 

Histogram: Tabs.NewNavigationWithSameOriginTab recorded 1 samples, mean = 0.0 (flags = 0x41)
0  -O                                                                        (1 = 100.0%)
1  ... 

Histogram: Tabs.TabCount recorded 8 samples, mean = 0.0 (flags = 0x41)
0  --------O                                                                 (8 = 100.0%)
1  ... 

Histogram: Tabs.TabCount.PluggedIn recorded 8 samples, mean = 0.0 (flags = 0x41)
0  --------O                                                                 (8 = 100.0%)
1  ... 

Histogram: Tabs.TabCountPerLoad recorded 1 samples, mean = 0.0 (flags = 0x41)
0  -O                                                                        (1 = 100.0%)
1  ... 

Histogram: Tabs.WindowCount recorded 8 samples, mean = 0.0 (flags = 0x41)
0  --------O                                                                 (8 = 100.0%)
1  ... 

Histogram: Tabs.WindowCount.PluggedIn recorded 8 samples, mean = 0.0 (flags = 0x41)
0  --------O                                                                 (8 = 100.0%)
1  ... 

Histogram: ThirdPartyModules.InputMethodEditorsCount recorded 1 samples, mean = 0.0 (flags = 0x41)
0  -O                                                                        (1 = 100.0%)
1  ... 

Histogram: ThreadPool.UnnecessaryWakeup.Browser.Background recorded 1 samples, mean = 1.0 (flags = 0x41)
0  O                                                                         (0 = 0.0%)
1  -O                                                                        (1 = 100.0%) {0.0%}
2  O                                                                         (0 = 0.0%) {100.0%}

Histogram: ThreadPool.UnnecessaryWakeup.Browser.Foreground recorded 80 samples, mean = 1.0 (flags = 0x41)
0  O                                                                         (0 = 0.0%)
1  ------------------------------------------------------------------------O (80 = 100.0%) {0.0%}
2  O                                                                         (0 = 0.0%) {100.0%}

Histogram: ThreadPool.UnnecessaryWakeup.ContentChild.Background recorded 1 samples, mean = 1.0 (flags = 0x41)
0  O                                                                         (0 = 0.0%)
1  -O                                                                        (1 = 100.0%) {0.0%}
2  O                                                                         (0 = 0.0%) {100.0%}

Histogram: ThreadPool.UnnecessaryWakeup.ContentChild.Foreground recorded 28 samples, mean = 1.0 (flags = 0x41)
0  O                                                                         (0 = 0.0%)
1  ----------------------------O                                             (28 = 100.0%) {0.0%}
2  O                                                                         (0 = 0.0%) {100.0%}

Histogram: ThreadPool.UnnecessaryWakeup.GPU.Foreground recorded 2 samples, mean = 1.0 (flags = 0x41)
0  O                                                                         (0 = 0.0%)
1  --O                                                                       (2 = 100.0%) {0.0%}
2  O                                                                         (0 = 0.0%) {100.0%}

Histogram: ThreadPool.UnnecessaryWakeup.Renderer.Foreground recorded 45 samples, mean = 1.0 (flags = 0x41)
0  O                                                                         (0 = 0.0%)
1  ---------------------------------------------O                            (45 = 100.0%) {0.0%}
2  O                                                                         (0 = 0.0%) {100.0%}

Histogram: Translate.ApplicationStart.AlwaysTranslateLanguage.Count recorded 1 samples, mean = 0.0 (flags = 0x41)
0  -O                                                                        (1 = 100.0%)
1  ... 

Histogram: Translate.ApplicationStart.NeverTranslateLanguage recorded 1 samples (flags = 0x41)
1670494558  -O                                                                        (1 = 100.0%)

Histogram: Translate.ApplicationStart.NeverTranslateLanguage.Count recorded 1 samples, mean = 1.0 (flags = 0x41)
0  O                                                                         (0 = 0.0%)
1  -O                                                                        (1 = 100.0%) {0.0%}
2  ... 

Histogram: Translate.ApplicationStart.NeverTranslateSite.Count recorded 1 samples, mean = 0.0 (flags = 0x41)
0  -O                                                                        (1 = 100.0%)
1  ... 

Histogram: Translate.LanguageDetection.LanguageVerification recorded 1 samples, mean = 2.0 (flags = 0x41)
0  ... 
2  -O                                                                        (1 = 100.0%) {0.0%}
3  ... 

Histogram: Translate.LanguageDeterminedDuration recorded 1 samples, mean = 1041.0 (flags = 0x41)
0    ... 
989  -O                                                                        (1 = 100.0%) {0.0%}
1340 ... 

Histogram: Translate.PageLoad.FinalSourceLanguage recorded 1 samples (flags = 0x41)
1670494558  -O                                                                        (1 = 100.0%)

Histogram: Translate.PageLoad.FinalState recorded 1 samples, mean = 1.0 (flags = 0x41)
0  O                                                                         (0 = 0.0%)
1  -O                                                                        (1 = 100.0%) {0.0%}
2  ... 

Histogram: Translate.PageLoad.FinalTargetLanguage recorded 1 samples (flags = 0x41)
1670494558  -O                                                                        (1 = 100.0%)

Histogram: Translate.PageLoad.InitialSourceLanguage recorded 1 samples (flags = 0x41)
1670494558  -O                                                                        (1 = 100.0%)

Histogram: Translate.PageLoad.InitialState recorded 1 samples, mean = 1.0 (flags = 0x41)
0  O                                                                         (0 = 0.0%)
1  -O                                                                        (1 = 100.0%) {0.0%}
2  ... 

Histogram: Translate.PageLoad.InitialTargetLanguage recorded 1 samples (flags = 0x41)
1670494558  -O                                                                        (1 = 100.0%)

Histogram: Translate.PageLoad.InitialTargetLanguage.Origin recorded 1 samples, mean = 1.0 (flags = 0x41)
0  O                                                                         (0 = 0.0%)
1  -O                                                                        (1 = 100.0%) {0.0%}
2  ... 

Histogram: Translate.PageLoad.IsInitialSourceLanguageInUsersContentLanguages recorded 1 samples, mean = 1.0 (flags = 0x41)
0  O                                                                         (0 = 0.0%)
1  -O                                                                        (1 = 100.0%) {0.0%}
2  O                                                                         (0 = 0.0%) {100.0%}

Histogram: Translate.PageLoad.NumReversions recorded 1 samples, mean = 0.0 (flags = 0x41)
0  -O                                                                        (1 = 100.0%)
1  ... 

Histogram: Translate.PageLoad.NumTargetLanguageChanges recorded 1 samples, mean = 0.0 (flags = 0x41)
0  -O                                                                        (1 = 100.0%)
1  ... 

Histogram: Translate.PageLoad.NumTranslations recorded 1 samples, mean = 0.0 (flags = 0x41)
0  -O                                                                        (1 = 100.0%)
1  ... 

Histogram: Translate.PageLoad.Ranker.Decision recorded 1 samples, mean = 1.0 (flags = 0x41)
0  O                                                                         (0 = 0.0%)
1  -O                                                                        (1 = 100.0%) {0.0%}
2  ... 

Histogram: Translate.PageLoad.Ranker.Version recorded 1 samples (flags = 0x41)
0  -O                                                                        (1 = 100.0%)

Histogram: Translate.PageLoad.TriggerDecision recorded 1 samples, mean = 4.0 (flags = 0x41)
0  ... 
4  -O                                                                        (1 = 100.0%) {0.0%}
5  ... 

Histogram: Translate.Ranker.Model.Status2 recorded 2 samples, mean = 6.5 (flags = 0x41)
0  ... 
6  -O                                                                        (1 = 50.0%) {0.0%}
7  -O                                                                        (1 = 50.0%) {50.0%}
8  O                                                                         (0 = 0.0%) {100.0%}

Histogram: UI.DeviceScale recorded 2 samples (flags = 0x41)
100  -O                                                                        (1 = 50.0%)
200  -O                                                                        (1 = 50.0%)

Histogram: UKM.Entries.Dropped recorded 140 samples, mean = 1.0 (flags = 0x41)
0  O                                                                         (0 = 0.0%)
1  ------------------------------------------------------------------------O (140 = 100.0%) {0.0%}
2  ... 

Histogram: UKM.Entries.Dropped.ByEntryHash recorded 140 samples (flags = 0x41)
58315124    -O                                                                        (1 = 0.7%)
181657211   -O                                                                        (1 = 0.7%)
182085608   -O                                                                        (1 = 0.7%)
189164898   -O                                                                        (1 = 0.7%)
251237400   -O                                                                        (1 = 0.7%)
270025173   -O                                                                        (1 = 0.7%)
277070773   -O                                                                        (1 = 0.7%)
385121421   -O                                                                        (1 = 0.7%)
480593958   -----O                                                                    (5 = 3.6%)
532600439   ---O                                                                      (3 = 2.1%)
575234402   -O                                                                        (1 = 0.7%)
624513781   -O                                                                        (1 = 0.7%)
654949485   --------------O                                                           (14 = 10.0%)
661477988   -O                                                                        (1 = 0.7%)
705322609   ---O                                                                      (3 = 2.1%)
805578149   -O                                                                        (1 = 0.7%)
810755299   -O                                                                        (1 = 0.7%)
828084724   --------------------O                                                     (20 = 14.3%)
854760832   -O                                                                        (1 = 0.7%)
888761441   -O                                                                        (1 = 0.7%)
902138984   -------O                                                                  (7 = 5.0%)
923024503   -O                                                                        (1 = 0.7%)
986870865   ----O                                                                     (4 = 2.9%)
1004547038  -O                                                                        (1 = 0.7%)
1035062417  -O                                                                        (1 = 0.7%)
1078164680  --O                                                                       (2 = 1.4%)
1149114043  -O                                                                        (1 = 0.7%)
1262170432  ------O                                                                   (6 = 4.3%)
1321082436  --O                                                                       (2 = 1.4%)
1350795912  -O                                                                        (1 = 0.7%)
1354891390  -O                                                                        (1 = 0.7%)
1404242571  --------------------O                                                     (20 = 14.3%)
1548358279  -O                                                                        (1 = 0.7%)
1604233346  -------O                                                                  (7 = 5.0%)
1607081943  -O                                                                        (1 = 0.7%)
1663717192  -O                                                                        (1 = 0.7%)
1767609109  -----------O                                                              (11 = 7.9%)
1790338714  -O                                                                        (1 = 0.7%)
1832900131  ----O                                                                     (4 = 2.9%)
1866365893  -O                                                                        (1 = 0.7%)
1871083634  -O                                                                        (1 = 0.7%)
1982793904  -O                                                                        (1 = 0.7%)
2037740339  ---O                                                                      (3 = 2.1%)
2066033668  -O                                                                        (1 = 0.7%)

Histogram: UKM.PersistentLogRecall.Status recorded 1 samples, mean = 1.0 (flags = 0x41)
0  O                                                                         (0 = 0.0%)
1  -O                                                                        (1 = 100.0%) {0.0%}
2  ... 

Histogram: UKM.Sources.Dropped recorded 5 samples, mean = 1.0 (flags = 0x41)
0  O                                                                         (0 = 0.0%)
1  -----O                                                                    (5 = 100.0%) {0.0%}
2  ... 

Histogram: UKM.WebDXFeatureSets.Dropped recorded 2 samples, mean = 1.0 (flags = 0x41)
0  O                                                                         (0 = 0.0%)
1  --O                                                                       (2 = 100.0%) {0.0%}
2  ... 

Histogram: UMA.ChildProcess.Ping.Periodic recorded 15 samples, mean = 1.0 (flags = 0x41)
0  -----O                                                                    (5 = 33.3%)
1  -----O                                                                    (5 = 33.3%) {33.3%}
2  -----O                                                                    (5 = 33.3%) {66.7%}
3  O                                                                         (0 = 0.0%) {100.0%}

Histogram: UMA.ChildProcess.Ping.SharedMemorySetUp recorded 22 samples, mean = 1.0 (flags = 0x41)
0  --------O                                                                 (8 = 36.4%)
1  -------O                                                                  (7 = 31.8%) {36.4%}
2  -------O                                                                  (7 = 31.8%) {68.2%}
3  O                                                                         (0 = 0.0%) {100.0%}

Histogram: UMA.CleanExitBeaconConsistency3 recorded 1 samples, mean = 0.0 (flags = 0x41)
0  -O                                                                        (1 = 100.0%)
1  ... 

Histogram: UMA.EntropySourceType recorded 1 samples, mean = 1.0 (flags = 0x41)
0  O                                                                         (0 = 0.0%)
1  -O                                                                        (1 = 100.0%) {0.0%}
2  ... 

Histogram: UMA.LocalHistogram recorded 9 samples, mean = 1.0 (flags = 0x40)
0  O                                                                         (0 = 0.0%)
1  ---------O                                                                (9 = 100.0%) {0.0%}
2  O                                                                         (0 = 0.0%) {100.0%}

Histogram: UMA.MachineIdState recorded 1 samples, mean = 3.0 (flags = 0x41)
0  ... 
3  -O                                                                        (1 = 100.0%) {0.0%}
4  O                                                                         (0 = 0.0%) {100.0%}

Histogram: UMA.MetricsService.Initialize.Time recorded 1 samples, mean = 28.0 (flags = 0x41)
0   ... 
28  -O                                                                        (1 = 100.0%) {0.0%}
37  ... 

Histogram: UMA.MetricsService.PendingOngoingLogOnDisable recorded 1 samples, mean = 0.0 (flags = 0x41)
0  -O                                                                        (1 = 100.0%)
1  ... 

Histogram: UMA.PersistentAllocator.BrowserMetrics.Errors recorded 0 samples (flags = 0x41)
0 ... 

Histogram: UMA.PersistentAllocator.BrowserMetrics.UsedPct recorded 0 samples (flags = 0x41)
0 ... 

Histogram: UMA.PersistentAllocator.EarlyHistograms.BrowserMetrics recorded 1 samples, mean = 1.0 (flags = 0x41)
0  O                                                                         (0 = 0.0%)
1  -O                                                                        (1 = 100.0%) {0.0%}
2  ... 

Histogram: UMA.PersistentAllocator.EarlyHistograms.GpuMetrics recorded 1 samples, mean = 25.0 (flags = 0x41)
0   ... 
25  -O                                                                        (1 = 100.0%) {0.0%}
26  ... 

Histogram: UMA.PersistentAllocator.EarlyHistograms.RendererMetrics recorded 3 samples, mean = 30.3 (flags = 0x41)
0   ... 
30  ---O                                                                      (3 = 100.0%) {0.0%}
32  ... 

Histogram: UMA.PersistentAllocator.EarlyHistograms.UtilityMetrics recorded 3 samples, mean = 7.0 (flags = 0x41)
0  ... 
7  ---O                                                                      (3 = 100.0%) {0.0%}
8  ... 

Histogram: UMA.PersistentAllocator.FieldTrialAllocator.Errors recorded 0 samples (flags = 0x41)
0 ... 

Histogram: UMA.PersistentAllocator.FieldTrialAllocator.UsedPct recorded 8 samples, mean = 0.0 (flags = 0x41)
0  --------O                                                                 (8 = 100.0%)
1  ... 

Histogram: UMA.PersistentHistograms.InitResult recorded 1 samples, mean = 2.0 (flags = 0x41)
0  ... 
2  -O                                                                        (1 = 100.0%) {0.0%}
3  ... 

Histogram: UMA.Pseudo.PageLoad.LayoutInstability.CumulativeShiftScore recorded 1 samples, mean = 0.0 (flags = 0x41)
0  -O                                                                        (1 = 100.0%)
1  ... 

Histogram: UMA.Pseudo.PageLoad.LayoutInstability.MaxCumulativeShiftScore.SessionWindow.Gap1000ms.Max5000ms2 recorded 1 samples, mean = 0.0 (flags = 0x41)
0  -O                                                                        (1 = 100.0%)
1  ... 

Histogram: UnifiedConsent.MakeSearchesAndBrowsingBetter.OnProfileLoad recorded 1 samples, mean = 0.0 (flags = 0x41)
0  -O                                                                        (1 = 100.0%)
1  ... 

Histogram: V8.CollectSourcePositions recorded 32 samples, mean = 73.5 (flags = 0x41)
0    ... 
5    --O                                                                       (2 = 6.2%) {0.0%}
7    --O                                                                       (2 = 6.2%) {6.2%}
9    --O                                                                       (2 = 6.2%) {12.5%}
12   -O                                                                        (1 = 3.1%) {18.8%}
16   ---O                                                                      (3 = 9.4%) {21.9%}
21   ------O                                                                   (6 = 18.8%) {31.2%}
28   --O                                                                       (2 = 6.2%) {50.0%}
37   -O                                                                        (1 = 3.1%) {56.2%}
49   --O                                                                       (2 = 6.2%) {59.4%}
65   O                                                                         (0 = 0.0%) {65.6%}
86   -O                                                                        (1 = 3.1%) {65.6%}
113  -----O                                                                    (5 = 15.6%) {68.8%}
149  --O                                                                       (2 = 6.2%) {84.4%}
196  -O                                                                        (1 = 3.1%) {90.6%}
258  --O                                                                       (2 = 6.2%) {93.8%}
340  ... 

Histogram: V8.CompileDeserializeMicroSeconds recorded 20 samples, mean = 8.6 (flags = 0x41)
0   ... 
2   --O                                                                       (2 = 10.0%) {0.0%}
3   -----O                                                                    (5 = 25.0%) {10.0%}
4   ---O                                                                      (3 = 15.0%) {35.0%}
5   -----O                                                                    (5 = 25.0%) {50.0%}
7   --O                                                                       (2 = 10.0%) {75.0%}
9   -O                                                                        (1 = 5.0%) {85.0%}
12  O                                                                         (0 = 0.0%) {90.0%}
16  -O                                                                        (1 = 5.0%) {90.0%}
21  ... 
65  -O                                                                        (1 = 5.0%) {95.0%}
86  ... 

Histogram: V8.CompileLazyMicroSeconds recorded 11 samples, mean = 2350.8 (flags = 0x41)
0      ... 
21     -O                                                                        (1 = 9.1%) {0.0%}
29     O                                                                         (0 = 0.0%) {9.1%}
40     --O                                                                       (2 = 18.2%) {9.1%}
55     --O                                                                       (2 = 18.2%) {27.3%}
76     --O                                                                       (2 = 18.2%) {45.5%}
105    ... 
1447   -O                                                                        (1 = 9.1%) {63.6%}
2008   O                                                                         (0 = 0.0%) {72.7%}
2786   -O                                                                        (1 = 9.1%) {72.7%}
3865   -O                                                                        (1 = 9.1%) {81.8%}
5362   ... 
14319  -O                                                                        (1 = 9.1%) {90.9%}
19866  ... 

Histogram: V8.CompileMicroSeconds recorded 22 samples, mean = 48.0 (flags = 0x41)
0    ... 
4    ----O                                                                     (4 = 18.2%) {0.0%}
5    -----O                                                                    (5 = 22.7%) {18.2%}
7    --O                                                                       (2 = 9.1%) {40.9%}
9    ... 
16   -O                                                                        (1 = 4.5%) {50.0%}
21   --O                                                                       (2 = 9.1%) {54.5%}
28   --O                                                                       (2 = 9.1%) {63.6%}
37   ---O                                                                      (3 = 13.6%) {72.7%}
49   -O                                                                        (1 = 4.5%) {86.4%}
65   ... 
258  -O                                                                        (1 = 4.5%) {90.9%}
340  -O                                                                        (1 = 4.5%) {95.5%}
448  ... 

Histogram: V8.CompileScript.CacheBehaviour recorded 48 samples, mean = 5.1 (flags = 0x41)
0   ... 
2   --------------------O                                                     (20 = 41.7%) {0.0%}
3   O                                                                         (0 = 0.0%) {41.7%}
4   ----------------O                                                         (16 = 33.3%) {41.7%}
5   ... 
8   --O                                                                       (2 = 4.2%) {75.0%}
9   ... 
12  ------O                                                                   (6 = 12.5%) {79.2%}
13  ----O                                                                     (4 = 8.3%) {91.7%}
14  ... 

Histogram: V8.CompileScriptMicroSeconds recorded 48 samples, mean = 63.6 (flags = 0x41)
0    ... 
2    -O                                                                        (1 = 2.1%) {0.0%}
3    O                                                                         (0 = 0.0%) {2.1%}
4    -O                                                                        (1 = 2.1%) {2.1%}
5    ------O                                                                   (6 = 12.5%) {4.2%}
7    ---O                                                                      (3 = 6.2%) {16.7%}
9    ---------O                                                                (9 = 18.8%) {22.9%}
12   -----O                                                                    (5 = 10.4%) {41.7%}
16   ----O                                                                     (4 = 8.3%) {52.1%}
21   ----O                                                                     (4 = 8.3%) {60.4%}
28   ---O                                                                      (3 = 6.2%) {68.8%}
37   O                                                                         (0 = 0.0%) {75.0%}
49   --O                                                                       (2 = 4.2%) {75.0%}
65   --O                                                                       (2 = 4.2%) {79.2%}
86   ---O                                                                      (3 = 6.2%) {83.3%}
113  --O                                                                       (2 = 4.2%) {89.6%}
149  ... 
258  -O                                                                        (1 = 2.1%) {93.8%}
340  O                                                                         (0 = 0.0%) {95.8%}
448  -O                                                                        (1 = 2.1%) {95.8%}
590  O                                                                         (0 = 0.0%) {97.9%}
777  -O                                                                        (1 = 2.1%) {97.9%}
1023 ... 

Histogram: V8.CompileScriptMicroSeconds.BackgroundThread recorded 6 samples, mean = 1837.3 (flags = 0x41)
0     ... 
149   -O                                                                        (1 = 16.7%) {0.0%}
196   -O                                                                        (1 = 16.7%) {16.7%}
258   -O                                                                        (1 = 16.7%) {33.3%}
340   ... 
1023  -O                                                                        (1 = 16.7%) {50.0%}
1347  -O                                                                        (1 = 16.7%) {66.7%}
1774  ... 
7031  -O                                                                        (1 = 16.7%) {83.3%}
9260  ... 

Histogram: V8.CompileScriptMicroSeconds.ConsumeCache recorded 20 samples, mean = 12.8 (flags = 0x41)
0   ... 
2   -O                                                                        (1 = 5.0%) {0.0%}
3   ... 
5   ----O                                                                     (4 = 20.0%) {5.0%}
7   -----O                                                                    (5 = 25.0%) {25.0%}
9   ----O                                                                     (4 = 20.0%) {50.0%}
12  --O                                                                       (2 = 10.0%) {70.0%}
16  --O                                                                       (2 = 10.0%) {80.0%}
21  -O                                                                        (1 = 5.0%) {90.0%}
28  ... 
65  -O                                                                        (1 = 5.0%) {95.0%}
86  ... 

Histogram: V8.CompileScriptMicroSeconds.ConsumeCache.BackgroundThread recorded 20 samples, mean = 333.6 (flags = 0x41)
0     ... 
12    -O                                                                        (1 = 5.0%) {0.0%}
16    O                                                                         (0 = 0.0%) {5.0%}
21    -O                                                                        (1 = 5.0%) {5.0%}
28    --O                                                                       (2 = 10.0%) {10.0%}
37    --O                                                                       (2 = 10.0%) {20.0%}
49    -O                                                                        (1 = 5.0%) {30.0%}
65    -------O                                                                  (7 = 35.0%) {35.0%}
86    --O                                                                       (2 = 10.0%) {70.0%}
113   --O                                                                       (2 = 10.0%) {80.0%}
149   ... 
258   -O                                                                        (1 = 5.0%) {90.0%}
340   ... 
4053  -O                                                                        (1 = 5.0%) {95.0%}
5338  ... 

Histogram: V8.CompileScriptMicroSeconds.NoCache.InlineScript recorded 16 samples, mean = 60.0 (flags = 0x41)
0    ... 
9    -O                                                                        (1 = 6.2%) {0.0%}
12   -O                                                                        (1 = 6.2%) {6.2%}
16   ---O                                                                      (3 = 18.8%) {12.5%}
21   --O                                                                       (2 = 12.5%) {31.2%}
28   ---O                                                                      (3 = 18.8%) {43.8%}
37   O                                                                         (0 = 0.0%) {62.5%}
49   --O                                                                       (2 = 12.5%) {62.5%}
65   O                                                                         (0 = 0.0%) {75.0%}
86   -O                                                                        (1 = 6.2%) {75.0%}
113  --O                                                                       (2 = 12.5%) {81.2%}
149  ... 
258  -O                                                                        (1 = 6.2%) {93.8%}
340  ... 

Histogram: V8.CompileScriptMicroSeconds.NoCache.Other recorded 6 samples, mean = 306.8 (flags = 0x41)
0    ... 
28   -O                                                                        (1 = 16.7%) {0.0%}
37   ... 
65   -O                                                                        (1 = 16.7%) {16.7%}
86   --O                                                                       (2 = 33.3%) {33.3%}
113  ... 
590  -O                                                                        (1 = 16.7%) {66.7%}
777  -O                                                                        (1 = 16.7%) {83.3%}
1023 ... 

Histogram: V8.CompileScriptMicroSeconds.StreamingFinalization recorded 6 samples, mean = 13.2 (flags = 0x41)
0   ... 
7   -O                                                                        (1 = 16.7%) {0.0%}
9   --O                                                                       (2 = 33.3%) {16.7%}
12  --O                                                                       (2 = 33.3%) {50.0%}
16  O                                                                         (0 = 0.0%) {83.3%}
21  -O                                                                        (1 = 16.7%) {83.3%}
28  ... 

Histogram: V8.CompileSerializeMicroSeconds recorded 1 samples, mean = 3424.0 (flags = 0x41)
0     ... 
2753  -O                                                                        (1 = 100.0%) {0.0%}
3446  ... 

Histogram: V8.ErrorsThrownPerContext recorded 1 samples, mean = 0.0 (flags = 0x41)
0  -O                                                                        (1 = 100.0%)
1  ... 

Histogram: V8.GC.Cycle.CollectionRate.Full recorded 1 samples, mean = 85.0 (flags = 0x41)
0   ... 
80  -O                                                                        (1 = 100.0%) {0.0%}
100 O                                                                         (0 = 0.0%) {100.0%}

Histogram: V8.GC.Cycle.CollectionRate.Full.Cpp recorded 1 samples, mean = 42.0 (flags = 0x41)
0   ... 
41  -O                                                                        (1 = 100.0%) {0.0%}
51  ... 

Histogram: V8.GC.Cycle.CollectionRate.Young recorded 10 samples, mean = 35.1 (flags = 0x41)
0   ... 
14  -O                                                                        (1 = 10.0%) {0.0%}
17  O                                                                         (0 = 0.0%) {10.0%}
21  --O                                                                       (2 = 20.0%) {10.0%}
26  -O                                                                        (1 = 10.0%) {30.0%}
33  ----O                                                                     (4 = 40.0%) {40.0%}
41  -O                                                                        (1 = 10.0%) {80.0%}
51  -O                                                                        (1 = 10.0%) {90.0%}
64  ... 

Histogram: V8.GC.Cycle.CollectionWeight.Full recorded 1 samples, mean = 0.0 (flags = 0x41)
0  -O                                                                        (1 = 100.0%)
1  ... 

Histogram: V8.GC.Cycle.CollectionWeight.Full.Cpp recorded 1 samples, mean = 0.0 (flags = 0x41)
0  -O                                                                        (1 = 100.0%)
1  ... 

Histogram: V8.GC.Cycle.CollectionWeight.MainThread.Full recorded 1 samples, mean = 0.0 (flags = 0x41)
0  -O                                                                        (1 = 100.0%)
1  ... 

Histogram: V8.GC.Cycle.CollectionWeight.MainThread.Full.Cpp recorded 1 samples, mean = 0.0 (flags = 0x41)
0  -O                                                                        (1 = 100.0%)
1  ... 

Histogram: V8.GC.Cycle.Efficiency.Full recorded 1 samples, mean = 43.0 (flags = 0x41)
0   ... 
35  -O                                                                        (1 = 100.0%) {0.0%}
48  ... 

Histogram: V8.GC.Cycle.Efficiency.Full.Cpp recorded 1 samples, mean = 277.0 (flags = 0x41)
0    ... 
222  -O                                                                        (1 = 100.0%) {0.0%}
302  ... 

Histogram: V8.GC.Cycle.Efficiency.MainThread.Full recorded 1 samples, mean = 171.0 (flags = 0x41)
0    ... 
163  -O                                                                        (1 = 100.0%) {0.0%}
222  ... 

Histogram: V8.GC.Cycle.Efficiency.MainThread.Full.Cpp recorded 1 samples, mean = 347.0 (flags = 0x41)
0    ... 
302  -O                                                                        (1 = 100.0%) {0.0%}
411  ... 

Histogram: V8.GC.Cycle.Efficiency.MainThread.Young recorded 10 samples, mean = 1881.8 (flags = 0x41)
0     ... 
411   -O                                                                        (1 = 10.0%) {0.0%}
559   -O                                                                        (1 = 10.0%) {10.0%}
760   --O                                                                       (2 = 20.0%) {20.0%}
1034  -O                                                                        (1 = 10.0%) {40.0%}
1407  --O                                                                       (2 = 20.0%) {50.0%}
1914  -O                                                                        (1 = 10.0%) {70.0%}
2604  O                                                                         (0 = 0.0%) {80.0%}
3542  --O                                                                       (2 = 20.0%) {80.0%}
4818  ... 

Histogram: V8.GC.Cycle.Efficiency.Young recorded 10 samples, mean = 848.8 (flags = 0x41)
0     ... 
163   -O                                                                        (1 = 10.0%) {0.0%}
222   O                                                                         (0 = 0.0%) {10.0%}
302   -O                                                                        (1 = 10.0%) {10.0%}
411   --O                                                                       (2 = 20.0%) {20.0%}
559   --O                                                                       (2 = 20.0%) {40.0%}
760   -O                                                                        (1 = 10.0%) {60.0%}
1034  -O                                                                        (1 = 10.0%) {70.0%}
1407  -O                                                                        (1 = 10.0%) {80.0%}
1914  -O                                                                        (1 = 10.0%) {90.0%}
2604  ... 

Histogram: V8.GC.Cycle.Full recorded 1 samples, mean = 51.0 (flags = 0x41)
0   ... 
48  -O                                                                        (1 = 100.0%) {0.0%}
57  ... 

Histogram: V8.GC.Cycle.Full.Compact recorded 1 samples, mean = 5.0 (flags = 0x41)
0  ... 
5  -O                                                                        (1 = 100.0%) {0.0%}
6  ... 

Histogram: V8.GC.Cycle.Full.Compact.Cpp recorded 1 samples, mean = 4.0 (flags = 0x41)
0  ... 
4  -O                                                                        (1 = 100.0%) {0.0%}
5  ... 

Histogram: V8.GC.Cycle.Full.Cpp recorded 1 samples, mean = 25.0 (flags = 0x41)
0   ... 
24  -O                                                                        (1 = 100.0%) {0.0%}
29  ... 

Histogram: V8.GC.Cycle.Full.Mark recorded 1 samples, mean = 36.0 (flags = 0x41)
0   ... 
34  -O                                                                        (1 = 100.0%) {0.0%}
40  ... 

Histogram: V8.GC.Cycle.Full.Mark.Cpp recorded 1 samples, mean = 6.0 (flags = 0x41)
0  ... 
6  -O                                                                        (1 = 100.0%) {0.0%}
7  ... 

Histogram: V8.GC.Cycle.Full.Sweep recorded 1 samples, mean = 3.0 (flags = 0x41)
0  ... 
3  -O                                                                        (1 = 100.0%) {0.0%}
4  ... 

Histogram: V8.GC.Cycle.Full.Sweep.Cpp recorded 1 samples, mean = 15.0 (flags = 0x41)
0   ... 
14  -O                                                                        (1 = 100.0%) {0.0%}
17  ... 

Histogram: V8.GC.Cycle.Full.Weak recorded 1 samples, mean = 0.0 (flags = 0x41)
0  -O                                                                        (1 = 100.0%)
1  ... 

Histogram: V8.GC.Cycle.Full.Weak.Cpp recorded 1 samples, mean = 0.0 (flags = 0x41)
0  -O                                                                        (1 = 100.0%)
1  ... 

Histogram: V8.GC.Cycle.MainThread.Full recorded 1 samples, mean = 12.0 (flags = 0x41)
0   ... 
12  -O                                                                        (1 = 100.0%) {0.0%}
14  ... 

Histogram: V8.GC.Cycle.MainThread.Full.Atomic recorded 1 samples, mean = 8.0 (flags = 0x41)
0  ... 
8  -O                                                                        (1 = 100.0%) {0.0%}
10 ... 

Histogram: V8.GC.Cycle.MainThread.Full.Atomic.Compact recorded 1 samples, mean = 2.0 (flags = 0x41)
0  ... 
2  -O                                                                        (1 = 100.0%) {0.0%}
3  ... 

Histogram: V8.GC.Cycle.MainThread.Full.Atomic.Compact.Cpp recorded 1 samples, mean = 4.0 (flags = 0x41)
0  ... 
4  -O                                                                        (1 = 100.0%) {0.0%}
5  ... 

Histogram: V8.GC.Cycle.MainThread.Full.Atomic.Cpp recorded 1 samples, mean = 4.0 (flags = 0x41)
0  ... 
4  -O                                                                        (1 = 100.0%) {0.0%}
5  ... 

Histogram: V8.GC.Cycle.MainThread.Full.Atomic.Mark recorded 1 samples, mean = 0.0 (flags = 0x41)
0  -O                                                                        (1 = 100.0%)
1  ... 

Histogram: V8.GC.Cycle.MainThread.Full.Atomic.Mark.Cpp recorded 1 samples, mean = 0.0 (flags = 0x41)
0  -O                                                                        (1 = 100.0%)
1  ... 

Histogram: V8.GC.Cycle.MainThread.Full.Atomic.Sweep recorded 1 samples, mean = 0.0 (flags = 0x41)
0  -O                                                                        (1 = 100.0%)
1  ... 

Histogram: V8.GC.Cycle.MainThread.Full.Atomic.Sweep.Cpp recorded 1 samples, mean = 0.0 (flags = 0x41)
0  -O                                                                        (1 = 100.0%)
1  ... 

Histogram: V8.GC.Cycle.MainThread.Full.Atomic.Weak recorded 1 samples, mean = 0.0 (flags = 0x41)
0  -O                                                                        (1 = 100.0%)
1  ... 

Histogram: V8.GC.Cycle.MainThread.Full.Atomic.Weak.Cpp recorded 1 samples, mean = 0.0 (flags = 0x41)
0  -O                                                                        (1 = 100.0%)
1  ... 

Histogram: V8.GC.Cycle.MainThread.Full.Compact recorded 1 samples, mean = 2.0 (flags = 0x41)
0  ... 
2  -O                                                                        (1 = 100.0%) {0.0%}
3  ... 

Histogram: V8.GC.Cycle.MainThread.Full.Compact.Cpp recorded 1 samples, mean = 4.0 (flags = 0x41)
0  ... 
4  -O                                                                        (1 = 100.0%) {0.0%}
5  ... 

Histogram: V8.GC.Cycle.MainThread.Full.Cpp recorded 1 samples, mean = 20.0 (flags = 0x41)
0   ... 
20  -O                                                                        (1 = 100.0%) {0.0%}
24  ... 

Histogram: V8.GC.Cycle.MainThread.Full.Incremental.Mark recorded 1 samples, mean = 4.0 (flags = 0x41)
0  ... 
4  -O                                                                        (1 = 100.0%) {0.0%}
5  ... 

Histogram: V8.GC.Cycle.MainThread.Full.Incremental.Mark.Cpp recorded 1 samples, mean = 1.0 (flags = 0x41)
0  O                                                                         (0 = 0.0%)
1  -O                                                                        (1 = 100.0%) {0.0%}
2  ... 

Histogram: V8.GC.Cycle.MainThread.Full.Incremental.Mark.StartStop recorded 1 samples, mean = 6.0 (flags = 0x41)
0  ... 
6  -O                                                                        (1 = 100.0%) {0.0%}
7  ... 

Histogram: V8.GC.Cycle.MainThread.Full.Incremental.Sweep recorded 1 samples, mean = 0.0 (flags = 0x41)
0  -O                                                                        (1 = 100.0%)
1  ... 

Histogram: V8.GC.Cycle.MainThread.Full.Incremental.Sweep.Cpp recorded 1 samples, mean = 14.0 (flags = 0x41)
0   ... 
14  -O                                                                        (1 = 100.0%) {0.0%}
17  ... 

Histogram: V8.GC.Cycle.MainThread.Full.Mark recorded 1 samples, mean = 4.0 (flags = 0x41)
0  ... 
4  -O                                                                        (1 = 100.0%) {0.0%}
5  ... 

Histogram: V8.GC.Cycle.MainThread.Full.Mark.Cpp recorded 1 samples, mean = 1.0 (flags = 0x41)
0  O                                                                         (0 = 0.0%)
1  -O                                                                        (1 = 100.0%) {0.0%}
2  ... 

Histogram: V8.GC.Cycle.MainThread.Full.Sweep recorded 1 samples, mean = 0.0 (flags = 0x41)
0  -O                                                                        (1 = 100.0%)
1  ... 

Histogram: V8.GC.Cycle.MainThread.Full.Sweep.Cpp recorded 1 samples, mean = 14.0 (flags = 0x41)
0   ... 
14  -O                                                                        (1 = 100.0%) {0.0%}
17  ... 

Histogram: V8.GC.Cycle.MainThread.Full.Weak recorded 1 samples, mean = 0.0 (flags = 0x41)
0  -O                                                                        (1 = 100.0%)
1  ... 

Histogram: V8.GC.Cycle.MainThread.Full.Weak.Cpp recorded 1 samples, mean = 0.0 (flags = 0x41)
0  -O                                                                        (1 = 100.0%)
1  ... 

Histogram: V8.GC.Cycle.MainThread.Young recorded 10 samples, mean = 0.3 (flags = 0x41)
0  --------O                                                                 (8 = 80.0%)
1  -O                                                                        (1 = 10.0%) {80.0%}
2  -O                                                                        (1 = 10.0%) {90.0%}
3  ... 

Histogram: V8.GC.Cycle.Memory.Freed.Full recorded 1 samples, mean = 8388.0 (flags = 0x41)
0     ... 
6554  -O                                                                        (1 = 100.0%) {0.0%}
8915  ... 

Histogram: V8.GC.Cycle.Memory.Freed.Full.Cpp recorded 1 samples, mean = 7680.0 (flags = 0x41)
0     ... 
6554  -O                                                                        (1 = 100.0%) {0.0%}
8915  ... 

Histogram: V8.GC.Cycle.Objects.After.Full recorded 1 samples, mean = 12786.0 (flags = 0x41)
0      ... 
12127  -O                                                                        (1 = 100.0%) {0.0%}
16496  ... 

Histogram: V8.GC.Cycle.Objects.After.Full.Cpp recorded 1 samples, mean = 5412.0 (flags = 0x41)
0     ... 
4818  -O                                                                        (1 = 100.0%) {0.0%}
6554  ... 

Histogram: V8.GC.Cycle.Objects.Before.Full recorded 1 samples, mean = 15001.0 (flags = 0x41)
0      ... 
12127  -O                                                                        (1 = 100.0%) {0.0%}
16496  ... 

Histogram: V8.GC.Cycle.Objects.Before.Full.Cpp recorded 1 samples, mean = 12629.0 (flags = 0x41)
0      ... 
12127  -O                                                                        (1 = 100.0%) {0.0%}
16496  ... 

Histogram: V8.GC.Cycle.Objects.Freed.Full recorded 1 samples, mean = 2214.0 (flags = 0x41)
0     ... 
1914  -O                                                                        (1 = 100.0%) {0.0%}
2604  ... 

Histogram: V8.GC.Cycle.Objects.Freed.Full.Cpp recorded 1 samples, mean = 7216.0 (flags = 0x41)
0     ... 
6554  -O                                                                        (1 = 100.0%) {0.0%}
8915  ... 

Histogram: V8.GC.Cycle.Reason.Full recorded 1 samples, mean = 9.0 (flags = 0x41)
0  ... 
9  -O                                                                        (1 = 100.0%) {0.0%}
10 ... 

Histogram: V8.GC.Cycle.Reason.Young recorded 10 samples, mean = 4.3 (flags = 0x41)
0   O                                                                         (0 = 0.0%)
1   -------O                                                                  (7 = 70.0%) {0.0%}
2   ... 
12  ---O                                                                      (3 = 30.0%) {70.0%}
13  ... 

Histogram: V8.GC.Cycle.Young recorded 10 samples, mean = 1.9 (flags = 0x41)
0  --O                                                                       (2 = 20.0%)
1  -----O                                                                    (5 = 50.0%) {20.0%}
2  -O                                                                        (1 = 10.0%) {70.0%}
3  -O                                                                        (1 = 10.0%) {80.0%}
4  ... 
8  -O                                                                        (1 = 10.0%) {90.0%}
10 ... 

Histogram: V8.GC.Event.MainThread.Full.Finalize.Incremental.ReduceMemory recorded 2 samples, mean = 4.5 (flags = 0x41)
0  O                                                                         (0 = 0.0%)
1  -O                                                                        (1 = 50.0%) {0.0%}
2  ... 
8  -O                                                                        (1 = 50.0%) {50.0%}
10 ... 

Histogram: V8.GC.Event.MainThread.Full.Finalize.Incremental.ReduceMemory.Foreground recorded 2 samples, mean = 4.5 (flags = 0x41)
0  O                                                                         (0 = 0.0%)
1  -O                                                                        (1 = 50.0%) {0.0%}
2  ... 
8  -O                                                                        (1 = 50.0%) {50.0%}
10 ... 

Histogram: V8.GC.Event.MainThread.Full.Incremental.Mark recorded 115 samples, mean = 0.0 (flags = 0x41)
0  ------------------------------------------------------------------------O (115 = 100.0%)
1  ... 

Histogram: V8.GC.Event.MainThread.Full.Incremental.Mark.Cpp recorded 117 samples, mean = 0.0 (flags = 0x41)
0  ------------------------------------------------------------------------O (117 = 100.0%)
1  ... 

Histogram: V8.GC.Event.MainThread.Full.Incremental.Sweep.Cpp recorded 210 samples, mean = 0.1 (flags = 0x41)
0   ------------------------------------------------------------------------O (208 = 99.0%)
1   ... 
4   O                                                                         (1 = 0.5%) {99.0%}
5   ... 
10  O                                                                         (1 = 0.5%) {99.5%}
12  ... 

Histogram: V8.GC.TimeToSafepoint recorded 14 samples, mean = 1.1 (flags = 0x41)
0  -------O                                                                  (7 = 50.0%)
1  ------O                                                                   (6 = 42.9%) {50.0%}
2  ... 
8  -O                                                                        (1 = 7.1%) {92.9%}
11 ... 

Histogram: V8.GCIncrementalMarking recorded 115 samples, mean = 0.0 (flags = 0x41)
0  ------------------------------------------------------------------------O (115 = 100.0%)
1  ... 

Histogram: V8.GCIncrementalMarkingReason recorded 2 samples, mean = 17.0 (flags = 0x41)
0   ... 
17  --O                                                                       (2 = 100.0%) {0.0%}
18  ... 

Histogram: V8.GCIncrementalMarkingStart recorded 2 samples, mean = 0.5 (flags = 0x41)
0  -O                                                                        (1 = 50.0%)
1  -O                                                                        (1 = 50.0%) {50.0%}
2  ... 

Histogram: V8.GCMarkCompactReason recorded 1 samples, mean = 9.0 (flags = 0x41)
0  ... 
9  -O                                                                        (1 = 100.0%) {0.0%}
10 ... 

Histogram: V8.GCScavenger.ScavengeMain recorded 10 samples, mean = 0.1 (flags = 0x41)
0  ---------O                                                                (9 = 90.0%)
1  -O                                                                        (1 = 10.0%) {90.0%}
2  ... 

Histogram: V8.GCScavenger.ScavengeRoots recorded 10 samples, mean = 0.0 (flags = 0x41)
0  ----------O                                                               (10 = 100.0%)
1  ... 

Histogram: V8.JSDispatchTableEntriesCount recorded 2 samples, mean = 1.0 (flags = 0x41)
0  O                                                                         (0 = 0.0%)
1  --O                                                                       (2 = 100.0%) {0.0%}
2  ... 

Histogram: V8.LocalWindowProxy.CreateContextTime recorded 4 samples, mean = 1.0 (flags = 0x41)
0  --O                                                                       (2 = 50.0%)
1  -O                                                                        (1 = 25.0%) {50.0%}
2  O                                                                         (0 = 0.0%) {75.0%}
3  -O                                                                        (1 = 25.0%) {75.0%}
4  ... 

Histogram: V8.LocalWindowProxy.InitializeTime recorded 4 samples, mean = 2.5 (flags = 0x41)
0  O                                                                         (0 = 0.0%)
1  --O                                                                       (2 = 50.0%) {0.0%}
2  O                                                                         (0 = 0.0%) {50.0%}
3  -O                                                                        (1 = 25.0%) {50.0%}
4  O                                                                         (0 = 0.0%) {75.0%}
5  -O                                                                        (1 = 25.0%) {75.0%}
6  ... 

Histogram: V8.MaglevOptimizeExecute recorded 152 samples, mean = 281.0 (flags = 0x41)
0     ... 
16    -O                                                                        (1 = 0.7%) {0.0%}
20    ----O                                                                     (4 = 2.6%) {0.7%}
25    --O                                                                       (2 = 1.3%) {3.3%}
31    O                                                                         (0 = 0.0%) {4.6%}
39    ----O                                                                     (4 = 2.6%) {4.6%}
49    ------O                                                                   (6 = 3.9%) {7.2%}
61    ------O                                                                   (6 = 3.9%) {11.2%}
76    --------------O                                                           (14 = 9.2%) {15.1%}
95    -----------O                                                              (11 = 7.2%) {24.3%}
119   --------------O                                                           (14 = 9.2%) {31.6%}
149   ---------O                                                                (9 = 5.9%) {40.8%}
186   -------------------O                                                      (19 = 12.5%) {46.7%}
233   ----------------O                                                         (16 = 10.5%) {59.2%}
292   -----------------O                                                        (17 = 11.2%) {69.7%}
365   -------O                                                                  (7 = 4.6%) {80.9%}
457   --------O                                                                 (8 = 5.3%) {85.5%}
572   ------O                                                                   (6 = 3.9%) {90.8%}
716   --O                                                                       (2 = 1.3%) {94.7%}
896   -O                                                                        (1 = 0.7%) {96.1%}
1122  -O                                                                        (1 = 0.7%) {96.7%}
1404  --O                                                                       (2 = 1.3%) {97.4%}
1757  O                                                                         (0 = 0.0%) {98.7%}
2199  --O                                                                       (2 = 1.3%) {98.7%}
2753  ... 

Histogram: V8.MaglevOptimizeFinalize recorded 152 samples, mean = 7.2 (flags = 0x41)
0   ----O                                                                     (4 = 2.6%)
1   ------------O                                                             (12 = 7.9%) {2.6%}
2   ------------------O                                                       (18 = 11.8%) {10.5%}
3   ------------------O                                                       (18 = 11.8%) {22.4%}
4   -------------O                                                            (13 = 8.6%) {34.2%}
5   -------------------O                                                      (19 = 12.5%) {42.8%}
6   ----------------O                                                         (16 = 10.5%) {55.3%}
8   -----------------O                                                        (17 = 11.2%) {65.8%}
10  ---------------O                                                          (15 = 9.9%) {77.0%}
13  -----O                                                                    (5 = 3.3%) {86.8%}
16  --------O                                                                 (8 = 5.3%) {90.1%}
20  ----O                                                                     (4 = 2.6%) {95.4%}
25  -O                                                                        (1 = 0.7%) {98.0%}
31  O                                                                         (0 = 0.0%) {98.7%}
39  -O                                                                        (1 = 0.7%) {98.7%}
49  -O                                                                        (1 = 0.7%) {99.3%}
61  ... 

Histogram: V8.MaglevOptimizePrepare recorded 152 samples, mean = 0.2 (flags = 0x41)
0  ------------------------------------------------------------------------O (121 = 79.6%)
1  ------------------O                                                       (31 = 20.4%) {79.6%}
2  ... 

Histogram: V8.MaglevOptimizeTotalTime recorded 152 samples, mean = 547.5 (flags = 0x41)
0     ... 
28    --O                                                                       (2 = 1.3%) {0.0%}
37    --O                                                                       (2 = 1.3%) {1.3%}
49    -O                                                                        (1 = 0.7%) {2.6%}
65    --O                                                                       (2 = 1.3%) {3.3%}
86    -------O                                                                  (7 = 4.6%) {4.6%}
113   ----------------O                                                         (16 = 10.5%) {9.2%}
149   -----------O                                                              (11 = 7.2%) {19.7%}
196   -------------------------O                                                (25 = 16.4%) {27.0%}
258   -----------------------O                                                  (23 = 15.1%) {43.4%}
340   --------------------O                                                     (20 = 13.2%) {58.6%}
448   --------------O                                                           (14 = 9.2%) {71.7%}
590   --------O                                                                 (8 = 5.3%) {80.9%}
777   --------O                                                                 (8 = 5.3%) {86.2%}
1023  -O                                                                        (1 = 0.7%) {91.4%}
1347  -O                                                                        (1 = 0.7%) {92.1%}
1774  ----O                                                                     (4 = 2.6%) {92.8%}
2336  ---O                                                                      (3 = 2.0%) {95.4%}
3077  --O                                                                       (2 = 1.3%) {97.4%}
4053  -O                                                                        (1 = 0.7%) {98.7%}
5338  O                                                                         (0 = 0.0%) {99.3%}
7031  -O                                                                        (1 = 0.7%) {99.3%}
9260  ... 

Histogram: V8.MemoryExternalFragmentationCodeSpace recorded 12 samples, mean = 45.2 (flags = 0x41)
0   ... 
14  --O                                                                       (2 = 16.7%) {0.0%}
15  ... 
19  -O                                                                        (1 = 8.3%) {16.7%}
20  ... 
26  -O                                                                        (1 = 8.3%) {25.0%}
27  ... 
36  -O                                                                        (1 = 8.3%) {33.3%}
37  ... 
39  -O                                                                        (1 = 8.3%) {41.7%}
40  ... 
47  -O                                                                        (1 = 8.3%) {50.0%}
48  ... 
51  -O                                                                        (1 = 8.3%) {58.3%}
52  ... 
55  -O                                                                        (1 = 8.3%) {66.7%}
56  ... 
76  -O                                                                        (1 = 8.3%) {75.0%}
77  ... 
80  -O                                                                        (1 = 8.3%) {83.3%}
81  ... 
86  -O                                                                        (1 = 8.3%) {91.7%}
87  ... 

Histogram: V8.MemoryExternalFragmentationLoSpace recorded 12 samples, mean = 1.3 (flags = 0x41)
0  O                                                                         (0 = 0.0%)
1  ----------O                                                               (10 = 83.3%) {0.0%}
2  O                                                                         (0 = 0.0%) {83.3%}
3  --O                                                                       (2 = 16.7%) {83.3%}
4  ... 

Histogram: V8.MemoryExternalFragmentationOldSpace recorded 12 samples, mean = 10.5 (flags = 0x41)
0   ... 
4   -O                                                                        (1 = 8.3%) {0.0%}
5   -O                                                                        (1 = 8.3%) {8.3%}
6   O                                                                         (0 = 0.0%) {16.7%}
7   -O                                                                        (1 = 8.3%) {16.7%}
8   O                                                                         (0 = 0.0%) {25.0%}
9   -O                                                                        (1 = 8.3%) {25.0%}
10  --O                                                                       (2 = 16.7%) {33.3%}
11  --O                                                                       (2 = 16.7%) {50.0%}
12  -O                                                                        (1 = 8.3%) {66.7%}
13  O                                                                         (0 = 0.0%) {75.0%}
14  -O                                                                        (1 = 8.3%) {75.0%}
15  -O                                                                        (1 = 8.3%) {83.3%}
16  ... 
18  -O                                                                        (1 = 8.3%) {91.7%}
19  ... 

Histogram: V8.MemoryExternalFragmentationTotal recorded 12 samples, mean = 39.7 (flags = 0x41)
0   ... 
16  -O                                                                        (1 = 8.3%) {0.0%}
17  -O                                                                        (1 = 8.3%) {8.3%}
18  ... 
36  -O                                                                        (1 = 8.3%) {16.7%}
37  O                                                                         (0 = 0.0%) {25.0%}
38  -O                                                                        (1 = 8.3%) {25.0%}
39  O                                                                         (0 = 0.0%) {33.3%}
40  -O                                                                        (1 = 8.3%) {33.3%}
41  O                                                                         (0 = 0.0%) {41.7%}
42  -O                                                                        (1 = 8.3%) {41.7%}
43  O                                                                         (0 = 0.0%) {50.0%}
44  --O                                                                       (2 = 16.7%) {50.0%}
45  -O                                                                        (1 = 8.3%) {66.7%}
46  O                                                                         (0 = 0.0%) {75.0%}
47  -O                                                                        (1 = 8.3%) {75.0%}
48  ... 
53  -O                                                                        (1 = 8.3%) {83.3%}
54  -O                                                                        (1 = 8.3%) {91.7%}
55  ... 

Histogram: V8.MemoryHeapSampleCodeSpaceCommitted recorded 12 samples, mean = 917.3 (flags = 0x41)
0     -------O                                                                  (7 = 58.3%)
1000  -O                                                                        (1 = 8.3%) {58.3%}
1138  -O                                                                        (1 = 8.3%) {66.7%}
1295  O                                                                         (0 = 0.0%) {75.0%}
1474  --O                                                                       (2 = 16.7%) {75.0%}
1678  -O                                                                        (1 = 8.3%) {91.7%}
1910  ... 

Histogram: V8.MemoryHeapSampleMaximumCommitted recorded 12 samples, mean = 15448.7 (flags = 0x41)
0      ... 
4153   -O                                                                        (1 = 8.3%) {0.0%}
4727   ... 
6124   -O                                                                        (1 = 8.3%) {8.3%}
6971   ... 
9032   -O                                                                        (1 = 8.3%) {16.7%}
10281  --O                                                                       (2 = 16.7%) {25.0%}
11702  -O                                                                        (1 = 8.3%) {41.7%}
13320  O                                                                         (0 = 0.0%) {50.0%}
15161  -O                                                                        (1 = 8.3%) {50.0%}
17257  O                                                                         (0 = 0.0%) {58.3%}
19642  --O                                                                       (2 = 16.7%) {58.3%}
22357  ---O                                                                      (3 = 25.0%) {75.0%}
25447  ... 

Histogram: V8.MemoryHeapSampleTotalCommitted recorded 12 samples, mean = 14050.7 (flags = 0x41)
0      ... 
4153   -O                                                                        (1 = 8.3%) {0.0%}
4727   ... 
6124   -O                                                                        (1 = 8.3%) {8.3%}
6971   ... 
9032   -O                                                                        (1 = 8.3%) {16.7%}
10281  --O                                                                       (2 = 16.7%) {25.0%}
11702  -O                                                                        (1 = 8.3%) {41.7%}
13320  O                                                                         (0 = 0.0%) {50.0%}
15161  ---O                                                                      (3 = 25.0%) {50.0%}
17257  O                                                                         (0 = 0.0%) {75.0%}
19642  --O                                                                       (2 = 16.7%) {75.0%}
22357  -O                                                                        (1 = 8.3%) {91.7%}
25447  ... 

Histogram: V8.MemoryHeapSampleTotalUsed recorded 12 samples, mean = 8498.0 (flags = 0x41)
0      ... 
2475   -O                                                                        (1 = 8.3%) {0.0%}
2817   O                                                                         (0 = 0.0%) {8.3%}
3206   -O                                                                        (1 = 8.3%) {8.3%}
3649   O                                                                         (0 = 0.0%) {16.7%}
4153   -O                                                                        (1 = 8.3%) {16.7%}
4727   O                                                                         (0 = 0.0%) {25.0%}
5380   -O                                                                        (1 = 8.3%) {25.0%}
6124   --O                                                                       (2 = 16.7%) {33.3%}
6971   -O                                                                        (1 = 8.3%) {50.0%}
7935   ... 
10281  -O                                                                        (1 = 8.3%) {58.3%}
11702  ---O                                                                      (3 = 25.0%) {66.7%}
13320  -O                                                                        (1 = 8.3%) {91.7%}
15161  ... 

Histogram: V8.ProduceCodeCacheMicroseconds recorded 1 samples, mean = 3961.0 (flags = 0x41)
0     ... 
3865  -O                                                                        (1 = 100.0%) {0.0%}
5362  ... 

Histogram: V8.RegExpBacktracks recorded 263 samples, mean = 1.7 (flags = 0x41)
0    ------O                                                                   (20 = 7.6%)
1    ------------------------------------------------------------------------O (227 = 86.3%) {7.6%}
2    --O                                                                       (7 = 2.7%) {93.9%}
3    -O                                                                        (3 = 1.1%) {96.6%}
4    -O                                                                        (4 = 1.5%) {97.7%}
6    O                                                                         (0 = 0.0%) {99.2%}
9    O                                                                         (1 = 0.4%) {99.2%}
13   ... 
127  O                                                                         (1 = 0.4%) {99.6%}
185  ... 

Histogram: V8.SandboxedCodePointersCount recorded 2 samples, mean = 1137.5 (flags = 0x41)
0     ... 
977   -O                                                                        (1 = 50.0%) {0.0%}
1136  -O                                                                        (1 = 50.0%) {50.0%}
1321  ... 

Histogram: V8.SandboxedCppHeapPointersCount recorded 2 samples, mean = 4419.5 (flags = 0x41)
0     ... 
638   -O                                                                        (1 = 50.0%) {0.0%}
758   ... 
7152  -O                                                                        (1 = 50.0%) {50.0%}
8499  ... 

Histogram: V8.SandboxedExternalPointersCount recorded 14 samples, mean = 2146.4 (flags = 0x41)
0      ---O                                                                      (3 = 21.4%)
1      ... 
17     -O                                                                        (1 = 7.1%) {21.4%}
20     O                                                                         (0 = 0.0%) {28.6%}
24     --O                                                                       (2 = 14.3%) {28.6%}
29     ... 
40     -O                                                                        (1 = 7.1%) {42.9%}
48     ... 
68     -O                                                                        (1 = 7.1%) {50.0%}
81     -O                                                                        (1 = 7.1%) {57.1%}
96     ... 
758    -O                                                                        (1 = 7.1%) {64.3%}
901    -O                                                                        (1 = 7.1%) {71.4%}
1071   ... 
1798   -O                                                                        (1 = 7.1%) {78.6%}
2137   ... 
12002  --O                                                                       (2 = 14.3%) {85.7%}
14263  ... 

Histogram: V8.SandboxedTrustedPointersCount recorded 2 samples, mean = 3904.0 (flags = 0x41)
0     ... 
3799  --O                                                                       (2 = 100.0%) {0.0%}
4418  ... 

Histogram: V8.SnapshotDeserializeContextMicroSeconds recorded 6 samples, mean = 478.0 (flags = 0x41)
0    ... 
196  --O                                                                       (2 = 33.3%) {0.0%}
258  ... 
448  ---O                                                                      (3 = 50.0%) {33.3%}
590  O                                                                         (0 = 0.0%) {83.3%}
777  -O                                                                        (1 = 16.7%) {83.3%}
1023 ... 

Histogram: V8.TurboFan1KTicks recorded 5 samples, mean = 50.8 (flags = 0x41)
0    ... 
2    -O                                                                        (1 = 20.0%) {0.0%}
3    ... 
5    -O                                                                        (1 = 20.0%) {20.0%}
6    ... 
15   -O                                                                        (1 = 20.0%) {40.0%}
16   ... 
45   -O                                                                        (1 = 20.0%) {60.0%}
47   ... 
180  -O                                                                        (1 = 20.0%) {80.0%}
189  ... 

Histogram: V8.TurboFanOptimizeConcurrentTotalTime recorded 4 samples, mean = 3353.2 (flags = 0x41)
0     ... 
2008  -O                                                                        (1 = 25.0%) {0.0%}
2786  --O                                                                       (2 = 50.0%) {25.0%}
3865  -O                                                                        (1 = 25.0%) {75.0%}
5362  ... 

Histogram: V8.TurboFanOptimizeExecute recorded 4 samples, mean = 3093.8 (flags = 0x41)
0     ... 
1774  -O                                                                        (1 = 25.0%) {0.0%}
2336  -O                                                                        (1 = 25.0%) {25.0%}
3077  --O                                                                       (2 = 50.0%) {50.0%}
4053  ... 

Histogram: V8.TurboFanOptimizeFinalize recorded 4 samples, mean = 43.2 (flags = 0x41)
0   ... 
21  -O                                                                        (1 = 25.0%) {0.0%}
28  O                                                                         (0 = 0.0%) {25.0%}
37  --O                                                                       (2 = 50.0%) {25.0%}
49  O                                                                         (0 = 0.0%) {75.0%}
65  -O                                                                        (1 = 25.0%) {75.0%}
86  ... 

Histogram: V8.TurboFanOptimizeForOnStackReplacementExecute recorded 1 samples, mean = 27074.0 (flags = 0x41)
0      ... 
21156  -O                                                                        (1 = 100.0%) {0.0%}
27864  ... 

Histogram: V8.TurboFanOptimizeForOnStackReplacementFinalize recorded 1 samples, mean = 150.0 (flags = 0x41)
0    ... 
149  -O                                                                        (1 = 100.0%) {0.0%}
196  ... 

Histogram: V8.TurboFanOptimizeForOnStackReplacementPrepare recorded 1 samples, mean = 11.0 (flags = 0x41)
0  ... 
9  -O                                                                        (1 = 100.0%) {0.0%}
12 ... 

Histogram: V8.TurboFanOptimizeForOnStackReplacementTotalTime recorded 1 samples, mean = 28263.0 (flags = 0x41)
0      ... 
27562  -O                                                                        (1 = 100.0%) {0.0%}
38240  ... 

Histogram: V8.TurboFanOptimizePrepare recorded 4 samples, mean = 9.0 (flags = 0x41)
0   ... 
4   -O                                                                        (1 = 25.0%) {0.0%}
5   -O                                                                        (1 = 25.0%) {25.0%}
7   O                                                                         (0 = 0.0%) {50.0%}
9   -O                                                                        (1 = 25.0%) {50.0%}
12  -O                                                                        (1 = 25.0%) {75.0%}
16  ... 

Histogram: V8.TurboFanOptimizeTotalBackground recorded 4 samples, mean = 3093.8 (flags = 0x41)
0     ... 
2008  --O                                                                       (2 = 50.0%) {0.0%}
2786  -O                                                                        (1 = 25.0%) {50.0%}
3865  -O                                                                        (1 = 25.0%) {75.0%}
5362  ... 

Histogram: V8.TurboFanOptimizeTotalForeground recorded 4 samples, mean = 52.2 (flags = 0x41)
0   ... 
29  -O                                                                        (1 = 25.0%) {0.0%}
40  -O                                                                        (1 = 25.0%) {25.0%}
55  --O                                                                       (2 = 50.0%) {50.0%}
76  ... 

Histogram: V8.TurboFanOptimizeTotalTime recorded 4 samples, mean = 3353.2 (flags = 0x41)
0     ... 
2008  -O                                                                        (1 = 25.0%) {0.0%}
2786  --O                                                                       (2 = 50.0%) {25.0%}
3865  -O                                                                        (1 = 25.0%) {75.0%}
5362  ... 

Histogram: Variations.ExtendedSafeMode.BeaconFileStateAtStartup recorded 1 samples, mean = 0.0 (flags = 0x41)
0  -O                                                                        (1 = 100.0%)
1  ... 

Histogram: Variations.ExtendedSafeMode.BeaconFileWrite recorded 2 samples, mean = 1.0 (flags = 0x41)
0  O                                                                         (0 = 0.0%)
1  --O                                                                       (2 = 100.0%) {0.0%}
2  O                                                                         (0 = 0.0%) {100.0%}

Histogram: Variations.ForcedFieldTrialsAtStartupForInternalsPage recorded 1 samples, mean = 0.0 (flags = 0x41)
0  -O                                                                        (1 = 100.0%)
1  ... 

Histogram: Variations.Headers.ExperimentCount recorded 92 samples, mean = 1.0 (flags = 0x41)
0  O                                                                         (0 = 0.0%)
1  ------------------------------------------------------------------------O (92 = 100.0%) {0.0%}
2  ... 

Histogram: Variations.Headers.HasLowEntropySourceValue recorded 92 samples, mean = 1.0 (flags = 0x41)
0  O                                                                         (0 = 0.0%)
1  ------------------------------------------------------------------------O (92 = 100.0%) {0.0%}
2  O                                                                         (0 = 0.0%) {100.0%}

Histogram: Variations.Headers.RequestContextCategory recorded 66 samples, mean = 3.0 (flags = 0x41)
0  -----------------O                                                        (17 = 25.8%)
1  ... 
4  -------------------------------------------------O                        (49 = 74.2%) {25.8%}
5  ... 

Histogram: Variations.Headers.URLValidationResult.Append recorded 66 samples, mean = 2.2 (flags = 0x41)
0  ... 
2  --------------------------------------------------O                       (50 = 75.8%) {0.0%}
3  ----------------O                                                         (16 = 24.2%) {75.8%}
4  ... 

Histogram: Variations.Headers.URLValidationResult.Remove recorded 2 samples, mean = 2.0 (flags = 0x41)
0  ... 
2  --O                                                                       (2 = 100.0%) {0.0%}
3  ... 

Histogram: Variations.Limits.VariationKeySize.Default recorded 23 samples, mean = 0.0 (flags = 0x41)
0  -----------------------O                                                  (23 = 100.0%)
1  ... 

Histogram: Variations.LoadPermanentConsistencyCountryResult recorded 1 samples, mean = 0.0 (flags = 0x41)
0  -O                                                                        (1 = 100.0%)
1  ... 

Histogram: Variations.PolicyRestriction recorded 1 samples, mean = 0.0 (flags = 0x41)
0  -O                                                                        (1 = 100.0%)
1  ... 

Histogram: Variations.SafeMode.Streak.Crashes recorded 1 samples (flags = 0x41)
0  -O                                                                        (1 = 100.0%)

Histogram: Variations.SafeMode.Streak.FetchFailures recorded 1 samples (flags = 0x41)
0  -O                                                                        (1 = 100.0%)

Histogram: Variations.SeedLoadResult recorded 1 samples, mean = 1.0 (flags = 0x41)
0  O                                                                         (0 = 0.0%)
1  -O                                                                        (1 = 100.0%) {0.0%}
2  ... 

Histogram: Variations.SeedUsage recorded 1 samples, mean = 2.0 (flags = 0x41)
0  ... 
2  -O                                                                        (1 = 100.0%) {0.0%}
3  ... 

Histogram: Variations.UserChannel recorded 1 samples (flags = 0x41)
-1 -O                                                                        (1 = 100.0%)

Histogram: Views.Browser.NumColorProvidersInitializedDuringOnNativeThemeUpdated recorded 3 samples, mean = 0.0 (flags = 0x41)
0  ---O                                                                      (3 = 100.0%)
1  ... 

Histogram: Views.Browser.TimeSpentInitializingColorProvider recorded 3 samples, mean = 0.3 (flags = 0x41)
0  --O                                                                       (2 = 66.7%)
1  -O                                                                        (1 = 33.3%) {66.7%}
2  ... 

Histogram: Views.Browser.TimeSpentProcessingOnNativeThemeUpdatedEvent recorded 3 samples, mean = 0.0 (flags = 0x41)
0  ---O                                                                      (3 = 100.0%)
1  ... 

Histogram: Views.ColorProviderCacheSize recorded 3 samples, mean = 2.0 (flags = 0x41)
0  O                                                                         (0 = 0.0%)
1  -O                                                                        (1 = 33.3%) {0.0%}
2  -O                                                                        (1 = 33.3%) {33.3%}
3  -O                                                                        (1 = 33.3%) {66.7%}
4  ... 

Histogram: Viz.FrameSink.GpuBusyDuration recorded 1 samples, mean = 63658.0 (flags = 0x41)
0      ... 
60731  -O                                                                        (1 = 100.0%) {0.0%}
70350  ... 

Histogram: Viz.FrameSinkVideoCapturer.CaptureDuration recorded 3 samples, mean = 18.3 (flags = 0x41)
0   ... 
8   -O                                                                        (1 = 33.3%) {0.0%}
9   ... 
16  -O                                                                        (1 = 33.3%) {33.3%}
18  ... 
29  -O                                                                        (1 = 33.3%) {66.7%}
33  ... 

Histogram: Viz.FrameSinkVideoCapturer.CaptureSucceeded recorded 3 samples, mean = 1.0 (flags = 0x41)
0  O                                                                         (0 = 0.0%)
1  ---O                                                                      (3 = 100.0%) {0.0%}
2  O                                                                         (0 = 0.0%) {100.0%}

Histogram: Viz.FrameSinkVideoCapturer.FrameResurrected recorded 3 samples, mean = 0.0 (flags = 0x41)
0  ---O                                                                      (3 = 100.0%)
1  ... 

Histogram: Viz.FrameSinkVideoCapturer.RGBA.CaptureDuration recorded 3 samples, mean = 18.3 (flags = 0x41)
0   ... 
8   -O                                                                        (1 = 33.3%) {0.0%}
9   ... 
16  -O                                                                        (1 = 33.3%) {33.3%}
18  ... 
29  -O                                                                        (1 = 33.3%) {66.7%}
33  ... 

Histogram: Viz.FrameSinkVideoCapturer.RGBA.CaptureSucceeded recorded 3 samples, mean = 1.0 (flags = 0x41)
0  O                                                                         (0 = 0.0%)
1  ---O                                                                      (3 = 100.0%) {0.0%}
2  O                                                                         (0 = 0.0%) {100.0%}

Histogram: Viz.FrameSinkVideoCapturer.ReserveFrameDuration recorded 3 samples, mean = 8.3 (flags = 0x41)
0   --O                                                                       (2 = 66.7%)
1   ... 
24  -O                                                                        (1 = 33.3%) {66.7%}
26  ... 

Histogram: Viz.FrameSinkVideoCapturer.TotalDuration recorded 3 samples, mean = 18.3 (flags = 0x41)
0   ... 
8   -O                                                                        (1 = 33.3%) {0.0%}
9   ... 
16  -O                                                                        (1 = 33.3%) {33.3%}
18  ... 
29  -O                                                                        (1 = 33.3%) {66.7%}
33  ... 

Histogram: WebApp.DiyAppsInstalledCount.ByUser recorded 1 samples, mean = 0.0 (flags = 0x41)
0  -O                                                                        (1 = 100.0%)
1  ... 

Histogram: WebApp.GeneratedIconFix.StartUpAttemptCount recorded 1 samples, mean = 0.0 (flags = 0x41)
0  -O                                                                        (1 = 100.0%)
1  ... 

Histogram: WebApp.Icon.AppsWithEmptyDownloadedIconSizes recorded 1 samples, mean = 0.0 (flags = 0x41)
0  -O                                                                        (1 = 100.0%)
1  ... 

Histogram: WebApp.Icon.AppsWithEmptyIconBitmap recorded 1 samples, mean = 0.0 (flags = 0x41)
0  -O                                                                        (1 = 100.0%)
1  ... 

Histogram: WebApp.Icon.AppsWithEmptyIconFile recorded 1 samples, mean = 0.0 (flags = 0x41)
0  -O                                                                        (1 = 100.0%)
1  ... 

Histogram: WebApp.Icon.AppsWithGeneratedIconBitmap recorded 1 samples, mean = 0.0 (flags = 0x41)
0  -O                                                                        (1 = 100.0%)
1  ... 

Histogram: WebApp.Icon.AppsWithGeneratedIconFlag recorded 1 samples, mean = 0.0 (flags = 0x41)
0  -O                                                                        (1 = 100.0%)
1  ... 

Histogram: WebApp.Icon.AppsWithGeneratedIconFlagFalseNegative recorded 1 samples, mean = 0.0 (flags = 0x41)
0  -O                                                                        (1 = 100.0%)
1  ... 

Histogram: WebApp.Icon.AppsWithMissingIconFile recorded 1 samples, mean = 0.0 (flags = 0x41)
0  -O                                                                        (1 = 100.0%)
1  ... 

Histogram: WebApp.InstalledCount.ByUser recorded 1 samples, mean = 0.0 (flags = 0x41)
0  -O                                                                        (1 = 100.0%)
1  ... 

Histogram: WebApp.InstalledCount.ByUserNotLocallyInstalled recorded 1 samples, mean = 0.0 (flags = 0x41)
0  -O                                                                        (1 = 100.0%)
1  ... 

Histogram: WebApp.Preinstalled.AppToReplaceStillDefaultInstalledCount recorded 1 samples, mean = 0.0 (flags = 0x41)
0  -O                                                                        (1 = 100.0%)
1  ... 

Histogram: WebApp.Preinstalled.AppToReplaceStillInstalledCount recorded 1 samples, mean = 0.0 (flags = 0x41)
0  -O                                                                        (1 = 100.0%)
1  ... 

Histogram: WebApp.Preinstalled.AppToReplaceStillInstalledInShelfCount recorded 1 samples, mean = 0.0 (flags = 0x41)
0  -O                                                                        (1 = 100.0%)
1  ... 

Histogram: WebApp.Preinstalled.ConfigErrorCount recorded 1 samples, mean = 0.0 (flags = 0x41)
0  -O                                                                        (1 = 100.0%)
1  ... 

Histogram: WebApp.Preinstalled.CorruptUserUninstallPrefsCount recorded 1 samples, mean = 0.0 (flags = 0x41)
0  -O                                                                        (1 = 100.0%)
1  ... 

Histogram: WebApp.Preinstalled.DisabledCount recorded 1 samples, mean = 0.0 (flags = 0x41)
0  -O                                                                        (1 = 100.0%)
1  ... 

Histogram: WebApp.Preinstalled.EnabledCount recorded 1 samples, mean = 0.0 (flags = 0x41)
0  -O                                                                        (1 = 100.0%)
1  ... 

Histogram: WebApp.Preinstalled.InstallCount recorded 1 samples, mean = 0.0 (flags = 0x41)
0  -O                                                                        (1 = 100.0%)
1  ... 

Histogram: WebApp.Preinstalled.UninstallAndReplaceCount recorded 1 samples, mean = 0.0 (flags = 0x41)
0  -O                                                                        (1 = 100.0%)
1  ... 

Histogram: WebApp.Preinstalled.UninstallAppRemovedCount recorded 1 samples, mean = 0.0 (flags = 0x41)
0  -O                                                                        (1 = 100.0%)
1  ... 

Histogram: WebApp.Preinstalled.UninstallSourceRemovedCount recorded 1 samples, mean = 0.0 (flags = 0x41)
0  -O                                                                        (1 = 100.0%)
1  ... 

Histogram: WebApp.Preinstalled.UninstallTotalCount recorded 1 samples, mean = 0.0 (flags = 0x41)
0  -O                                                                        (1 = 100.0%)
1  ... 

Histogram: WebApp.Uninstall.NonSyncIncompleteCount recorded 1 samples, mean = 0.0 (flags = 0x41)
0  -O                                                                        (1 = 100.0%)
1  ... 

Histogram: WebAuthentication.Windows.KeyCredentialManagerSupported recorded 1 samples, mean = 0.0 (flags = 0x41)
0  -O                                                                        (1 = 100.0%)
1  ... 

Histogram: WebContentsObserver.DOMContentLoaded recorded 3 samples, mean = 0.0 (flags = 0x41)
0  ---O                                                                      (3 = 100.0%)
1  ... 

Histogram: WebContentsObserver.DidChangeVisibleSecurityState recorded 2 samples, mean = 0.0 (flags = 0x41)
0  --O                                                                       (2 = 100.0%)
1  ... 

Histogram: WebContentsObserver.DidFinishLoad recorded 3 samples, mean = 0.0 (flags = 0x41)
0  ---O                                                                      (3 = 100.0%)
1  ... 

Histogram: WebContentsObserver.DidFinishNavigation recorded 5 samples, mean = 0.0 (flags = 0x41)
0  -----O                                                                    (5 = 100.0%)
1  ... 

Histogram: WebContentsObserver.DidFirstVisuallyNonEmptyPaint recorded 1 samples, mean = 0.0 (flags = 0x41)
0  -O                                                                        (1 = 100.0%)
1  ... 

Histogram: WebContentsObserver.DidStartLoading recorded 1 samples, mean = 0.0 (flags = 0x41)
0  -O                                                                        (1 = 100.0%)
1  ... 

Histogram: WebContentsObserver.DidStartNavigation recorded 5 samples, mean = 0.0 (flags = 0x41)
0  -----O                                                                    (5 = 100.0%)
1  ... 

Histogram: WebContentsObserver.DidStartNavigation.MainFrame recorded 3 samples, mean = 0.0 (flags = 0x41)
0  ---O                                                                      (3 = 100.0%)
1  ... 

Histogram: WebContentsObserver.DidStartNavigation.Subframe recorded 2 samples, mean = 0.0 (flags = 0x41)
0  --O                                                                       (2 = 100.0%)
1  ... 

Histogram: WebContentsObserver.DidStopLoading recorded 1 samples, mean = 0.0 (flags = 0x41)
0  -O                                                                        (1 = 100.0%)
1  ... 

Histogram: WebContentsObserver.DidUpdateNavigationHandleTiming recorded 4 samples, mean = 0.0 (flags = 0x41)
0  ----O                                                                     (4 = 100.0%)
1  ... 

Histogram: WebContentsObserver.LoadProgressChanged recorded 8 samples, mean = 0.0 (flags = 0x41)
0  --------O                                                                 (8 = 100.0%)
1  ... 

Histogram: WebContentsObserver.NavigationEntryChanged recorded 3 samples, mean = 0.0 (flags = 0x41)
0  ---O                                                                      (3 = 100.0%)
1  ... 

Histogram: WebContentsObserver.NavigationEntryCommitted recorded 2 samples, mean = 0.0 (flags = 0x41)
0  --O                                                                       (2 = 100.0%)
1  ... 

Histogram: WebContentsObserver.PrimaryMainDocumentElementAvailable recorded 1 samples, mean = 0.0 (flags = 0x41)
0  -O                                                                        (1 = 100.0%)
1  ... 

Histogram: WebContentsObserver.RenderFrameCreated recorded 4 samples, mean = 0.0 (flags = 0x41)
0  ----O                                                                     (4 = 100.0%)
1  ... 

Histogram: WebContentsObserver.RenderFrameDeleted recorded 4 samples, mean = 0.2 (flags = 0x41)
0  ---O                                                                      (3 = 75.0%)
1  -O                                                                        (1 = 25.0%) {75.0%}
2  ... 

Histogram: WebContentsObserver.RenderViewReady recorded 2 samples, mean = 0.0 (flags = 0x41)
0  --O                                                                       (2 = 100.0%)
1  ... 

Histogram: WebContentsObserver.TitleWasSet recorded 1 samples, mean = 0.0 (flags = 0x41)
0  -O                                                                        (1 = 100.0%)
1  ... 

Histogram: WebCore.Scripts.Async.NotStreamingReason recorded 20 samples, mean = 9.0 (flags = 0x41)
0  ... 
9  --------------------O                                                     (20 = 100.0%) {0.0%}
10 ... 

Histogram: WebCore.Scripts.Async.StartedStreaming recorded 26 samples, mean = 0.2 (flags = 0x41)
0  --------------------O                                                     (20 = 76.9%)
1  ------O                                                                   (6 = 23.1%) {76.9%}
2  O                                                                         (0 = 0.0%) {100.0%}

Histogram: WebCore.Scripts.Other.NotStreamingReason recorded 17 samples, mean = 11.0 (flags = 0x41)
0   ... 
11  -----------------O                                                        (17 = 100.0%) {0.0%}
12  ... 

Histogram: WebCore.Scripts.Other.StartedStreaming recorded 17 samples, mean = 0.0 (flags = 0x41)
0  -----------------O                                                        (17 = 100.0%)
1  ... 

Histogram: WebCore.Scripts.V8CodeCacheMetadata.Get recorded 49 samples, mean = 4.1 (flags = 0x41)
0  -------O                                                                  (7 = 14.3%)
1  --O                                                                       (2 = 4.1%) {14.3%}
2  ... 
5  ----------------------------------------O                                 (40 = 81.6%) {18.4%}
6  O                                                                         (0 = 0.0%) {100.0%}

Histogram: WebCore.Scripts.V8CodeCacheMetadata.Set recorded 3 samples, mean = 1.0 (flags = 0x41)
0  --O                                                                       (2 = 66.7%)
1  ... 
3  -O                                                                        (1 = 33.3%) {66.7%}
4  O                                                                         (0 = 0.0%) {100.0%}

Histogram: WebCore.Scripts.V8CompileHintsStatus recorded 44 samples, mean = 8.6 (flags = 0x41)
0   ... 
6   --------------------O                                                     (20 = 45.5%) {0.0%}
7   ... 
10  ------O                                                                   (6 = 13.6%) {45.5%}
11  ------------------O                                                       (18 = 40.9%) {59.1%}
12  ... 

Histogram: WebCore.Scripts.V8CrowdsourcedCompileHints.ModelQuality recorded 1 samples, mean = 0.0 (flags = 0x41)
0  -O                                                                        (1 = 100.0%)
1  ... 

Histogram: WebDatabase.InitResult recorded 2 samples, mean = 0.0 (flags = 0x41)
0  --O                                                                       (2 = 100.0%)
1  ... 

Histogram: WebFont.CacheHit recorded 5 samples, mean = 1.4 (flags = 0x41)
0  O                                                                         (0 = 0.0%)
1  ----O                                                                     (4 = 80.0%) {0.0%}
2  O                                                                         (0 = 0.0%) {80.0%}
3  -O                                                                        (1 = 20.0%) {80.0%}
4  O                                                                         (0 = 0.0%) {100.0%}

Histogram: WebFont.Clients.RenderBlockingFonts.ExpiredFonts recorded 1 samples, mean = 1.0 (flags = 0x41)
0  O                                                                         (0 = 0.0%)
1  -O                                                                        (1 = 100.0%) {0.0%}
2  O                                                                         (0 = 0.0%) {100.0%}

Histogram: WebFont.HadBlankText recorded 1 samples, mean = 0.0 (flags = 0x41)
0  -O                                                                        (1 = 100.0%)
1  ... 

Histogram: WebFont.LocalFontUsed recorded 1 samples, mean = 1.0 (flags = 0x41)
0  O                                                                         (0 = 0.0%)
1  -O                                                                        (1 = 100.0%) {0.0%}
2  O                                                                         (0 = 0.0%) {100.0%}

Histogram: Windows.AcLayersLoaded recorded 1 samples, mean = 0.0 (flags = 0x41)
0  -O                                                                        (1 = 100.0%)
1  ... 

Histogram: Windows.CetAvailable recorded 1 samples, mean = 1.0 (flags = 0x41)
0  O                                                                         (0 = 0.0%)
1  -O                                                                        (1 = 100.0%) {0.0%}
2  O                                                                         (0 = 0.0%) {100.0%}

Histogram: Windows.CetEnabled recorded 1 samples, mean = 0.0 (flags = 0x41)
0  -O                                                                        (1 = 100.0%)
1  ... 

Histogram: Windows.DisplayIdFromDeviceId recorded 18 samples, mean = 3.0 (flags = 0x41)
0  ... 
3  ------------------O                                                       (18 = 100.0%) {0.0%}
4  O                                                                         (0 = 0.0%) {100.0%}

Histogram: Windows.DisplayIdFromDeviceKey recorded 18 samples, mean = 3.0 (flags = 0x41)
0  ... 
3  ------------------O                                                       (18 = 100.0%) {0.0%}
4  O                                                                         (0 = 0.0%) {100.0%}

Histogram: Windows.Enclave.SGX.Available recorded 1 samples, mean = 0.0 (flags = 0x41)
0  -O                                                                        (1 = 100.0%)
1  ... 

Histogram: Windows.Enclave.SGX2.Available recorded 1 samples, mean = 0.0 (flags = 0x41)
0  -O                                                                        (1 = 100.0%)
1  ... 

Histogram: Windows.Enclave.VBS.Available recorded 1 samples, mean = 1.0 (flags = 0x41)
0  O                                                                         (0 = 0.0%)
1  -O                                                                        (1 = 100.0%) {0.0%}
2  O                                                                         (0 = 0.0%) {100.0%}

Histogram: Windows.Enclave.VBSBasic.Available recorded 1 samples, mean = 0.0 (flags = 0x41)
0  -O                                                                        (1 = 100.0%)
1  ... 

Histogram: Windows.HasHighResolutionTimeTicks recorded 1 samples, mean = 1.0 (flags = 0x41)
0  O                                                                         (0 = 0.0%)
1  -O                                                                        (1 = 100.0%) {0.0%}
2  O                                                                         (0 = 0.0%) {100.0%}

Histogram: Windows.HasThreadTicks recorded 1 samples, mean = 1.0 (flags = 0x41)
0  O                                                                         (0 = 0.0%)
1  -O                                                                        (1 = 100.0%) {0.0%}
2  O                                                                         (0 = 0.0%) {100.0%}

Histogram: Windows.HighResolutionTimerUsage recorded 24 samples, mean = 0.0 (flags = 0x41)
0  ------------------------O                                                 (24 = 100.0%)
1  ... 

Histogram: Windows.HypervPresent recorded 1 samples, mean = 1.0 (flags = 0x41)
0  O                                                                         (0 = 0.0%)
1  -O                                                                        (1 = 100.0%) {0.0%}
2  O                                                                         (0 = 0.0%) {100.0%}

Histogram: Windows.LegacyDisplayIdAlgorithm recorded 38 samples, mean = 0.0 (flags = 0x41)
0  --------------------------------------O                                   (38 = 100.0%)
1  ... 

Histogram: Windows.ParallelDllLoadingEnabled recorded 1 samples, mean = 1.0 (flags = 0x41)
0  O                                                                         (0 = 0.0%)
1  -O                                                                        (1 = 100.0%) {0.0%}
2  O                                                                         (0 = 0.0%) {100.0%}

Histogram: Windows.PatchLevel recorded 1 samples (flags = 0x41)
1717051657  -O                                                                        (1 = 100.0%)

Histogram: Windows.PatchLevelKernel32 recorded 1 samples (flags = 0x41)
1710497928  -O                                                                        (1 = 100.0%)

Histogram: Windows.ProcessorFamily recorded 1 samples (flags = 0x41)
774  -O                                                                        (1 = 100.0%)

Histogram: Windows.ProcessorVirtualizationFirmwareEnabled recorded 1 samples, mean = 0.0 (flags = 0x41)
0  -O                                                                        (1 = 100.0%)
1  ... 


