[2716:62608:0527/213958.405:WARNING:chrome_main_delegate.cc(745)] This is Chrome version 128.0.6613.138 (not a warning)
[2716:50664:0527/213958.514:ERROR:google_update_settings.cc(265)] Failed opening key Software\Chromium to set usagestats; result: 5
[2716:62608:0527/213958.539:WARNING:account_consistency_mode_manager.cc(77)] Desktop Identity Consistency cannot be enabled as no OAuth client ID and client secret have been configured.
[55468:61116:0527/214004.229:WARNING:frame_impl.cc(430)] virtual CefFrameImpl::SendProcessMessage sent to detached frame 5-E488D7BA17CC3C43C4BF2BFDBCD3DBE6 will be ignored
[2716:48224:0527/214131.809:VERBOSE1:media_stream_manager.cc(1533)] MSPL::OnSpeedLimitChange({this=00002C1402356D40}, {new_limit=25})
[2716:48224:0527/214135.809:VERBOSE1:media_stream_manager.cc(1533)] MSPL::OnSpeedLimitChange({this=00002C1402356D40}, {new_limit=26})
[2716:48224:0527/214139.810:VERBOSE1:media_stream_manager.cc(1533)] MSPL::OnSpeedLimitChange({this=00002C1402356D40}, {new_limit=25})
[2716:48224:0527/214140.810:VERBOSE1:media_stream_manager.cc(1533)] MSPL::OnSpeedLimitChange({this=00002C1402356D40}, {new_limit=24})
[2716:48224:0527/214143.810:VERBOSE1:media_stream_manager.cc(1533)] MSPL::OnSpeedLimitChange({this=00002C1402356D40}, {new_limit=25})
[2716:48224:0527/214146.810:VERBOSE1:media_stream_manager.cc(1533)] MSPL::OnSpeedLimitChange({this=00002C1402356D40}, {new_limit=24})
[2716:48224:0527/214149.809:VERBOSE1:media_stream_manager.cc(1533)] MSPL::OnSpeedLimitChange({this=00002C1402356D40}, {new_limit=26})
[2716:48224:0527/214150.809:VERBOSE1:media_stream_manager.cc(1533)] MSPL::OnSpeedLimitChange({this=00002C1402356D40}, {new_limit=27})
[2716:48224:0527/214154.810:VERBOSE1:media_stream_manager.cc(1533)] MSPL::OnSpeedLimitChange({this=00002C1402356D40}, {new_limit=26})
[2716:48224:0527/214200.813:VERBOSE1:media_stream_manager.cc(1533)] MSPL::OnSpeedLimitChange({this=00002C1402356D40}, {new_limit=25})
[2716:48224:0527/214201.812:VERBOSE1:media_stream_manager.cc(1533)] MSPL::OnSpeedLimitChange({this=00002C1402356D40}, {new_limit=26})
[42052:32080:0527/214204.816:VERBOSE1:tls_handshaker.cc(105)] TlsClient: Continuing handshake
[42052:32080:0527/214204.817:VERBOSE1:tls_handshaker.cc(126)] TlsClient: SSL_do_handshake returned when entering early data. After retry, rv=-1, SSL_in_early_data=1
[42052:32080:0527/214204.878:VERBOSE1:tls_handshaker.cc(105)] TlsClient: Continuing handshake
[42052:32080:0527/214204.878:VERBOSE1:tls_handshaker.cc(105)] TlsClient: Continuing handshake
[42052:32080:0527/214204.878:VERBOSE1:tls_client_handshaker.cc(528)] Client: handshake finished
[2716:48224:0527/214207.813:VERBOSE1:media_stream_manager.cc(1533)] MSPL::OnSpeedLimitChange({this=00002C1402356D40}, {new_limit=27})
[2716:48224:0527/214226.815:VERBOSE1:media_stream_manager.cc(1533)] MSPL::OnSpeedLimitChange({this=00002C1402356D40}, {new_limit=28})
[2716:62608:0527/214228.756:VERBOSE1:device_event_log_impl.cc(198)] [21:42:28.756] Display: EVENT: screen_win.cc:893 Displays updated, count: 2
[2716:62608:0527/214228.756:VERBOSE1:device_event_log_impl.cc(198)] [21:42:28.756] Display: EVENT: screen_win.cc:895 Display[2848582967] bounds=[0,0 1440x900], workarea=[0,0 1440x852], scale=2, rotation=0, panel_rotation=0 external detected
[2716:62608:0527/214228.756:VERBOSE1:device_event_log_impl.cc(198)] [21:42:28.756] Display: EVENT: screen_win.cc:895 Display[1487107518] bounds=[-283,-1440 3440x1440], workarea=[-283,-1440 3440x1392], scale=1, rotation=0, panel_rotation=0 external detected
[2716:48224:0527/214231.256:VERBOSE1:media_stream_manager.cc(1533)] MSPL::OnSpeedLimitChange({this=00002C1402356D40}, {new_limit=27})
[2716:48224:0527/214231.256:VERBOSE1:media_stream_manager.cc(1533)] MSPL::OnSpeedLimitChange({this=00002C1402356D40}, {new_limit=26})
[2716:62608:0527/214231.258:VERBOSE1:frame_host_impl.cc(515)] frame 6-5E8B6C22836CD0140C60011B77A95CB2 (sub) detached (reason=RENDER_FRAME_DELETED, is_connected=1)
[34452:31068:0527/214231.258:VERBOSE1:dispatcher.cc(596)] Num tracked contexts: 1
[34452:31068:0527/214231.258:VERBOSE1:frame_impl.cc(620)] frame 6-5E8B6C22836CD0140C60011B77A95CB2 disconnected (reason=DETACHED, current_state=CONNECTION_ACKED, FRAME_INVALID)
[34452:31068:0527/214231.259:VERBOSE1:script_context.cc(164)] Destroyed context for extension
  extension id: 
  effective extension id: 
[34452:31068:0527/214231.259:VERBOSE1:script_context.cc(164)] Destroyed context for extension
  extension id: 
  effective extension id: 
[34452:31068:0527/214231.259:VERBOSE1:frame_impl.cc(620)] frame 6-8644757AD0A6702FE72C6AE9EB82D2C5 disconnected (reason=BROWSER_FRAME_DISCONNECT, current_state=CONNECTION_ACKED)
[34452:31068:0527/214231.259:VERBOSE1:frame_impl.cc(633)] frame 6-8644757AD0A6702FE72C6AE9EB82D2C5 connection retry scheduled
[2716:62608:0527/214231.259:VERBOSE1:frame_host_impl.cc(515)] frame 6-8644757AD0A6702FE72C6AE9EB82D2C5 (main) detached (reason=NEW_MAIN_FRAME, is_connected=1)
[2716:62608:0527/214231.279:VERBOSE1:account_reconcilor.cc(264)] AccountReconcilor::Shutdown
[2716:62608:0527/214231.279:VERBOSE1:account_reconcilor.cc(718)] AccountReconcilor::AbortReconcile: try again later
[2716:62608:0527/214231.279:VERBOSE1:account_reconcilor.cc(827)] AccountReconcilor::CalculateIfMultiloginReconcileIsDone: Error was 
[2716:62608:0527/214231.281:VERBOSE1:account_reconcilor.cc(313)] AccountReconcilor::UnregisterWithIdentityManager
[2716:62608:0527/214231.281:VERBOSE1:account_reconcilor.cc(286)] AccountReconcilor::UnregisterWithContentSettings
[2716:62608:0527/214231.281:VERBOSE1:gaia_cookie_manager_service.cc(628)] GaiaCookieManagerService::CancelAll
[2716:62608:0527/214231.281:VERBOSE1:mutable_profile_oauth2_token_service_delegate.cc(752)] MutablePO2TS::Shutdown
[2716:62608:0527/214231.281:VERBOSE1:mutable_profile_oauth2_token_service_delegate.cc(235)] MutablePO2TS::~MutablePO2TS
[2716:62608:0527/214231.281:VERBOSE1:device_event_log_impl.cc(198)] [21:42:31.281] Bluetooth: EVENT: bluetooth_api.cc:109 BluetoothAPI: Shutdown
[2716:62608:0527/214231.281:VERBOSE1:account_reconcilor.cc(193)] AccountReconcilor::~AccountReconcilor
[2716:62608:0527/214231.282:VERBOSE1:device_event_log_impl.cc(198)] [21:42:31.282] Bluetooth: EVENT: bluetooth_api.cc:95 ~BluetoothAPI: 00002C1402511A00
[2716:62608:0527/214231.344:VERBOSE1:component_updater_service.cc(180)] CrxUpdateService stopping
[2716:62608:0527/214231.344:WARNING:pref_notifier_impl.cc(41)] Pref observer for media_router.cast_allow_all_ips found at shutdown.
[2716:62608:0527/214231.365:VERBOSE1:statistics_recorder.cc(607)] Collections of all histograms
Histogram: API.StorageAccess.AllowedRequests2 recorded 128 samples, mean = 0.1 (flags = 0x41)
0  ------------------------------------------------------------------------O (119 = 93.0%)
1  -----O                                                                    (9 = 7.0%) {93.0%}
2  ... 

Histogram: API.StorageAccess.DocumentInheritedStorageAccess recorded 7 samples, mean = 0.0 (flags = 0x41)
0  -------O                                                                  (7 = 100.0%)
1  ... 

Histogram: API.StorageAccess.DocumentLoadedWithStorageAccess recorded 7 samples, mean = 0.0 (flags = 0x41)
0  -------O                                                                  (7 = 100.0%)
1  ... 

Histogram: Accessibility.CaptionSettingsLoadedFromSystemSettings recorded 1 samples, mean = 0.0 (flags = 0x41)
0  -O                                                                        (1 = 100.0%)
1  ... 

Histogram: Accessibility.ImageLabels2 recorded 1 samples, mean = 0.0 (flags = 0x41)
0  -O                                                                        (1 = 100.0%)
1  ... 

Histogram: Accessibility.LiveCaption.FeatureEnabled2 recorded 1 samples, mean = 1.0 (flags = 0x41)
0  O                                                                         (0 = 0.0%)
1  -O                                                                        (1 = 100.0%) {0.0%}
2  O                                                                         (0 = 0.0%) {100.0%}

Histogram: Accessibility.LiveCaption2 recorded 1 samples, mean = 0.0 (flags = 0x41)
0  -O                                                                        (1 = 100.0%)
1  ... 

Histogram: Accessibility.ManuallyEnabled recorded 1 samples, mean = 0.0 (flags = 0x41)
0  -O                                                                        (1 = 100.0%)
1  ... 

Histogram: Accessibility.WinJAWS recorded 1 samples, mean = 0.0 (flags = 0x41)
0  -O                                                                        (1 = 100.0%)
1  ... 

Histogram: Accessibility.WinNVDA recorded 1 samples, mean = 0.0 (flags = 0x41)
0  -O                                                                        (1 = 100.0%)
1  ... 

Histogram: Accessibility.WinSAToGo recorded 1 samples, mean = 0.0 (flags = 0x41)
0  -O                                                                        (1 = 100.0%)
1  ... 

Histogram: Accessibility.WinScreenReader2 recorded 1 samples, mean = 0.0 (flags = 0x41)
0  -O                                                                        (1 = 100.0%)
1  ... 

Histogram: Accessibility.WinStickyKeys recorded 1 samples, mean = 0.0 (flags = 0x41)
0  -O                                                                        (1 = 100.0%)
1  ... 

Histogram: Accessibility.WinSupernova recorded 1 samples, mean = 0.0 (flags = 0x41)
0  -O                                                                        (1 = 100.0%)
1  ... 

Histogram: Accessibility.WinZoomText recorded 1 samples, mean = 0.0 (flags = 0x41)
0  -O                                                                        (1 = 100.0%)
1  ... 

Histogram: AppBanners.InstallableStatusCode recorded 1 samples (flags = 0x41)
8  -O                                                                        (1 = 100.0%)

Histogram: Apps.PreferredApps.EntryCount recorded 1 samples, mean = 0.0 (flags = 0x41)
0  -O                                                                        (1 = 100.0%)
1  ... 

Histogram: Autofill.Address.IsEnabled.PageLoad recorded 1 samples, mean = 1.0 (flags = 0x41)
0  O                                                                         (0 = 0.0%)
1  -O                                                                        (1 = 100.0%) {0.0%}
2  O                                                                         (0 = 0.0%) {100.0%}

Histogram: Autofill.Address.IsEnabled.PageLoad.SignedOut recorded 1 samples, mean = 1.0 (flags = 0x41)
0  O                                                                         (0 = 0.0%)
1  -O                                                                        (1 = 100.0%) {0.0%}
2  O                                                                         (0 = 0.0%) {100.0%}

Histogram: Autofill.Address.IsEnabled.Startup recorded 1 samples, mean = 1.0 (flags = 0x41)
0  O                                                                         (0 = 0.0%)
1  -O                                                                        (1 = 100.0%) {0.0%}
2  O                                                                         (0 = 0.0%) {100.0%}

Histogram: Autofill.CreditCard.IsEnabled.PageLoad recorded 1 samples, mean = 1.0 (flags = 0x41)
0  O                                                                         (0 = 0.0%)
1  -O                                                                        (1 = 100.0%) {0.0%}
2  O                                                                         (0 = 0.0%) {100.0%}

Histogram: Autofill.CreditCard.IsEnabled.PageLoad.SignedOut recorded 1 samples, mean = 1.0 (flags = 0x41)
0  O                                                                         (0 = 0.0%)
1  -O                                                                        (1 = 100.0%) {0.0%}
2  O                                                                         (0 = 0.0%) {100.0%}

Histogram: Autofill.CreditCard.IsEnabled.Startup recorded 1 samples, mean = 1.0 (flags = 0x41)
0  O                                                                         (0 = 0.0%)
1  -O                                                                        (1 = 100.0%) {0.0%}
2  O                                                                         (0 = 0.0%) {100.0%}

Histogram: Autofill.DOMContentLoadedInOutermostMainFrame recorded 3 samples, mean = 0.3 (flags = 0x41)
0  --O                                                                       (2 = 66.7%)
1  -O                                                                        (1 = 33.3%) {66.7%}
2  O                                                                         (0 = 0.0%) {100.0%}

Histogram: Autofill.ExtractFormUnowned.FieldCount recorded 6 samples, mean = 0.0 (flags = 0x41)
0  ------O                                                                   (6 = 100.0%)
1  ... 

Histogram: Autofill.FormForest.GetBrowserFormOfRendererForm.Duration recorded 1 samples, mean = 0.0 (flags = 0x41)
0  -O                                                                        (1 = 100.0%)
1  ... 

Histogram: Autofill.FormForest.UpdateTreeOfRendererForm.Duration recorded 1 samples, mean = 499.0 (flags = 0x41)
0    ... 
448  -O                                                                        (1 = 100.0%) {0.0%}
590  ... 

Histogram: Autofill.FormForest.UpdateTreeOfRendererForm.Visits recorded 1 samples, mean = 2.0 (flags = 0x41)
0  ... 
2  -O                                                                        (1 = 100.0%) {0.0%}
3  ... 

Histogram: Autofill.Funnel.ParsedAsType.Address recorded 6 samples, mean = 0.0 (flags = 0x41)
0  ------O                                                                   (6 = 100.0%)
1  ... 

Histogram: Autofill.Funnel.ParsedAsType.CreditCard recorded 6 samples, mean = 0.0 (flags = 0x41)
0  ------O                                                                   (6 = 100.0%)
1  ... 

Histogram: Autofill.Funnel.ParsedAsType.VirtualCard.StandaloneCvc recorded 6 samples, mean = 0.0 (flags = 0x41)
0  ------O                                                                   (6 = 100.0%)
1  ... 

Histogram: Autofill.IsEnabled.PageLoad recorded 1 samples, mean = 1.0 (flags = 0x41)
0  O                                                                         (0 = 0.0%)
1  -O                                                                        (1 = 100.0%) {0.0%}
2  O                                                                         (0 = 0.0%) {100.0%}

Histogram: Autofill.IsEnabled.PageLoad.SignedOut recorded 1 samples, mean = 1.0 (flags = 0x41)
0  O                                                                         (0 = 0.0%)
1  -O                                                                        (1 = 100.0%) {0.0%}
2  O                                                                         (0 = 0.0%) {100.0%}

Histogram: Autofill.IsEnabled.Startup recorded 1 samples, mean = 1.0 (flags = 0x41)
0  O                                                                         (0 = 0.0%)
1  -O                                                                        (1 = 100.0%) {0.0%}
2  O                                                                         (0 = 0.0%) {100.0%}

Histogram: Autofill.Leipzig.Duplication.NumberOfLocalSupersetProfilesOnStartup recorded 1 samples, mean = 0.0 (flags = 0x41)
0  -O                                                                        (1 = 100.0%)
1  ... 

Histogram: Autofill.NumberOfDriversPerFactory recorded 1 samples, mean = 3.0 (flags = 0x41)
0  ... 
3  -O                                                                        (1 = 100.0%) {0.0%}
4  ... 

Histogram: Autofill.Offer.StoredOfferCount2.CardLinkedOffer recorded 1 samples, mean = 0.0 (flags = 0x41)
0  -O                                                                        (1 = 100.0%)
1  ... 

Histogram: Autofill.Offer.StoredOfferCount2.GPayPromoCodeOffer recorded 1 samples, mean = 0.0 (flags = 0x41)
0  -O                                                                        (1 = 100.0%)
1  ... 

Histogram: Autofill.PaymentMethods.CvcStorageIsEnabled.Startup recorded 1 samples, mean = 0.0 (flags = 0x41)
0  -O                                                                        (1 = 100.0%)
1  ... 

Histogram: Autofill.StoredCreditCardCount recorded 1 samples, mean = 0.0 (flags = 0x41)
0  -O                                                                        (1 = 100.0%)
1  ... 

Histogram: Autofill.StoredCreditCardCount.Local recorded 1 samples, mean = 0.0 (flags = 0x41)
0  -O                                                                        (1 = 100.0%)
1  ... 

Histogram: Autofill.StoredCreditCardCount.Local.WithInvalidCardNumber recorded 1 samples, mean = 0.0 (flags = 0x41)
0  -O                                                                        (1 = 100.0%)
1  ... 

Histogram: Autofill.StoredCreditCardCount.Local.WithNickname recorded 1 samples, mean = 0.0 (flags = 0x41)
0  -O                                                                        (1 = 100.0%)
1  ... 

Histogram: Autofill.StoredCreditCardCount.Server recorded 1 samples, mean = 0.0 (flags = 0x41)
0  -O                                                                        (1 = 100.0%)
1  ... 

Histogram: Autofill.StoredCreditCardCount.Server.Masked recorded 1 samples, mean = 0.0 (flags = 0x41)
0  -O                                                                        (1 = 100.0%)
1  ... 

Histogram: Autofill.StoredCreditCardCount.Server.Masked.WithNickname recorded 1 samples, mean = 0.0 (flags = 0x41)
0  -O                                                                        (1 = 100.0%)
1  ... 

Histogram: Autofill.StoredCreditCardCount.Server.Unmasked recorded 1 samples, mean = 0.0 (flags = 0x41)
0  -O                                                                        (1 = 100.0%)
1  ... 

Histogram: Autofill.StoredCreditCardCount.Server.WithCardArtImage recorded 1 samples, mean = 0.0 (flags = 0x41)
0  -O                                                                        (1 = 100.0%)
1  ... 

Histogram: Autofill.StoredCreditCardCount.Server.WithVirtualCardMetadata recorded 1 samples, mean = 0.0 (flags = 0x41)
0  -O                                                                        (1 = 100.0%)
1  ... 

Histogram: Autofill.StoredIbanCount recorded 1 samples, mean = 0.0 (flags = 0x41)
0  -O                                                                        (1 = 100.0%)
1  ... 

Histogram: Autofill.StoredProfileCount.AccountChrome recorded 1 samples, mean = 0.0 (flags = 0x41)
0  -O                                                                        (1 = 100.0%)
1  ... 

Histogram: Autofill.StoredProfileCount.AccountNonChrome recorded 1 samples, mean = 0.0 (flags = 0x41)
0  -O                                                                        (1 = 100.0%)
1  ... 

Histogram: Autofill.StoredProfileCount.Legacy recorded 1 samples, mean = 0.0 (flags = 0x41)
0  -O                                                                        (1 = 100.0%)
1  ... 

Histogram: Autofill.StoredProfileCount.Total recorded 1 samples, mean = 0.0 (flags = 0x41)
0  -O                                                                        (1 = 100.0%)
1  ... 

Histogram: Autofill.SubmissionDetectionSource.FormTracker recorded 2 samples, mean = 3.0 (flags = 0x41)
0  ... 
3  --O                                                                       (2 = 100.0%) {0.0%}
4  ... 

Histogram: Autofill.Timing.ParseFormsAsync recorded 1 samples, mean = 0.0 (flags = 0x41)
0  -O                                                                        (1 = 100.0%)
1  ... 

Histogram: Autofill.Timing.ParseFormsAsync.RunHeuristics recorded 1 samples, mean = 0.0 (flags = 0x41)
0  -O                                                                        (1 = 100.0%)
1  ... 

Histogram: Autofill.Timing.ParseFormsAsync.UpdateCache recorded 1 samples, mean = 0.0 (flags = 0x41)
0  -O                                                                        (1 = 100.0%)
1  ... 

Histogram: Autofill.TimingInterval.ExtractFormData.GetFormDataFromUnownedInputElements.AutofillAgentReset recorded 3 samples, mean = 2173716.8 (flags = 0x41)
0        ... 
1823911  --O                                                                       (2 = 66.7%) {0.0%}
2129046  O                                                                         (0 = 0.0%) {66.7%}
2485230  -O                                                                        (1 = 33.3%) {66.7%}
2901002  ... 

Histogram: Autofill.TimingInterval.ExtractFormData.GetFormDataFromUnownedInputElements.DOMContentLoaded recorded 3 samples, mean = 716070080.0 (flags = 0x41)
0         ... 
153496    -O                                                                        (1 = 33.3%) {0.0%}
179176    ... 
529117    -O                                                                        (1 = 33.3%) {33.3%}
617637    ... 
10000000  -O                                                                        (1 = 33.3%) {66.7%}

Histogram: Autofill.TimingInterval.ExtractFormData.UpdateFormCache.AutofillAgentReset recorded 5 samples, mean = 1304771.2 (flags = 0x41)
0        ... 
79       -O                                                                        (1 = 20.0%) {0.0%}
92       ... 
2751     -O                                                                        (1 = 20.0%) {20.0%}
3211     ... 
1823911  --O                                                                       (2 = 40.0%) {40.0%}
2129046  O                                                                         (0 = 0.0%) {80.0%}
2485230  -O                                                                        (1 = 20.0%) {80.0%}
2901002  ... 

Histogram: Autofill.TimingInterval.ExtractFormData.UpdateFormCache.DOMContentLoaded recorded 5 samples, mean = 145451.0 (flags = 0x41)
0       ... 
4       -O                                                                        (1 = 20.0%) {0.0%}
5       ... 
8       -O                                                                        (1 = 20.0%) {20.0%}
9       ... 
932     -O                                                                        (1 = 20.0%) {40.0%}
1088    ... 
153496  -O                                                                        (1 = 20.0%) {60.0%}
179176  ... 
529117  -O                                                                        (1 = 20.0%) {80.0%}
617637  ... 

Histogram: Autofill.TimingInterval.UpdateFormCache.UpdateFormCache.AutofillAgentReset recorded 5 samples, mean = 1304910.0 (flags = 0x41)
0        ... 
92       -O                                                                        (1 = 20.0%) {0.0%}
107      ... 
3211     -O                                                                        (1 = 20.0%) {20.0%}
3748     ... 
1823911  --O                                                                       (2 = 40.0%) {40.0%}
2129046  O                                                                         (0 = 0.0%) {80.0%}
2485230  -O                                                                        (1 = 20.0%) {80.0%}
2901002  ... 

Histogram: Autofill.TimingInterval.UpdateFormCache.UpdateFormCache.DOMContentLoaded recorded 5 samples, mean = 145589.8 (flags = 0x41)
0       ... 
11      -O                                                                        (1 = 20.0%) {0.0%}
13      O                                                                         (0 = 0.0%) {20.0%}
15      -O                                                                        (1 = 20.0%) {20.0%}
17      ... 
1270    -O                                                                        (1 = 20.0%) {40.0%}
1482    ... 
153496  -O                                                                        (1 = 20.0%) {60.0%}
179176  ... 
529117  -O                                                                        (1 = 20.0%) {80.0%}
617637  ... 

Histogram: Autofill.TimingPrecise.ExtractFormData recorded 8 samples, mean = 183.2 (flags = 0x41)
0    ... 
3    -O                                                                        (1 = 12.5%) {0.0%}
4    -O                                                                        (1 = 12.5%) {12.5%}
5    ... 
7    -O                                                                        (1 = 12.5%) {25.0%}
8    ... 
17   -O                                                                        (1 = 12.5%) {37.5%}
19   ... 
25   -O                                                                        (1 = 12.5%) {50.0%}
28   ... 
60   -O                                                                        (1 = 12.5%) {62.5%}
68   ... 
364  -O                                                                        (1 = 12.5%) {75.0%}
414  ... 
901  -O                                                                        (1 = 12.5%) {87.5%}
1026 ... 

Histogram: Autofill.TimingPrecise.ExtractFormData.GetFormDataFromUnownedInputElements recorded 3 samples, mean = 130.3 (flags = 0x41)
0    ... 
4    -O                                                                        (1 = 33.3%) {0.0%}
5    ... 
17   -O                                                                        (1 = 33.3%) {33.3%}
19   ... 
364  -O                                                                        (1 = 33.3%) {66.7%}
414  ... 

Histogram: Autofill.TimingPrecise.ExtractFormData.UpdateFormCache recorded 5 samples, mean = 215.0 (flags = 0x41)
0    ... 
3    -O                                                                        (1 = 20.0%) {0.0%}
4    ... 
7    -O                                                                        (1 = 20.0%) {20.0%}
8    ... 
25   -O                                                                        (1 = 20.0%) {40.0%}
28   ... 
60   -O                                                                        (1 = 20.0%) {60.0%}
68   ... 
901  -O                                                                        (1 = 20.0%) {80.0%}
1026 ... 

Histogram: Autofill.TimingPrecise.InferLabelForElement recorded 8 samples, mean = 0.0 (flags = 0x41)
0  --------O                                                                 (8 = 100.0%)
1  ... 

Histogram: Autofill.TimingPrecise.UpdateFormCache recorded 5 samples, mean = 358.2 (flags = 0x41)
0     ... 
11    -O                                                                        (1 = 20.0%) {0.0%}
13    O                                                                         (0 = 0.0%) {20.0%}
15    -O                                                                        (1 = 20.0%) {20.0%}
17    ... 
77    -O                                                                        (1 = 20.0%) {40.0%}
88    ... 
281   -O                                                                        (1 = 20.0%) {60.0%}
320   ... 
1330  -O                                                                        (1 = 20.0%) {80.0%}
1514  ... 

Histogram: Autofill.TimingPrecise.UpdateFormCache.UpdateFormCache recorded 5 samples, mean = 358.2 (flags = 0x41)
0     ... 
11    -O                                                                        (1 = 20.0%) {0.0%}
13    O                                                                         (0 = 0.0%) {20.0%}
15    -O                                                                        (1 = 20.0%) {20.0%}
17    ... 
77    -O                                                                        (1 = 20.0%) {40.0%}
88    ... 
281   -O                                                                        (1 = 20.0%) {60.0%}
320   ... 
1330  -O                                                                        (1 = 20.0%) {80.0%}
1514  ... 

Histogram: Autofill.VirtualCardUsageData.StoredUsageDataCount recorded 1 samples, mean = 0.0 (flags = 0x41)
0  -O                                                                        (1 = 100.0%)
1  ... 

Histogram: Blink.CSSStyleSheetResource.ParseTime recorded 8 samples, mean = 1334.1 (flags = 0x41)
0     ... 
76    -O                                                                        (1 = 12.5%) {0.0%}
105   O                                                                         (0 = 0.0%) {12.5%}
146   -O                                                                        (1 = 12.5%) {12.5%}
203   -O                                                                        (1 = 12.5%) {25.0%}
282   -O                                                                        (1 = 12.5%) {37.5%}
391   ... 
1043  --O                                                                       (2 = 25.0%) {50.0%}
1447  -O                                                                        (1 = 12.5%) {75.0%}
2008  ... 
5362  -O                                                                        (1 = 12.5%) {87.5%}
7439  ... 

Histogram: Blink.CommitDocumentLoaderTime recorded 7 samples, mean = 7.3 (flags = 0x41)
0   -O                                                                        (1 = 14.3%)
1   -O                                                                        (1 = 14.3%) {14.3%}
2   --O                                                                       (2 = 28.6%) {28.6%}
3   ... 
8   -O                                                                        (1 = 14.3%) {57.1%}
10  ... 
17  -O                                                                        (1 = 14.3%) {71.4%}
20  -O                                                                        (1 = 14.3%) {85.7%}
24  ... 

Histogram: Blink.CompositingInputs.UpdateTime.PreFCP recorded 1 samples, mean = 3.0 (flags = 0x41)
0  ... 
3  -O                                                                        (1 = 100.0%) {0.0%}
4  ... 

Histogram: Blink.CookiesTime recorded 21 samples, mean = 0.7 (flags = 0x41)
0   --------------------O                                                     (20 = 95.2%)
1   ... 
14  -O                                                                        (1 = 4.8%) {95.2%}
17  ... 

Histogram: Blink.CullRect.UpdateTime recorded 15 samples, mean = 9.5 (flags = 0x41)
0   --O                                                                       (2 = 13.3%)
1   ---O                                                                      (3 = 20.0%) {13.3%}
2   -O                                                                        (1 = 6.7%) {33.3%}
3   -O                                                                        (1 = 6.7%) {40.0%}
4   --O                                                                       (2 = 13.3%) {46.7%}
6   O                                                                         (0 = 0.0%) {60.0%}
8   -O                                                                        (1 = 6.7%) {60.0%}
11  -O                                                                        (1 = 6.7%) {66.7%}
15  --O                                                                       (2 = 13.3%) {73.3%}
21  O                                                                         (0 = 0.0%) {86.7%}
29  --O                                                                       (2 = 13.3%) {86.7%}
40  ... 

Histogram: Blink.DocumentLoader.CommitNavigationToStartLoadingResponse.Time.OutermostMainFrame.NewNavigation.IsHTTPOrHTTPS recorded 1 samples, mean = 4.0 (flags = 0x41)
0  ... 
4  -O                                                                        (1 = 100.0%) {0.0%}
5  ... 

Histogram: Blink.DocumentLoader.CreateParserPostCommit.Time.OutermostMainFrame.NewNavigation.IsHTTPOrHTTPS recorded 1 samples, mean = 12.0 (flags = 0x41)
0   ... 
12  -O                                                                        (1 = 100.0%) {0.0%}
14  ... 

Histogram: Blink.EffectiveZoom recorded 17 samples (flags = 0x41)
200  -----------------O                                                        (17 = 100.0%)

Histogram: Blink.Experimental.Cookies.CacheLookupResult2 recorded 21 samples, mean = 0.9 (flags = 0x41)
0  --O                                                                       (2 = 9.5%)
1  -------------------O                                                      (19 = 90.5%) {9.5%}
2  ... 

Histogram: Blink.Experimental.Cookies.FirstCookieRequest recorded 2 samples, mean = 1.0 (flags = 0x41)
0  O                                                                         (0 = 0.0%)
1  --O                                                                       (2 = 100.0%) {0.0%}
2  ... 

Histogram: Blink.Fetch.RequestResourceTime2 recorded 147 samples, mean = 196.5 (flags = 0x41)
0      ... 
11     ------------------------O                                                 (24 = 16.3%) {0.0%}
15     ---------------------O                                                    (21 = 14.3%) {16.3%}
21     ------------O                                                             (12 = 8.2%) {30.6%}
29     -----------O                                                              (11 = 7.5%) {38.8%}
40     --------------O                                                           (14 = 9.5%) {46.3%}
55     -------------------O                                                      (19 = 12.9%) {55.8%}
76     ---------O                                                                (9 = 6.1%) {68.7%}
105    ---------O                                                                (9 = 6.1%) {74.8%}
146    ----------O                                                               (10 = 6.8%) {81.0%}
203    -------O                                                                  (7 = 4.8%) {87.8%}
282    ------O                                                                   (6 = 4.1%) {92.5%}
391    -O                                                                        (1 = 0.7%) {96.6%}
542    -O                                                                        (1 = 0.7%) {97.3%}
752    -O                                                                        (1 = 0.7%) {98.0%}
1043   O                                                                         (0 = 0.0%) {98.6%}
1447   -O                                                                        (1 = 0.7%) {98.6%}
2008   ... 
14319  -O                                                                        (1 = 0.7%) {99.3%}
19866  ... 

Histogram: Blink.Fetch.RequestResourceTime2.Preload recorded 41 samples, mean = 114.6 (flags = 0x41)
0     ... 
15    -----O                                                                    (5 = 12.2%) {0.0%}
21    --O                                                                       (2 = 4.9%) {12.2%}
29    ------O                                                                   (6 = 14.6%) {17.1%}
40    ----------O                                                               (10 = 24.4%) {31.7%}
55    -------O                                                                  (7 = 17.1%) {56.1%}
76    --O                                                                       (2 = 4.9%) {73.2%}
105   -O                                                                        (1 = 2.4%) {78.0%}
146   ------O                                                                   (6 = 14.6%) {80.5%}
203   O                                                                         (0 = 0.0%) {95.1%}
282   -O                                                                        (1 = 2.4%) {95.1%}
391   ... 
1447  -O                                                                        (1 = 2.4%) {97.6%}
2008  ... 

Histogram: Blink.FetchQueuedPreloadsTime.MainFrame.Initial recorded 1 samples, mean = 2.0 (flags = 0x41)
0  ... 
2  -O                                                                        (1 = 100.0%) {0.0%}
3  ... 

Histogram: Blink.Fonts.DecodeTime recorded 5 samples, mean = 7166.2 (flags = 0x41)
0      ... 
2786   -O                                                                        (1 = 20.0%) {0.0%}
3865   --O                                                                       (2 = 40.0%) {20.0%}
5362   O                                                                         (0 = 0.0%) {60.0%}
7439   -O                                                                        (1 = 20.0%) {60.0%}
10321  O                                                                         (0 = 0.0%) {80.0%}
14319  -O                                                                        (1 = 20.0%) {80.0%}
19866  ... 

Histogram: Blink.Fonts.VariableFontsRatio recorded 5 samples, mean = 1.2 (flags = 0x41)
0  O                                                                         (0 = 0.0%)
1  ----O                                                                     (4 = 80.0%) {0.0%}
2  -O                                                                        (1 = 20.0%) {80.0%}
3  ... 

Histogram: Blink.ForcedStyleAndLayout.UpdateTime.PreFCP recorded 2 samples, mean = 18.0 (flags = 0x41)
0   ... 
11  -O                                                                        (1 = 50.0%) {0.0%}
15  O                                                                         (0 = 0.0%) {50.0%}
21  -O                                                                        (1 = 50.0%) {50.0%}
29  ... 

Histogram: Blink.HTMLFastPathParser.AbortedParseSize recorded 41 samples, mean = 3.4 (flags = 0x41)
0  ------O                                                                   (6 = 14.6%)
1  ... 
4  -----------------------------------O                                      (35 = 85.4%) {14.6%}
6  ... 

Histogram: Blink.HTMLFastPathParser.AbortedParseTime2 recorded 41 samples, mean = 2.2 (flags = 0x41)
0   -------O                                                                  (7 = 17.1%)
1   ---------------O                                                          (15 = 36.6%) {17.1%}
2   ----------O                                                               (10 = 24.4%) {53.7%}
3   ---O                                                                      (3 = 7.3%) {78.0%}
4   ---O                                                                      (3 = 7.3%) {85.4%}
5   -O                                                                        (1 = 2.4%) {92.7%}
6   -O                                                                        (1 = 2.4%) {95.1%}
7   ... 
21  -O                                                                        (1 = 2.4%) {97.6%}
23  ... 

Histogram: Blink.HTMLFastPathParser.ParseResult recorded 81 samples, mean = 8.1 (flags = 0x41)
0   ----------------------------------------O                                 (40 = 49.4%)
1   ... 
4   ------O                                                                   (6 = 7.4%) {49.4%}
5   ... 
18  -----------------------------------O                                      (35 = 43.2%) {56.8%}
19  ... 

Histogram: Blink.HTMLFastPathParser.SuccessfulParseSize recorded 40 samples, mean = 201.8 (flags = 0x41)
0    ... 
146  --------------------O                                                     (20 = 50.0%) {0.0%}
203  --------------------O                                                     (20 = 50.0%) {50.0%}
282  ... 

Histogram: Blink.HTMLFastPathParser.SuccessfulParseTime2 recorded 40 samples, mean = 8.0 (flags = 0x41)
0    O                                                                         (0 = 0.0%)
1    ------------O                                                             (12 = 30.0%) {0.0%}
2    ----------------O                                                         (16 = 40.0%) {30.0%}
3    ---O                                                                      (3 = 7.5%) {70.0%}
4    --O                                                                       (2 = 5.0%) {77.5%}
5    --O                                                                       (2 = 5.0%) {82.5%}
6    -O                                                                        (1 = 2.5%) {87.5%}
7    ... 
9    -O                                                                        (1 = 2.5%) {90.0%}
10   ... 
14   -O                                                                        (1 = 2.5%) {92.5%}
15   ... 
43   -O                                                                        (1 = 2.5%) {95.0%}
46   ... 
174  -O                                                                        (1 = 2.5%) {97.5%}
188  ... 

Histogram: Blink.HTMLFastPathParser.TotalParseTime2 recorded 81 samples, mean = 21.5 (flags = 0x41)
0    O                                                                         (0 = 0.0%)
1    ------O                                                                   (6 = 7.4%) {0.0%}
2    ----------------O                                                         (16 = 19.8%) {7.4%}
3    -----O                                                                    (5 = 6.2%) {27.2%}
4    -----O                                                                    (5 = 6.2%) {33.3%}
5    --O                                                                       (2 = 2.5%) {39.5%}
6    ---O                                                                      (3 = 3.7%) {42.0%}
7    -O                                                                        (1 = 1.2%) {45.7%}
8    -O                                                                        (1 = 1.2%) {46.9%}
9    -O                                                                        (1 = 1.2%) {48.1%}
10   ---O                                                                      (3 = 3.7%) {49.4%}
11   ... 
13   -O                                                                        (1 = 1.2%) {53.1%}
14   -O                                                                        (1 = 1.2%) {54.3%}
15   --O                                                                       (2 = 2.5%) {55.6%}
16   -O                                                                        (1 = 1.2%) {58.0%}
17   -O                                                                        (1 = 1.2%) {59.3%}
18   ---O                                                                      (3 = 3.7%) {60.5%}
19   O                                                                         (0 = 0.0%) {64.2%}
21   --O                                                                       (2 = 2.5%) {64.2%}
23   ---O                                                                      (3 = 3.7%) {66.7%}
25   O                                                                         (0 = 0.0%) {70.4%}
27   ---O                                                                      (3 = 3.7%) {70.4%}
29   --O                                                                       (2 = 2.5%) {74.1%}
31   -O                                                                        (1 = 1.2%) {76.5%}
34   --O                                                                       (2 = 2.5%) {77.8%}
37   ----O                                                                     (4 = 4.9%) {80.2%}
40   -O                                                                        (1 = 1.2%) {85.2%}
43   -O                                                                        (1 = 1.2%) {86.4%}
46   --O                                                                       (2 = 2.5%) {87.7%}
50   -O                                                                        (1 = 1.2%) {90.1%}
54   -O                                                                        (1 = 1.2%) {91.4%}
58   -O                                                                        (1 = 1.2%) {92.6%}
63   ... 
80   -O                                                                        (1 = 1.2%) {93.8%}
86   ... 
101  -O                                                                        (1 = 1.2%) {95.1%}
109  --O                                                                       (2 = 2.5%) {96.3%}
118  ... 
174  -O                                                                        (1 = 1.2%) {98.8%}
188  ... 

Histogram: Blink.HTMLParsing.ChunkCount4 recorded 1 samples, mean = 1.0 (flags = 0x41)
0  O                                                                         (0 = 0.0%)
1  -O                                                                        (1 = 100.0%) {0.0%}
2  ... 

Histogram: Blink.HTMLParsing.InputCharacterCount4 recorded 1 samples, mean = 152341.0 (flags = 0x41)
0       ... 
141691  -O                                                                        (1 = 100.0%) {0.0%}
196583  ... 

Histogram: Blink.HTMLParsing.ParsingTimeMax4 recorded 1 samples, mean = 4822.0 (flags = 0x41)
0     ... 
4774  -O                                                                        (1 = 100.0%) {0.0%}
4848  ... 

Histogram: Blink.HTMLParsing.ParsingTimeMin4 recorded 1 samples, mean = 4822.0 (flags = 0x41)
0     ... 
4279  -O                                                                        (1 = 100.0%) {0.0%}
4872  ... 

Histogram: Blink.HTMLParsing.ParsingTimeTotal4 recorded 1 samples, mean = 4822.0 (flags = 0x41)
0     ... 
4774  -O                                                                        (1 = 100.0%) {0.0%}
4848  ... 

Histogram: Blink.HTMLParsing.PreloadRequestCount recorded 1 samples, mean = 33.0 (flags = 0x41)
0   ... 
33  -O                                                                        (1 = 100.0%) {0.0%}
37  ... 

Histogram: Blink.HTMLParsing.TimeToDeferredPumpTokenizer4 recorded 1 samples, mean = 670.0 (flags = 0x41)
0    ... 
610  -O                                                                        (1 = 100.0%) {0.0%}
695  ... 

Histogram: Blink.HTMLParsing.TokensParsedAverage4 recorded 1 samples, mean = 127.0 (flags = 0x41)
0    ... 
113  -O                                                                        (1 = 100.0%) {0.0%}
149  ... 

Histogram: Blink.HTMLParsing.TokensParsedMax4 recorded 1 samples, mean = 127.0 (flags = 0x41)
0    ... 
113  -O                                                                        (1 = 100.0%) {0.0%}
149  ... 

Histogram: Blink.HTMLParsing.TokensParsedMin4 recorded 1 samples, mean = 127.0 (flags = 0x41)
0    ... 
114  -O                                                                        (1 = 100.0%) {0.0%}
135  ... 

Histogram: Blink.HTMLParsing.TokensParsedTotal4 recorded 1 samples, mean = 127.0 (flags = 0x41)
0    ... 
105  -O                                                                        (1 = 100.0%) {0.0%}
146  ... 

Histogram: Blink.HTMLParsing.YieldedTimeAverage4 recorded 1 samples, mean = 438.0 (flags = 0x41)
0    ... 
430  -O                                                                        (1 = 100.0%) {0.0%}
502  ... 

Histogram: Blink.HTMLParsing.YieldedTimeMax4 recorded 1 samples, mean = 688.0 (flags = 0x41)
0    ... 
683  -O                                                                        (1 = 100.0%) {0.0%}
694  ... 

Histogram: Blink.HTMLParsing.YieldedTimeMin4 recorded 1 samples, mean = 189.0 (flags = 0x41)
0    ... 
170  -O                                                                        (1 = 100.0%) {0.0%}
198  ... 

Histogram: Blink.History.VisitedLinks.IsLinkStyledAsVisited recorded 38 samples, mean = 0.0 (flags = 0x41)
0  --------------------------------------O                                   (38 = 100.0%)
1  ... 

Histogram: Blink.JavascriptDocumentUpdate.UpdateTime.PreFCP recorded 1 samples, mean = 14.0 (flags = 0x41)
0   ... 
11  -O                                                                        (1 = 100.0%) {0.0%}
15  ... 

Histogram: Blink.Layout.InlineNode.ShapeText.MaxTime.InOutermostMainFrame3 recorded 1 samples, mean = 0.0 (flags = 0x41)
0  -O                                                                        (1 = 100.0%)
1  ... 

Histogram: Blink.Layout.InlineNode.ShapeText.TotalTime.InOutermostMainFrame3 recorded 1 samples, mean = 0.0 (flags = 0x41)
0  -O                                                                        (1 = 100.0%)
1  ... 

Histogram: Blink.Layout.SVGImage.Count.InOutermostMainFrame recorded 1 samples, mean = 0.0 (flags = 0x41)
0  -O                                                                        (1 = 100.0%)
1  ... 

Histogram: Blink.Layout.SVGImage.TotalTime.InOutermostMainFrame recorded 1 samples, mean = 0.0 (flags = 0x41)
0  -O                                                                        (1 = 100.0%)
1  ... 

Histogram: Blink.MainFrame.UpdateTime.PreFCP recorded 15 samples, mean = 9414.1 (flags = 0x41)
0      ... 
76     -O                                                                        (1 = 6.7%) {0.0%}
105    -O                                                                        (1 = 6.7%) {6.7%}
146    O                                                                         (0 = 0.0%) {13.3%}
203    -O                                                                        (1 = 6.7%) {13.3%}
282    -O                                                                        (1 = 6.7%) {20.0%}
391    -O                                                                        (1 = 6.7%) {26.7%}
542    --O                                                                       (2 = 13.3%) {33.3%}
752    -O                                                                        (1 = 6.7%) {46.7%}
1043   --O                                                                       (2 = 13.3%) {53.3%}
1447   O                                                                         (0 = 0.0%) {66.7%}
2008   -O                                                                        (1 = 6.7%) {66.7%}
2786   O                                                                         (0 = 0.0%) {73.3%}
3865   -O                                                                        (1 = 6.7%) {73.3%}
5362   O                                                                         (0 = 0.0%) {80.0%}
7439   -O                                                                        (1 = 6.7%) {80.0%}
10321  ... 
27562  -O                                                                        (1 = 6.7%) {86.7%}
38240  ... 
73609  -O                                                                        (1 = 6.7%) {93.3%}
102126 ... 

Histogram: Blink.MemoryCache.RevalidationPolicy.AsyncScript recorded 48 samples, mean = 1.6 (flags = 0x41)
0  -----------------------O                                                  (23 = 47.9%)
1  ... 
3  -------------------------O                                                (25 = 52.1%) {47.9%}
4  ... 

Histogram: Blink.MemoryCache.RevalidationPolicy.CSSStyleSheet recorded 8 samples, mean = 0.0 (flags = 0x41)
0  --------O                                                                 (8 = 100.0%)
1  ... 

Histogram: Blink.MemoryCache.RevalidationPolicy.Dead.CSSStyleSheet recorded 1 samples, mean = 0.0 (flags = 0x41)
0  -O                                                                        (1 = 100.0%)
1  ... 

Histogram: Blink.MemoryCache.RevalidationPolicy.Dead.Font recorded 2 samples, mean = 0.0 (flags = 0x41)
0  --O                                                                       (2 = 100.0%)
1  ... 

Histogram: Blink.MemoryCache.RevalidationPolicy.Dead.Script recorded 22 samples, mean = 0.0 (flags = 0x41)
0  ----------------------O                                                   (22 = 100.0%)
1  ... 

Histogram: Blink.MemoryCache.RevalidationPolicy.Font recorded 23 samples, mean = 4.0 (flags = 0x41)
0  -O                                                                        (1 = 4.3%)
1  ... 
4  ------------------O                                                       (18 = 78.3%) {4.3%}
5  ----O                                                                     (4 = 17.4%) {82.6%}
6  O                                                                         (0 = 0.0%) {100.0%}

Histogram: Blink.MemoryCache.RevalidationPolicy.Image recorded 44 samples, mean = 4.0 (flags = 0x41)
0  ... 
3  -O                                                                        (1 = 2.3%) {0.0%}
4  -------------------------------------------O                              (43 = 97.7%) {2.3%}
5  ... 

Histogram: Blink.MemoryCache.RevalidationPolicy.Manifest recorded 1 samples, mean = 3.0 (flags = 0x41)
0  ... 
3  -O                                                                        (1 = 100.0%) {0.0%}
4  ... 

Histogram: Blink.MemoryCache.RevalidationPolicy.Preload.CSSStyleSheet recorded 15 samples, mean = 1.6 (flags = 0x41)
0  -------O                                                                  (7 = 46.7%)
1  ... 
3  --------O                                                                 (8 = 53.3%) {46.7%}
4  ... 

Histogram: Blink.MemoryCache.RevalidationPolicy.Preload.Font recorded 2 samples, mean = 1.5 (flags = 0x41)
0  -O                                                                        (1 = 50.0%)
1  ... 
3  -O                                                                        (1 = 50.0%) {50.0%}
4  ... 

Histogram: Blink.MemoryCache.RevalidationPolicy.Preload.Script recorded 24 samples, mean = 2.8 (flags = 0x41)
0  --O                                                                       (2 = 8.3%)
1  ... 
3  ----------------------O                                                   (22 = 91.7%) {8.3%}
4  ... 

Histogram: Blink.MemoryCache.RevalidationPolicy.Raw recorded 8 samples, mean = 3.0 (flags = 0x41)
0  ... 
3  --------O                                                                 (8 = 100.0%) {0.0%}
4  ... 

Histogram: Blink.MemoryCache.RevalidationPolicy.Script recorded 26 samples, mean = 0.5 (flags = 0x41)
0  ----------------------O                                                   (22 = 84.6%)
1  ... 
3  ----O                                                                     (4 = 15.4%) {84.6%}
4  ... 

Histogram: Blink.PreloadRequestStartDuration recorded 41 samples, mean = 126.8 (flags = 0x41)
0     ... 
15    -----O                                                                    (5 = 12.2%) {0.0%}
21    --O                                                                       (2 = 4.9%) {12.2%}
29    ------O                                                                   (6 = 14.6%) {17.1%}
40    ---------O                                                                (9 = 22.0%) {31.7%}
55    --------O                                                                 (8 = 19.5%) {53.7%}
76    -O                                                                        (1 = 2.4%) {73.2%}
105   --O                                                                       (2 = 4.9%) {75.6%}
146   ----O                                                                     (4 = 9.8%) {80.5%}
203   -O                                                                        (1 = 2.4%) {90.2%}
282   O                                                                         (0 = 0.0%) {92.7%}
391   --O                                                                       (2 = 4.9%) {92.7%}
542   ... 
1447  -O                                                                        (1 = 2.4%) {97.6%}
2008  ... 

Histogram: Blink.PreloadRequestWaitTime recorded 31 samples, mean = 1.8 (flags = 0x41)
0  O                                                                         (0 = 0.0%)
1  ----------O                                                               (10 = 32.3%) {0.0%}
2  ------------------O                                                       (18 = 58.1%) {32.3%}
3  ---O                                                                      (3 = 9.7%) {90.3%}
4  ... 

Histogram: Blink.PrepareToStopParsingTime recorded 48 samples, mean = 0.9 (flags = 0x41)
0   ---------------------------------------------O                            (45 = 93.8%)
1   O                                                                         (0 = 0.0%) {93.8%}
2   -O                                                                        (1 = 2.1%) {93.8%}
3   ... 
6   -O                                                                        (1 = 2.1%) {95.8%}
7   ... 
34  -O                                                                        (1 = 2.1%) {97.9%}
40  ... 

Histogram: Blink.PumpTokenizerTime recorded 94 samples, mean = 0.4 (flags = 0x41)
0   ------------------------------------------------------------------------O (90 = 95.7%)
1   O                                                                         (0 = 0.0%) {95.7%}
2   -O                                                                        (1 = 1.1%) {95.7%}
3   ... 
6   -O                                                                        (1 = 1.1%) {96.8%}
7   ... 
10  -O                                                                        (1 = 1.1%) {97.9%}
12  O                                                                         (0 = 0.0%) {98.9%}
14  -O                                                                        (1 = 1.1%) {98.9%}
17  ... 

Histogram: Blink.ResourceRequest.BackgroundResourceFetchSupportStatus recorded 49 samples, mean = 0.1 (flags = 0x41)
0  -----------------------------------------------O                          (47 = 95.9%)
1  O                                                                         (0 = 0.0%) {95.9%}
2  --O                                                                       (2 = 4.1%) {95.9%}
3  ... 

Histogram: Blink.ResourceRequest.CompletionDelay2 recorded 49 samples, mean = 14.7 (flags = 0x41)
0    ----------O                                                               (10 = 20.4%)
1    -----O                                                                    (5 = 10.2%) {20.4%}
2    --------O                                                                 (8 = 16.3%) {30.6%}
3    -----O                                                                    (5 = 10.2%) {46.9%}
4    ---O                                                                      (3 = 6.1%) {57.1%}
5    -----O                                                                    (5 = 10.2%) {63.3%}
6    --O                                                                       (2 = 4.1%) {73.5%}
7    O                                                                         (0 = 0.0%) {77.6%}
8    --O                                                                       (2 = 4.1%) {77.6%}
10   ... 
29   --O                                                                       (2 = 4.1%) {81.6%}
34   -O                                                                        (1 = 2.0%) {85.7%}
40   -O                                                                        (1 = 2.0%) {87.8%}
48   --O                                                                       (2 = 4.1%) {89.8%}
57   O                                                                         (0 = 0.0%) {93.9%}
68   -O                                                                        (1 = 2.0%) {93.9%}
81   O                                                                         (0 = 0.0%) {95.9%}
96   -O                                                                        (1 = 2.0%) {95.9%}
114  ... 
160  -O                                                                        (1 = 2.0%) {98.0%}
190  ... 

Histogram: Blink.ResourceRequest.RedirectDelay2 recorded 3 samples, mean = 69.3 (flags = 0x41)
0    -O                                                                        (1 = 33.3%)
1    ... 
17   -O                                                                        (1 = 33.3%) {33.3%}
20   ... 
190  -O                                                                        (1 = 33.3%) {66.7%}
226  ... 

Histogram: Blink.ResourceRequest.ResponseDelay2 recorded 49 samples, mean = 16.9 (flags = 0x41)
0    --------O                                                                 (8 = 16.3%)
1    ------O                                                                   (6 = 12.2%) {16.3%}
2    -O                                                                        (1 = 2.0%) {28.6%}
3    ... 
5    -O                                                                        (1 = 2.0%) {30.6%}
6    O                                                                         (0 = 0.0%) {32.7%}
7    ---O                                                                      (3 = 6.1%) {32.7%}
8    --O                                                                       (2 = 4.1%) {38.8%}
10   ----O                                                                     (4 = 8.2%) {42.9%}
12   ----O                                                                     (4 = 8.2%) {51.0%}
14   ---O                                                                      (3 = 6.1%) {59.2%}
17   -------O                                                                  (7 = 14.3%) {65.3%}
20   --O                                                                       (2 = 4.1%) {79.6%}
24   O                                                                         (0 = 0.0%) {83.7%}
29   -O                                                                        (1 = 2.0%) {83.7%}
34   O                                                                         (0 = 0.0%) {85.7%}
40   --O                                                                       (2 = 4.1%) {85.7%}
48   --O                                                                       (2 = 4.1%) {89.8%}
57   -O                                                                        (1 = 2.0%) {93.9%}
68   -O                                                                        (1 = 2.0%) {95.9%}
81   ... 
114  -O                                                                        (1 = 2.0%) {98.0%}
135  ... 

Histogram: Blink.ResourceRequest.StartDelay2 recorded 49 samples, mean = 856.9 (flags = 0x41)
0     ... 
8     -O                                                                        (1 = 2.0%) {0.0%}
10    -O                                                                        (1 = 2.0%) {2.0%}
12    -O                                                                        (1 = 2.0%) {4.1%}
14    -O                                                                        (1 = 2.0%) {6.1%}
17    --O                                                                       (2 = 4.1%) {8.2%}
20    O                                                                         (0 = 0.0%) {12.2%}
24    ----O                                                                     (4 = 8.2%) {12.2%}
29    -O                                                                        (1 = 2.0%) {20.4%}
34    --O                                                                       (2 = 4.1%) {22.4%}
40    ---O                                                                      (3 = 6.1%) {26.5%}
48    -O                                                                        (1 = 2.0%) {32.7%}
57    -O                                                                        (1 = 2.0%) {34.7%}
68    ... 
633   ----O                                                                     (4 = 8.2%) {36.7%}
752   ... 
1262  --------------------------O                                               (26 = 53.1%) {44.9%}
1500  ... 
2117  -O                                                                        (1 = 2.0%) {98.0%}
2516  ... 

Histogram: Blink.ScanAndPreloadTime.MainFrame.Initial recorded 1 samples, mean = 3.0 (flags = 0x41)
0  ... 
3  -O                                                                        (1 = 100.0%) {0.0%}
4  ... 

Histogram: Blink.ScanAndPreloadTime.MainFrame.NonInitial recorded 1 samples, mean = 0.0 (flags = 0x41)
0  -O                                                                        (1 = 100.0%)
1  ... 

Histogram: Blink.ScanAndPreloadTime2.MainFrame.Initial recorded 1 samples, mean = 3781.0 (flags = 0x41)
0     ... 
2786  -O                                                                        (1 = 100.0%) {0.0%}
3865  ... 

Histogram: Blink.ScanAndPreloadTime2.MainFrame.NonInitial recorded 1 samples, mean = 13.0 (flags = 0x41)
0   ... 
11  -O                                                                        (1 = 100.0%) {0.0%}
15  ... 

Histogram: Blink.ScanAndPreloadTime2.Preload.MainFrame.Initial recorded 1 samples, mean = 2458.0 (flags = 0x41)
0     ... 
2008  -O                                                                        (1 = 100.0%) {0.0%}
2786  ... 

Histogram: Blink.ScanAndPreloadTime2.Preload.MainFrame.NonInitial recorded 1 samples, mean = 1.0 (flags = 0x41)
0  O                                                                         (0 = 0.0%)
1  -O                                                                        (1 = 100.0%) {0.0%}
2  ... 

Histogram: Blink.ScanAndPreloadTime2.Scan.MainFrame.Initial recorded 1 samples, mean = 1286.0 (flags = 0x41)
0     ... 
1043  -O                                                                        (1 = 100.0%) {0.0%}
1447  ... 

Histogram: Blink.ScanAndPreloadTime2.Scan.MainFrame.NonInitial recorded 1 samples, mean = 1.0 (flags = 0x41)
0  O                                                                         (0 = 0.0%)
1  -O                                                                        (1 = 100.0%) {0.0%}
2  ... 

Histogram: Blink.Script.AsyncScript.FromReadyToStartExecution.Time recorded 26 samples, mean = 1.2 (flags = 0x41)
0   ---------------------O                                                    (21 = 80.8%)
1   -O                                                                        (1 = 3.8%) {80.8%}
2   -O                                                                        (1 = 3.8%) {84.6%}
3   ... 
5   -O                                                                        (1 = 3.8%) {88.5%}
6   ... 
10  -O                                                                        (1 = 3.8%) {92.3%}
13  -O                                                                        (1 = 3.8%) {96.2%}
16  ... 

Histogram: Blink.Script.SchedulingType recorded 41 samples, mean = 5.3 (flags = 0x41)
0  ... 
3  -O                                                                        (1 = 2.4%) {0.0%}
4  O                                                                         (0 = 0.0%) {2.4%}
5  -------------------------O                                                (25 = 61.0%) {2.4%}
6  ---------------O                                                          (15 = 36.6%) {63.4%}
7  ... 

Histogram: Blink.UseCounter.AnimatedCSSProperties recorded 1 samples, mean = 1.0 (flags = 0x41)
0  O                                                                         (0 = 0.0%)
1  -O                                                                        (1 = 100.0%) {0.0%}
2  ... 

Histogram: Blink.UseCounter.CSSProperties recorded 97 samples, mean = 273.8 (flags = 0x41)
0    O                                                                         (0 = 0.0%)
1    -O                                                                        (1 = 1.0%) {0.0%}
2    -O                                                                        (1 = 1.0%) {1.0%}
3    -O                                                                        (1 = 1.0%) {2.1%}
4    -O                                                                        (1 = 1.0%) {3.1%}
5    -O                                                                        (1 = 1.0%) {4.1%}
6    -O                                                                        (1 = 1.0%) {5.2%}
7    -O                                                                        (1 = 1.0%) {6.2%}
8    -O                                                                        (1 = 1.0%) {7.2%}
9    O                                                                         (0 = 0.0%) {8.2%}
10   -O                                                                        (1 = 1.0%) {8.2%}
11   ... 
14   -O                                                                        (1 = 1.0%) {9.3%}
15   ... 
20   -O                                                                        (1 = 1.0%) {10.3%}
21   -O                                                                        (1 = 1.0%) {11.3%}
22   ... 
24   -O                                                                        (1 = 1.0%) {12.4%}
25   ... 
34   -O                                                                        (1 = 1.0%) {13.4%}
35   ... 
42   -O                                                                        (1 = 1.0%) {14.4%}
43   ... 
53   -O                                                                        (1 = 1.0%) {15.5%}
54   ... 
59   -O                                                                        (1 = 1.0%) {16.5%}
60   ... 
66   -O                                                                        (1 = 1.0%) {17.5%}
67   ... 
69   -O                                                                        (1 = 1.0%) {18.6%}
70   ... 
72   -O                                                                        (1 = 1.0%) {19.6%}
73   O                                                                         (0 = 0.0%) {20.6%}
74   -O                                                                        (1 = 1.0%) {20.6%}
75   ... 
77   -O                                                                        (1 = 1.0%) {21.6%}
78   ... 
81   -O                                                                        (1 = 1.0%) {22.7%}
82   ... 
84   -O                                                                        (1 = 1.0%) {23.7%}
85   ... 
89   -O                                                                        (1 = 1.0%) {24.7%}
90   ... 
95   -O                                                                        (1 = 1.0%) {25.8%}
96   -O                                                                        (1 = 1.0%) {26.8%}
97   -O                                                                        (1 = 1.0%) {27.8%}
98   -O                                                                        (1 = 1.0%) {28.9%}
99   O                                                                         (0 = 0.0%) {29.9%}
100  -O                                                                        (1 = 1.0%) {29.9%}
101  ... 
105  -O                                                                        (1 = 1.0%) {30.9%}
106  -O                                                                        (1 = 1.0%) {32.0%}
107  -O                                                                        (1 = 1.0%) {33.0%}
108  O                                                                         (0 = 0.0%) {34.0%}
109  -O                                                                        (1 = 1.0%) {34.0%}
110  ... 
118  -O                                                                        (1 = 1.0%) {35.1%}
119  -O                                                                        (1 = 1.0%) {36.1%}
120  ... 
124  -O                                                                        (1 = 1.0%) {37.1%}
125  ... 
127  -O                                                                        (1 = 1.0%) {38.1%}
128  -O                                                                        (1 = 1.0%) {39.2%}
129  -O                                                                        (1 = 1.0%) {40.2%}
130  ... 
143  -O                                                                        (1 = 1.0%) {41.2%}
144  ... 
150  -O                                                                        (1 = 1.0%) {42.3%}
151  O                                                                         (0 = 0.0%) {43.3%}
152  -O                                                                        (1 = 1.0%) {43.3%}
153  -O                                                                        (1 = 1.0%) {44.3%}
154  -O                                                                        (1 = 1.0%) {45.4%}
155  O                                                                         (0 = 0.0%) {46.4%}
156  -O                                                                        (1 = 1.0%) {46.4%}
157  -O                                                                        (1 = 1.0%) {47.4%}
158  O                                                                         (0 = 0.0%) {48.5%}
159  -O                                                                        (1 = 1.0%) {48.5%}
160  O                                                                         (0 = 0.0%) {49.5%}
161  -O                                                                        (1 = 1.0%) {49.5%}
162  -O                                                                        (1 = 1.0%) {50.5%}
163  O                                                                         (0 = 0.0%) {51.5%}
164  -O                                                                        (1 = 1.0%) {51.5%}
165  -O                                                                        (1 = 1.0%) {52.6%}
166  ... 
175  -O                                                                        (1 = 1.0%) {53.6%}
176  ... 
231  -O                                                                        (1 = 1.0%) {54.6%}
232  -O                                                                        (1 = 1.0%) {55.7%}
233  O                                                                         (0 = 0.0%) {56.7%}
234  -O                                                                        (1 = 1.0%) {56.7%}
235  -O                                                                        (1 = 1.0%) {57.7%}
236  O                                                                         (0 = 0.0%) {58.8%}
237  -O                                                                        (1 = 1.0%) {58.8%}
238  -O                                                                        (1 = 1.0%) {59.8%}
239  -O                                                                        (1 = 1.0%) {60.8%}
240  -O                                                                        (1 = 1.0%) {61.9%}
241  O                                                                         (0 = 0.0%) {62.9%}
242  -O                                                                        (1 = 1.0%) {62.9%}
243  ... 
303  -O                                                                        (1 = 1.0%) {63.9%}
304  ... 
369  -O                                                                        (1 = 1.0%) {64.9%}
370  -O                                                                        (1 = 1.0%) {66.0%}
371  ... 
415  -O                                                                        (1 = 1.0%) {67.0%}
416  ... 
432  -O                                                                        (1 = 1.0%) {68.0%}
433  -O                                                                        (1 = 1.0%) {69.1%}
434  ... 
437  -O                                                                        (1 = 1.0%) {70.1%}
438  ... 
446  -O                                                                        (1 = 1.0%) {71.1%}
447  ... 
508  -O                                                                        (1 = 1.0%) {72.2%}
509  ... 
514  -O                                                                        (1 = 1.0%) {73.2%}
515  -O                                                                        (1 = 1.0%) {74.2%}
516  -O                                                                        (1 = 1.0%) {75.3%}
517  ... 
537  -O                                                                        (1 = 1.0%) {76.3%}
538  ... 
549  -O                                                                        (1 = 1.0%) {77.3%}
550  ... 
563  -O                                                                        (1 = 1.0%) {78.4%}
564  ... 
591  -O                                                                        (1 = 1.0%) {79.4%}
592  -O                                                                        (1 = 1.0%) {80.4%}
593  O                                                                         (0 = 0.0%) {81.4%}
594  -O                                                                        (1 = 1.0%) {81.4%}
595  -O                                                                        (1 = 1.0%) {82.5%}
596  ... 
598  -O                                                                        (1 = 1.0%) {83.5%}
599  -O                                                                        (1 = 1.0%) {84.5%}
600  ... 
618  -O                                                                        (1 = 1.0%) {85.6%}
619  -O                                                                        (1 = 1.0%) {86.6%}
620  -O                                                                        (1 = 1.0%) {87.6%}
621  -O                                                                        (1 = 1.0%) {88.7%}
622  ... 
636  -O                                                                        (1 = 1.0%) {89.7%}
637  ... 
657  -O                                                                        (1 = 1.0%) {90.7%}
658  -O                                                                        (1 = 1.0%) {91.8%}
659  ... 
662  -O                                                                        (1 = 1.0%) {92.8%}
663  ... 
672  -O                                                                        (1 = 1.0%) {93.8%}
673  -O                                                                        (1 = 1.0%) {94.8%}
674  O                                                                         (0 = 0.0%) {95.9%}
675  -O                                                                        (1 = 1.0%) {95.9%}
676  ... 
696  -O                                                                        (1 = 1.0%) {96.9%}
697  ... 
746  -O                                                                        (1 = 1.0%) {97.9%}
747  ... 
770  -O                                                                        (1 = 1.0%) {99.0%}
771  ... 

Histogram: Blink.UseCounter.Features recorded 186 samples, mean = 2264.1 (flags = 0x41)
0     ... 
13    -O                                                                        (1 = 0.5%) {0.0%}
14    ... 
16    -O                                                                        (1 = 0.5%) {0.5%}
17    ... 
52    -O                                                                        (1 = 0.5%) {1.1%}
53    ... 
69    -O                                                                        (1 = 0.5%) {1.6%}
70    ... 
123   -O                                                                        (1 = 0.5%) {2.2%}
124   -O                                                                        (1 = 0.5%) {2.7%}
125   -O                                                                        (1 = 0.5%) {3.2%}
126   ... 
138   -O                                                                        (1 = 0.5%) {3.8%}
139   ... 
240   -O                                                                        (1 = 0.5%) {4.3%}
241   ... 
250   -O                                                                        (1 = 0.5%) {4.8%}
251   ... 
429   -O                                                                        (1 = 0.5%) {5.4%}
430   -O                                                                        (1 = 0.5%) {5.9%}
431   -O                                                                        (1 = 0.5%) {6.5%}
432   -O                                                                        (1 = 0.5%) {7.0%}
433   ... 
469   -O                                                                        (1 = 0.5%) {7.5%}
470   ... 
494   -O                                                                        (1 = 0.5%) {8.1%}
495   ... 
522   -O                                                                        (1 = 0.5%) {8.6%}
523   -O                                                                        (1 = 0.5%) {9.1%}
524   -O                                                                        (1 = 0.5%) {9.7%}
525   ... 
540   -O                                                                        (1 = 0.5%) {10.2%}
541   ... 
587   -O                                                                        (1 = 0.5%) {10.8%}
588   -O                                                                        (1 = 0.5%) {11.3%}
589   ... 
675   -O                                                                        (1 = 0.5%) {11.8%}
676   O                                                                         (0 = 0.0%) {12.4%}
677   -O                                                                        (1 = 0.5%) {12.4%}
678   ... 
710   -O                                                                        (1 = 0.5%) {12.9%}
711   -O                                                                        (1 = 0.5%) {13.4%}
712   -O                                                                        (1 = 0.5%) {14.0%}
713   ... 
717   -O                                                                        (1 = 0.5%) {14.5%}
718   ... 
730   -O                                                                        (1 = 0.5%) {15.1%}
731   ... 
744   -O                                                                        (1 = 0.5%) {15.6%}
745   ... 
780   -O                                                                        (1 = 0.5%) {16.1%}
781   -O                                                                        (1 = 0.5%) {16.7%}
782   ... 
786   -O                                                                        (1 = 0.5%) {17.2%}
787   -O                                                                        (1 = 0.5%) {17.7%}
788   ... 
804   -O                                                                        (1 = 0.5%) {18.3%}
805   ... 
900   -O                                                                        (1 = 0.5%) {18.8%}
901   -O                                                                        (1 = 0.5%) {19.4%}
902   ... 
907   -O                                                                        (1 = 0.5%) {19.9%}
908   ... 
954   -O                                                                        (1 = 0.5%) {20.4%}
955   ... 
970   -O                                                                        (1 = 0.5%) {21.0%}
971   O                                                                         (0 = 0.0%) {21.5%}
972   -O                                                                        (1 = 0.5%) {21.5%}
973   -O                                                                        (1 = 0.5%) {22.0%}
974   ... 
976   -O                                                                        (1 = 0.5%) {22.6%}
977   ... 
1023  -O                                                                        (1 = 0.5%) {23.1%}
1024  ... 
1069  -O                                                                        (1 = 0.5%) {23.7%}
1070  -O                                                                        (1 = 0.5%) {24.2%}
1071  ... 
1075  -O                                                                        (1 = 0.5%) {24.7%}
1076  -O                                                                        (1 = 0.5%) {25.3%}
1077  ... 
1124  -O                                                                        (1 = 0.5%) {25.8%}
1125  ... 
1302  -O                                                                        (1 = 0.5%) {26.3%}
1303  ... 
1347  -O                                                                        (1 = 0.5%) {26.9%}
1348  ... 
1351  -O                                                                        (1 = 0.5%) {27.4%}
1352  ... 
1354  -O                                                                        (1 = 0.5%) {28.0%}
1355  ... 
1368  -O                                                                        (1 = 0.5%) {28.5%}
1369  ... 
1417  -O                                                                        (1 = 0.5%) {29.0%}
1418  ... 
1441  -O                                                                        (1 = 0.5%) {29.6%}
1442  ... 
1458  -O                                                                        (1 = 0.5%) {30.1%}
1459  -O                                                                        (1 = 0.5%) {30.6%}
1460  ... 
1462  -O                                                                        (1 = 0.5%) {31.2%}
1463  -O                                                                        (1 = 0.5%) {31.7%}
1464  ... 
1467  -O                                                                        (1 = 0.5%) {32.3%}
1468  ... 
1502  -O                                                                        (1 = 0.5%) {32.8%}
1503  ... 
1692  -O                                                                        (1 = 0.5%) {33.3%}
1693  -O                                                                        (1 = 0.5%) {33.9%}
1694  ... 
1827  -O                                                                        (1 = 0.5%) {34.4%}
1828  ... 
2013  -O                                                                        (1 = 0.5%) {34.9%}
2014  ... 
2077  -O                                                                        (1 = 0.5%) {35.5%}
2078  ... 
2094  -O                                                                        (1 = 0.5%) {36.0%}
2095  O                                                                         (0 = 0.0%) {36.6%}
2096  -O                                                                        (1 = 0.5%) {36.6%}
2097  ... 
2100  -O                                                                        (1 = 0.5%) {37.1%}
2101  ... 
2112  -O                                                                        (1 = 0.5%) {37.6%}
2113  ... 
2121  -O                                                                        (1 = 0.5%) {38.2%}
2122  ... 
2157  -O                                                                        (1 = 0.5%) {38.7%}
2158  ... 
2188  -O                                                                        (1 = 0.5%) {39.2%}
2189  O                                                                         (0 = 0.0%) {39.8%}
2190  -O                                                                        (1 = 0.5%) {39.8%}
2191  -O                                                                        (1 = 0.5%) {40.3%}
2192  ... 
2195  -O                                                                        (1 = 0.5%) {40.9%}
2196  ... 
2203  -O                                                                        (1 = 0.5%) {41.4%}
2204  -O                                                                        (1 = 0.5%) {41.9%}
2205  ... 
2217  -O                                                                        (1 = 0.5%) {42.5%}
2218  ... 
2226  -O                                                                        (1 = 0.5%) {43.0%}
2227  O                                                                         (0 = 0.0%) {43.5%}
2228  -O                                                                        (1 = 0.5%) {43.5%}
2229  -O                                                                        (1 = 0.5%) {44.1%}
2230  ... 
2236  -O                                                                        (1 = 0.5%) {44.6%}
2237  ... 
2298  -O                                                                        (1 = 0.5%) {45.2%}
2299  ... 
2314  -O                                                                        (1 = 0.5%) {45.7%}
2315  ... 
2319  -O                                                                        (1 = 0.5%) {46.2%}
2320  ... 
2322  -O                                                                        (1 = 0.5%) {46.8%}
2323  ... 
2347  -O                                                                        (1 = 0.5%) {47.3%}
2348  ... 
2355  -O                                                                        (1 = 0.5%) {47.8%}
2356  ... 
2361  -O                                                                        (1 = 0.5%) {48.4%}
2362  ... 
2387  -O                                                                        (1 = 0.5%) {48.9%}
2388  -O                                                                        (1 = 0.5%) {49.5%}
2389  ... 
2399  -O                                                                        (1 = 0.5%) {50.0%}
2400  ... 
2413  -O                                                                        (1 = 0.5%) {50.5%}
2414  ... 
2429  -O                                                                        (1 = 0.5%) {51.1%}
2430  O                                                                         (0 = 0.0%) {51.6%}
2431  -O                                                                        (1 = 0.5%) {51.6%}
2432  ... 
2487  -O                                                                        (1 = 0.5%) {52.2%}
2488  ... 
2518  -O                                                                        (1 = 0.5%) {52.7%}
2519  ... 
2598  -O                                                                        (1 = 0.5%) {53.2%}
2599  ... 
2618  -O                                                                        (1 = 0.5%) {53.8%}
2619  ... 
2654  -O                                                                        (1 = 0.5%) {54.3%}
2655  -O                                                                        (1 = 0.5%) {54.8%}
2656  -O                                                                        (1 = 0.5%) {55.4%}
2657  -O                                                                        (1 = 0.5%) {55.9%}
2658  -O                                                                        (1 = 0.5%) {56.5%}
2659  -O                                                                        (1 = 0.5%) {57.0%}
2660  -O                                                                        (1 = 0.5%) {57.5%}
2661  -O                                                                        (1 = 0.5%) {58.1%}
2662  -O                                                                        (1 = 0.5%) {58.6%}
2663  -O                                                                        (1 = 0.5%) {59.1%}
2664  ... 
2699  -O                                                                        (1 = 0.5%) {59.7%}
2700  -O                                                                        (1 = 0.5%) {60.2%}
2701  -O                                                                        (1 = 0.5%) {60.8%}
2702  -O                                                                        (1 = 0.5%) {61.3%}
2703  -O                                                                        (1 = 0.5%) {61.8%}
2704  -O                                                                        (1 = 0.5%) {62.4%}
2705  -O                                                                        (1 = 0.5%) {62.9%}
2706  -O                                                                        (1 = 0.5%) {63.4%}
2707  -O                                                                        (1 = 0.5%) {64.0%}
2708  ... 
2710  -O                                                                        (1 = 0.5%) {64.5%}
2711  -O                                                                        (1 = 0.5%) {65.1%}
2712  ... 
2714  -O                                                                        (1 = 0.5%) {65.6%}
2715  -O                                                                        (1 = 0.5%) {66.1%}
2716  -O                                                                        (1 = 0.5%) {66.7%}
2717  ... 
2723  -O                                                                        (1 = 0.5%) {67.2%}
2724  ... 
2738  -O                                                                        (1 = 0.5%) {67.7%}
2739  ... 
2769  -O                                                                        (1 = 0.5%) {68.3%}
2770  ... 
2789  -O                                                                        (1 = 0.5%) {68.8%}
2790  -O                                                                        (1 = 0.5%) {69.4%}
2791  -O                                                                        (1 = 0.5%) {69.9%}
2792  -O                                                                        (1 = 0.5%) {70.4%}
2793  ... 
2841  -O                                                                        (1 = 0.5%) {71.0%}
2842  ... 
2903  -O                                                                        (1 = 0.5%) {71.5%}
2904  -O                                                                        (1 = 0.5%) {72.0%}
2905  ... 
2927  -O                                                                        (1 = 0.5%) {72.6%}
2928  ... 
2935  -O                                                                        (1 = 0.5%) {73.1%}
2936  ... 
3004  -O                                                                        (1 = 0.5%) {73.7%}
3005  ... 
3019  -O                                                                        (1 = 0.5%) {74.2%}
3020  -O                                                                        (1 = 0.5%) {74.7%}
3021  ... 
3028  -O                                                                        (1 = 0.5%) {75.3%}
3029  ... 
3066  -O                                                                        (1 = 0.5%) {75.8%}
3067  ... 
3116  -O                                                                        (1 = 0.5%) {76.3%}
3117  ... 
3157  -O                                                                        (1 = 0.5%) {76.9%}
3158  ... 
3189  -O                                                                        (1 = 0.5%) {77.4%}
3190  ... 
3198  -O                                                                        (1 = 0.5%) {78.0%}
3199  ... 
3254  -O                                                                        (1 = 0.5%) {78.5%}
3255  ... 
3258  -O                                                                        (1 = 0.5%) {79.0%}
3259  ... 
3273  -O                                                                        (1 = 0.5%) {79.6%}
3274  O                                                                         (0 = 0.0%) {80.1%}
3275  -O                                                                        (1 = 0.5%) {80.1%}
3276  ... 
3279  -O                                                                        (1 = 0.5%) {80.6%}
3280  ... 
3307  -O                                                                        (1 = 0.5%) {81.2%}
3308  -O                                                                        (1 = 0.5%) {81.7%}
3309  ... 
3349  -O                                                                        (1 = 0.5%) {82.3%}
3350  ... 
3359  -O                                                                        (1 = 0.5%) {82.8%}
3360  ... 
3409  -O                                                                        (1 = 0.5%) {83.3%}
3410  ... 
3444  -O                                                                        (1 = 0.5%) {83.9%}
3445  ... 
3580  -O                                                                        (1 = 0.5%) {84.4%}
3581  -O                                                                        (1 = 0.5%) {84.9%}
3582  ... 
3698  -O                                                                        (1 = 0.5%) {85.5%}
3699  ... 
3789  -O                                                                        (1 = 0.5%) {86.0%}
3790  -O                                                                        (1 = 0.5%) {86.6%}
3791  ... 
3803  -O                                                                        (1 = 0.5%) {87.1%}
3804  ... 
3870  -O                                                                        (1 = 0.5%) {87.6%}
3871  ... 
3945  -O                                                                        (1 = 0.5%) {88.2%}
3946  ... 
3973  -O                                                                        (1 = 0.5%) {88.7%}
3974  ... 
4007  -O                                                                        (1 = 0.5%) {89.2%}
4008  ... 
4079  -O                                                                        (1 = 0.5%) {89.8%}
4080  ... 
4113  -O                                                                        (1 = 0.5%) {90.3%}
4114  ... 
4161  -O                                                                        (1 = 0.5%) {90.9%}
4162  ... 
4177  -O                                                                        (1 = 0.5%) {91.4%}
4178  ... 
4194  -O                                                                        (1 = 0.5%) {91.9%}
4195  O                                                                         (0 = 0.0%) {92.5%}
4196  -O                                                                        (1 = 0.5%) {92.5%}
4197  ... 
4240  -O                                                                        (1 = 0.5%) {93.0%}
4241  O                                                                         (0 = 0.0%) {93.5%}
4242  -O                                                                        (1 = 0.5%) {93.5%}
4243  ... 
4307  -O                                                                        (1 = 0.5%) {94.1%}
4308  ... 
4317  -O                                                                        (1 = 0.5%) {94.6%}
4318  ... 
4372  -O                                                                        (1 = 0.5%) {95.2%}
4373  ... 
4379  -O                                                                        (1 = 0.5%) {95.7%}
4380  ... 
4419  -O                                                                        (1 = 0.5%) {96.2%}
4420  ... 
4561  -O                                                                        (1 = 0.5%) {96.8%}
4562  ... 
4673  -O                                                                        (1 = 0.5%) {97.3%}
4674  ... 
4743  -O                                                                        (1 = 0.5%) {97.8%}
4744  ... 
4877  -O                                                                        (1 = 0.5%) {98.4%}
4878  ... 
4961  -O                                                                        (1 = 0.5%) {98.9%}
4962  ... 
4994  -O                                                                        (1 = 0.5%) {99.5%}
4995  ... 

Histogram: Blink.UseCounter.MainFrame.Features recorded 186 samples, mean = 2264.1 (flags = 0x41)
0     ... 
13    -O                                                                        (1 = 0.5%) {0.0%}
14    ... 
16    -O                                                                        (1 = 0.5%) {0.5%}
17    ... 
52    -O                                                                        (1 = 0.5%) {1.1%}
53    ... 
69    -O                                                                        (1 = 0.5%) {1.6%}
70    ... 
123   -O                                                                        (1 = 0.5%) {2.2%}
124   -O                                                                        (1 = 0.5%) {2.7%}
125   -O                                                                        (1 = 0.5%) {3.2%}
126   ... 
138   -O                                                                        (1 = 0.5%) {3.8%}
139   ... 
240   -O                                                                        (1 = 0.5%) {4.3%}
241   ... 
250   -O                                                                        (1 = 0.5%) {4.8%}
251   ... 
429   -O                                                                        (1 = 0.5%) {5.4%}
430   -O                                                                        (1 = 0.5%) {5.9%}
431   -O                                                                        (1 = 0.5%) {6.5%}
432   -O                                                                        (1 = 0.5%) {7.0%}
433   ... 
469   -O                                                                        (1 = 0.5%) {7.5%}
470   ... 
494   -O                                                                        (1 = 0.5%) {8.1%}
495   ... 
522   -O                                                                        (1 = 0.5%) {8.6%}
523   -O                                                                        (1 = 0.5%) {9.1%}
524   -O                                                                        (1 = 0.5%) {9.7%}
525   ... 
540   -O                                                                        (1 = 0.5%) {10.2%}
541   ... 
587   -O                                                                        (1 = 0.5%) {10.8%}
588   -O                                                                        (1 = 0.5%) {11.3%}
589   ... 
675   -O                                                                        (1 = 0.5%) {11.8%}
676   O                                                                         (0 = 0.0%) {12.4%}
677   -O                                                                        (1 = 0.5%) {12.4%}
678   ... 
710   -O                                                                        (1 = 0.5%) {12.9%}
711   -O                                                                        (1 = 0.5%) {13.4%}
712   -O                                                                        (1 = 0.5%) {14.0%}
713   ... 
717   -O                                                                        (1 = 0.5%) {14.5%}
718   ... 
730   -O                                                                        (1 = 0.5%) {15.1%}
731   ... 
744   -O                                                                        (1 = 0.5%) {15.6%}
745   ... 
780   -O                                                                        (1 = 0.5%) {16.1%}
781   -O                                                                        (1 = 0.5%) {16.7%}
782   ... 
786   -O                                                                        (1 = 0.5%) {17.2%}
787   -O                                                                        (1 = 0.5%) {17.7%}
788   ... 
804   -O                                                                        (1 = 0.5%) {18.3%}
805   ... 
900   -O                                                                        (1 = 0.5%) {18.8%}
901   -O                                                                        (1 = 0.5%) {19.4%}
902   ... 
907   -O                                                                        (1 = 0.5%) {19.9%}
908   ... 
954   -O                                                                        (1 = 0.5%) {20.4%}
955   ... 
970   -O                                                                        (1 = 0.5%) {21.0%}
971   O                                                                         (0 = 0.0%) {21.5%}
972   -O                                                                        (1 = 0.5%) {21.5%}
973   -O                                                                        (1 = 0.5%) {22.0%}
974   ... 
976   -O                                                                        (1 = 0.5%) {22.6%}
977   ... 
1023  -O                                                                        (1 = 0.5%) {23.1%}
1024  ... 
1069  -O                                                                        (1 = 0.5%) {23.7%}
1070  -O                                                                        (1 = 0.5%) {24.2%}
1071  ... 
1075  -O                                                                        (1 = 0.5%) {24.7%}
1076  -O                                                                        (1 = 0.5%) {25.3%}
1077  ... 
1124  -O                                                                        (1 = 0.5%) {25.8%}
1125  ... 
1302  -O                                                                        (1 = 0.5%) {26.3%}
1303  ... 
1347  -O                                                                        (1 = 0.5%) {26.9%}
1348  ... 
1351  -O                                                                        (1 = 0.5%) {27.4%}
1352  ... 
1354  -O                                                                        (1 = 0.5%) {28.0%}
1355  ... 
1368  -O                                                                        (1 = 0.5%) {28.5%}
1369  ... 
1417  -O                                                                        (1 = 0.5%) {29.0%}
1418  ... 
1441  -O                                                                        (1 = 0.5%) {29.6%}
1442  ... 
1458  -O                                                                        (1 = 0.5%) {30.1%}
1459  -O                                                                        (1 = 0.5%) {30.6%}
1460  ... 
1462  -O                                                                        (1 = 0.5%) {31.2%}
1463  -O                                                                        (1 = 0.5%) {31.7%}
1464  ... 
1467  -O                                                                        (1 = 0.5%) {32.3%}
1468  ... 
1502  -O                                                                        (1 = 0.5%) {32.8%}
1503  ... 
1692  -O                                                                        (1 = 0.5%) {33.3%}
1693  -O                                                                        (1 = 0.5%) {33.9%}
1694  ... 
1827  -O                                                                        (1 = 0.5%) {34.4%}
1828  ... 
2013  -O                                                                        (1 = 0.5%) {34.9%}
2014  ... 
2077  -O                                                                        (1 = 0.5%) {35.5%}
2078  ... 
2094  -O                                                                        (1 = 0.5%) {36.0%}
2095  O                                                                         (0 = 0.0%) {36.6%}
2096  -O                                                                        (1 = 0.5%) {36.6%}
2097  ... 
2100  -O                                                                        (1 = 0.5%) {37.1%}
2101  ... 
2112  -O                                                                        (1 = 0.5%) {37.6%}
2113  ... 
2121  -O                                                                        (1 = 0.5%) {38.2%}
2122  ... 
2157  -O                                                                        (1 = 0.5%) {38.7%}
2158  ... 
2188  -O                                                                        (1 = 0.5%) {39.2%}
2189  O                                                                         (0 = 0.0%) {39.8%}
2190  -O                                                                        (1 = 0.5%) {39.8%}
2191  -O                                                                        (1 = 0.5%) {40.3%}
2192  ... 
2195  -O                                                                        (1 = 0.5%) {40.9%}
2196  ... 
2203  -O                                                                        (1 = 0.5%) {41.4%}
2204  -O                                                                        (1 = 0.5%) {41.9%}
2205  ... 
2217  -O                                                                        (1 = 0.5%) {42.5%}
2218  ... 
2226  -O                                                                        (1 = 0.5%) {43.0%}
2227  O                                                                         (0 = 0.0%) {43.5%}
2228  -O                                                                        (1 = 0.5%) {43.5%}
2229  -O                                                                        (1 = 0.5%) {44.1%}
2230  ... 
2236  -O                                                                        (1 = 0.5%) {44.6%}
2237  ... 
2298  -O                                                                        (1 = 0.5%) {45.2%}
2299  ... 
2314  -O                                                                        (1 = 0.5%) {45.7%}
2315  ... 
2319  -O                                                                        (1 = 0.5%) {46.2%}
2320  ... 
2322  -O                                                                        (1 = 0.5%) {46.8%}
2323  ... 
2347  -O                                                                        (1 = 0.5%) {47.3%}
2348  ... 
2355  -O                                                                        (1 = 0.5%) {47.8%}
2356  ... 
2361  -O                                                                        (1 = 0.5%) {48.4%}
2362  ... 
2387  -O                                                                        (1 = 0.5%) {48.9%}
2388  -O                                                                        (1 = 0.5%) {49.5%}
2389  ... 
2399  -O                                                                        (1 = 0.5%) {50.0%}
2400  ... 
2413  -O                                                                        (1 = 0.5%) {50.5%}
2414  ... 
2429  -O                                                                        (1 = 0.5%) {51.1%}
2430  O                                                                         (0 = 0.0%) {51.6%}
2431  -O                                                                        (1 = 0.5%) {51.6%}
2432  ... 
2487  -O                                                                        (1 = 0.5%) {52.2%}
2488  ... 
2518  -O                                                                        (1 = 0.5%) {52.7%}
2519  ... 
2598  -O                                                                        (1 = 0.5%) {53.2%}
2599  ... 
2618  -O                                                                        (1 = 0.5%) {53.8%}
2619  ... 
2654  -O                                                                        (1 = 0.5%) {54.3%}
2655  -O                                                                        (1 = 0.5%) {54.8%}
2656  -O                                                                        (1 = 0.5%) {55.4%}
2657  -O                                                                        (1 = 0.5%) {55.9%}
2658  -O                                                                        (1 = 0.5%) {56.5%}
2659  -O                                                                        (1 = 0.5%) {57.0%}
2660  -O                                                                        (1 = 0.5%) {57.5%}
2661  -O                                                                        (1 = 0.5%) {58.1%}
2662  -O                                                                        (1 = 0.5%) {58.6%}
2663  -O                                                                        (1 = 0.5%) {59.1%}
2664  ... 
2699  -O                                                                        (1 = 0.5%) {59.7%}
2700  -O                                                                        (1 = 0.5%) {60.2%}
2701  -O                                                                        (1 = 0.5%) {60.8%}
2702  -O                                                                        (1 = 0.5%) {61.3%}
2703  -O                                                                        (1 = 0.5%) {61.8%}
2704  -O                                                                        (1 = 0.5%) {62.4%}
2705  -O                                                                        (1 = 0.5%) {62.9%}
2706  -O                                                                        (1 = 0.5%) {63.4%}
2707  -O                                                                        (1 = 0.5%) {64.0%}
2708  ... 
2710  -O                                                                        (1 = 0.5%) {64.5%}
2711  -O                                                                        (1 = 0.5%) {65.1%}
2712  ... 
2714  -O                                                                        (1 = 0.5%) {65.6%}
2715  -O                                                                        (1 = 0.5%) {66.1%}
2716  -O                                                                        (1 = 0.5%) {66.7%}
2717  ... 
2723  -O                                                                        (1 = 0.5%) {67.2%}
2724  ... 
2738  -O                                                                        (1 = 0.5%) {67.7%}
2739  ... 
2769  -O                                                                        (1 = 0.5%) {68.3%}
2770  ... 
2789  -O                                                                        (1 = 0.5%) {68.8%}
2790  -O                                                                        (1 = 0.5%) {69.4%}
2791  -O                                                                        (1 = 0.5%) {69.9%}
2792  -O                                                                        (1 = 0.5%) {70.4%}
2793  ... 
2841  -O                                                                        (1 = 0.5%) {71.0%}
2842  ... 
2903  -O                                                                        (1 = 0.5%) {71.5%}
2904  -O                                                                        (1 = 0.5%) {72.0%}
2905  ... 
2927  -O                                                                        (1 = 0.5%) {72.6%}
2928  ... 
2935  -O                                                                        (1 = 0.5%) {73.1%}
2936  ... 
3004  -O                                                                        (1 = 0.5%) {73.7%}
3005  ... 
3019  -O                                                                        (1 = 0.5%) {74.2%}
3020  -O                                                                        (1 = 0.5%) {74.7%}
3021  ... 
3028  -O                                                                        (1 = 0.5%) {75.3%}
3029  ... 
3066  -O                                                                        (1 = 0.5%) {75.8%}
3067  ... 
3116  -O                                                                        (1 = 0.5%) {76.3%}
3117  ... 
3157  -O                                                                        (1 = 0.5%) {76.9%}
3158  ... 
3189  -O                                                                        (1 = 0.5%) {77.4%}
3190  ... 
3198  -O                                                                        (1 = 0.5%) {78.0%}
3199  ... 
3254  -O                                                                        (1 = 0.5%) {78.5%}
3255  ... 
3258  -O                                                                        (1 = 0.5%) {79.0%}
3259  ... 
3273  -O                                                                        (1 = 0.5%) {79.6%}
3274  O                                                                         (0 = 0.0%) {80.1%}
3275  -O                                                                        (1 = 0.5%) {80.1%}
3276  ... 
3279  -O                                                                        (1 = 0.5%) {80.6%}
3280  ... 
3307  -O                                                                        (1 = 0.5%) {81.2%}
3308  -O                                                                        (1 = 0.5%) {81.7%}
3309  ... 
3349  -O                                                                        (1 = 0.5%) {82.3%}
3350  ... 
3359  -O                                                                        (1 = 0.5%) {82.8%}
3360  ... 
3409  -O                                                                        (1 = 0.5%) {83.3%}
3410  ... 
3444  -O                                                                        (1 = 0.5%) {83.9%}
3445  ... 
3580  -O                                                                        (1 = 0.5%) {84.4%}
3581  -O                                                                        (1 = 0.5%) {84.9%}
3582  ... 
3698  -O                                                                        (1 = 0.5%) {85.5%}
3699  ... 
3789  -O                                                                        (1 = 0.5%) {86.0%}
3790  -O                                                                        (1 = 0.5%) {86.6%}
3791  ... 
3803  -O                                                                        (1 = 0.5%) {87.1%}
3804  ... 
3870  -O                                                                        (1 = 0.5%) {87.6%}
3871  ... 
3945  -O                                                                        (1 = 0.5%) {88.2%}
3946  ... 
3973  -O                                                                        (1 = 0.5%) {88.7%}
3974  ... 
4007  -O                                                                        (1 = 0.5%) {89.2%}
4008  ... 
4079  -O                                                                        (1 = 0.5%) {89.8%}
4080  ... 
4113  -O                                                                        (1 = 0.5%) {90.3%}
4114  ... 
4161  -O                                                                        (1 = 0.5%) {90.9%}
4162  ... 
4177  -O                                                                        (1 = 0.5%) {91.4%}
4178  ... 
4194  -O                                                                        (1 = 0.5%) {91.9%}
4195  O                                                                         (0 = 0.0%) {92.5%}
4196  -O                                                                        (1 = 0.5%) {92.5%}
4197  ... 
4240  -O                                                                        (1 = 0.5%) {93.0%}
4241  O                                                                         (0 = 0.0%) {93.5%}
4242  -O                                                                        (1 = 0.5%) {93.5%}
4243  ... 
4307  -O                                                                        (1 = 0.5%) {94.1%}
4308  ... 
4317  -O                                                                        (1 = 0.5%) {94.6%}
4318  ... 
4372  -O                                                                        (1 = 0.5%) {95.2%}
4373  ... 
4379  -O                                                                        (1 = 0.5%) {95.7%}
4380  ... 
4419  -O                                                                        (1 = 0.5%) {96.2%}
4420  ... 
4561  -O                                                                        (1 = 0.5%) {96.8%}
4562  ... 
4673  -O                                                                        (1 = 0.5%) {97.3%}
4674  ... 
4743  -O                                                                        (1 = 0.5%) {97.8%}
4744  ... 
4877  -O                                                                        (1 = 0.5%) {98.4%}
4878  ... 
4961  -O                                                                        (1 = 0.5%) {98.9%}
4962  ... 
4994  -O                                                                        (1 = 0.5%) {99.5%}
4995  ... 

Histogram: Blink.UseCounter.PermissionsPolicy.Allow2 recorded 0 samples (flags = 0x41)
0 ... 

Histogram: Blink.UseCounter.PermissionsPolicy.Header2 recorded 0 samples (flags = 0x41)
0 ... 

Histogram: Blink.UseCounter.PermissionsPolicy.Violation.Enforce recorded 0 samples (flags = 0x41)
0 ... 

Histogram: Blink.UseCounter.WebDXFeatures recorded 15 samples, mean = 37.7 (flags = 0x41)
0   ... 
5   -O                                                                        (1 = 6.7%) {0.0%}
6   ... 
8   -O                                                                        (1 = 6.7%) {6.7%}
9   -O                                                                        (1 = 6.7%) {13.3%}
10  O                                                                         (0 = 0.0%) {20.0%}
11  -O                                                                        (1 = 6.7%) {20.0%}
12  ... 
27  -O                                                                        (1 = 6.7%) {26.7%}
28  -O                                                                        (1 = 6.7%) {33.3%}
29  -O                                                                        (1 = 6.7%) {40.0%}
30  ... 
38  -O                                                                        (1 = 6.7%) {46.7%}
39  -O                                                                        (1 = 6.7%) {53.3%}
40  ... 
45  -O                                                                        (1 = 6.7%) {60.0%}
46  -O                                                                        (1 = 6.7%) {66.7%}
47  ... 
58  -O                                                                        (1 = 6.7%) {73.3%}
59  ... 
68  -O                                                                        (1 = 6.7%) {80.0%}
69  ... 
71  -O                                                                        (1 = 6.7%) {86.7%}
72  ... 
83  -O                                                                        (1 = 6.7%) {93.3%}
84  ... 

Histogram: Blink.UserDrivenDocumentUpdate.UpdateTime.PreFCP recorded 1 samples, mean = 22.0 (flags = 0x41)
0   ... 
21  -O                                                                        (1 = 100.0%) {0.0%}
29  ... 

Histogram: Bookmarks.BookmarkBar.Shown recorded 1 samples, mean = 0.0 (flags = 0x41)
0  -O                                                                        (1 = 100.0%)
1  ... 

Histogram: Bookmarks.Count.OnProfileLoad3 recorded 1 samples, mean = 0.0 (flags = 0x41)
0  -O                                                                        (1 = 100.0%)
1  ... 

Histogram: Bookmarks.Storage.TimeToLoadAtStartup2 recorded 1 samples, mean = 2879.0 (flags = 0x41)
0     ... 
2516  -O                                                                        (1 = 100.0%) {0.0%}
2990  ... 

Histogram: Bookmarks.Times.OnProfileLoad.TimeSinceAdded3 recorded 1 samples, mean = 0.0 (flags = 0x41)
0  -O                                                                        (1 = 100.0%)
1  ... 

Histogram: Bookmarks.Utilization.OnProfileLoad.PercentageUsed recorded 1 samples, mean = 0.0 (flags = 0x41)
0  -O                                                                        (1 = 100.0%)
1  ... 

Histogram: Bookmarks.Utilization.OnProfileLoad.TotalUnused recorded 1 samples, mean = 0.0 (flags = 0x41)
0  -O                                                                        (1 = 100.0%)
1  ... 

Histogram: Bookmarks.Utilization.OnProfileLoad.TotalUsed recorded 1 samples, mean = 0.0 (flags = 0x41)
0  -O                                                                        (1 = 100.0%)
1  ... 

Histogram: BrotliFilter.CompressionPercent recorded 35 samples, mean = 35.6 (flags = 0x41)
0    ... 
10   -O                                                                        (1 = 2.9%) {0.0%}
11   --O                                                                       (2 = 5.7%) {2.9%}
12   -O                                                                        (1 = 2.9%) {8.6%}
13   O                                                                         (0 = 0.0%) {11.4%}
14   -O                                                                        (1 = 2.9%) {11.4%}
15   O                                                                         (0 = 0.0%) {14.3%}
16   --O                                                                       (2 = 5.7%) {14.3%}
17   -O                                                                        (1 = 2.9%) {20.0%}
18   -O                                                                        (1 = 2.9%) {22.9%}
19   ... 
22   -O                                                                        (1 = 2.9%) {25.7%}
23   -O                                                                        (1 = 2.9%) {28.6%}
24   -O                                                                        (1 = 2.9%) {31.4%}
25   -O                                                                        (1 = 2.9%) {34.3%}
26   -O                                                                        (1 = 2.9%) {37.1%}
27   ... 
29   ----O                                                                     (4 = 11.4%) {40.0%}
30   --O                                                                       (2 = 5.7%) {51.4%}
31   O                                                                         (0 = 0.0%) {57.1%}
32   -O                                                                        (1 = 2.9%) {57.1%}
33   -O                                                                        (1 = 2.9%) {60.0%}
34   -O                                                                        (1 = 2.9%) {62.9%}
35   ... 
38   -O                                                                        (1 = 2.9%) {65.7%}
39   --O                                                                       (2 = 5.7%) {68.6%}
40   ... 
43   -O                                                                        (1 = 2.9%) {74.3%}
44   --O                                                                       (2 = 5.7%) {77.1%}
45   O                                                                         (0 = 0.0%) {82.9%}
46   -O                                                                        (1 = 2.9%) {82.9%}
47   --O                                                                       (2 = 5.7%) {85.7%}
48   ... 
84   -O                                                                        (1 = 2.9%) {91.4%}
85   ... 
101  --O                                                                       (2 = 5.7%) {94.3%}

Histogram: BrotliFilter.Status recorded 35 samples, mean = 1.0 (flags = 0x41)
0  O                                                                         (0 = 0.0%)
1  -----------------------------------O                                      (35 = 100.0%) {0.0%}
2  ... 

Histogram: BrotliFilter.UsedMemoryKB recorded 35 samples, mean = 210.7 (flags = 0x41)
0    ... 
16   --O                                                                       (2 = 5.7%) {0.0%}
20   O                                                                         (0 = 0.0%) {5.7%}
25   ---O                                                                      (3 = 8.6%) {5.7%}
31   -------O                                                                  (7 = 20.0%) {14.3%}
39   O                                                                         (0 = 0.0%) {34.3%}
49   --O                                                                       (2 = 5.7%) {34.3%}
61   --O                                                                       (2 = 5.7%) {40.0%}
76   ----O                                                                     (4 = 11.4%) {45.7%}
95   O                                                                         (0 = 0.0%) {57.1%}
119  ---O                                                                      (3 = 8.6%) {57.1%}
149  O                                                                         (0 = 0.0%) {65.7%}
187  -O                                                                        (1 = 2.9%) {65.7%}
234  ... 
367  -------O                                                                  (7 = 20.0%) {68.6%}
460  O                                                                         (0 = 0.0%) {88.6%}
576  -O                                                                        (1 = 2.9%) {88.6%}
722  ---O                                                                      (3 = 8.6%) {91.4%}
905  ... 

Histogram: Browser.MainThreadsCongestion.RunningOnly recorded 5 samples, mean = 0.0 (flags = 0x41)
0  -----O                                                                    (5 = 100.0%)
1  ... 

Histogram: Browser.MainThreadsCongestion.RunningOnly.Initial recorded 1 samples, mean = 0.0 (flags = 0x41)
0  -O                                                                        (1 = 100.0%)
1  ... 

Histogram: Browser.Responsiveness.IOJanksTotalPerMinute recorded 2 samples, mean = 0.0 (flags = 0x41)
0  --O                                                                       (2 = 100.0%)
1  ... 

Histogram: Browser.Responsiveness.IOJankyIntervalsPerMinute recorded 2 samples, mean = 0.0 (flags = 0x41)
0  --O                                                                       (2 = 100.0%)
1  ... 

Histogram: BrowserRenderProcessHost.Cleanup.DelayReason recorded 12 samples, mean = 6.8 (flags = 0x41)
0  ---O                                                                      (3 = 25.0%)
1  ... 
9  ---------O                                                                (9 = 75.0%) {25.0%}
10 ... 

Histogram: BrowserRenderProcessHost.Cleanup.Total recorded 12 samples, mean = 1.0 (flags = 0x41)
0  O                                                                         (0 = 0.0%)
1  ------------O                                                             (12 = 100.0%) {0.0%}
2  O                                                                         (0 = 0.0%) {100.0%}

Histogram: BrowserRenderProcessHost.ExistingRendererIsInitializedAndNotDead recorded 1 samples, mean = 1.0 (flags = 0x41)
0  O                                                                         (0 = 0.0%)
1  -O                                                                        (1 = 100.0%) {0.0%}
2  O                                                                         (0 = 0.0%) {100.0%}

Histogram: BrowserRenderProcessHost.FastShutdownIfPossible.DelayReason recorded 1 samples, mean = 4.0 (flags = 0x41)
0  ... 
4  -O                                                                        (1 = 100.0%) {0.0%}
5  ... 

Histogram: BrowserRenderProcessHost.FastShutdownIfPossible.Total recorded 1 samples, mean = 1.0 (flags = 0x41)
0  O                                                                         (0 = 0.0%)
1  -O                                                                        (1 = 100.0%) {0.0%}
2  O                                                                         (0 = 0.0%) {100.0%}

Histogram: BrowserRenderProcessHost.SpareProcessEvictedOtherSpare recorded 2 samples, mean = 0.0 (flags = 0x41)
0  --O                                                                       (2 = 100.0%)
1  ... 

Histogram: BrowserRenderProcessHost.SpareProcessMaybeTakeAction recorded 2 samples, mean = 2.0 (flags = 0x41)
0  -O                                                                        (1 = 50.0%)
1  ... 
4  -O                                                                        (1 = 50.0%) {50.0%}
5  ... 

Histogram: BrowserRenderProcessHost.SpareProcessStartupTime recorded 2 samples, mean = 2264.0 (flags = 0x41)
0     ... 
633   -O                                                                        (1 = 50.0%) {0.0%}
752   ... 
3553  -O                                                                        (1 = 50.0%) {50.0%}
4222  ... 

Histogram: BrowserSwitcher.ExternalGreylistSize recorded 1 samples, mean = 0.0 (flags = 0x41)
0  -O                                                                        (1 = 100.0%)
1  ... 

Histogram: BrowserSwitcher.ExternalSitelistSize recorded 1 samples, mean = 0.0 (flags = 0x41)
0  -O                                                                        (1 = 100.0%)
1  ... 

Histogram: BrowserSwitcher.IeemSitelistSize recorded 1 samples, mean = 0.0 (flags = 0x41)
0  -O                                                                        (1 = 100.0%)
1  ... 

Histogram: BrowsingTopics.BrowsingTopicsState.LoadFinishStatus recorded 1 samples, mean = 1.0 (flags = 0x41)
0  O                                                                         (0 = 0.0%)
1  -O                                                                        (1 = 100.0%) {0.0%}
2  O                                                                         (0 = 0.0%) {100.0%}

Histogram: BrowsingTopics.SiteDataStorage.FileSize.KB recorded 1 samples, mean = 28.0 (flags = 0x41)
0   ... 
28  -O                                                                        (1 = 100.0%) {0.0%}
37  ... 

Histogram: BrowsingTopics.SiteDataStorage.InitStatus recorded 1 samples, mean = 1.0 (flags = 0x41)
0  O                                                                         (0 = 0.0%)
1  -O                                                                        (1 = 100.0%) {0.0%}
2  O                                                                         (0 = 0.0%) {100.0%}

Histogram: CertificateType2.BR.Intermediate.ECDSA recorded 11 samples, mean = 267.6 (flags = 0x41)
0    ... 
256  ----------O                                                               (10 = 90.9%) {0.0%}
257  ... 
384  -O                                                                        (1 = 9.1%) {90.9%}
385  ... 

Histogram: CertificateType2.BR.Intermediate.RSA recorded 4 samples, mean = 2048.0 (flags = 0x41)
0     ... 
2048  ----O                                                                     (4 = 100.0%) {0.0%}
2049  ... 

Histogram: CertificateType2.BR.Leaf.ECDSA recorded 13 samples, mean = 256.0 (flags = 0x41)
0    ... 
256  -------------O                                                            (13 = 100.0%) {0.0%}
257  ... 

Histogram: CertificateType2.BR.Leaf.RSA recorded 2 samples, mean = 2048.0 (flags = 0x41)
0     ... 
2048  --O                                                                       (2 = 100.0%) {0.0%}
2049  ... 

Histogram: CertificateType2.BR.Root.ECDSA recorded 10 samples, mean = 384.0 (flags = 0x41)
0    ... 
384  ----------O                                                               (10 = 100.0%) {0.0%}
385  ... 

Histogram: CertificateType2.BR.Root.RSA recorded 5 samples, mean = 3276.8 (flags = 0x41)
0     ... 
2048  --O                                                                       (2 = 40.0%) {0.0%}
2049  ... 
4096  ---O                                                                      (3 = 60.0%) {40.0%}
4097  ... 

Histogram: ChildProcess.Launched.UtilityProcessHash recorded 3 samples (flags = 0x41)
-2043041185 -O                                                                        (1 = 33.3%)
-1468742076 -O                                                                        (1 = 33.3%)
1411170475  -O                                                                        (1 = 33.3%)

Histogram: ChildProcess.ProcessLifetime.Utility recorded 3 samples, mean = 99536.3 (flags = 0x41)
0       O                                                                         (0 = 0.0%)
1       -O                                                                        (1 = 33.3%) {0.0%}
2       ... 
127499  --O                                                                       (2 = 66.7%) {33.3%}
172742  ... 

Histogram: Chrome.ProcessSingleton.NotifyResult recorded 1 samples, mean = 0.0 (flags = 0x41)
0  -O                                                                        (1 = 100.0%)
1  ... 

Histogram: Chrome.ProcessSingleton.TimeToCreate recorded 1 samples, mean = 2.0 (flags = 0x41)
0  -O                                                                        (1 = 100.0%)
10 ... 

Histogram: Chrome.SystemNetworkContextManager.NetworkSandboxState recorded 4 samples, mean = 0.0 (flags = 0x41)
0  ----O                                                                     (4 = 100.0%)
1  ... 

Histogram: ChromeElf.Beacon.RetryAttemptsBeforeSuccess recorded 1 samples, mean = 0.0 (flags = 0x41)
0  -O                                                                        (1 = 100.0%)
1  ... 

Histogram: ChromeElf.Beacon.SetupStatus recorded 1 samples, mean = 1.0 (flags = 0x41)
0  O                                                                         (0 = 0.0%)
1  -O                                                                        (1 = 100.0%) {0.0%}
2  ... 

Histogram: ChromeElf.ExtensionPoint.EnableState recorded 1 samples, mean = 1.0 (flags = 0x41)
0  O                                                                         (0 = 0.0%)
1  -O                                                                        (1 = 100.0%) {0.0%}
2  O                                                                         (0 = 0.0%) {100.0%}

Histogram: ClientHints.CriticalCHRestart recorded 1 samples, mean = 0.0 (flags = 0x41)
0  -O                                                                        (1 = 100.0%)
1  ... 

Histogram: ClientHints.FetchLatency_PrefRead recorded 4 samples, mean = 15.2 (flags = 0x41)
0   ... 
6   -O                                                                        (1 = 25.0%) {0.0%}
8   -O                                                                        (1 = 25.0%) {25.0%}
11  O                                                                         (0 = 0.0%) {50.0%}
15  -O                                                                        (1 = 25.0%) {50.0%}
21  -O                                                                        (1 = 25.0%) {75.0%}
29  ... 

Histogram: ClientHints.FetchLatency_PrerenderHost recorded 4 samples, mean = 34.5 (flags = 0x41)
0    --O                                                                       (2 = 50.0%)
1    -O                                                                        (1 = 25.0%) {50.0%}
2    ... 
105  -O                                                                        (1 = 25.0%) {75.0%}
146  ... 

Histogram: ClientHints.FetchLatency_Total recorded 4 samples, mean = 49.8 (flags = 0x41)
0    ... 
6    -O                                                                        (1 = 25.0%) {0.0%}
8    -O                                                                        (1 = 25.0%) {25.0%}
11   O                                                                         (0 = 0.0%) {50.0%}
15   -O                                                                        (1 = 25.0%) {50.0%}
21   ... 
146  -O                                                                        (1 = 25.0%) {75.0%}
203  ... 

Histogram: Compositing.Browser.CompositorFrame.Quads recorded 3 samples, mean = 1.0 (flags = 0x41)
0  O                                                                         (0 = 0.0%)
1  ---O                                                                      (3 = 100.0%) {0.0%}
2  ... 

Histogram: Compositing.Browser.LayerTreeImpl.CalculateDrawPropertiesUs recorded 3 samples, mean = 54.7 (flags = 0x41)
0    ... 
7    -O                                                                        (1 = 33.3%) {0.0%}
9    ... 
16   -O                                                                        (1 = 33.3%) {33.3%}
21   ... 
113  -O                                                                        (1 = 33.3%) {66.7%}
149  ... 

Histogram: Compositing.Browser.LayersUpdateTime recorded 3 samples, mean = 255.7 (flags = 0x41)
0    ... 
11   -O                                                                        (1 = 33.3%) {0.0%}
15   -O                                                                        (1 = 33.3%) {33.3%}
21   ... 
542  -O                                                                        (1 = 33.3%) {66.7%}
752  ... 

Histogram: Compositing.ColorGamut recorded 6 samples, mean = 0.0 (flags = 0x41)
0  ------O                                                                   (6 = 100.0%)
1  ... 

Histogram: Compositing.DidMainThreadBlockDuringCommit recorded 6 samples, mean = 0.2 (flags = 0x41)
0  -----O                                                                    (5 = 83.3%)
1  -O                                                                        (1 = 16.7%) {83.3%}
2  O                                                                         (0 = 0.0%) {100.0%}

Histogram: Compositing.DirectRenderer.OverlayProcessingUs recorded 6 samples, mean = 0.3 (flags = 0x41)
0  ------O                                                                   (6 = 100.0%)
5  ... 

Histogram: Compositing.DirectRenderer.PartialSwap.ExtraDamage recorded 6 samples, mean = 0.0 (flags = 0x41)
0  ------O                                                                   (6 = 100.0%)
1  ... 

Histogram: Compositing.DirectRenderer.PartialSwap.FrameBufferDamage recorded 6 samples, mean = 0.0 (flags = 0x41)
0  ------O                                                                   (6 = 100.0%)
1  ... 

Histogram: Compositing.DirectRenderer.PartialSwap.RootDamage recorded 6 samples, mean = 100.0 (flags = 0x41)
0    ... 
100  ------O                                                                   (6 = 100.0%) {0.0%}
101  O                                                                         (0 = 0.0%) {100.0%}

Histogram: Compositing.DirectRenderer.PartialSwap.TotalDamage recorded 6 samples, mean = 100.0 (flags = 0x41)
0    ... 
100  ------O                                                                   (6 = 100.0%) {0.0%}
101  O                                                                         (0 = 0.0%) {100.0%}

Histogram: Compositing.DirectRenderer.SkipAllNonRootRenderPassesPerFrame recorded 4 samples, mean = 0.0 (flags = 0x41)
0  ----O                                                                     (4 = 100.0%)
1  ... 

Histogram: Compositing.DirectRenderer.SkipNonRootRenderPass recorded 4 samples, mean = 0.0 (flags = 0x41)
0  ----O                                                                     (4 = 100.0%)
1  ... 

Histogram: Compositing.DirectRenderer.TotalPixelsRendered recorded 6 samples, mean = 6.7 (flags = 0x41)
0  ... 
4  --O                                                                       (2 = 33.3%) {0.0%}
6  ----O                                                                     (4 = 66.7%) {33.3%}
9  ... 

Histogram: Compositing.Display.Draw.Occlusion.Calculation.Time recorded 6 samples, mean = 32.3 (flags = 0x41)
0    ... 
3    ---O                                                                      (3 = 50.0%) {0.0%}
4    -O                                                                        (1 = 16.7%) {50.0%}
5    O                                                                         (0 = 0.0%) {66.7%}
6    -O                                                                        (1 = 16.7%) {66.7%}
7    ... 
171  -O                                                                        (1 = 16.7%) {83.3%}
192  ... 

Histogram: Compositing.Display.Draw.Quads recorded 6 samples, mean = 2.3 (flags = 0x41)
0  O                                                                         (0 = 0.0%)
1  --O                                                                       (2 = 33.3%) {0.0%}
2  O                                                                         (0 = 0.0%) {33.3%}
3  ----O                                                                     (4 = 66.7%) {33.3%}
4  ... 

Histogram: Compositing.Display.DrawToSwapUs recorded 6 samples, mean = 11656.0 (flags = 0x41)
0      ... 
404    -O                                                                        (1 = 16.7%) {0.0%}
490    ... 
720    --O                                                                       (2 = 33.3%) {16.7%}
873    O                                                                         (0 = 0.0%) {50.0%}
1059   -O                                                                        (1 = 16.7%) {50.0%}
1284   ... 
12974  -O                                                                        (1 = 16.7%) {66.7%}
15732  ... 
50000  -O                                                                        (1 = 16.7%) {83.3%}

Histogram: Compositing.Display.FlattenedRenderPassCount recorded 6 samples, mean = 1.7 (flags = 0x41)
0  O                                                                         (0 = 0.0%)
1  --O                                                                       (2 = 33.3%) {0.0%}
2  ----O                                                                     (4 = 66.7%) {33.3%}
3  ... 

Histogram: Compositing.Display.PendingSwaps recorded 6 samples, mean = 1.0 (flags = 0x41)
0  O                                                                         (0 = 0.0%)
1  ------O                                                                   (6 = 100.0%) {0.0%}
2  ... 

Histogram: Compositing.Display.VizDependencyResolvedToGpuStartedDrawUs recorded 6 samples, mean = 42.2 (flags = 0x41)
0   ... 
12  -O                                                                        (1 = 16.7%) {0.0%}
15  ... 
27  -O                                                                        (1 = 16.7%) {16.7%}
33  -O                                                                        (1 = 16.7%) {33.3%}
40  O                                                                         (0 = 0.0%) {50.0%}
49  --O                                                                       (2 = 33.3%) {50.0%}
59  O                                                                         (0 = 0.0%) {83.3%}
72  -O                                                                        (1 = 16.7%) {83.3%}
87  ... 

Histogram: Compositing.Display.VizScheduledDrawToDependencyResolvedUs recorded 6 samples, mean = 2.7 (flags = 0x41)
0  ------O                                                                   (6 = 100.0%)
5  ... 

Histogram: Compositing.Display.VizScheduledDrawToGpuStartedDrawUs recorded 6 samples, mean = 44.8 (flags = 0x41)
0   ... 
12  -O                                                                        (1 = 16.7%) {0.0%}
15  ... 
27  -O                                                                        (1 = 16.7%) {16.7%}
33  -O                                                                        (1 = 16.7%) {33.3%}
40  O                                                                         (0 = 0.0%) {50.0%}
49  --O                                                                       (2 = 33.3%) {50.0%}
59  O                                                                         (0 = 0.0%) {83.3%}
72  -O                                                                        (1 = 16.7%) {83.3%}
87  ... 

Histogram: Compositing.MainThreadBlockedDuringCommitTime recorded 1 samples, mean = 19.0 (flags = 0x41)
0   ... 
15  -O                                                                        (1 = 100.0%) {0.0%}
21  ... 

Histogram: Compositing.Renderer.CompositorFrame.Quads recorded 3 samples, mean = 2.0 (flags = 0x41)
0  ... 
2  ---O                                                                      (3 = 100.0%) {0.0%}
3  ... 

Histogram: Compositing.Renderer.LayersUpdateTime recorded 4 samples, mean = 231.5 (flags = 0x41)
0    ... 
8    -O                                                                        (1 = 25.0%) {0.0%}
11   ... 
21   -O                                                                        (1 = 25.0%) {25.0%}
29   -O                                                                        (1 = 25.0%) {50.0%}
40   ... 
752  -O                                                                        (1 = 25.0%) {75.0%}
1043 ... 

Histogram: Compositing.Renderer.NumRenderSurfaces recorded 7 samples, mean = 1.0 (flags = 0x41)
0  O                                                                         (0 = 0.0%)
1  -------O                                                                  (7 = 100.0%) {0.0%}
2  ... 

Histogram: Compositing.SurfaceAggregator.AggregateUs recorded 6 samples, mean = 58329.7 (flags = 0x41)
0       ... 
21      -O                                                                        (1 = 16.7%) {0.0%}
28      ... 
49      -O                                                                        (1 = 16.7%) {16.7%}
65      ... 
258     --O                                                                       (2 = 33.3%) {33.3%}
340     ... 
1347    -O                                                                        (1 = 16.7%) {66.7%}
1774    ... 
332315  -O                                                                        (1 = 16.7%) {83.3%}
437686  ... 

Histogram: Compositing.SurfaceAggregator.CopiedSurfaceCount recorded 6 samples, mean = 1.7 (flags = 0x41)
0  O                                                                         (0 = 0.0%)
1  --O                                                                       (2 = 33.3%) {0.0%}
2  ----O                                                                     (4 = 66.7%) {33.3%}
3  ... 

Histogram: Compositing.SurfaceAggregator.CopyUs recorded 6 samples, mean = 73.0 (flags = 0x41)
0    ... 
7    -O                                                                        (1 = 16.7%) {0.0%}
8    ... 
11   -O                                                                        (1 = 16.7%) {16.7%}
13   ... 
18   --O                                                                       (2 = 33.3%) {33.3%}
21   ... 
142  -O                                                                        (1 = 16.7%) {66.7%}
166  O                                                                         (0 = 0.0%) {83.3%}
194  -O                                                                        (1 = 16.7%) {83.3%}
227  ... 

Histogram: Compositing.SurfaceAggregator.HasCopyRequestsPerFrame recorded 6 samples, mean = 0.5 (flags = 0x41)
0  ---O                                                                      (3 = 50.0%)
1  ---O                                                                      (3 = 50.0%) {50.0%}
2  O                                                                         (0 = 0.0%) {100.0%}

Histogram: Compositing.SurfaceAggregator.HasPixelMovingBackdropFiltersPerFrame recorded 6 samples, mean = 0.0 (flags = 0x41)
0  ------O                                                                   (6 = 100.0%)
1  ... 

Histogram: Compositing.SurfaceAggregator.HasPixelMovingFiltersPerFrame recorded 6 samples, mean = 0.0 (flags = 0x41)
0  ------O                                                                   (6 = 100.0%)
1  ... 

Histogram: Compositing.SurfaceAggregator.HasUnembeddedRenderPassesPerFrame recorded 6 samples, mean = 0.0 (flags = 0x41)
0  ------O                                                                   (6 = 100.0%)
1  ... 

Histogram: Compositing.SurfaceAggregator.PrewalkUs recorded 6 samples, mean = 58142.5 (flags = 0x41)
0      ... 
11     -O                                                                        (1 = 16.7%) {0.0%}
13     ... 
29     -O                                                                        (1 = 16.7%) {16.7%}
34     ... 
266    --O                                                                       (2 = 33.3%) {33.3%}
311    ... 
801    -O                                                                        (1 = 16.7%) {66.7%}
938    ... 
10000  -O                                                                        (1 = 16.7%) {83.3%}

Histogram: Compositing.SurfaceAggregator.PrewalkedSurfaceCount recorded 6 samples, mean = 1.7 (flags = 0x41)
0  O                                                                         (0 = 0.0%)
1  --O                                                                       (2 = 33.3%) {0.0%}
2  ----O                                                                     (4 = 66.7%) {33.3%}
3  ... 

Histogram: Compositing.SurfaceManager.MarkForDestructionToDestroy recorded 1 samples, mean = 776.0 (flags = 0x41)
0    ... 
752  -O                                                                        (1 = 100.0%) {0.0%}
894  ... 

Histogram: Content.Classification.OpenGraph recorded 1 samples, mean = 4.0 (flags = 0x41)
0  ... 
4  -O                                                                        (1 = 100.0%) {0.0%}
5  ... 

Histogram: ContentSettings.AllowStorageAccessSync recorded 4 samples, mean = 0.0 (flags = 0x41)
0  ----O                                                                     (4 = 100.0%)
1  ... 

Histogram: ContentSettings.GetContentSetting.Network.Duration recorded 412 samples, mean = 0.7 (flags = 0x41)
0  ------------------------------------------------------------------------O (243 = 59.0%)
1  ---------------------------------O                                        (111 = 26.9%) {59.0%}
2  -------O                                                                  (25 = 6.1%) {85.9%}
3  --------O                                                                 (26 = 6.3%) {92.0%}
4  --O                                                                       (6 = 1.5%) {98.3%}
5  O                                                                         (1 = 0.2%) {99.8%}
7  ... 

Histogram: ContentSettings.GetCookieSettingInternal.Duration recorded 128 samples, mean = 6.4 (flags = 0x41)
0   O                                                                         (0 = 0.0%)
1   ----------------------------O                                             (28 = 21.9%) {0.0%}
2   ---------------------------O                                              (27 = 21.1%) {21.9%}
3   -------O                                                                  (7 = 5.5%) {43.0%}
4   -----O                                                                    (5 = 3.9%) {48.4%}
5   ------------------O                                                       (18 = 14.1%) {52.3%}
7   -------O                                                                  (7 = 5.5%) {66.4%}
9   ----------------O                                                         (16 = 12.5%) {71.9%}
12  --------O                                                                 (8 = 6.2%) {84.4%}
16  -----O                                                                    (5 = 3.9%) {90.6%}
21  -----O                                                                    (5 = 3.9%) {94.5%}
28  --O                                                                       (2 = 1.6%) {98.4%}
37  ... 

Histogram: ContentSettings.NumberOfExceptions recorded 1 samples, mean = 4.0 (flags = 0x41)
0  ... 
4  -O                                                                        (1 = 100.0%) {0.0%}
5  ... 

Histogram: ContentSettings.Popups.StrongBlockerActions recorded 1 samples, mean = 0.0 (flags = 0x41)
0  -O                                                                        (1 = 100.0%)
1  ... 

Histogram: ContentSettings.RegularProfile.DefaultAutoVerifySetting recorded 1 samples, mean = 1.0 (flags = 0x41)
0  O                                                                         (0 = 0.0%)
1  -O                                                                        (1 = 100.0%) {0.0%}
2  ... 

Histogram: ContentSettings.RegularProfile.DefaultAutoplaySetting recorded 1 samples, mean = 1.0 (flags = 0x41)
0  O                                                                         (0 = 0.0%)
1  -O                                                                        (1 = 100.0%) {0.0%}
2  ... 

Histogram: ContentSettings.RegularProfile.DefaultBackgroundSyncSetting recorded 1 samples, mean = 1.0 (flags = 0x41)
0  O                                                                         (0 = 0.0%)
1  -O                                                                        (1 = 100.0%) {0.0%}
2  ... 

Histogram: ContentSettings.RegularProfile.DefaultCookiesSetting recorded 1 samples, mean = 1.0 (flags = 0x41)
0  O                                                                         (0 = 0.0%)
1  -O                                                                        (1 = 100.0%) {0.0%}
2  ... 

Histogram: ContentSettings.RegularProfile.DefaultIdleDetectionSetting recorded 1 samples, mean = 3.0 (flags = 0x41)
0  ... 
3  -O                                                                        (1 = 100.0%) {0.0%}
4  ... 

Histogram: ContentSettings.RegularProfile.DefaultImagesSetting recorded 1 samples, mean = 1.0 (flags = 0x41)
0  O                                                                         (0 = 0.0%)
1  -O                                                                        (1 = 100.0%) {0.0%}
2  ... 

Histogram: ContentSettings.RegularProfile.DefaultJavaScriptSetting recorded 1 samples, mean = 1.0 (flags = 0x41)
0  O                                                                         (0 = 0.0%)
1  -O                                                                        (1 = 100.0%) {0.0%}
2  ... 

Histogram: ContentSettings.RegularProfile.DefaultLocationSetting recorded 1 samples, mean = 3.0 (flags = 0x41)
0  ... 
3  -O                                                                        (1 = 100.0%) {0.0%}
4  ... 

Histogram: ContentSettings.RegularProfile.DefaultMIDISysExSetting recorded 1 samples, mean = 3.0 (flags = 0x41)
0  ... 
3  -O                                                                        (1 = 100.0%) {0.0%}
4  ... 

Histogram: ContentSettings.RegularProfile.DefaultMediaStreamCameraSetting recorded 1 samples, mean = 3.0 (flags = 0x41)
0  ... 
3  -O                                                                        (1 = 100.0%) {0.0%}
4  ... 

Histogram: ContentSettings.RegularProfile.DefaultMediaStreamMicSetting recorded 1 samples, mean = 3.0 (flags = 0x41)
0  ... 
3  -O                                                                        (1 = 100.0%) {0.0%}
4  ... 

Histogram: ContentSettings.RegularProfile.DefaultNotificationsSetting recorded 1 samples, mean = 3.0 (flags = 0x41)
0  ... 
3  -O                                                                        (1 = 100.0%) {0.0%}
4  ... 

Histogram: ContentSettings.RegularProfile.DefaultPopupsSetting recorded 1 samples, mean = 2.0 (flags = 0x41)
0  ... 
2  -O                                                                        (1 = 100.0%) {0.0%}
3  ... 

Histogram: ContentSettings.RegularProfile.DefaultSoundSetting recorded 1 samples, mean = 1.0 (flags = 0x41)
0  O                                                                         (0 = 0.0%)
1  -O                                                                        (1 = 100.0%) {0.0%}
2  ... 

Histogram: ContentSettings.RegularProfile.DefaultStorageAccessSetting recorded 1 samples, mean = 3.0 (flags = 0x41)
0  ... 
3  -O                                                                        (1 = 100.0%) {0.0%}
4  ... 

Histogram: ContentSettings.RegularProfile.DefaultSubresourceFilterSetting recorded 1 samples, mean = 2.0 (flags = 0x41)
0  ... 
2  -O                                                                        (1 = 100.0%) {0.0%}
3  ... 

Histogram: ContentSettings.RegularProfile.DefaultUsbGuardSetting recorded 1 samples, mean = 3.0 (flags = 0x41)
0  ... 
3  -O                                                                        (1 = 100.0%) {0.0%}
4  ... 

Histogram: ContentSettings.RegularProfile.DefaultWebBluetoothGuardSetting recorded 1 samples, mean = 3.0 (flags = 0x41)
0  ... 
3  -O                                                                        (1 = 100.0%) {0.0%}
4  ... 

Histogram: ContentSettings.RegularProfile.Exceptions.3pcd-heuristics-grants recorded 1 samples, mean = 0.0 (flags = 0x41)
0  -O                                                                        (1 = 100.0%)
1  ... 

Histogram: ContentSettings.RegularProfile.Exceptions.3pcd-support recorded 1 samples, mean = 0.0 (flags = 0x41)
0  -O                                                                        (1 = 100.0%)
1  ... 

Histogram: ContentSettings.RegularProfile.Exceptions.abusive-notification-permissions recorded 1 samples, mean = 0.0 (flags = 0x41)
0  -O                                                                        (1 = 100.0%)
1  ... 

Histogram: ContentSettings.RegularProfile.Exceptions.access-to-get-all-screens-media-in-session recorded 1 samples, mean = 0.0 (flags = 0x41)
0  -O                                                                        (1 = 100.0%)
1  ... 

Histogram: ContentSettings.RegularProfile.Exceptions.accessibility-events recorded 1 samples, mean = 0.0 (flags = 0x41)
0  -O                                                                        (1 = 100.0%)
1  ... 

Histogram: ContentSettings.RegularProfile.Exceptions.anti-abuse recorded 1 samples, mean = 0.0 (flags = 0x41)
0  -O                                                                        (1 = 100.0%)
1  ... 

Histogram: ContentSettings.RegularProfile.Exceptions.app-banner recorded 1 samples, mean = 0.0 (flags = 0x41)
0  -O                                                                        (1 = 100.0%)
1  ... 

Histogram: ContentSettings.RegularProfile.Exceptions.ar recorded 1 samples, mean = 0.0 (flags = 0x41)
0  -O                                                                        (1 = 100.0%)
1  ... 

Histogram: ContentSettings.RegularProfile.Exceptions.auto-picture-in-picture recorded 1 samples, mean = 0.0 (flags = 0x41)
0  -O                                                                        (1 = 100.0%)
1  ... 

Histogram: ContentSettings.RegularProfile.Exceptions.auto-select-certificate recorded 1 samples, mean = 0.0 (flags = 0x41)
0  -O                                                                        (1 = 100.0%)
1  ... 

Histogram: ContentSettings.RegularProfile.Exceptions.automatic-downloads recorded 1 samples, mean = 0.0 (flags = 0x41)
0  -O                                                                        (1 = 100.0%)
1  ... 

Histogram: ContentSettings.RegularProfile.Exceptions.automatic-fullscreen recorded 1 samples, mean = 0.0 (flags = 0x41)
0  -O                                                                        (1 = 100.0%)
1  ... 

Histogram: ContentSettings.RegularProfile.Exceptions.autoplay recorded 1 samples, mean = 0.0 (flags = 0x41)
0  -O                                                                        (1 = 100.0%)
1  ... 

Histogram: ContentSettings.RegularProfile.Exceptions.background-sync recorded 1 samples, mean = 0.0 (flags = 0x41)
0  -O                                                                        (1 = 100.0%)
1  ... 

Histogram: ContentSettings.RegularProfile.Exceptions.bluetooth-chooser-data recorded 1 samples, mean = 0.0 (flags = 0x41)
0  -O                                                                        (1 = 100.0%)
1  ... 

Histogram: ContentSettings.RegularProfile.Exceptions.bluetooth-guard recorded 1 samples, mean = 0.0 (flags = 0x41)
0  -O                                                                        (1 = 100.0%)
1  ... 

Histogram: ContentSettings.RegularProfile.Exceptions.bluetooth-scanning recorded 1 samples, mean = 0.0 (flags = 0x41)
0  -O                                                                        (1 = 100.0%)
1  ... 

Histogram: ContentSettings.RegularProfile.Exceptions.camera-pan-tilt-zoom recorded 1 samples, mean = 0.0 (flags = 0x41)
0  -O                                                                        (1 = 100.0%)
1  ... 

Histogram: ContentSettings.RegularProfile.Exceptions.captured-surface-control recorded 1 samples, mean = 0.0 (flags = 0x41)
0  -O                                                                        (1 = 100.0%)
1  ... 

Histogram: ContentSettings.RegularProfile.Exceptions.client-hints recorded 1 samples, mean = 1.0 (flags = 0x41)
0  O                                                                         (0 = 0.0%)
1  -O                                                                        (1 = 100.0%) {0.0%}
2  ... 

Histogram: ContentSettings.RegularProfile.Exceptions.clipboard recorded 1 samples, mean = 0.0 (flags = 0x41)
0  -O                                                                        (1 = 100.0%)
1  ... 

Histogram: ContentSettings.RegularProfile.Exceptions.cookie-controls-metadata recorded 1 samples, mean = 0.0 (flags = 0x41)
0  -O                                                                        (1 = 100.0%)
1  ... 

Histogram: ContentSettings.RegularProfile.Exceptions.cookies recorded 1 samples, mean = 0.0 (flags = 0x41)
0  -O                                                                        (1 = 100.0%)
1  ... 

Histogram: ContentSettings.RegularProfile.Exceptions.cookies.Allow recorded 1 samples, mean = 0.0 (flags = 0x41)
0  -O                                                                        (1 = 100.0%)
1  ... 

Histogram: ContentSettings.RegularProfile.Exceptions.cookies.AllowThirdParty recorded 1 samples, mean = 0.0 (flags = 0x41)
0  -O                                                                        (1 = 100.0%)
1  ... 

Histogram: ContentSettings.RegularProfile.Exceptions.cookies.Block recorded 1 samples, mean = 0.0 (flags = 0x41)
0  -O                                                                        (1 = 100.0%)
1  ... 

Histogram: ContentSettings.RegularProfile.Exceptions.cookies.DomainWildcardAllowThirdParty recorded 1 samples, mean = 0.0 (flags = 0x41)
0  -O                                                                        (1 = 100.0%)
1  ... 

Histogram: ContentSettings.RegularProfile.Exceptions.cookies.SessionOnly recorded 1 samples, mean = 0.0 (flags = 0x41)
0  -O                                                                        (1 = 100.0%)
1  ... 

Histogram: ContentSettings.RegularProfile.Exceptions.cookies.TemporaryAllowThirdParty recorded 1 samples, mean = 0.0 (flags = 0x41)
0  -O                                                                        (1 = 100.0%)
1  ... 

Histogram: ContentSettings.RegularProfile.Exceptions.direct-sockets recorded 1 samples, mean = 0.0 (flags = 0x41)
0  -O                                                                        (1 = 100.0%)
1  ... 

Histogram: ContentSettings.RegularProfile.Exceptions.display-media-system-audio recorded 1 samples, mean = 0.0 (flags = 0x41)
0  -O                                                                        (1 = 100.0%)
1  ... 

Histogram: ContentSettings.RegularProfile.Exceptions.durable-storage recorded 1 samples, mean = 0.0 (flags = 0x41)
0  -O                                                                        (1 = 100.0%)
1  ... 

Histogram: ContentSettings.RegularProfile.Exceptions.fedcm-idp-registration recorded 1 samples, mean = 0.0 (flags = 0x41)
0  -O                                                                        (1 = 100.0%)
1  ... 

Histogram: ContentSettings.RegularProfile.Exceptions.fedcm-idp-signin recorded 1 samples, mean = 1.0 (flags = 0x41)
0  O                                                                         (0 = 0.0%)
1  -O                                                                        (1 = 100.0%) {0.0%}
2  ... 

Histogram: ContentSettings.RegularProfile.Exceptions.fedcm-share recorded 1 samples, mean = 0.0 (flags = 0x41)
0  -O                                                                        (1 = 100.0%)
1  ... 

Histogram: ContentSettings.RegularProfile.Exceptions.file-system-access-chooser-data recorded 1 samples, mean = 0.0 (flags = 0x41)
0  -O                                                                        (1 = 100.0%)
1  ... 

Histogram: ContentSettings.RegularProfile.Exceptions.file-system-access-extended-permission recorded 1 samples, mean = 0.0 (flags = 0x41)
0  -O                                                                        (1 = 100.0%)
1  ... 

Histogram: ContentSettings.RegularProfile.Exceptions.file-system-access-restore-permission recorded 1 samples, mean = 0.0 (flags = 0x41)
0  -O                                                                        (1 = 100.0%)
1  ... 

Histogram: ContentSettings.RegularProfile.Exceptions.file-system-last-picked-directory recorded 1 samples, mean = 0.0 (flags = 0x41)
0  -O                                                                        (1 = 100.0%)
1  ... 

Histogram: ContentSettings.RegularProfile.Exceptions.file-system-read-guard recorded 1 samples, mean = 0.0 (flags = 0x41)
0  -O                                                                        (1 = 100.0%)
1  ... 

Histogram: ContentSettings.RegularProfile.Exceptions.file-system-write-guard recorded 1 samples, mean = 0.0 (flags = 0x41)
0  -O                                                                        (1 = 100.0%)
1  ... 

Histogram: ContentSettings.RegularProfile.Exceptions.formfill-metadata recorded 1 samples, mean = 0.0 (flags = 0x41)
0  -O                                                                        (1 = 100.0%)
1  ... 

Histogram: ContentSettings.RegularProfile.Exceptions.geolocation recorded 1 samples, mean = 0.0 (flags = 0x41)
0  -O                                                                        (1 = 100.0%)
1  ... 

Histogram: ContentSettings.RegularProfile.Exceptions.hid-chooser-data recorded 1 samples, mean = 0.0 (flags = 0x41)
0  -O                                                                        (1 = 100.0%)
1  ... 

Histogram: ContentSettings.RegularProfile.Exceptions.hid-guard recorded 1 samples, mean = 0.0 (flags = 0x41)
0  -O                                                                        (1 = 100.0%)
1  ... 

Histogram: ContentSettings.RegularProfile.Exceptions.http-allowed recorded 1 samples, mean = 0.0 (flags = 0x41)
0  -O                                                                        (1 = 100.0%)
1  ... 

Histogram: ContentSettings.RegularProfile.Exceptions.https-enforced recorded 1 samples, mean = 0.0 (flags = 0x41)
0  -O                                                                        (1 = 100.0%)
1  ... 

Histogram: ContentSettings.RegularProfile.Exceptions.idle-detection recorded 1 samples, mean = 0.0 (flags = 0x41)
0  -O                                                                        (1 = 100.0%)
1  ... 

Histogram: ContentSettings.RegularProfile.Exceptions.images recorded 1 samples, mean = 0.0 (flags = 0x41)
0  -O                                                                        (1 = 100.0%)
1  ... 

Histogram: ContentSettings.RegularProfile.Exceptions.important-site-info recorded 1 samples, mean = 0.0 (flags = 0x41)
0  -O                                                                        (1 = 100.0%)
1  ... 

Histogram: ContentSettings.RegularProfile.Exceptions.insecure-private-network recorded 1 samples, mean = 0.0 (flags = 0x41)
0  -O                                                                        (1 = 100.0%)
1  ... 

Histogram: ContentSettings.RegularProfile.Exceptions.intent-picker-auto-display recorded 1 samples, mean = 0.0 (flags = 0x41)
0  -O                                                                        (1 = 100.0%)
1  ... 

Histogram: ContentSettings.RegularProfile.Exceptions.javascript recorded 1 samples, mean = 0.0 (flags = 0x41)
0  -O                                                                        (1 = 100.0%)
1  ... 

Histogram: ContentSettings.RegularProfile.Exceptions.javascript-jit recorded 1 samples, mean = 0.0 (flags = 0x41)
0  -O                                                                        (1 = 100.0%)
1  ... 

Histogram: ContentSettings.RegularProfile.Exceptions.javascript-optimizer recorded 1 samples, mean = 0.0 (flags = 0x41)
0  -O                                                                        (1 = 100.0%)
1  ... 

Histogram: ContentSettings.RegularProfile.Exceptions.keyboard-lock recorded 1 samples, mean = 0.0 (flags = 0x41)
0  -O                                                                        (1 = 100.0%)
1  ... 

Histogram: ContentSettings.RegularProfile.Exceptions.legacy-cookie-access recorded 1 samples, mean = 0.0 (flags = 0x41)
0  -O                                                                        (1 = 100.0%)
1  ... 

Histogram: ContentSettings.RegularProfile.Exceptions.local-fonts recorded 1 samples, mean = 0.0 (flags = 0x41)
0  -O                                                                        (1 = 100.0%)
1  ... 

Histogram: ContentSettings.RegularProfile.Exceptions.media-engagement recorded 1 samples, mean = 1.0 (flags = 0x41)
0  O                                                                         (0 = 0.0%)
1  -O                                                                        (1 = 100.0%) {0.0%}
2  ... 

Histogram: ContentSettings.RegularProfile.Exceptions.media-stream-camera recorded 1 samples, mean = 0.0 (flags = 0x41)
0  -O                                                                        (1 = 100.0%)
1  ... 

Histogram: ContentSettings.RegularProfile.Exceptions.media-stream-mic recorded 1 samples, mean = 0.0 (flags = 0x41)
0  -O                                                                        (1 = 100.0%)
1  ... 

Histogram: ContentSettings.RegularProfile.Exceptions.midi-sysex recorded 1 samples, mean = 0.0 (flags = 0x41)
0  -O                                                                        (1 = 100.0%)
1  ... 

Histogram: ContentSettings.RegularProfile.Exceptions.mixed-script recorded 1 samples, mean = 0.0 (flags = 0x41)
0  -O                                                                        (1 = 100.0%)
1  ... 

Histogram: ContentSettings.RegularProfile.Exceptions.nfc-devices recorded 1 samples, mean = 0.0 (flags = 0x41)
0  -O                                                                        (1 = 100.0%)
1  ... 

Histogram: ContentSettings.RegularProfile.Exceptions.notification-interactions recorded 1 samples, mean = 0.0 (flags = 0x41)
0  -O                                                                        (1 = 100.0%)
1  ... 

Histogram: ContentSettings.RegularProfile.Exceptions.notification-permission-review recorded 1 samples, mean = 0.0 (flags = 0x41)
0  -O                                                                        (1 = 100.0%)
1  ... 

Histogram: ContentSettings.RegularProfile.Exceptions.notifications recorded 1 samples, mean = 0.0 (flags = 0x41)
0  -O                                                                        (1 = 100.0%)
1  ... 

Histogram: ContentSettings.RegularProfile.Exceptions.password-protection recorded 1 samples, mean = 0.0 (flags = 0x41)
0  -O                                                                        (1 = 100.0%)
1  ... 

Histogram: ContentSettings.RegularProfile.Exceptions.payment-handler recorded 1 samples, mean = 0.0 (flags = 0x41)
0  -O                                                                        (1 = 100.0%)
1  ... 

Histogram: ContentSettings.RegularProfile.Exceptions.permission-autoblocking-data recorded 1 samples, mean = 0.0 (flags = 0x41)
0  -O                                                                        (1 = 100.0%)
1  ... 

Histogram: ContentSettings.RegularProfile.Exceptions.permission-autorevocation-data recorded 1 samples, mean = 0.0 (flags = 0x41)
0  -O                                                                        (1 = 100.0%)
1  ... 

Histogram: ContentSettings.RegularProfile.Exceptions.pointer-lock recorded 1 samples, mean = 0.0 (flags = 0x41)
0  -O                                                                        (1 = 100.0%)
1  ... 

Histogram: ContentSettings.RegularProfile.Exceptions.popups recorded 1 samples, mean = 0.0 (flags = 0x41)
0  -O                                                                        (1 = 100.0%)
1  ... 

Histogram: ContentSettings.RegularProfile.Exceptions.popups.Allow recorded 1 samples, mean = 0.0 (flags = 0x41)
0  -O                                                                        (1 = 100.0%)
1  ... 

Histogram: ContentSettings.RegularProfile.Exceptions.popups.Block recorded 1 samples, mean = 0.0 (flags = 0x41)
0  -O                                                                        (1 = 100.0%)
1  ... 

Histogram: ContentSettings.RegularProfile.Exceptions.private-network-chooser-data recorded 1 samples, mean = 0.0 (flags = 0x41)
0  -O                                                                        (1 = 100.0%)
1  ... 

Histogram: ContentSettings.RegularProfile.Exceptions.private-network-guard recorded 1 samples, mean = 0.0 (flags = 0x41)
0  -O                                                                        (1 = 100.0%)
1  ... 

Histogram: ContentSettings.RegularProfile.Exceptions.protected-media-identifier recorded 1 samples, mean = 0.0 (flags = 0x41)
0  -O                                                                        (1 = 100.0%)
1  ... 

Histogram: ContentSettings.RegularProfile.Exceptions.protocol-handler recorded 1 samples, mean = 0.0 (flags = 0x41)
0  -O                                                                        (1 = 100.0%)
1  ... 

Histogram: ContentSettings.RegularProfile.Exceptions.reduced-accept-language recorded 1 samples, mean = 0.0 (flags = 0x41)
0  -O                                                                        (1 = 100.0%)
1  ... 

Histogram: ContentSettings.RegularProfile.Exceptions.safe-browsing-url-check-data recorded 1 samples, mean = 0.0 (flags = 0x41)
0  -O                                                                        (1 = 100.0%)
1  ... 

Histogram: ContentSettings.RegularProfile.Exceptions.sensors recorded 1 samples, mean = 0.0 (flags = 0x41)
0  -O                                                                        (1 = 100.0%)
1  ... 

Histogram: ContentSettings.RegularProfile.Exceptions.serial-chooser-data recorded 1 samples, mean = 0.0 (flags = 0x41)
0  -O                                                                        (1 = 100.0%)
1  ... 

Histogram: ContentSettings.RegularProfile.Exceptions.serial-guard recorded 1 samples, mean = 0.0 (flags = 0x41)
0  -O                                                                        (1 = 100.0%)
1  ... 

Histogram: ContentSettings.RegularProfile.Exceptions.site-engagement recorded 1 samples, mean = 1.0 (flags = 0x41)
0  O                                                                         (0 = 0.0%)
1  -O                                                                        (1 = 100.0%) {0.0%}
2  ... 

Histogram: ContentSettings.RegularProfile.Exceptions.sound recorded 1 samples, mean = 0.0 (flags = 0x41)
0  -O                                                                        (1 = 100.0%)
1  ... 

Histogram: ContentSettings.RegularProfile.Exceptions.speaker-selection recorded 1 samples, mean = 0.0 (flags = 0x41)
0  -O                                                                        (1 = 100.0%)
1  ... 

Histogram: ContentSettings.RegularProfile.Exceptions.ssl-cert-decisions recorded 1 samples, mean = 0.0 (flags = 0x41)
0  -O                                                                        (1 = 100.0%)
1  ... 

Histogram: ContentSettings.RegularProfile.Exceptions.storage-access recorded 1 samples, mean = 0.0 (flags = 0x41)
0  -O                                                                        (1 = 100.0%)
1  ... 

Histogram: ContentSettings.RegularProfile.Exceptions.storage-access-header-origin-trial recorded 1 samples, mean = 0.0 (flags = 0x41)
0  -O                                                                        (1 = 100.0%)
1  ... 

Histogram: ContentSettings.RegularProfile.Exceptions.storage-access.Allow recorded 1 samples, mean = 0.0 (flags = 0x41)
0  -O                                                                        (1 = 100.0%)
1  ... 

Histogram: ContentSettings.RegularProfile.Exceptions.storage-access.Ask recorded 1 samples, mean = 0.0 (flags = 0x41)
0  -O                                                                        (1 = 100.0%)
1  ... 

Histogram: ContentSettings.RegularProfile.Exceptions.storage-access.Block recorded 1 samples, mean = 0.0 (flags = 0x41)
0  -O                                                                        (1 = 100.0%)
1  ... 

Histogram: ContentSettings.RegularProfile.Exceptions.storage-access.MaxRequester recorded 1 samples, mean = 0.0 (flags = 0x41)
0  -O                                                                        (1 = 100.0%)
1  ... 

Histogram: ContentSettings.RegularProfile.Exceptions.storage-access.MaxTopLevel recorded 1 samples, mean = 0.0 (flags = 0x41)
0  -O                                                                        (1 = 100.0%)
1  ... 

Histogram: ContentSettings.RegularProfile.Exceptions.subresource-filter recorded 1 samples, mean = 0.0 (flags = 0x41)
0  -O                                                                        (1 = 100.0%)
1  ... 

Histogram: ContentSettings.RegularProfile.Exceptions.subresource-filter-data recorded 1 samples, mean = 0.0 (flags = 0x41)
0  -O                                                                        (1 = 100.0%)
1  ... 

Histogram: ContentSettings.RegularProfile.Exceptions.subresource-filter.Allow recorded 1 samples, mean = 0.0 (flags = 0x41)
0  -O                                                                        (1 = 100.0%)
1  ... 

Histogram: ContentSettings.RegularProfile.Exceptions.subresource-filter.Block recorded 1 samples, mean = 0.0 (flags = 0x41)
0  -O                                                                        (1 = 100.0%)
1  ... 

Histogram: ContentSettings.RegularProfile.Exceptions.third-party-storage-partitioning recorded 1 samples, mean = 0.0 (flags = 0x41)
0  -O                                                                        (1 = 100.0%)
1  ... 

Histogram: ContentSettings.RegularProfile.Exceptions.top-level-3pcd-origin-trial recorded 1 samples, mean = 0.0 (flags = 0x41)
0  -O                                                                        (1 = 100.0%)
1  ... 

Histogram: ContentSettings.RegularProfile.Exceptions.top-level-3pcd-support recorded 1 samples, mean = 0.0 (flags = 0x41)
0  -O                                                                        (1 = 100.0%)
1  ... 

Histogram: ContentSettings.RegularProfile.Exceptions.top-level-storage-access recorded 1 samples, mean = 0.0 (flags = 0x41)
0  -O                                                                        (1 = 100.0%)
1  ... 

Histogram: ContentSettings.RegularProfile.Exceptions.tracking-protection recorded 1 samples, mean = 0.0 (flags = 0x41)
0  -O                                                                        (1 = 100.0%)
1  ... 

Histogram: ContentSettings.RegularProfile.Exceptions.tracking-protection.Allow recorded 1 samples, mean = 0.0 (flags = 0x41)
0  -O                                                                        (1 = 100.0%)
1  ... 

Histogram: ContentSettings.RegularProfile.Exceptions.tracking-protection.Block recorded 1 samples, mean = 0.0 (flags = 0x41)
0  -O                                                                        (1 = 100.0%)
1  ... 

Histogram: ContentSettings.RegularProfile.Exceptions.unused-site-permissions recorded 1 samples, mean = 0.0 (flags = 0x41)
0  -O                                                                        (1 = 100.0%)
1  ... 

Histogram: ContentSettings.RegularProfile.Exceptions.usb-chooser-data recorded 1 samples, mean = 0.0 (flags = 0x41)
0  -O                                                                        (1 = 100.0%)
1  ... 

Histogram: ContentSettings.RegularProfile.Exceptions.usb-guard recorded 1 samples, mean = 0.0 (flags = 0x41)
0  -O                                                                        (1 = 100.0%)
1  ... 

Histogram: ContentSettings.RegularProfile.Exceptions.vr recorded 1 samples, mean = 0.0 (flags = 0x41)
0  -O                                                                        (1 = 100.0%)
1  ... 

Histogram: ContentSettings.RegularProfile.Exceptions.webid-api recorded 1 samples, mean = 0.0 (flags = 0x41)
0  -O                                                                        (1 = 100.0%)
1  ... 

Histogram: ContentSettings.RegularProfile.Exceptions.webid-auto-reauthn recorded 1 samples, mean = 0.0 (flags = 0x41)
0  -O                                                                        (1 = 100.0%)
1  ... 

Histogram: ContentSettings.RegularProfile.Exceptions.window-placement recorded 1 samples, mean = 0.0 (flags = 0x41)
0  -O                                                                        (1 = 100.0%)
1  ... 

Histogram: Cookie.ClockSkew.AddMinutes recorded 5 samples, mean = 0.0 (flags = 0x41)
0  -----O                                                                    (5 = 100.0%)
1  ... 

Histogram: Cookie.ClockSkew.AddMinutes12To24Hours recorded 5 samples, mean = 0.0 (flags = 0x41)
0  -----O                                                                    (5 = 100.0%)
720... 

Histogram: Cookie.ClockSkew.ExpiredWithoutSkew recorded 5 samples, mean = 0.0 (flags = 0x41)
0  -----O                                                                    (5 = 100.0%)
1  ... 

Histogram: Cookie.CookiePrefix recorded 6 samples, mean = 0.0 (flags = 0x41)
0  ------O                                                                   (6 = 100.0%)
1  ... 

Histogram: Cookie.CookieSchemeRequestScheme recorded 79 samples, mean = 2.0 (flags = 0x41)
0  ... 
2  ------------------------------------------------------------------------O (79 = 100.0%) {0.0%}
3  ... 

Histogram: Cookie.CookieSourceScheme recorded 6 samples, mean = 0.0 (flags = 0x41)
0  ------O                                                                   (6 = 100.0%)
1  ... 

Histogram: Cookie.CookieSourceSchemeName recorded 6 samples, mean = 14.0 (flags = 0x41)
0   ... 
14  ------O                                                                   (6 = 100.0%) {0.0%}
15  ... 

Histogram: Cookie.CrossSiteRedirectType.Read recorded 125 samples, mean = 1.0 (flags = 0x41)
0  O                                                                         (0 = 0.0%)
1  ------------------------------------------------------------------------O (125 = 100.0%) {0.0%}
2  ... 

Histogram: Cookie.CrossSiteRedirectType.Write recorded 6 samples, mean = 1.0 (flags = 0x41)
0  O                                                                         (0 = 0.0%)
1  ------O                                                                   (6 = 100.0%) {0.0%}
2  ... 

Histogram: Cookie.DaysSinceRefreshForRetrieval recorded 3 samples, mean = 0.0 (flags = 0x41)
0  ---O                                                                      (3 = 100.0%)
1  ... 

Histogram: Cookie.DomainHasNonASCII recorded 6 samples, mean = 0.0 (flags = 0x41)
0  ------O                                                                   (6 = 100.0%)
1  ... 

Histogram: Cookie.DomainSet recorded 6 samples, mean = 1.0 (flags = 0x41)
0  O                                                                         (0 = 0.0%)
1  ------O                                                                   (6 = 100.0%) {0.0%}
2  O                                                                         (0 = 0.0%) {100.0%}

Histogram: Cookie.DoubleUnderscorePrefixedName recorded 6 samples, mean = 0.7 (flags = 0x41)
0  --O                                                                       (2 = 33.3%)
1  ----O                                                                     (4 = 66.7%) {33.3%}
2  O                                                                         (0 = 0.0%) {100.0%}

Histogram: Cookie.ExpirationDuration400DaysLTE recorded 5 samples, mean = 73.0 (flags = 0x41)
0    ----O                                                                     (4 = 80.0%)
1    ... 
364  -O                                                                        (1 = 20.0%) {80.0%}
400  O                                                                         (0 = 0.0%) {100.0%}

Histogram: Cookie.ExpirationDurationMinutesSecure recorded 5 samples, mean = 105144.0 (flags = 0x41)
0       ... 
26      ----O                                                                     (4 = 80.0%) {0.0%}
36      ... 
429766  -O                                                                        (1 = 20.0%) {80.0%}
587706  ... 

Histogram: Cookie.FirstPartyPartitioned.HasCrossSiteAncestor recorded 43 samples, mean = 0.0 (flags = 0x41)
0  -------------------------------------------O                              (43 = 100.0%)
1  ... 

Histogram: Cookie.FirstPartySets.Browser.DelayedQueriesCount recorded 1 samples, mean = 2.0 (flags = 0x41)
0  ... 
2  -O                                                                        (1 = 100.0%) {0.0%}
3  ... 

Histogram: Cookie.FirstPartySets.Browser.MostDelayedQueryDelta recorded 1 samples, mean = 138.0 (flags = 0x41)
0    ... 
135  -O                                                                        (1 = 100.0%) {0.0%}
160  ... 

Histogram: Cookie.FirstPartySets.ComponentSetsNonfatalErrors recorded 1 samples, mean = 0.0 (flags = 0x41)
0  -O                                                                        (1 = 100.0%)
1  ... 

Histogram: Cookie.FirstPartySets.ComponentSetsParsedSuccessfully recorded 1 samples, mean = 0.0 (flags = 0x41)
0  -O                                                                        (1 = 100.0%)
1  ... 

Histogram: Cookie.FirstPartySets.ContextDelayedQueriesCount recorded 1 samples, mean = 0.0 (flags = 0x41)
0  -O                                                                        (1 = 100.0%)
1  ... 

Histogram: Cookie.FirstPartySets.ContextMostDelayedQueryDelta recorded 1 samples, mean = 0.0 (flags = 0x41)
0  -O                                                                        (1 = 100.0%)
1  ... 

Histogram: Cookie.FirstPartySets.EnqueueingDelay.ContextConfig2 recorded 1 samples, mean = 101.0 (flags = 0x41)
0   ... 
96  -O                                                                        (1 = 100.0%) {0.0%}
114 ... 

Histogram: Cookie.FirstPartySets.InitializationDuration.ContextReadyToServeQueries2 recorded 1 samples, mean = 3376.0 (flags = 0x41)
0     ... 
2990  -O                                                                        (1 = 100.0%) {0.0%}
3553  ... 

Histogram: Cookie.FirstPartySets.InitializationDuration.ReadCommandLineSet2 recorded 1 samples, mean = 138.0 (flags = 0x41)
0    ... 
135  -O                                                                        (1 = 100.0%) {0.0%}
160  ... 

Histogram: Cookie.FirstPartySets.InitializationDuration.ReadComponentSets2 recorded 1 samples, mean = 0.0 (flags = 0x41)
0  -O                                                                        (1 = 100.0%)
1  ... 

Histogram: Cookie.FirstPartySets.InitializationDuration.ReadyToServeQueries2 recorded 1 samples, mean = 0.0 (flags = 0x41)
0  -O                                                                        (1 = 100.0%)
1  ... 

Histogram: Cookie.FirstPartySets.Network.DelayedQueriesCount recorded 1 samples, mean = 0.0 (flags = 0x41)
0  -O                                                                        (1 = 100.0%)
1  ... 

Histogram: Cookie.FirstPartySets.Network.MostDelayedQueryDelta recorded 1 samples, mean = 0.0 (flags = 0x41)
0  -O                                                                        (1 = 100.0%)
1  ... 

Histogram: Cookie.FirstPartySets.ProcessedEntireComponent recorded 1 samples, mean = 1.0 (flags = 0x41)
0  O                                                                         (0 = 0.0%)
1  -O                                                                        (1 = 100.0%) {0.0%}
2  O                                                                         (0 = 0.0%) {100.0%}

Histogram: Cookie.FromStorageWithValidLength recorded 76 samples, mean = 1.0 (flags = 0x41)
0  O                                                                         (0 = 0.0%)
1  ------------------------------------------------------------------------O (76 = 100.0%) {0.0%}
2  O                                                                         (0 = 0.0%) {100.0%}

Histogram: Cookie.HasNonASCII.Name recorded 6 samples, mean = 0.0 (flags = 0x41)
0  ------O                                                                   (6 = 100.0%)
1  ... 

Histogram: Cookie.HasNonASCII.Value recorded 6 samples, mean = 0.0 (flags = 0x41)
0  ------O                                                                   (6 = 100.0%)
1  ... 

Histogram: Cookie.IncludedRequestEffectiveSameSite recorded 121 samples, mean = 0.0 (flags = 0x41)
0  ------------------------------------------------------------------------O (121 = 100.0%)
1  ... 

Histogram: Cookie.IncludedResponseEffectiveSameSite recorded 6 samples, mean = 0.0 (flags = 0x41)
0  ------O                                                                   (6 = 100.0%)
1  ... 

Histogram: Cookie.IsPartitionedValid recorded 1 samples, mean = 1.0 (flags = 0x41)
0  O                                                                         (0 = 0.0%)
1  -O                                                                        (1 = 100.0%) {0.0%}
2  O                                                                         (0 = 0.0%) {100.0%}

Histogram: Cookie.NameOrValueHtab recorded 6 samples, mean = 0.0 (flags = 0x41)
0  ------O                                                                   (6 = 100.0%)
1  ... 

Histogram: Cookie.OnCookiesAccessed.BatchSize recorded 7 samples, mean = 1.3 (flags = 0x41)
0  O                                                                         (0 = 0.0%)
1  -----O                                                                    (5 = 71.4%) {0.0%}
2  --O                                                                       (2 = 28.6%) {71.4%}
3  ... 

Histogram: Cookie.OnCookiesAccessed.TotalAccesses recorded 7 samples, mean = 2.3 (flags = 0x41)
0  O                                                                         (0 = 0.0%)
1  -O                                                                        (1 = 14.3%) {0.0%}
2  ----O                                                                     (4 = 57.1%) {14.3%}
3  -O                                                                        (1 = 14.3%) {71.4%}
4  -O                                                                        (1 = 14.3%) {85.7%}
5  ... 

Histogram: Cookie.PartitionedCookiesInRequest recorded 40 samples, mean = 1.0 (flags = 0x41)
0  O                                                                         (0 = 0.0%)
1  ----------------------------------------O                                 (40 = 100.0%) {0.0%}
2  ... 

Histogram: Cookie.Port.Read.RemoteHost recorded 121 samples, mean = 7.0 (flags = 0x41)
0  ... 
7  ------------------------------------------------------------------------O (121 = 100.0%) {0.0%}
8  ... 

Histogram: Cookie.Port.ReadDiffersFromSet.DomainSet recorded 121 samples, mean = 4.0 (flags = 0x41)
0  ... 
4  ------------------------------------------------------------------------O (121 = 100.0%) {0.0%}
5  O                                                                         (0 = 0.0%) {100.0%}

Histogram: Cookie.Port.ReadDiffersFromSet.RemoteHost recorded 121 samples, mean = 4.0 (flags = 0x41)
0  ... 
4  ------------------------------------------------------------------------O (121 = 100.0%) {0.0%}
5  O                                                                         (0 = 0.0%) {100.0%}

Histogram: Cookie.Port.Set.RemoteHost recorded 6 samples, mean = 7.0 (flags = 0x41)
0  ... 
7  ------O                                                                   (6 = 100.0%) {0.0%}
8  ... 

Histogram: Cookie.RequestSameSiteContext recorded 125 samples, mean = 3.0 (flags = 0x41)
0  -O                                                                        (2 = 1.6%)
1  ... 
3  ------------------------------------------------------------------------O (123 = 98.4%) {1.6%}
4  O                                                                         (0 = 0.0%) {100.0%}

Histogram: Cookie.SameSiteAttributeValue recorded 6 samples, mean = 5.0 (flags = 0x41)
0  ... 
5  ------O                                                                   (6 = 100.0%) {0.0%}
6  ... 

Histogram: Cookie.SameSiteNoneSizeBytes recorded 6 samples, mean = 213.2 (flags = 0x41)
0    ... 
40   -O                                                                        (1 = 16.7%) {0.0%}
48   ... 
190  ----O                                                                     (4 = 66.7%) {16.7%}
226  ... 
378  -O                                                                        (1 = 16.7%) {83.3%}
449  ... 

Histogram: Cookie.SameSiteNoneSizeBytes.Partitioned recorded 1 samples, mean = 417.0 (flags = 0x41)
0    ... 
378  -O                                                                        (1 = 100.0%) {0.0%}
449  ... 

Histogram: Cookie.SameSiteNoneSizeBytes.Unpartitioned recorded 5 samples, mean = 172.4 (flags = 0x41)
0    ... 
40   -O                                                                        (1 = 20.0%) {0.0%}
48   ... 
190  ----O                                                                     (4 = 80.0%) {20.0%}
226  ... 

Histogram: Cookie.SourceType recorded 9 samples, mean = 1.0 (flags = 0x41)
0  O                                                                         (0 = 0.0%)
1  ---------O                                                                (9 = 100.0%) {0.0%}
2  ... 

Histogram: Cookie.TimeBlockedOnLoad recorded 2 samples, mean = 351.0 (flags = 0x41)
0    ... 
6    -O                                                                        (1 = 50.0%) {0.0%}
7    ... 
658  -O                                                                        (1 = 50.0%) {50.0%}
816  ... 

Histogram: Cookie.TimeInitializeDB recorded 2 samples, mean = 4.5 (flags = 0x41)
0  ... 
4  -O                                                                        (1 = 50.0%) {0.0%}
5  -O                                                                        (1 = 50.0%) {50.0%}
6  ... 

Histogram: Cookie.TimeOpsBlockedDueToGlobalOp recorded 2 samples, mean = 3.0 (flags = 0x41)
0  -O                                                                        (1 = 50.0%)
1  ... 
6  -O                                                                        (1 = 50.0%) {50.0%}
7  ... 

Histogram: Cookie.Type2 recorded 9 samples, mean = 12.9 (flags = 0x41)
0   ... 
4   -O                                                                        (1 = 11.1%) {0.0%}
5   ... 
14  --------O                                                                 (8 = 88.9%) {11.1%}
15  ... 

Histogram: Crypto.TPMDuration.MessageSigningECDSA recorded 1 samples, mean = 78.0 (flags = 0x41)
0   ... 
66  -O                                                                        (1 = 100.0%) {0.0%}
84  ... 

Histogram: Crypto.TPMDuration.NewKeyCreationECDSA recorded 1 samples, mean = 345.0 (flags = 0x41)
0    ... 
280  -O                                                                        (1 = 100.0%) {0.0%}
356  ... 

Histogram: Crypto.TPMDuration.Virtual.MessageSigningECDSA recorded 1 samples, mean = 1.0 (flags = 0x41)
0  O                                                                         (0 = 0.0%)
1  -O                                                                        (1 = 100.0%) {0.0%}
2  ... 

Histogram: Crypto.TPMDuration.Virtual.NewKeyCreationECDSA recorded 1 samples, mean = 16.0 (flags = 0x41)
0   ... 
16  -O                                                                        (1 = 100.0%) {0.0%}
20  ... 

Histogram: Crypto.TPMDuration.Virtual.WrappedKeyCreationECDSA recorded 1 samples, mean = 5.0 (flags = 0x41)
0  ... 
5  -O                                                                        (1 = 100.0%) {0.0%}
6  ... 

Histogram: Crypto.TPMDuration.WrappedKeyCreationECDSA recorded 1 samples, mean = 60.0 (flags = 0x41)
0   ... 
52  -O                                                                        (1 = 100.0%) {0.0%}
66  ... 

Histogram: Crypto.TPMOperation.MessageSigningECDSA recorded 1 samples, mean = 1.0 (flags = 0x41)
0  O                                                                         (0 = 0.0%)
1  -O                                                                        (1 = 100.0%) {0.0%}
2  O                                                                         (0 = 0.0%) {100.0%}

Histogram: Crypto.TPMOperation.MessageVerifyECDSA recorded 1 samples, mean = 1.0 (flags = 0x41)
0  O                                                                         (0 = 0.0%)
1  -O                                                                        (1 = 100.0%) {0.0%}
2  O                                                                         (0 = 0.0%) {100.0%}

Histogram: Crypto.TPMOperation.NewKeyCreationECDSA recorded 1 samples, mean = 1.0 (flags = 0x41)
0  O                                                                         (0 = 0.0%)
1  -O                                                                        (1 = 100.0%) {0.0%}
2  O                                                                         (0 = 0.0%) {100.0%}

Histogram: Crypto.TPMOperation.Virtual.MessageSigningECDSA recorded 1 samples, mean = 1.0 (flags = 0x41)
0  O                                                                         (0 = 0.0%)
1  -O                                                                        (1 = 100.0%) {0.0%}
2  O                                                                         (0 = 0.0%) {100.0%}

Histogram: Crypto.TPMOperation.Virtual.MessageVerifyECDSA recorded 1 samples, mean = 1.0 (flags = 0x41)
0  O                                                                         (0 = 0.0%)
1  -O                                                                        (1 = 100.0%) {0.0%}
2  O                                                                         (0 = 0.0%) {100.0%}

Histogram: Crypto.TPMOperation.Virtual.NewKeyCreationECDSA recorded 1 samples, mean = 1.0 (flags = 0x41)
0  O                                                                         (0 = 0.0%)
1  -O                                                                        (1 = 100.0%) {0.0%}
2  O                                                                         (0 = 0.0%) {100.0%}

Histogram: Crypto.TPMOperation.Virtual.WrappedKeyCreationECDSA recorded 1 samples, mean = 1.0 (flags = 0x41)
0  O                                                                         (0 = 0.0%)
1  -O                                                                        (1 = 100.0%) {0.0%}
2  O                                                                         (0 = 0.0%) {100.0%}

Histogram: Crypto.TPMOperation.WrappedKeyCreationECDSA recorded 1 samples, mean = 1.0 (flags = 0x41)
0  O                                                                         (0 = 0.0%)
1  -O                                                                        (1 = 100.0%) {0.0%}
2  O                                                                         (0 = 0.0%) {100.0%}

Histogram: Crypto.TPMSupport2 recorded 1 samples, mean = 2.0 (flags = 0x41)
0  ... 
2  -O                                                                        (1 = 100.0%) {0.0%}
3  O                                                                         (0 = 0.0%) {100.0%}

Histogram: Crypto.TPMSupportType recorded 1 samples, mean = 3.0 (flags = 0x41)
0  ... 
3  -O                                                                        (1 = 100.0%) {0.0%}
4  O                                                                         (0 = 0.0%) {100.0%}

Histogram: Crypto.VirtualKeySupport recorded 1 samples, mean = 2.0 (flags = 0x41)
0  ... 
2  -O                                                                        (1 = 100.0%) {0.0%}
3  O                                                                         (0 = 0.0%) {100.0%}

Histogram: DOMStorage.CommitMeasuredDelay recorded 4 samples, mean = 3604.5 (flags = 0x41)
0     ... 
4     -O                                                                        (1 = 25.0%) {0.0%}
5     ... 
4249  -O                                                                        (1 = 25.0%) {25.0%}
4904  --O                                                                       (2 = 50.0%) {50.0%}
5660  ... 

Histogram: DOMStorage.CommitSizeBytes recorded 2 samples, mean = 826.5 (flags = 0x41)
0    ... 
762  -O                                                                        (1 = 50.0%) {0.0%}
859  -O                                                                        (1 = 50.0%) {50.0%}
968  ... 

Histogram: DataUse.BytesReceived3.Delegate recorded 16 samples, mean = 8312.5 (flags = 0x41)
0      ... 
64     -O                                                                        (1 = 6.2%) {0.0%}
83     ... 
297    -O                                                                        (1 = 6.2%) {6.2%}
383    --O                                                                       (2 = 12.5%) {12.5%}
494    ---O                                                                      (3 = 18.8%) {25.0%}
637    -O                                                                        (1 = 6.2%) {43.8%}
821    -O                                                                        (1 = 6.2%) {50.0%}
1059   -O                                                                        (1 = 6.2%) {56.2%}
1366   ... 
2928   ----O                                                                     (4 = 25.0%) {62.5%}
3776   ... 
22388  -O                                                                        (1 = 6.2%) {87.5%}
28869  ... 
79817  -O                                                                        (1 = 6.2%) {93.8%}
102923 ... 

Histogram: DataUse.BytesSent3.Delegate recorded 16 samples, mean = 1807.6 (flags = 0x41)
0      ... 
21     -O                                                                        (1 = 6.2%) {0.0%}
28     ... 
196    -O                                                                        (1 = 6.2%) {6.2%}
258    ... 
448    ----O                                                                     (4 = 25.0%) {12.5%}
590    --O                                                                       (2 = 12.5%) {37.5%}
777    --O                                                                       (2 = 12.5%) {50.0%}
1023   -----O                                                                    (5 = 31.2%) {62.5%}
1347   ... 
16063  -O                                                                        (1 = 6.2%) {93.8%}
21156  ... 

Histogram: DefaultBrowser.State recorded 1 samples, mean = 0.0 (flags = 0x41)
0  -O                                                                        (1 = 100.0%)
1  ... 

Histogram: DiskCache.0.Error recorded 1 samples, mean = 0.0 (flags = 0x41)
0  -O                                                                        (1 = 100.0%)
1  ... 

Histogram: DiskCache.0.TotalIOTimeRead recorded 106 samples, mean = 4.6 (flags = 0x41)
0   -----------------------------------------------O                          (47 = 44.3%)
1   -----O                                                                    (5 = 4.7%) {44.3%}
2   ----O                                                                     (4 = 3.8%) {49.1%}
3   ----O                                                                     (4 = 3.8%) {52.8%}
4   O                                                                         (0 = 0.0%) {56.6%}
5   ---O                                                                      (3 = 2.8%) {56.6%}
6   -----O                                                                    (5 = 4.7%) {59.4%}
7   -O                                                                        (1 = 0.9%) {64.2%}
8   --------------------O                                                     (20 = 18.9%) {65.1%}
10  -----O                                                                    (5 = 4.7%) {84.0%}
12  --O                                                                       (2 = 1.9%) {88.7%}
14  -----O                                                                    (5 = 4.7%) {90.6%}
17  -----O                                                                    (5 = 4.7%) {95.3%}
20  ... 

Histogram: DiskCache.0.TotalIOTimeWrite recorded 22 samples, mean = 0.1 (flags = 0x41)
0  --------------------O                                                     (20 = 90.9%)
1  -O                                                                        (1 = 4.5%) {90.9%}
2  -O                                                                        (1 = 4.5%) {95.5%}
3  ... 

Histogram: Download.Database.IsAvailable recorded 1 samples, mean = 1.0 (flags = 0x41)
0  O                                                                         (0 = 0.0%)
1  -O                                                                        (1 = 100.0%) {0.0%}
2  O                                                                         (0 = 0.0%) {100.0%}

Histogram: Download.Service.Db.Operation.Success recorded 1 samples, mean = 0.0 (flags = 0x41)
0  -O                                                                        (1 = 100.0%)
1  ... 

Histogram: Download.Service.Db.Records recorded 1 samples, mean = 0.0 (flags = 0x41)
0  -O                                                                        (1 = 100.0%)
1  ... 

Histogram: Download.Service.Db.Records.Active recorded 1 samples, mean = 0.0 (flags = 0x41)
0  -O                                                                        (1 = 100.0%)
1  ... 

Histogram: Download.Service.Db.Records.Available recorded 1 samples, mean = 0.0 (flags = 0x41)
0  -O                                                                        (1 = 100.0%)
1  ... 

Histogram: Download.Service.Db.Records.Complete recorded 1 samples, mean = 0.0 (flags = 0x41)
0  -O                                                                        (1 = 100.0%)
1  ... 

Histogram: Download.Service.Db.Records.New recorded 1 samples, mean = 0.0 (flags = 0x41)
0  -O                                                                        (1 = 100.0%)
1  ... 

Histogram: Download.Service.Db.Records.Paused recorded 1 samples, mean = 0.0 (flags = 0x41)
0  -O                                                                        (1 = 100.0%)
1  ... 

Histogram: Download.Service.Files.CleanUp.External recorded 3 samples, mean = 0.0 (flags = 0x41)
0  ---O                                                                      (3 = 100.0%)
1  ... 

Histogram: Download.Service.Files.CleanUp.External.Orphaned recorded 1 samples, mean = 0.0 (flags = 0x41)
0  -O                                                                        (1 = 100.0%)
1  ... 

Histogram: Download.Service.Files.CleanUp.External.Timeout recorded 1 samples, mean = 0.0 (flags = 0x41)
0  -O                                                                        (1 = 100.0%)
1  ... 

Histogram: Download.Service.Files.CleanUp.External.Unknown recorded 1 samples, mean = 0.0 (flags = 0x41)
0  -O                                                                        (1 = 100.0%)
1  ... 

Histogram: Download.Service.Files.CleanUp.Failure recorded 3 samples, mean = 0.0 (flags = 0x41)
0  ---O                                                                      (3 = 100.0%)
1  ... 

Histogram: Download.Service.Files.CleanUp.Failure.Orphaned recorded 1 samples, mean = 0.0 (flags = 0x41)
0  -O                                                                        (1 = 100.0%)
1  ... 

Histogram: Download.Service.Files.CleanUp.Failure.Timeout recorded 1 samples, mean = 0.0 (flags = 0x41)
0  -O                                                                        (1 = 100.0%)
1  ... 

Histogram: Download.Service.Files.CleanUp.Failure.Unknown recorded 1 samples, mean = 0.0 (flags = 0x41)
0  -O                                                                        (1 = 100.0%)
1  ... 

Histogram: Download.Service.Files.CleanUp.Success recorded 3 samples, mean = 0.0 (flags = 0x41)
0  ---O                                                                      (3 = 100.0%)
1  ... 

Histogram: Download.Service.Files.CleanUp.Success.Orphaned recorded 1 samples, mean = 0.0 (flags = 0x41)
0  -O                                                                        (1 = 100.0%)
1  ... 

Histogram: Download.Service.Files.CleanUp.Success.Timeout recorded 1 samples, mean = 0.0 (flags = 0x41)
0  -O                                                                        (1 = 100.0%)
1  ... 

Histogram: Download.Service.Files.CleanUp.Success.Unknown recorded 1 samples, mean = 0.0 (flags = 0x41)
0  -O                                                                        (1 = 100.0%)
1  ... 

Histogram: Download.Service.StartUpStatus.Initialization recorded 1 samples, mean = 0.0 (flags = 0x41)
0  -O                                                                        (1 = 100.0%)
1  ... 

Histogram: Enterprise.TimeToFirstPolicyLoad.Profile.Unmanaged recorded 1 samples, mean = 0.0 (flags = 0x41)
0  -O                                                                        (1 = 100.0%)
1  ... 

Histogram: EnterpriseCheck.AzureADJoinStatusCheckTime recorded 1 samples, mean = 9.0 (flags = 0x41)
0  ... 
8  -O                                                                        (1 = 100.0%) {0.0%}
10 ... 

Histogram: Event.GestureCreated recorded 3 samples, mean = 12.0 (flags = 0x41)
0   ... 
12  ---O                                                                      (3 = 100.0%) {0.0%}
13  ... 

Histogram: Extension.Toolbar.BrowserActionsCount2 recorded 1 samples, mean = 0.0 (flags = 0x41)
0  -O                                                                        (1 = 100.0%)
1  ... 

Histogram: ExtensionToolbarModel.BrowserActionsCount recorded 1 samples, mean = 0.0 (flags = 0x41)
0  -O                                                                        (1 = 100.0%)
1  ... 

Histogram: Extensions.AppLocation2 recorded 1 samples, mean = 5.0 (flags = 0x41)
0  ... 
5  -O                                                                        (1 = 100.0%) {0.0%}
6  ... 

Histogram: Extensions.CorruptExtensionTotalDisables recorded 1 samples, mean = 0.0 (flags = 0x41)
0  -O                                                                        (1 = 100.0%)
1  ... 

Histogram: Extensions.CorruptExtensionTotalDisables2 recorded 1 samples, mean = 0.0 (flags = 0x41)
0  -O                                                                        (1 = 100.0%)
1  ... 

Histogram: Extensions.Database.Open.State recorded 1 samples, mean = 0.0 (flags = 0x41)
0  -O                                                                        (1 = 100.0%)
1  ... 

Histogram: Extensions.DeveloperModeEnabled recorded 2 samples, mean = 0.0 (flags = 0x41)
0  --O                                                                       (2 = 100.0%)
1  ... 

Histogram: Extensions.DidCreateScriptContext_Unspecified recorded 1 samples, mean = 1.0 (flags = 0x41)
0  O                                                                         (0 = 0.0%)
1  -O                                                                        (1 = 100.0%) {0.0%}
2  ... 

Histogram: Extensions.DidCreateScriptContext_WebPage recorded 3 samples, mean = 0.0 (flags = 0x41)
0  ---O                                                                      (3 = 100.0%)
1  ... 

Histogram: Extensions.Disabled recorded 1 samples, mean = 0.0 (flags = 0x41)
0  -O                                                                        (1 = 100.0%)
1  ... 

Histogram: Extensions.Disabled2 recorded 1 samples, mean = 0.0 (flags = 0x41)
0  -O                                                                        (1 = 100.0%)
1  ... 

Histogram: Extensions.DisabledForPermissions recorded 1 samples, mean = 0.0 (flags = 0x41)
0  -O                                                                        (1 = 100.0%)
1  ... 

Histogram: Extensions.DisabledForPermissions2 recorded 1 samples, mean = 0.0 (flags = 0x41)
0  -O                                                                        (1 = 100.0%)
1  ... 

Histogram: Extensions.EventlessEventPages2 recorded 1 samples, mean = 0.0 (flags = 0x41)
0  -O                                                                        (1 = 100.0%)
1  ... 

Histogram: Extensions.ExtensionLocation recorded 1 samples, mean = 5.0 (flags = 0x41)
0  ... 
5  -O                                                                        (1 = 100.0%) {0.0%}
6  ... 

Histogram: Extensions.ExtensionLocation2 recorded 1 samples, mean = 5.0 (flags = 0x41)
0  ... 
5  -O                                                                        (1 = 100.0%) {0.0%}
6  ... 

Histogram: Extensions.ExtensionsWithPageActions recorded 1 samples, mean = 0.0 (flags = 0x41)
0  -O                                                                        (1 = 100.0%)
1  ... 

Histogram: Extensions.HomepageOverrides recorded 1 samples, mean = 0.0 (flags = 0x41)
0  -O                                                                        (1 = 100.0%)
1  ... 

Histogram: Extensions.HomepageOverrides2 recorded 1 samples, mean = 0.0 (flags = 0x41)
0  -O                                                                        (1 = 100.0%)
1  ... 

Histogram: Extensions.InjectEnd_ScriptCount recorded 3 samples, mean = 0.0 (flags = 0x41)
0  ---O                                                                      (3 = 100.0%)
1  ... 

Histogram: Extensions.InjectIdle_ScriptCount recorded 3 samples, mean = 0.0 (flags = 0x41)
0  ---O                                                                      (3 = 100.0%)
1  ... 

Histogram: Extensions.InjectStart_CssCount recorded 5 samples, mean = 0.0 (flags = 0x41)
0  -----O                                                                    (5 = 100.0%)
1  ... 

Histogram: Extensions.InjectStart_ScriptCount recorded 5 samples, mean = 0.0 (flags = 0x41)
0  -----O                                                                    (5 = 100.0%)
1  ... 

Histogram: Extensions.LoadAll recorded 1 samples, mean = 2.0 (flags = 0x41)
0  ... 
2  -O                                                                        (1 = 100.0%) {0.0%}
3  ... 

Histogram: Extensions.LoadAll2 recorded 1 samples, mean = 2.0 (flags = 0x41)
0  ... 
2  -O                                                                        (1 = 100.0%) {0.0%}
3  ... 

Histogram: Extensions.LoadAllComponentTime recorded 1 samples, mean = 2.0 (flags = 0x41)
0  ... 
2  -O                                                                        (1 = 100.0%) {0.0%}
3  ... 

Histogram: Extensions.LoadAllComponentTime.User recorded 1 samples, mean = 2.0 (flags = 0x41)
0  ... 
2  -O                                                                        (1 = 100.0%) {0.0%}
3  ... 

Histogram: Extensions.LoadAllTime2 recorded 1 samples, mean = 0.0 (flags = 0x41)
0  -O                                                                        (1 = 100.0%)
1  ... 

Histogram: Extensions.LoadAllTime2.User recorded 1 samples, mean = 0.0 (flags = 0x41)
0  -O                                                                        (1 = 100.0%)
1  ... 

Histogram: Extensions.LoadApp recorded 1 samples, mean = 0.0 (flags = 0x41)
0  -O                                                                        (1 = 100.0%)
1  ... 

Histogram: Extensions.LoadApp2 recorded 1 samples, mean = 0.0 (flags = 0x41)
0  -O                                                                        (1 = 100.0%)
1  ... 

Histogram: Extensions.LoadAppExternal recorded 1 samples, mean = 0.0 (flags = 0x41)
0  -O                                                                        (1 = 100.0%)
1  ... 

Histogram: Extensions.LoadAppExternal2 recorded 1 samples, mean = 0.0 (flags = 0x41)
0  -O                                                                        (1 = 100.0%)
1  ... 

Histogram: Extensions.LoadAppUser recorded 1 samples, mean = 0.0 (flags = 0x41)
0  -O                                                                        (1 = 100.0%)
1  ... 

Histogram: Extensions.LoadAppUser2 recorded 1 samples, mean = 0.0 (flags = 0x41)
0  -O                                                                        (1 = 100.0%)
1  ... 

Histogram: Extensions.LoadBrowserAction recorded 1 samples, mean = 0.0 (flags = 0x41)
0  -O                                                                        (1 = 100.0%)
1  ... 

Histogram: Extensions.LoadBrowserAction2 recorded 1 samples, mean = 0.0 (flags = 0x41)
0  -O                                                                        (1 = 100.0%)
1  ... 

Histogram: Extensions.LoadExtension recorded 1 samples, mean = 0.0 (flags = 0x41)
0  -O                                                                        (1 = 100.0%)
1  ... 

Histogram: Extensions.LoadExtension2 recorded 1 samples, mean = 0.0 (flags = 0x41)
0  -O                                                                        (1 = 100.0%)
1  ... 

Histogram: Extensions.LoadExtensionExternal recorded 1 samples, mean = 0.0 (flags = 0x41)
0  -O                                                                        (1 = 100.0%)
1  ... 

Histogram: Extensions.LoadExtensionExternal2 recorded 1 samples, mean = 0.0 (flags = 0x41)
0  -O                                                                        (1 = 100.0%)
1  ... 

Histogram: Extensions.LoadExtensionUser2 recorded 1 samples, mean = 0.0 (flags = 0x41)
0  -O                                                                        (1 = 100.0%)
1  ... 

Histogram: Extensions.LoadHostedApp recorded 1 samples, mean = 0.0 (flags = 0x41)
0  -O                                                                        (1 = 100.0%)
1  ... 

Histogram: Extensions.LoadHostedApp2 recorded 1 samples, mean = 0.0 (flags = 0x41)
0  -O                                                                        (1 = 100.0%)
1  ... 

Histogram: Extensions.LoadNoExtensionAction recorded 1 samples, mean = 0.0 (flags = 0x41)
0  -O                                                                        (1 = 100.0%)
1  ... 

Histogram: Extensions.LoadNoExtensionAction2 recorded 1 samples, mean = 0.0 (flags = 0x41)
0  -O                                                                        (1 = 100.0%)
1  ... 

Histogram: Extensions.LoadOffStoreItems recorded 1 samples, mean = 0.0 (flags = 0x41)
0  -O                                                                        (1 = 100.0%)
1  ... 

Histogram: Extensions.LoadOffStoreItems2 recorded 1 samples, mean = 0.0 (flags = 0x41)
0  -O                                                                        (1 = 100.0%)
1  ... 

Histogram: Extensions.LoadPackagedApp recorded 1 samples, mean = 0.0 (flags = 0x41)
0  -O                                                                        (1 = 100.0%)
1  ... 

Histogram: Extensions.LoadPackagedApp2 recorded 1 samples, mean = 0.0 (flags = 0x41)
0  -O                                                                        (1 = 100.0%)
1  ... 

Histogram: Extensions.LoadPlatformApp recorded 1 samples, mean = 0.0 (flags = 0x41)
0  -O                                                                        (1 = 100.0%)
1  ... 

Histogram: Extensions.LoadPlatformApp2 recorded 1 samples, mean = 0.0 (flags = 0x41)
0  -O                                                                        (1 = 100.0%)
1  ... 

Histogram: Extensions.LoadTheme recorded 1 samples, mean = 0.0 (flags = 0x41)
0  -O                                                                        (1 = 100.0%)
1  ... 

Histogram: Extensions.LoadTheme2 recorded 1 samples, mean = 0.0 (flags = 0x41)
0  -O                                                                        (1 = 100.0%)
1  ... 

Histogram: Extensions.LoadUserScript recorded 1 samples, mean = 0.0 (flags = 0x41)
0  -O                                                                        (1 = 100.0%)
1  ... 

Histogram: Extensions.LoadUserScript2 recorded 1 samples, mean = 0.0 (flags = 0x41)
0  -O                                                                        (1 = 100.0%)
1  ... 

Histogram: Extensions.Management_Refresh recorded 1 samples, mean = 0.0 (flags = 0x41)
0  -O                                                                        (1 = 100.0%)
1  ... 

Histogram: Extensions.ManifestVersion2Count.Component recorded 1 samples, mean = 1.0 (flags = 0x41)
0  O                                                                         (0 = 0.0%)
1  -O                                                                        (1 = 100.0%) {0.0%}
2  ... 

Histogram: Extensions.ManifestVersion2Count.External recorded 1 samples, mean = 0.0 (flags = 0x41)
0  -O                                                                        (1 = 100.0%)
1  ... 

Histogram: Extensions.ManifestVersion2Count.Internal recorded 1 samples, mean = 0.0 (flags = 0x41)
0  -O                                                                        (1 = 100.0%)
1  ... 

Histogram: Extensions.ManifestVersion2Count.Policy recorded 1 samples, mean = 0.0 (flags = 0x41)
0  -O                                                                        (1 = 100.0%)
1  ... 

Histogram: Extensions.ManifestVersion2Count.Unpacked recorded 1 samples, mean = 0.0 (flags = 0x41)
0  -O                                                                        (1 = 100.0%)
1  ... 

Histogram: Extensions.ManifestVersion3Count.Component recorded 1 samples, mean = 0.0 (flags = 0x41)
0  -O                                                                        (1 = 100.0%)
1  ... 

Histogram: Extensions.ManifestVersion3Count.External recorded 1 samples, mean = 0.0 (flags = 0x41)
0  -O                                                                        (1 = 100.0%)
1  ... 

Histogram: Extensions.ManifestVersion3Count.Internal recorded 1 samples, mean = 0.0 (flags = 0x41)
0  -O                                                                        (1 = 100.0%)
1  ... 

Histogram: Extensions.ManifestVersion3Count.Policy recorded 1 samples, mean = 0.0 (flags = 0x41)
0  -O                                                                        (1 = 100.0%)
1  ... 

Histogram: Extensions.ManifestVersion3Count.Unpacked recorded 1 samples, mean = 0.0 (flags = 0x41)
0  -O                                                                        (1 = 100.0%)
1  ... 

Histogram: Extensions.ManifestVersionByLocation.Component recorded 1 samples, mean = 2.0 (flags = 0x41)
0  ... 
2  -O                                                                        (1 = 100.0%) {0.0%}
3  ... 

Histogram: Extensions.ManifestVersionPopulationSplit.Component recorded 1 samples, mean = 1.0 (flags = 0x41)
0  O                                                                         (0 = 0.0%)
1  -O                                                                        (1 = 100.0%) {0.0%}
2  ... 

Histogram: Extensions.ManifestVersionPopulationSplit.External recorded 1 samples, mean = 0.0 (flags = 0x41)
0  -O                                                                        (1 = 100.0%)
1  ... 

Histogram: Extensions.ManifestVersionPopulationSplit.Internal recorded 1 samples, mean = 0.0 (flags = 0x41)
0  -O                                                                        (1 = 100.0%)
1  ... 

Histogram: Extensions.ManifestVersionPopulationSplit.InternalAndExternal recorded 1 samples, mean = 0.0 (flags = 0x41)
0  -O                                                                        (1 = 100.0%)
1  ... 

Histogram: Extensions.ManifestVersionPopulationSplit.Unpacked recorded 1 samples, mean = 0.0 (flags = 0x41)
0  -O                                                                        (1 = 100.0%)
1  ... 

Histogram: Extensions.NewTabPageOverrides recorded 1 samples, mean = 0.0 (flags = 0x41)
0  -O                                                                        (1 = 100.0%)
1  ... 

Histogram: Extensions.NewTabPageOverrides2 recorded 1 samples, mean = 0.0 (flags = 0x41)
0  -O                                                                        (1 = 100.0%)
1  ... 

Histogram: Extensions.NonWebStoreNewTabPageOverrides recorded 1 samples, mean = 0.0 (flags = 0x41)
0  -O                                                                        (1 = 100.0%)
1  ... 

Histogram: Extensions.NonWebStoreNewTabPageOverrides2 recorded 1 samples, mean = 0.0 (flags = 0x41)
0  -O                                                                        (1 = 100.0%)
1  ... 

Histogram: Extensions.NonWebstoreLocation recorded 2 samples, mean = 5.0 (flags = 0x41)
0  ... 
5  --O                                                                       (2 = 100.0%) {0.0%}
6  ... 

Histogram: Extensions.NonWebstoreLocation2 recorded 2 samples, mean = 5.0 (flags = 0x41)
0  ... 
5  --O                                                                       (2 = 100.0%) {0.0%}
6  ... 

Histogram: Extensions.NonWebstoreLocationWithDeveloperModeOff.Enabled3 recorded 2 samples, mean = 5.0 (flags = 0x41)
0  ... 
5  --O                                                                       (2 = 100.0%) {0.0%}
6  ... 

Histogram: Extensions.NotAllowlistedDisabled recorded 1 samples, mean = 0.0 (flags = 0x41)
0  -O                                                                        (1 = 100.0%)
1  ... 

Histogram: Extensions.NotAllowlistedDisabled2 recorded 1 samples, mean = 0.0 (flags = 0x41)
0  -O                                                                        (1 = 100.0%)
1  ... 

Histogram: Extensions.NotAllowlistedEnabled recorded 1 samples, mean = 0.0 (flags = 0x41)
0  -O                                                                        (1 = 100.0%)
1  ... 

Histogram: Extensions.NotAllowlistedEnabled2 recorded 1 samples, mean = 0.0 (flags = 0x41)
0  -O                                                                        (1 = 100.0%)
1  ... 

Histogram: Extensions.ProcessManagerStartupHostsTime2 recorded 1 samples, mean = 0.0 (flags = 0x41)
0  -O                                                                        (1 = 100.0%)
1  ... 

Histogram: Extensions.SearchEngineOverrides recorded 1 samples, mean = 0.0 (flags = 0x41)
0  -O                                                                        (1 = 100.0%)
1  ... 

Histogram: Extensions.SearchEngineOverrides2 recorded 1 samples, mean = 0.0 (flags = 0x41)
0  -O                                                                        (1 = 100.0%)
1  ... 

Histogram: Extensions.StartupPagesOverrides recorded 1 samples, mean = 0.0 (flags = 0x41)
0  -O                                                                        (1 = 100.0%)
1  ... 

Histogram: Extensions.StartupPagesOverrides2 recorded 1 samples, mean = 0.0 (flags = 0x41)
0  -O                                                                        (1 = 100.0%)
1  ... 

Histogram: Extensions.WebRequestBlockingCount recorded 1 samples, mean = 0.0 (flags = 0x41)
0  -O                                                                        (1 = 100.0%)
1  ... 

Histogram: Extensions.WebRequestBlockingCount2 recorded 1 samples, mean = 0.0 (flags = 0x41)
0  -O                                                                        (1 = 100.0%)
1  ... 

Histogram: Extensions.WebRequestCount recorded 1 samples, mean = 0.0 (flags = 0x41)
0  -O                                                                        (1 = 100.0%)
1  ... 

Histogram: Extensions.WebRequestCount2 recorded 1 samples, mean = 0.0 (flags = 0x41)
0  -O                                                                        (1 = 100.0%)
1  ... 

Histogram: FetchKeepAlive.Renderer.Total.ReceivedResponse recorded 1 samples, mean = 1.0 (flags = 0x41)
0  O                                                                         (0 = 0.0%)
1  -O                                                                        (1 = 100.0%) {0.0%}
2  O                                                                         (0 = 0.0%) {100.0%}

Histogram: FetchKeepAlive.Renderer.Total.Started recorded 1 samples, mean = 1.0 (flags = 0x41)
0  O                                                                         (0 = 0.0%)
1  -O                                                                        (1 = 100.0%) {0.0%}
2  O                                                                         (0 = 0.0%) {100.0%}

Histogram: FetchKeepAlive.Requests2.Network recorded 2 samples, mean = 0.5 (flags = 0x41)
0  -O                                                                        (1 = 50.0%)
1  -O                                                                        (1 = 50.0%) {50.0%}
2  O                                                                         (0 = 0.0%) {100.0%}

Histogram: FetchKeepAlive.Requests2.SentToService.Renderer recorded 1 samples, mean = 2.0 (flags = 0x41)
0  ... 
2  -O                                                                        (1 = 100.0%) {0.0%}
3  ... 

Histogram: FetchKeepAlive.Requests2.Started.IsContextDetached.Renderer recorded 1 samples, mean = 0.0 (flags = 0x41)
0  -O                                                                        (1 = 100.0%)
1  ... 

Histogram: FetchKeepAlive.Requests2.Started.Renderer recorded 1 samples, mean = 1.0 (flags = 0x41)
0  O                                                                         (0 = 0.0%)
1  -O                                                                        (1 = 100.0%) {0.0%}
2  ... 

Histogram: FetchKeepAlive.Requests2.Succeeded.IsContextDetached.Renderer recorded 1 samples, mean = 0.0 (flags = 0x41)
0  -O                                                                        (1 = 100.0%)
1  ... 

Histogram: FetchKeepAlive.Requests2.Succeeded.Renderer recorded 1 samples, mean = 1.0 (flags = 0x41)
0  O                                                                         (0 = 0.0%)
1  -O                                                                        (1 = 100.0%) {0.0%}
2  ... 

Histogram: FetchKeepAlive.Requests2.Total.Renderer recorded 1 samples, mean = 1.0 (flags = 0x41)
0  O                                                                         (0 = 0.0%)
1  -O                                                                        (1 = 100.0%) {0.0%}
2  ... 

Histogram: FirstPartySets.Database.InitStatus recorded 1 samples, mean = 1.0 (flags = 0x41)
0  O                                                                         (0 = 0.0%)
1  -O                                                                        (1 = 100.0%) {0.0%}
2  ... 

Histogram: FirstPartySets.Database.TransactionFailed recorded 7 samples, mean = 0.0 (flags = 0x41)
0  -------O                                                                  (7 = 100.0%)
1  ... 

Histogram: FirstPartySets.Initialization.ClearSiteDataOutcome recorded 1 samples, mean = 1.0 (flags = 0x41)
0  O                                                                         (0 = 0.0%)
1  -O                                                                        (1 = 100.0%) {0.0%}
2  O                                                                         (0 = 0.0%) {100.0%}

Histogram: FirstPartySets.Initialization.SitesToClear.Count recorded 1 samples, mean = 0.0 (flags = 0x41)
0  -O                                                                        (1 = 100.0%)
1  ... 

Histogram: GPU.ANGLE.D3DShaderBlobSizeKB recorded 4 samples, mean = 0.5 (flags = 0x41)
0  ----O                                                                     (4 = 100.0%)
1000... 

Histogram: GPU.ANGLE.D3DShaderCompilationTimeUs recorded 4 samples, mean = 9735.0 (flags = 0x41)
0      ... 
2336   -O                                                                        (1 = 25.0%) {0.0%}
3077   -O                                                                        (1 = 25.0%) {25.0%}
4053   ... 
12196  --O                                                                       (2 = 50.0%) {50.0%}
16063  ... 

Histogram: GPU.BlocklistFeatureTestResults.Accelerated2dCanvas recorded 1 samples, mean = 0.0 (flags = 0x41)
0  -O                                                                        (1 = 100.0%)
1  ... 

Histogram: GPU.BlocklistFeatureTestResults.GpuCompositing recorded 1 samples, mean = 0.0 (flags = 0x41)
0  -O                                                                        (1 = 100.0%)
1  ... 

Histogram: GPU.BlocklistFeatureTestResults.GpuRasterization recorded 1 samples, mean = 0.0 (flags = 0x41)
0  -O                                                                        (1 = 100.0%)
1  ... 

Histogram: GPU.BlocklistFeatureTestResults.Webgl recorded 1 samples, mean = 0.0 (flags = 0x41)
0  -O                                                                        (1 = 100.0%)
1  ... 

Histogram: GPU.BlocklistFeatureTestResults.Webgl2 recorded 1 samples, mean = 0.0 (flags = 0x41)
0  -O                                                                        (1 = 100.0%)
1  ... 

Histogram: GPU.BlocklistFeatureTestResults.Webgpu recorded 1 samples, mean = 2.0 (flags = 0x41)
0  ... 
2  -O                                                                        (1 = 100.0%) {0.0%}
3  ... 

Histogram: GPU.BlocklistTestResultsPerEntry recorded 1 samples, mean = 0.0 (flags = 0x41)
0  -O                                                                        (1 = 100.0%)
1  ... 

Histogram: GPU.CanvasOopRaster.OopRasterAndGpuAcceleration recorded 1 samples, mean = 0.0 (flags = 0x41)
0  -O                                                                        (1 = 100.0%)
1  ... 

Histogram: GPU.D3D12FeatureLevel recorded 1 samples, mean = 5.0 (flags = 0x41)
0  ... 
5  -O                                                                        (1 = 100.0%) {0.0%}
6  O                                                                         (0 = 0.0%) {100.0%}

Histogram: GPU.D3D12HighestShaderModel2 recorded 1 samples, mean = 9.0 (flags = 0x41)
0  ... 
9  -O                                                                        (1 = 100.0%) {0.0%}
10 O                                                                         (0 = 0.0%) {100.0%}

Histogram: GPU.DriverBugTestResultsPerEntry recorded 16 samples (flags = 0x41)
0    -O                                                                        (1 = 6.2%)
17   -O                                                                        (1 = 6.2%)
132  -O                                                                        (1 = 6.2%)
206  -O                                                                        (1 = 6.2%)
256  -O                                                                        (1 = 6.2%)
315  -O                                                                        (1 = 6.2%)
346  -O                                                                        (1 = 6.2%)
347  -O                                                                        (1 = 6.2%)
360  -O                                                                        (1 = 6.2%)
362  -O                                                                        (1 = 6.2%)
371  -O                                                                        (1 = 6.2%)
380  -O                                                                        (1 = 6.2%)
413  -O                                                                        (1 = 6.2%)
414  -O                                                                        (1 = 6.2%)
419  -O                                                                        (1 = 6.2%)
430  -O                                                                        (1 = 6.2%)

Histogram: GPU.EstablishGpuChannelSyncTime recorded 2 samples, mean = 474.5 (flags = 0x41)
0    ... 
318  -O                                                                        (1 = 50.0%) {0.0%}
378  ... 
533  -O                                                                        (1 = 50.0%) {50.0%}
633  ... 

Histogram: GPU.EstablishGpuChannelSyncTime.FirstRun recorded 2 samples, mean = 474.5 (flags = 0x41)
0    ... 
318  -O                                                                        (1 = 50.0%) {0.0%}
378  ... 
533  -O                                                                        (1 = 50.0%) {50.0%}
633  ... 

Histogram: GPU.GPUProcessLaunchTime recorded 2 samples, mean = 1626.0 (flags = 0x41)
0     ... 
318   -O                                                                        (1 = 50.0%) {0.0%}
378   ... 
2516  -O                                                                        (1 = 50.0%) {50.0%}
2990  ... 

Histogram: GPU.GPUProcessTerminationStatus2 recorded 1 samples, mean = 4.0 (flags = 0x41)
0  ... 
4  -O                                                                        (1 = 100.0%) {0.0%}
5  ... 

Histogram: GPU.HardwareAccelerationModeEnabled recorded 1 samples, mean = 1.0 (flags = 0x41)
0  O                                                                         (0 = 0.0%)
1  -O                                                                        (1 = 100.0%) {0.0%}
2  O                                                                         (0 = 0.0%) {100.0%}

Histogram: GPU.MultipleSwapsDelta recorded 1 samples, mean = 22.0 (flags = 0x41)
0   ... 
22  -O                                                                        (1 = 100.0%) {0.0%}
23  ... 

Histogram: GPU.Output.HDR recorded 1 samples, mean = 0.0 (flags = 0x41)
0  -O                                                                        (1 = 100.0%)
1  ... 

Histogram: GPU.ProcessLifetimeEvents.HardwareAccelerated recorded 1 samples, mean = 0.0 (flags = 0x41)
0  -O                                                                        (1 = 100.0%)
1  ... 

Histogram: GPU.RasterDecoder.TimeToFlush recorded 3 samples, mean = 607.7 (flags = 0x41)
0     ... 
168   -O                                                                        (1 = 33.3%) {0.0%}
191   ... 
536   -O                                                                        (1 = 33.3%) {33.3%}
610   ... 
1026  -O                                                                        (1 = 33.3%) {66.7%}
1168  ... 

Histogram: GPU.SchedulerDfs.TaskDependencyTime recorded 1 samples, mean = 0.0 (flags = 0x41)
0  -O                                                                        (1 = 100.0%)
10 ... 

Histogram: GPU.SchedulerDfs.TaskSchedulingDelayTime recorded 1 samples, mean = 39.0 (flags = 0x41)
0   ... 
35  -O                                                                        (1 = 100.0%) {0.0%}
41  ... 

Histogram: GPU.SchedulerDfs.ThreadSuspendedTime recorded 1 samples, mean = 14.0 (flags = 0x41)
0   ... 
14  -O                                                                        (1 = 100.0%) {0.0%}
16  ... 

Histogram: GPU.SharedImage.BackingType recorded 7 samples, mean = 7.7 (flags = 0x41)
0   ... 
2   ---O                                                                      (3 = 42.9%) {0.0%}
3   ... 
12  ----O                                                                     (4 = 57.1%) {42.9%}
13  ... 

Histogram: GPU.SharedImage.ContentConsumed recorded 16 samples, mean = 0.4 (flags = 0x41)
0  ---------O                                                                (9 = 56.2%)
1  -------O                                                                  (7 = 43.8%) {56.2%}
2  O                                                                         (0 = 0.0%) {100.0%}

Histogram: GPU.SkiaBackendType recorded 1 samples, mean = 2.0 (flags = 0x41)
0  ... 
2  -O                                                                        (1 = 100.0%) {0.0%}
3  ... 

Histogram: GPU.SupportsDX12 recorded 1 samples, mean = 1.0 (flags = 0x41)
0  O                                                                         (0 = 0.0%)
1  -O                                                                        (1 = 100.0%) {0.0%}
2  O                                                                         (0 = 0.0%) {100.0%}

Histogram: GPU.WatchdogThread.Event recorded 1 samples, mean = 0.0 (flags = 0x41)
0  -O                                                                        (1 = 100.0%)
1  ... 

Histogram: GPU.WatchdogThread.Event.main recorded 1 samples, mean = 0.0 (flags = 0x41)
0  -O                                                                        (1 = 100.0%)
1  ... 

Histogram: GPU.WatchdogThread.Timeout recorded 4 samples, mean = 0.0 (flags = 0x41)
0  ----O                                                                     (4 = 100.0%)
1  ... 

Histogram: GPU.WatchdogThread.Timeout.Normal recorded 4 samples, mean = 0.0 (flags = 0x41)
0  ----O                                                                     (4 = 100.0%)
1  ... 

Histogram: GPU.WatchdogThread.Timeout.Normal.main recorded 4 samples, mean = 0.0 (flags = 0x41)
0  ----O                                                                     (4 = 100.0%)
1  ... 

Histogram: GPU.WatchdogThread.Timeout.main recorded 4 samples, mean = 0.0 (flags = 0x41)
0  ----O                                                                     (4 = 100.0%)
1  ... 

Histogram: Gaia.AuthFetcher.ListAccounts.NetErrorCodes recorded 1 samples (flags = 0x41)
0  -O                                                                        (1 = 100.0%)

Histogram: Gpu.FenceHandle.CloneCountsPerSubmit recorded 6 samples, mean = 0.0 (flags = 0x41)
0  ------O                                                                   (6 = 100.0%)
1  ... 

Histogram: Gpu.GrCompileShaderUs recorded 4 samples, mean = 3905.5 (flags = 0x41)
0     ... 
196   -O                                                                        (1 = 25.0%) {0.0%}
258   ... 
1774  --O                                                                       (2 = 50.0%) {25.0%}
2336  ... 
9260  -O                                                                        (1 = 25.0%) {75.0%}
12196 ... 

Histogram: Gpu.GrLinkProgramUs recorded 2 samples, mean = 14397.0 (flags = 0x41)
0      ... 
4053   -O                                                                        (1 = 50.0%) {0.0%}
5338   ... 
21156  -O                                                                        (1 = 50.0%) {50.0%}
27864  ... 

Histogram: Gpu.PassthroughProgramCacheLoadHitInCache recorded 2 samples, mean = 0.0 (flags = 0x41)
0  --O                                                                       (2 = 100.0%)
1  ... 

Histogram: Gpu.Rasterization.Raster.MSAASampleCountLog2 recorded 3 samples, mean = 0.0 (flags = 0x41)
0  ---O                                                                      (3 = 100.0%)
1  ... 

Histogram: HangWatcher.IsThreadHung.BrowserProcess.IOThread.Normal recorded 15 samples, mean = 0.0 (flags = 0x41)
0  ---------------O                                                          (15 = 100.0%)
1  ... 

Histogram: HangWatcher.IsThreadHung.BrowserProcess.UIThread.Normal recorded 15 samples, mean = 0.0 (flags = 0x41)
0  ---------------O                                                          (15 = 100.0%)
1  ... 

Histogram: HangWatcher.IsThreadHung.RendererProcess.IOThread recorded 14 samples, mean = 0.0 (flags = 0x41)
0  --------------O                                                           (14 = 100.0%)
1  ... 

Histogram: HangWatcher.IsThreadHung.RendererProcess.IOThread.BestEffort recorded 15 samples, mean = 0.0 (flags = 0x41)
0  ---------------O                                                          (15 = 100.0%)
1  ... 

Histogram: HangWatcher.IsThreadHung.RendererProcess.MainThread recorded 14 samples, mean = 0.0 (flags = 0x41)
0  --------------O                                                           (14 = 100.0%)
1  ... 

Histogram: HangWatcher.IsThreadHung.RendererProcess.MainThread.BestEffort recorded 15 samples, mean = 0.0 (flags = 0x41)
0  ---------------O                                                          (15 = 100.0%)
1  ... 

Histogram: HangWatcher.IsThreadHung.UtilityProcess.IOThread recorded 30 samples, mean = 0.0 (flags = 0x41)
0  ------------------------------O                                           (30 = 100.0%)
1  ... 

Histogram: HangWatcher.IsThreadHung.UtilityProcess.MainThread recorded 30 samples, mean = 0.0 (flags = 0x41)
0  ------------------------------O                                           (30 = 100.0%)
1  ... 

Histogram: HangWatcher.SleepDrift.BrowserProcess recorded 74 samples, mean = 6.2 (flags = 0x41)
0   ------------O                                                             (12 = 16.2%)
1   ------O                                                                   (6 = 8.1%) {16.2%}
2   -------O                                                                  (7 = 9.5%) {24.3%}
3   --O                                                                       (2 = 2.7%) {33.8%}
4   -----O                                                                    (5 = 6.8%) {36.5%}
5   ------O                                                                   (6 = 8.1%) {43.2%}
6   ---O                                                                      (3 = 4.1%) {51.4%}
7   -O                                                                        (1 = 1.4%) {55.4%}
8   ------O                                                                   (6 = 8.1%) {56.8%}
10  ----------O                                                               (10 = 13.5%) {64.9%}
12  -------------O                                                            (13 = 17.6%) {78.4%}
14  ---O                                                                      (3 = 4.1%) {95.9%}
17  ... 

Histogram: Hardware.Display.Count.OnStartup recorded 1 samples, mean = 2.0 (flags = 0x41)
0  ... 
2  -O                                                                        (1 = 100.0%) {0.0%}
3  ... 

Histogram: Hardware.Display.SupportsHDR recorded 3 samples, mean = 0.0 (flags = 0x41)
0  ---O                                                                      (3 = 100.0%)
1  ... 

Histogram: HeapProfiling.InProcess.Enabled recorded 1 samples, mean = 0.0 (flags = 0x41)
0  -O                                                                        (1 = 100.0%)
1  ... 

Histogram: HeapProfiling.InProcess.Enabled.Browser recorded 1 samples, mean = 0.0 (flags = 0x41)
0  -O                                                                        (1 = 100.0%)
1  ... 

Histogram: Histogram.TooManyBuckets.1000 recorded 4 samples (flags = 0x41)
-2140283801 --O                                                                       (2 = 50.0%)
1721222685  --O                                                                       (2 = 50.0%)

Histogram: History.Backend.TransactionCommitSuccess recorded 2 samples, mean = 1.0 (flags = 0x41)
0  O                                                                         (0 = 0.0%)
1  --O                                                                       (2 = 100.0%) {0.0%}
2  O                                                                         (0 = 0.0%) {100.0%}

Histogram: History.ClearBrowsingData.TaskQueueAtShutdown recorded 1 samples, mean = 0.0 (flags = 0x41)
0  -O                                                                        (1 = 100.0%)
1  ... 

Histogram: History.InMemoryDBItemCount recorded 1 samples, mean = 2.0 (flags = 0x41)
0  ... 
2  -O                                                                        (1 = 100.0%) {0.0%}
3  ... 

Histogram: History.TopSites.QueryFromHistoryTime recorded 1 samples, mean = 9.0 (flags = 0x41)
0  ... 
8  -O                                                                        (1 = 100.0%) {0.0%}
10 ... 

Histogram: History.VisitedLinks.HashTableLengthOnReaderInit recorded 3 samples, mean = 16381.0 (flags = 0x41)
0      ... 
14319  ---O                                                                      (3 = 100.0%) {0.0%}
19866  ... 

Histogram: History.VisitedLinks.HashTableSizeOnTableCreate recorded 2 samples, mean = 0.0 (flags = 0x41)
0  --O                                                                       (2 = 100.0%)
1  ... 

Histogram: History.VisitedLinks.HashTableUsageOnLinkAdded recorded 3 samples, mean = 2.7 (flags = 0x41)
0  -O                                                                        (1 = 33.3%)
1  ... 
4  --O                                                                       (2 = 66.7%) {33.3%}
6  ... 

Histogram: History.VisitedLinks.TryToAddFingerprint recorded 4 samples, mean = 0.8 (flags = 0x41)
0  -O                                                                        (1 = 25.0%)
1  ---O                                                                      (3 = 75.0%) {25.0%}
2  ... 

Histogram: History.VisitedLinks.VisitLoggedFromMainFrame recorded 3 samples, mean = 1.0 (flags = 0x41)
0  O                                                                         (0 = 0.0%)
1  ---O                                                                      (3 = 100.0%) {0.0%}
2  O                                                                         (0 = 0.0%) {100.0%}

Histogram: History.VisitedLinks.VisitLoggedFromTransition recorded 3 samples, mean = 1.7 (flags = 0x41)
0  O                                                                         (0 = 0.0%)
1  -O                                                                        (1 = 33.3%) {0.0%}
2  --O                                                                       (2 = 66.7%) {33.3%}
3  ... 

Histogram: HttpCache.AccessToDone2 recorded 51 samples, mean = 92.1 (flags = 0x41)
0     O                                                                         (0 = 0.0%)
1     --O                                                                       (2 = 3.9%) {0.0%}
2     O                                                                         (0 = 0.0%) {3.9%}
3     -O                                                                        (1 = 2.0%) {3.9%}
4     -O                                                                        (1 = 2.0%) {5.9%}
5     -----O                                                                    (5 = 9.8%) {7.8%}
6     --O                                                                       (2 = 3.9%) {17.6%}
7     --O                                                                       (2 = 3.9%) {21.6%}
8     -O                                                                        (1 = 2.0%) {25.5%}
9     ... 
11    -O                                                                        (1 = 2.0%) {27.5%}
12    O                                                                         (0 = 0.0%) {29.4%}
13    -O                                                                        (1 = 2.0%) {29.4%}
14    ----O                                                                     (4 = 7.8%) {31.4%}
15    --O                                                                       (2 = 3.9%) {39.2%}
16    ... 
20    --O                                                                       (2 = 3.9%) {43.1%}
22    O                                                                         (0 = 0.0%) {47.1%}
24    -----O                                                                    (5 = 9.8%) {47.1%}
26    -O                                                                        (1 = 2.0%) {56.9%}
28    -O                                                                        (1 = 2.0%) {58.8%}
31    --O                                                                       (2 = 3.9%) {60.8%}
34    ----O                                                                     (4 = 7.8%) {64.7%}
37    -O                                                                        (1 = 2.0%) {72.5%}
41    --O                                                                       (2 = 3.9%) {74.5%}
45    ... 
102   -O                                                                        (1 = 2.0%) {78.4%}
112   ... 
177   -O                                                                        (1 = 2.0%) {80.4%}
194   -O                                                                        (1 = 2.0%) {82.4%}
212   --O                                                                       (2 = 3.9%) {84.3%}
232   -O                                                                        (1 = 2.0%) {88.2%}
254   --O                                                                       (2 = 3.9%) {90.2%}
278   ... 
333   -O                                                                        (1 = 2.0%) {94.1%}
364   ... 
684   -O                                                                        (1 = 2.0%) {96.1%}
748   ... 
1172  -O                                                                        (1 = 2.0%) {98.0%}
1282  ... 

Histogram: HttpCache.AccessToDone2.SentRequest recorded 12 samples, mean = 332.6 (flags = 0x41)
0     ... 
15    -O                                                                        (1 = 8.3%) {0.0%}
16    ... 
102   -O                                                                        (1 = 8.3%) {8.3%}
112   ... 
177   -O                                                                        (1 = 8.3%) {16.7%}
194   -O                                                                        (1 = 8.3%) {25.0%}
212   --O                                                                       (2 = 16.7%) {33.3%}
232   -O                                                                        (1 = 8.3%) {50.0%}
254   --O                                                                       (2 = 16.7%) {58.3%}
278   ... 
333   -O                                                                        (1 = 8.3%) {75.0%}
364   ... 
684   -O                                                                        (1 = 8.3%) {83.3%}
748   ... 
1172  -O                                                                        (1 = 8.3%) {91.7%}
1282  ... 

Histogram: HttpCache.AccessToDone2.Used recorded 39 samples, mean = 18.2 (flags = 0x41)
0   O                                                                         (0 = 0.0%)
1   --O                                                                       (2 = 5.1%) {0.0%}
2   O                                                                         (0 = 0.0%) {5.1%}
3   -O                                                                        (1 = 2.6%) {5.1%}
4   -O                                                                        (1 = 2.6%) {7.7%}
5   -----O                                                                    (5 = 12.8%) {10.3%}
6   --O                                                                       (2 = 5.1%) {23.1%}
7   --O                                                                       (2 = 5.1%) {28.2%}
8   -O                                                                        (1 = 2.6%) {33.3%}
9   ... 
11  -O                                                                        (1 = 2.6%) {35.9%}
12  O                                                                         (0 = 0.0%) {38.5%}
13  -O                                                                        (1 = 2.6%) {38.5%}
14  ----O                                                                     (4 = 10.3%) {41.0%}
15  -O                                                                        (1 = 2.6%) {51.3%}
16  ... 
21  --O                                                                       (2 = 5.1%) {53.8%}
22  O                                                                         (0 = 0.0%) {59.0%}
23  ---O                                                                      (3 = 7.7%) {59.0%}
25  ---O                                                                      (3 = 7.7%) {66.7%}
27  O                                                                         (0 = 0.0%) {74.4%}
29  -O                                                                        (1 = 2.6%) {74.4%}
31  --O                                                                       (2 = 5.1%) {76.9%}
33  O                                                                         (0 = 0.0%) {82.1%}
35  ----O                                                                     (4 = 10.3%) {82.1%}
37  -O                                                                        (1 = 2.6%) {92.3%}
39  -O                                                                        (1 = 2.6%) {94.9%}
42  -O                                                                        (1 = 2.6%) {97.4%}
45  ... 

Histogram: HttpCache.AddTransactionToEntry recorded 51 samples, mean = 0.0 (flags = 0x41)
0  ---------------------------------------------------O                      (51 = 100.0%)
1  ... 

Histogram: HttpCache.BeforeSend recorded 12 samples, mean = 2.1 (flags = 0x41)
0   -------O                                                                  (7 = 58.3%)
1   --O                                                                       (2 = 16.7%) {58.3%}
2   O                                                                         (0 = 0.0%) {75.0%}
3   -O                                                                        (1 = 8.3%) {75.0%}
4   ... 
6   -O                                                                        (1 = 8.3%) {83.3%}
7   ... 
14  -O                                                                        (1 = 8.3%) {91.7%}
17  ... 

Histogram: HttpCache.BeforeSend.CantConditionalize recorded 3 samples, mean = 0.3 (flags = 0x41)
0  --O                                                                       (2 = 66.7%)
1  -O                                                                        (1 = 33.3%) {66.7%}
2  ... 

Histogram: HttpCache.BeforeSend.NotCached recorded 5 samples, mean = 1.4 (flags = 0x41)
0  ---O                                                                      (3 = 60.0%)
1  -O                                                                        (1 = 20.0%) {60.0%}
2  ... 
6  -O                                                                        (1 = 20.0%) {80.0%}
7  ... 

Histogram: HttpCache.BeforeSend.Updated recorded 1 samples, mean = 14.0 (flags = 0x41)
0   ... 
14  -O                                                                        (1 = 100.0%) {0.0%}
17  ... 

Histogram: HttpCache.BeforeSend.Validated recorded 3 samples, mean = 1.0 (flags = 0x41)
0  --O                                                                       (2 = 66.7%)
1  ... 
3  -O                                                                        (1 = 33.3%) {66.7%}
4  ... 

Histogram: HttpCache.CreateDiskEntry recorded 5 samples, mean = 1.4 (flags = 0x41)
0  ---O                                                                      (3 = 60.0%)
1  -O                                                                        (1 = 20.0%) {60.0%}
2  ... 
6  -O                                                                        (1 = 20.0%) {80.0%}
7  ... 

Histogram: HttpCache.HardReset recorded 1 samples, mean = 0.0 (flags = 0x40)
0  -O                                                                        (1 = 100.0%)
1  ... 

Histogram: HttpCache.IsNoStore recorded 51 samples, mean = 0.1 (flags = 0x41)
0  ----------------------------------------------O                           (46 = 90.2%)
1  -----O                                                                    (5 = 9.8%) {90.2%}
2  O                                                                         (0 = 0.0%) {100.0%}

Histogram: HttpCache.IsNoStore.MainFrameHTML recorded 1 samples, mean = 1.0 (flags = 0x41)
0  O                                                                         (0 = 0.0%)
1  -O                                                                        (1 = 100.0%) {0.0%}
2  O                                                                         (0 = 0.0%) {100.0%}

Histogram: HttpCache.MaxFileSizeOnInit recorded 1 samples, mean = 29296.0 (flags = 0x41)
0      ... 
28965  -O                                                                        (1 = 100.0%) {0.0%}
32969  ... 

Histogram: HttpCache.OpenDiskEntry recorded 46 samples, mean = 0.7 (flags = 0x41)
0  ----------------------------O                                             (28 = 60.9%)
1  ----O                                                                     (4 = 8.7%) {60.9%}
2  -------------O                                                            (13 = 28.3%) {69.6%}
3  -O                                                                        (1 = 2.2%) {97.8%}
4  ... 

Histogram: HttpCache.Pattern recorded 51 samples, mean = 3.2 (flags = 0x41)
0  ... 
2  -----O                                                                    (5 = 9.8%) {0.0%}
3  ---------------------------------------O                                  (39 = 76.5%) {9.8%}
4  ---O                                                                      (3 = 5.9%) {86.3%}
5  -O                                                                        (1 = 2.0%) {92.2%}
6  ---O                                                                      (3 = 5.9%) {94.1%}
7  O                                                                         (0 = 0.0%) {100.0%}

Histogram: HttpCache.Pattern.CSS recorded 8 samples, mean = 3.1 (flags = 0x41)
0  ... 
3  -------O                                                                  (7 = 87.5%) {0.0%}
4  -O                                                                        (1 = 12.5%) {87.5%}
5  ... 

Histogram: HttpCache.Pattern.CSSThirdParty recorded 8 samples, mean = 3.1 (flags = 0x41)
0  ... 
3  -------O                                                                  (7 = 87.5%) {0.0%}
4  -O                                                                        (1 = 12.5%) {87.5%}
5  ... 

Histogram: HttpCache.Pattern.Font recorded 5 samples, mean = 3.0 (flags = 0x41)
0  ... 
3  -----O                                                                    (5 = 100.0%) {0.0%}
4  ... 

Histogram: HttpCache.Pattern.FontThirdParty recorded 5 samples, mean = 3.0 (flags = 0x41)
0  ... 
3  -----O                                                                    (5 = 100.0%) {0.0%}
4  ... 

Histogram: HttpCache.Pattern.Image recorded 1 samples, mean = 2.0 (flags = 0x41)
0  ... 
2  -O                                                                        (1 = 100.0%) {0.0%}
3  ... 

Histogram: HttpCache.Pattern.JavaScript recorded 27 samples, mean = 3.1 (flags = 0x41)
0  ... 
3  --------------------------O                                               (26 = 96.3%) {0.0%}
4  O                                                                         (0 = 0.0%) {96.3%}
5  -O                                                                        (1 = 3.7%) {96.3%}
6  ... 

Histogram: HttpCache.Pattern.JavaScriptThirdParty recorded 25 samples, mean = 3.1 (flags = 0x41)
0  ... 
3  ------------------------O                                                 (24 = 96.0%) {0.0%}
4  O                                                                         (0 = 0.0%) {96.0%}
5  -O                                                                        (1 = 4.0%) {96.0%}
6  ... 

Histogram: HttpCache.Pattern.MainFrameHTML recorded 1 samples, mean = 2.0 (flags = 0x41)
0  ... 
2  -O                                                                        (1 = 100.0%) {0.0%}
3  ... 

Histogram: HttpCache.Pattern.NonTinyImage recorded 1 samples, mean = 2.0 (flags = 0x41)
0  ... 
2  -O                                                                        (1 = 100.0%) {0.0%}
3  ... 

Histogram: HttpCache.TotalDiskCacheTimePerTransaction.Read recorded 7 samples, mean = 1.9 (flags = 0x41)
0   ----O                                                                     (4 = 57.1%)
1   -O                                                                        (1 = 14.3%) {57.1%}
2   -O                                                                        (1 = 14.3%) {71.4%}
3   ... 
10  -O                                                                        (1 = 14.3%) {85.7%}
12  ... 

Histogram: HttpCache.TotalDiskCacheTimePerTransaction.Write recorded 7 samples, mean = 0.7 (flags = 0x41)
0  ------O                                                                   (6 = 85.7%)
1  ... 
5  -O                                                                        (1 = 14.3%) {85.7%}
6  ... 

Histogram: ImageDecoder.Png.UiGfxIntoSkBitmap recorded 1 samples, mean = 2752.0 (flags = 0x41)
0     ... 
2336  -O                                                                        (1 = 100.0%) {0.0%}
3077  ... 

Histogram: ImportantFile.FileReplaceRetryCount recorded 14 samples, mean = 0.0 (flags = 0x41)
0  --------------O                                                           (14 = 100.0%)
1  ... 

Histogram: ImportantFile.SerializationDuration recorded 2 samples, mean = 0.0 (flags = 0x41)
0  --O                                                                       (2 = 100.0%)
1  ... 

Histogram: ImportantFile.SerializationDuration.Local_State recorded 4 samples, mean = 0.0 (flags = 0x41)
0  ----O                                                                     (4 = 100.0%)
1  ... 

Histogram: ImportantFile.SerializationDuration.Preferences recorded 3 samples, mean = 0.0 (flags = 0x41)
0  ---O                                                                      (3 = 100.0%)
1  ... 

Histogram: ImportantFile.SerializationDuration.TransportSecurityPersister recorded 2 samples, mean = 0.0 (flags = 0x41)
0  --O                                                                       (2 = 100.0%)
1  ... 

Histogram: ImportantFile.WriteDuration recorded 2 samples, mean = 4.5 (flags = 0x41)
0  ... 
4  -O                                                                        (1 = 50.0%) {0.0%}
5  -O                                                                        (1 = 50.0%) {50.0%}
6  ... 

Histogram: ImportantFile.WriteDuration.Local_State recorded 4 samples, mean = 13.0 (flags = 0x41)
0   ... 
4   -O                                                                        (1 = 25.0%) {0.0%}
5   ... 
8   -O                                                                        (1 = 25.0%) {25.0%}
10  O                                                                         (0 = 0.0%) {50.0%}
12  -O                                                                        (1 = 25.0%) {50.0%}
14  ... 
24  -O                                                                        (1 = 25.0%) {75.0%}
29  ... 

Histogram: ImportantFile.WriteDuration.Preferences recorded 3 samples, mean = 9.3 (flags = 0x41)
0   ... 
6   --O                                                                       (2 = 66.7%) {0.0%}
7   ... 
14  -O                                                                        (1 = 33.3%) {66.7%}
17  ... 

Histogram: ImportantFile.WriteDuration.SCTAuditing recorded 2 samples, mean = 37.0 (flags = 0x41)
0   ... 
20  -O                                                                        (1 = 50.0%) {0.0%}
24  ... 
48  -O                                                                        (1 = 50.0%) {50.0%}
57  ... 

Histogram: ImportantFile.WriteDuration.TransportSecurityPersister recorded 2 samples, mean = 6.0 (flags = 0x41)
0  ... 
5  -O                                                                        (1 = 50.0%) {0.0%}
6  O                                                                         (0 = 0.0%) {50.0%}
7  -O                                                                        (1 = 50.0%) {50.0%}
8  ... 

Histogram: ImportantFile.WriteDuration.TrustedVault recorded 1 samples, mean = 5.0 (flags = 0x41)
0  ... 
5  -O                                                                        (1 = 100.0%) {0.0%}
6  ... 

Histogram: InProductHelp.Config.ParsingEvent recorded 68 samples, mean = 6.4 (flags = 0x41)
0   -----------------------------O                                            (29 = 42.6%)
1   O                                                                         (0 = 0.0%) {42.6%}
2   ---------O                                                                (9 = 13.2%) {42.6%}
3   ... 
14  ------------------------------O                                           (30 = 44.1%) {55.9%}
15  ... 

Histogram: InProductHelp.Db.Init.AvailabilityStore recorded 1 samples, mean = 1.0 (flags = 0x41)
0  O                                                                         (0 = 0.0%)
1  -O                                                                        (1 = 100.0%) {0.0%}
2  O                                                                         (0 = 0.0%) {100.0%}

Histogram: InProductHelp.Db.Init.EventStore recorded 1 samples, mean = 1.0 (flags = 0x41)
0  O                                                                         (0 = 0.0%)
1  -O                                                                        (1 = 100.0%) {0.0%}
2  O                                                                         (0 = 0.0%) {100.0%}

Histogram: InProductHelp.Db.Load.AvailabilityStore recorded 1 samples, mean = 1.0 (flags = 0x41)
0  O                                                                         (0 = 0.0%)
1  -O                                                                        (1 = 100.0%) {0.0%}
2  O                                                                         (0 = 0.0%) {100.0%}

Histogram: InProductHelp.Db.Load.EventStore recorded 1 samples, mean = 1.0 (flags = 0x41)
0  O                                                                         (0 = 0.0%)
1  -O                                                                        (1 = 100.0%) {0.0%}
2  O                                                                         (0 = 0.0%) {100.0%}

Histogram: InProductHelp.Db.TotalEvents recorded 1 samples, mean = 0.0 (flags = 0x41)
0  -O                                                                        (1 = 100.0%)
1  ... 

Histogram: InProductHelp.Db.Update.AvailabilityStore recorded 1 samples, mean = 1.0 (flags = 0x41)
0  O                                                                         (0 = 0.0%)
1  -O                                                                        (1 = 100.0%) {0.0%}
2  O                                                                         (0 = 0.0%) {100.0%}

Histogram: IndexedDB.ContextShutdownDuration recorded 1 samples, mean = 0.0 (flags = 0x41)
0  -O                                                                        (1 = 100.0%)
1  ... 

Histogram: Input.Digitizer.MaxTouchPoints.Touch recorded 1 samples, mean = 10.0 (flags = 0x41)
0   ... 
10  -O                                                                        (1 = 100.0%) {0.0%}
11  ... 

Histogram: Input.Digitizer.MaxTouchPointsSupportedBySystemAtStartup recorded 1 samples, mean = 10.0 (flags = 0x41)
0   ... 
10  -O                                                                        (1 = 100.0%) {0.0%}
11  ... 

Histogram: Input.Digitizer.OnStartup recorded 1 samples, mean = 3.0 (flags = 0x41)
0  ... 
3  -O                                                                        (1 = 100.0%) {0.0%}
4  ... 

Histogram: Input.PointerTypePrimary recorded 1 samples, mean = 2.0 (flags = 0x41)
0  ... 
2  -O                                                                        (1 = 100.0%) {0.0%}
3  O                                                                         (0 = 0.0%) {100.0%}

Histogram: Input.PointerTypesAll recorded 1 samples, mean = 3.0 (flags = 0x41)
0  ... 
3  -O                                                                        (1 = 100.0%) {0.0%}
4  O                                                                         (0 = 0.0%) {100.0%}

Histogram: LanguageDetection.TFLiteModel.WasModelRequestDeferred recorded 2 samples, mean = 1.0 (flags = 0x41)
0  O                                                                         (0 = 0.0%)
1  --O                                                                       (2 = 100.0%) {0.0%}
2  O                                                                         (0 = 0.0%) {100.0%}

Histogram: LanguageUsage.AcceptLanguage recorded 2 samples (flags = 0x41)
25966  -O                                                                        (1 = 50.0%)
27503  -O                                                                        (1 = 50.0%)

Histogram: LanguageUsage.AcceptLanguage.Count recorded 1 samples, mean = 2.0 (flags = 0x41)
0  ... 
2  -O                                                                        (1 = 100.0%) {0.0%}
3  ... 

Histogram: LanguageUsage.AcceptLanguageAndContentLanguageUsage recorded 1 samples, mean = 0.0 (flags = 0x41)
0  -O                                                                        (1 = 100.0%)
1  ... 

Histogram: LanguageUsage.AcceptLanguageAndXmlHtmlLangUsage recorded 1 samples, mean = 7.0 (flags = 0x41)
0  ... 
7  -O                                                                        (1 = 100.0%) {0.0%}
8  O                                                                         (0 = 0.0%) {100.0%}

Histogram: LevelDB.ApproximateMemTableMemoryUse.BudgetManager recorded 0 samples (flags = 0x41)
0 ... 

Histogram: LevelDB.ApproximateMemTableMemoryUse.CartDatabase recorded 0 samples (flags = 0x41)
0 ... 

Histogram: LevelDB.ApproximateMemTableMemoryUse.ClientCertificatesDatabase recorded 0 samples (flags = 0x41)
0 ... 

Histogram: LevelDB.ApproximateMemTableMemoryUse.CommerceParcelTrackingDatabase recorded 0 samples (flags = 0x41)
0 ... 

Histogram: LevelDB.ApproximateMemTableMemoryUse.CommerceSubscriptionDatabase recorded 0 samples (flags = 0x41)
0 ... 

Histogram: LevelDB.ApproximateMemTableMemoryUse.CouponDatabase recorded 0 samples (flags = 0x41)
0 ... 

Histogram: LevelDB.ApproximateMemTableMemoryUse.DiscountsDatabase recorded 0 samples (flags = 0x41)
0 ... 

Histogram: LevelDB.ApproximateMemTableMemoryUse.DownloadDB recorded 0 samples (flags = 0x41)
0 ... 

Histogram: LevelDB.ApproximateMemTableMemoryUse.DownloadService recorded 0 samples (flags = 0x41)
0 ... 

Histogram: LevelDB.ApproximateMemTableMemoryUse.FeatureEngagementTrackerAvailabilityStore recorded 0 samples (flags = 0x41)
0 ... 

Histogram: LevelDB.ApproximateMemTableMemoryUse.FeatureEngagementTrackerEventStore recorded 0 samples (flags = 0x41)
0 ... 

Histogram: LevelDB.ApproximateMemTableMemoryUse.Metadata recorded 1 samples, mean = 4104.0 (flags = 0x41)
0  O                                                                         (0 = 0.0%)
1  -O                                                                        (1 = 100.0%) {0.0%}
270601... 

Histogram: LevelDB.ApproximateMemTableMemoryUse.PersistentOriginTrials recorded 0 samples (flags = 0x41)
0 ... 

Histogram: LevelDB.ApproximateMemTableMemoryUse.PreviewsHintCacheStore recorded 0 samples (flags = 0x41)
0 ... 

Histogram: LevelDB.ApproximateMemTableMemoryUse.SegmentInfoDatabase recorded 0 samples (flags = 0x41)
0 ... 

Histogram: LevelDB.ApproximateMemTableMemoryUse.SharedProtoDB recorded 1 samples, mean = 16416.0 (flags = 0x41)
0  O                                                                         (0 = 0.0%)
1  -O                                                                        (1 = 100.0%) {0.0%}
270601... 

Histogram: LevelDB.ApproximateMemTableMemoryUse.SignalDatabase recorded 0 samples (flags = 0x41)
0 ... 

Histogram: LevelDB.ApproximateMemTableMemoryUse.SignalStorageConfigDatabase recorded 0 samples (flags = 0x41)
0 ... 

Histogram: LevelDB.ApproximateMemTableMemoryUse.StrikeService recorded 0 samples (flags = 0x41)
0 ... 

Histogram: LevelDBEnv.DeleteTableBackupFile recorded 0 samples (flags = 0x41)
0 ... 

Histogram: LevelDBEnv.SyncResult recorded 20 samples, mean = 0.0 (flags = 0x41)
0  --------------------O                                                     (20 = 100.0%)
1  ... 

Histogram: LevelDBWrapper.CommitDelay recorded 2 samples, mean = 5000.0 (flags = 0x41)
0     ... 
4516  --O                                                                       (2 = 100.0%) {0.0%}
6118  ... 

Histogram: LoadingPredictor.PreconnectCount recorded 1 samples, mean = 1.0 (flags = 0x41)
0  O                                                                         (0 = 0.0%)
1  -O                                                                        (1 = 100.0%) {0.0%}
2  ... 

Histogram: LoadingPredictor.PreconnectHitsPercentage recorded 1 samples, mean = 100.0 (flags = 0x41)
0    ... 
100  -O                                                                        (1 = 100.0%) {0.0%}
101  O                                                                         (0 = 0.0%) {100.0%}

Histogram: LoadingPredictor.PreconnectLearningCount.Navigation recorded 1 samples, mean = 4.0 (flags = 0x41)
0  ... 
4  -O                                                                        (1 = 100.0%) {0.0%}
5  ... 

Histogram: LoadingPredictor.PreconnectLearningPrecision.Navigation recorded 1 samples, mean = 75.0 (flags = 0x41)
0   ... 
75  -O                                                                        (1 = 100.0%) {0.0%}
76  ... 

Histogram: LoadingPredictor.PreconnectLearningRecall.Navigation recorded 1 samples, mean = 100.0 (flags = 0x41)
0    ... 
100  -O                                                                        (1 = 100.0%) {0.0%}

Histogram: LoadingPredictor.PreconnectLearningRedirectStatus.Navigation recorded 1 samples, mean = 0.0 (flags = 0x41)
0  -O                                                                        (1 = 100.0%)
1  ... 

Histogram: LoadingPredictor.PredictorDatabaseFileSize recorded 1 samples, mean = 44.0 (flags = 0x41)
0   ... 
37  -O                                                                        (1 = 100.0%) {0.0%}
49  ... 

Histogram: LoadingPredictor.PreresolveCount recorded 1 samples, mean = 1.0 (flags = 0x41)
0  O                                                                         (0 = 0.0%)
1  -O                                                                        (1 = 100.0%) {0.0%}
2  ... 

Histogram: LoadingPredictor.PreresolveHitsPercentage recorded 1 samples, mean = 100.0 (flags = 0x41)
0    ... 
100  -O                                                                        (1 = 100.0%) {0.0%}
101  O                                                                         (0 = 0.0%) {100.0%}

Histogram: LocalStorage.MojoSizeInKB recorded 1 samples, mean = 1.0 (flags = 0x41)
0  O                                                                         (0 = 0.0%)
1  -O                                                                        (1 = 100.0%) {0.0%}
2  ... 

Histogram: LocalStorage.MojoTimeToPrime recorded 1 samples, mean = 0.0 (flags = 0x41)
0  -O                                                                        (1 = 100.0%)
1  ... 

Histogram: LocalStorage.MojoTimeToPrimeForUnder100KB recorded 1 samples, mean = 0.0 (flags = 0x41)
0  -O                                                                        (1 = 100.0%)
1  ... 

Histogram: LocalStorage.RendererAreaCacheHit recorded 2 samples, mean = 1.0 (flags = 0x41)
0  -O                                                                        (1 = 50.0%)
1  O                                                                         (0 = 0.0%) {50.0%}
2  -O                                                                        (1 = 50.0%) {50.0%}
3  O                                                                         (0 = 0.0%) {100.0%}

Histogram: LocalStorageContext.ShutDown.MaybeDroppedChanges recorded 1 samples, mean = 0.0 (flags = 0x40)
0  -O                                                                        (1 = 100.0%)
1  ... 

Histogram: MPArch.ChildProcessLaunchFirst recorded 1 samples, mean = 26.0 (flags = 0x41)
0   ... 
24  -O                                                                        (1 = 100.0%) {0.0%}
29  ... 

Histogram: MPArch.ChildProcessLaunchSubsequent recorded 7 samples, mean = 10.4 (flags = 0x41)
0   ... 
6   -O                                                                        (1 = 14.3%) {0.0%}
7   --O                                                                       (2 = 28.6%) {14.3%}
8   O                                                                         (0 = 0.0%) {42.9%}
10  -O                                                                        (1 = 14.3%) {42.9%}
12  -O                                                                        (1 = 14.3%) {57.1%}
14  -O                                                                        (1 = 14.3%) {71.4%}
17  -O                                                                        (1 = 14.3%) {85.7%}
20  ... 

Histogram: ManagedUsers.BlockedIframeCount recorded 1 samples, mean = 0.0 (flags = 0x41)
0  -O                                                                        (1 = 100.0%)
1  ... 

Histogram: Manifest.HasProperty.description recorded 1 samples, mean = 0.0 (flags = 0x41)
0  -O                                                                        (1 = 100.0%)
1  ... 

Histogram: Manifest.HasProperty.display recorded 1 samples, mean = 1.0 (flags = 0x41)
0  O                                                                         (0 = 0.0%)
1  -O                                                                        (1 = 100.0%) {0.0%}
2  O                                                                         (0 = 0.0%) {100.0%}

Histogram: Manifest.HasProperty.gcm_sender_id recorded 1 samples, mean = 0.0 (flags = 0x41)
0  -O                                                                        (1 = 100.0%)
1  ... 

Histogram: Manifest.HasProperty.icons recorded 1 samples, mean = 1.0 (flags = 0x41)
0  O                                                                         (0 = 0.0%)
1  -O                                                                        (1 = 100.0%) {0.0%}
2  O                                                                         (0 = 0.0%) {100.0%}

Histogram: Manifest.HasProperty.name recorded 1 samples, mean = 1.0 (flags = 0x41)
0  O                                                                         (0 = 0.0%)
1  -O                                                                        (1 = 100.0%) {0.0%}
2  O                                                                         (0 = 0.0%) {100.0%}

Histogram: Manifest.HasProperty.orientation recorded 1 samples, mean = 0.0 (flags = 0x41)
0  -O                                                                        (1 = 100.0%)
1  ... 

Histogram: Manifest.HasProperty.protocol_handlers recorded 1 samples, mean = 0.0 (flags = 0x41)
0  -O                                                                        (1 = 100.0%)
1  ... 

Histogram: Manifest.HasProperty.screenshots recorded 1 samples, mean = 0.0 (flags = 0x41)
0  -O                                                                        (1 = 100.0%)
1  ... 

Histogram: Manifest.HasProperty.share_target recorded 1 samples, mean = 0.0 (flags = 0x41)
0  -O                                                                        (1 = 100.0%)
1  ... 

Histogram: Manifest.HasProperty.short_name recorded 1 samples, mean = 1.0 (flags = 0x41)
0  O                                                                         (0 = 0.0%)
1  -O                                                                        (1 = 100.0%) {0.0%}
2  O                                                                         (0 = 0.0%) {100.0%}

Histogram: Manifest.HasProperty.start_url recorded 1 samples, mean = 1.0 (flags = 0x41)
0  O                                                                         (0 = 0.0%)
1  -O                                                                        (1 = 100.0%) {0.0%}
2  O                                                                         (0 = 0.0%) {100.0%}

Histogram: Manifest.ParseIdResult recorded 1 samples, mean = 1.0 (flags = 0x41)
0  O                                                                         (0 = 0.0%)
1  -O                                                                        (1 = 100.0%) {0.0%}
2  ... 

Histogram: Media.GPU.VideoDecoderType recorded 1 samples, mean = 11.0 (flags = 0x41)
0   ... 
11  -O                                                                        (1 = 100.0%) {0.0%}
12  ... 

Histogram: Media.MediaHistory.DatabaseExists recorded 1 samples, mean = 0.0 (flags = 0x41)
0  -O                                                                        (1 = 100.0%)
1  ... 

Histogram: MediaRouter.Cast.Discovery.ConnectedDevicesCount recorded 1 samples, mean = 0.0 (flags = 0x41)
0  -O                                                                        (1 = 100.0%)
1  ... 

Histogram: MediaRouter.Cast.Discovery.KnownDevicesCount recorded 1 samples, mean = 0.0 (flags = 0x41)
0  -O                                                                        (1 = 100.0%)
1  ... 

Histogram: MediaRouter.Dial.AvailableDevicesCount recorded 1 samples, mean = 0.0 (flags = 0x41)
0  -O                                                                        (1 = 100.0%)
1  ... 

Histogram: MediaRouter.Dial.KnownDevicesCount recorded 1 samples, mean = 0.0 (flags = 0x41)
0  -O                                                                        (1 = 100.0%)
1  ... 

Histogram: Memory.Discardable.FreelistSize.Foreground recorded 1 samples, mean = 0.0 (flags = 0x41)
0  -O                                                                        (1 = 100.0%)
1  ... 

Histogram: Memory.Discardable.Size.Foreground recorded 1 samples, mean = 0.0 (flags = 0x41)
0  -O                                                                        (1 = 100.0%)
1  ... 

Histogram: Memory.Discardable.VirtualSize.Foreground recorded 1 samples, mean = 0.0 (flags = 0x41)
0  -O                                                                        (1 = 100.0%)
1  ... 

Histogram: Memory.Experimental.AvailableMemoryMB recorded 1 samples, mean = 5111.0 (flags = 0x41)
0     ... 
4869  -O                                                                        (1 = 100.0%) {0.0%}
5376  ... 

Histogram: Memory.Experimental.AvailableMemoryPercent recorded 1 samples, mean = 15.0 (flags = 0x41)
0   ... 
15  -O                                                                        (1 = 100.0%) {0.0%}
16  ... 

Histogram: Memory.Experimental.Renderer.HighestPrivateMemoryFootprint.0to2min recorded 1 samples, mean = 80.0 (flags = 0x41)
0   ... 
75  -O                                                                        (1 = 100.0%) {0.0%}
84  ... 

Histogram: Memory.GPU.PeakMemoryAllocationSource2.PageLoad.SharedContextState recorded 1 samples, mean = 0.0 (flags = 0x41)
0  -O                                                                        (1 = 100.0%)
1  ... 

Histogram: Memory.GPU.PeakMemoryAllocationSource2.PageLoad.Skia recorded 1 samples, mean = 0.0 (flags = 0x41)
0  -O                                                                        (1 = 100.0%)
1  ... 

Histogram: Memory.GPU.PeakMemoryUsage2.PageLoad recorded 1 samples, mean = 0.0 (flags = 0x41)
0  -O                                                                        (1 = 100.0%)
1  ... 

Histogram: Memory.ParkableString.Compression.Latency recorded 18 samples, mean = 4799.6 (flags = 0x41)
0      ----O                                                                     (4 = 22.2%)
500    ... 
682    -O                                                                        (1 = 5.6%) {22.2%}
737    ... 
1268   -O                                                                        (1 = 5.6%) {27.8%}
1370   ... 
1599   -O                                                                        (1 = 5.6%) {33.3%}
1728   O                                                                         (0 = 0.0%) {38.9%}
1867   -O                                                                        (1 = 5.6%) {38.9%}
2018   ... 
2752   -O                                                                        (1 = 5.6%) {44.4%}
2974   -O                                                                        (1 = 5.6%) {50.0%}
3214   O                                                                         (0 = 0.0%) {55.6%}
3473   -O                                                                        (1 = 5.6%) {55.6%}
3753   ... 
4737   -O                                                                        (1 = 5.6%) {61.1%}
5119   --O                                                                       (2 = 11.1%) {66.7%}
5532   ... 
10289  -O                                                                        (1 = 5.6%) {77.8%}
11119  O                                                                         (0 = 0.0%) {83.3%}
12016  -O                                                                        (1 = 5.6%) {83.3%}
12985  O                                                                         (0 = 0.0%) {88.9%}
14032  -O                                                                        (1 = 5.6%) {88.9%}
15164  -O                                                                        (1 = 5.6%) {94.4%}
16387  ... 

Histogram: Memory.ParkableString.Compression.SizeKb recorded 18 samples, mean = 267.0 (flags = 0x41)
0    ... 
14   -O                                                                        (1 = 5.6%) {0.0%}
16   ... 
20   -O                                                                        (1 = 5.6%) {5.6%}
23   O                                                                         (0 = 0.0%) {11.1%}
26   -O                                                                        (1 = 5.6%) {11.1%}
29   -O                                                                        (1 = 5.6%) {16.7%}
33   ... 
60   -O                                                                        (1 = 5.6%) {22.2%}
67   -O                                                                        (1 = 5.6%) {27.8%}
75   O                                                                         (0 = 0.0%) {33.3%}
84   -O                                                                        (1 = 5.6%) {33.3%}
95   O                                                                         (0 = 0.0%) {38.9%}
107  -O                                                                        (1 = 5.6%) {38.9%}
120  O                                                                         (0 = 0.0%) {44.4%}
135  -O                                                                        (1 = 5.6%) {44.4%}
152  O                                                                         (0 = 0.0%) {50.0%}
171  --O                                                                       (2 = 11.1%) {50.0%}
192  -O                                                                        (1 = 5.6%) {61.1%}
216  ... 
307  -O                                                                        (1 = 5.6%) {66.7%}
345  -O                                                                        (1 = 5.6%) {72.2%}
388  ... 
554  -O                                                                        (1 = 5.6%) {77.8%}
623  O                                                                         (0 = 0.0%) {83.3%}
701  -O                                                                        (1 = 5.6%) {83.3%}
789  --O                                                                       (2 = 11.1%) {88.9%}
888  ... 

Histogram: Memory.ParkableString.Decompression.Latency recorded 3 samples, mean = 220.3 (flags = 0x41)
0  ---O                                                                      (3 = 100.0%)
500... 

Histogram: Memory.ParkableString.Decompression.ThroughputMBps recorded 3 samples, mean = 464.3 (flags = 0x41)
0    ... 
345  -O                                                                        (1 = 33.3%) {0.0%}
388  O                                                                         (0 = 0.0%) {33.3%}
437  -O                                                                        (1 = 33.3%) {33.3%}
492  O                                                                         (0 = 0.0%) {66.7%}
554  -O                                                                        (1 = 33.3%) {66.7%}
623  ... 

Histogram: Memory.ParkableString.Read.Latency recorded 3 samples, mean = 36.3 (flags = 0x41)
0  ---O                                                                      (3 = 100.0%)
500... 

Histogram: Memory.PartitionAlloc.MemoryReclaim recorded 97 samples, mean = 342.4 (flags = 0x41)
0     ... 
49    ----------O                                                               (10 = 10.3%) {0.0%}
65    ----O                                                                     (4 = 4.1%) {10.3%}
86    ----------O                                                               (10 = 10.3%) {14.4%}
113   ------------O                                                             (12 = 12.4%) {24.7%}
149   ----O                                                                     (4 = 4.1%) {37.1%}
196   --------O                                                                 (8 = 8.2%) {41.2%}
258   ----O                                                                     (4 = 4.1%) {49.5%}
340   ------O                                                                   (6 = 6.2%) {53.6%}
448   -------------------------O                                                (25 = 25.8%) {59.8%}
590   -------O                                                                  (7 = 7.2%) {85.6%}
777   ------O                                                                   (6 = 6.2%) {92.8%}
1023  -O                                                                        (1 = 1.0%) {99.0%}
1347  ... 

Histogram: Memory.PartitionAlloc.PartitionRoot.ExtrasSize recorded 1 samples, mean = 4.0 (flags = 0x41)
0  ... 
4  -O                                                                        (1 = 100.0%) {0.0%}
5  ... 

Histogram: Memory.PartitionAlloc.PeriodicPurge recorded 60 samples, mean = 27.2 (flags = 0x41)
0    ... 
4    --O                                                                       (2 = 3.3%) {0.0%}
5    -----O                                                                    (5 = 8.3%) {3.3%}
7    ------O                                                                   (6 = 10.0%) {11.7%}
9    -----------O                                                              (11 = 18.3%) {21.7%}
12   ----------O                                                               (10 = 16.7%) {40.0%}
16   ------O                                                                   (6 = 10.0%) {56.7%}
21   ------O                                                                   (6 = 10.0%) {66.7%}
28   ---O                                                                      (3 = 5.0%) {76.7%}
37   ---O                                                                      (3 = 5.0%) {81.7%}
49   O                                                                         (0 = 0.0%) {86.7%}
65   ---O                                                                      (3 = 5.0%) {86.7%}
86   ---O                                                                      (3 = 5.0%) {91.7%}
113  -O                                                                        (1 = 1.7%) {96.7%}
149  -O                                                                        (1 = 1.7%) {98.3%}
196  ... 

Histogram: Memory.PressureLevel2 recorded 152 samples, mean = 0.0 (flags = 0x41)
0  ------------------------------------------------------------------------O (152 = 100.0%)
1  ... 

Histogram: Mojo.Channel.WriteReceiveMessageProcessType recorded 5 samples, mean = 3.8 (flags = 0x41)
0  -O                                                                        (1 = 20.0%)
1  O                                                                         (0 = 0.0%) {20.0%}
2  --O                                                                       (2 = 40.0%) {20.0%}
3  ... 
6  -O                                                                        (1 = 20.0%) {60.0%}
7  ... 
9  -O                                                                        (1 = 20.0%) {80.0%}
10 ... 

Histogram: NQE.ContentObserver.NetworkQualityMeaningfullyChanged recorded 5 samples, mean = 0.8 (flags = 0x40)
0  -O                                                                        (1 = 20.0%)
1  ----O                                                                     (4 = 80.0%) {20.0%}
2  O                                                                         (0 = 0.0%) {100.0%}

Histogram: NQE.RTT.Error.Absolute recorded 27 samples, mean = 70.7 (flags = 0x41)
0    ---O                                                                      (3 = 11.1%)
1    O                                                                         (0 = 0.0%) {11.1%}
2    -O                                                                        (1 = 3.7%) {11.1%}
3    -O                                                                        (1 = 3.7%) {14.8%}
4    -O                                                                        (1 = 3.7%) {18.5%}
5    ... 
10   -O                                                                        (1 = 3.7%) {22.2%}
12   ... 
24   -O                                                                        (1 = 3.7%) {25.9%}
29   ... 
40   -O                                                                        (1 = 3.7%) {29.6%}
48   ------O                                                                   (6 = 22.2%) {33.3%}
57   ... 
81   -O                                                                        (1 = 3.7%) {55.6%}
96   ----O                                                                     (4 = 14.8%) {59.3%}
114  ----O                                                                     (4 = 14.8%) {74.1%}
135  --O                                                                       (2 = 7.4%) {88.9%}
160  -O                                                                        (1 = 3.7%) {96.3%}
190  ... 

Histogram: NQE.RTT.Error.IsZero recorded 27 samples, mean = 0.0 (flags = 0x41)
0  ---------------------------O                                              (27 = 100.0%)
1  ... 

Histogram: NQE.RTT.Error.Negative recorded 17 samples, mean = 67.6 (flags = 0x41)
0    -O                                                                        (1 = 5.9%)
1    O                                                                         (0 = 0.0%) {5.9%}
2    -O                                                                        (1 = 5.9%) {5.9%}
3    -O                                                                        (1 = 5.9%) {11.8%}
4    -O                                                                        (1 = 5.9%) {17.6%}
5    ... 
40   -O                                                                        (1 = 5.9%) {23.5%}
48   ----O                                                                     (4 = 23.5%) {29.4%}
57   ... 
81   -O                                                                        (1 = 5.9%) {52.9%}
96   ----O                                                                     (4 = 23.5%) {58.8%}
114  ---O                                                                      (3 = 17.6%) {82.4%}
135  ... 

Histogram: NQE.RTT.Error.Positive recorded 10 samples, mean = 75.9 (flags = 0x41)
0    --O                                                                       (2 = 20.0%)
1    ... 
10   -O                                                                        (1 = 10.0%) {20.0%}
12   ... 
24   -O                                                                        (1 = 10.0%) {30.0%}
29   ... 
48   --O                                                                       (2 = 20.0%) {40.0%}
57   ... 
114  -O                                                                        (1 = 10.0%) {60.0%}
135  --O                                                                       (2 = 20.0%) {70.0%}
160  -O                                                                        (1 = 10.0%) {90.0%}
190  ... 

Histogram: NQE.RTT.HittingThreshold.EndToEnd.FallbackSuccess recorded 5 samples, mean = 0.0 (flags = 0x41)
0  -----O                                                                    (5 = 100.0%)
1  ... 

Histogram: NQE.RTT.HittingThreshold.Transport.FallbackSuccess recorded 1 samples, mean = 0.0 (flags = 0x41)
0  -O                                                                        (1 = 100.0%)
1  ... 

Histogram: NQE.RTT.ObservationSource recorded 53 samples, mean = 1.2 (flags = 0x41)
0  ---------------------------O                                              (27 = 50.9%)
1  O                                                                         (0 = 0.0%) {50.9%}
2  ----------------------O                                                   (22 = 41.5%) {50.9%}
3  -O                                                                        (1 = 1.9%) {92.5%}
4  -O                                                                        (1 = 1.9%) {94.3%}
5  O                                                                         (0 = 0.0%) {96.2%}
6  -O                                                                        (1 = 1.9%) {96.2%}
7  -O                                                                        (1 = 1.9%) {98.1%}
8  ... 

Histogram: NQE.RTT.OnECTComputation recorded 14 samples, mean = 123.7 (flags = 0x41)
0    ... 
68   ----O                                                                     (4 = 28.6%) {0.0%}
81   ... 
114  -----O                                                                    (5 = 35.7%) {28.6%}
135  O                                                                         (0 = 0.0%) {64.3%}
160  -----O                                                                    (5 = 35.7%) {64.3%}
190  ... 

Histogram: NQE.RenderThreadNotified recorded 11 samples, mean = 1.0 (flags = 0x40)
0  O                                                                         (0 = 0.0%)
1  -----------O                                                              (11 = 100.0%) {0.0%}
2  O                                                                         (0 = 0.0%) {100.0%}

Histogram: NQE.TransportRTT.OnECTComputation recorded 13 samples, mean = 91.3 (flags = 0x41)
0    ... 
57   ---O                                                                      (3 = 23.1%) {0.0%}
68   ----O                                                                     (4 = 30.8%) {23.1%}
81   ... 
114  ------O                                                                   (6 = 46.2%) {53.8%}
135  ... 

Histogram: Navigation.BeginNavigationImpl.MainFrame recorded 2 samples, mean = 0.5 (flags = 0x41)
0  -O                                                                        (1 = 50.0%)
1  -O                                                                        (1 = 50.0%) {50.0%}
2  ... 

Histogram: Navigation.BrowserInitiatedSessionHistoryCount recorded 1 samples, mean = 0.0 (flags = 0x41)
0  -O                                                                        (1 = 100.0%)
1  ... 

Histogram: Navigation.CommitRenderFrame recorded 1 samples, mean = 21.0 (flags = 0x41)
0   ... 
20  -O                                                                        (1 = 100.0%) {0.0%}
24  ... 

Histogram: Navigation.CommitToCompositorCreation recorded 1 samples, mean = 658.0 (flags = 0x41)
0    ... 
635  -O                                                                        (1 = 100.0%) {0.0%}
826  ... 

Histogram: Navigation.CompositorRequestedBeforeCommit2 recorded 1 samples, mean = 0.0 (flags = 0x41)
0  -O                                                                        (1 = 100.0%)
1  ... 

Histogram: Navigation.CompositorRequestedBeforeSwapRFH2 recorded 1 samples, mean = 0.0 (flags = 0x41)
0  -O                                                                        (1 = 100.0%)
1  ... 

Histogram: Navigation.CreateSpeculativeRFH recorded 1 samples, mean = 5.0 (flags = 0x41)
0  ... 
5  -O                                                                        (1 = 100.0%) {0.0%}
6  ... 

Histogram: Navigation.DidCommitSameDocumentNavigation.Duration recorded 1 samples, mean = 0.0 (flags = 0x41)
0  -O                                                                        (1 = 100.0%)
1  ... 

Histogram: Navigation.DidStartLoading.MainFrame recorded 4 samples, mean = 0.0 (flags = 0x41)
0  ----O                                                                     (4 = 100.0%)
1  ... 

Histogram: Navigation.DidStartLoading.Subframe recorded 2 samples, mean = 0.0 (flags = 0x41)
0  --O                                                                       (2 = 100.0%)
1  ... 

Histogram: Navigation.EarlyRenderFrameHostSwapType recorded 6 samples, mean = 0.0 (flags = 0x41)
0  ------O                                                                   (6 = 100.0%)
1  ... 

Histogram: Navigation.EngagementTime.HTTPS recorded 1 samples, mean = 149841.0 (flags = 0x41)
0       ... 
132874  -O                                                                        (1 = 100.0%) {0.0%}
153369  ... 

Histogram: Navigation.GetFrameHostForNavigation recorded 4 samples, mean = 5.2 (flags = 0x41)
0   --O                                                                       (2 = 50.0%)
1   ... 
5   -O                                                                        (1 = 25.0%) {50.0%}
6   ... 
14  -O                                                                        (1 = 25.0%) {75.0%}
17  ... 

Histogram: Navigation.GetFrameHostForNavigationTime.InDidCreateNavigationRequest.IsHTTPOrHTTPS recorded 3 samples, mean = 5684.3 (flags = 0x41)
0      ... 
105    -O                                                                        (1 = 33.3%) {0.0%}
146    -O                                                                        (1 = 33.3%) {33.3%}
203    ... 
14319  -O                                                                        (1 = 33.3%) {66.7%}
19866  ... 

Histogram: Navigation.IsGuest recorded 1 samples, mean = 0.0 (flags = 0x41)
0  -O                                                                        (1 = 100.0%)
1  ... 

Histogram: Navigation.IsLockedProcess recorded 1 samples, mean = 1.0 (flags = 0x41)
0  O                                                                         (0 = 0.0%)
1  -O                                                                        (1 = 100.0%) {0.0%}
2  O                                                                         (0 = 0.0%) {100.0%}

Histogram: Navigation.IsLockedProcess.HTTPOrHTTPS recorded 1 samples, mean = 1.0 (flags = 0x41)
0  O                                                                         (0 = 0.0%)
1  -O                                                                        (1 = 100.0%) {0.0%}
2  O                                                                         (0 = 0.0%) {100.0%}

Histogram: Navigation.IsProcessBackgrounded.OnCommit recorded 1 samples, mean = 0.0 (flags = 0x41)
0  -O                                                                        (1 = 100.0%)
1  ... 

Histogram: Navigation.IsProcessBackgrounded.OnDOMContentLoaded recorded 1 samples, mean = 0.0 (flags = 0x41)
0  -O                                                                        (1 = 100.0%)
1  ... 

Histogram: Navigation.IsSameBrowsingInstance recorded 1 samples, mean = 0.0 (flags = 0x41)
0  -O                                                                        (1 = 100.0%)
1  ... 

Histogram: Navigation.IsSameSiteInstance recorded 1 samples, mean = 0.0 (flags = 0x41)
0  -O                                                                        (1 = 100.0%)
1  ... 

Histogram: Navigation.IsSameSiteInstance.MainFrame recorded 1 samples, mean = 0.0 (flags = 0x41)
0  -O                                                                        (1 = 100.0%)
1  ... 

Histogram: Navigation.LoaderCreateToRequestStart.MainFrame recorded 1 samples, mean = 1.0 (flags = 0x41)
0  O                                                                         (0 = 0.0%)
1  -O                                                                        (1 = 100.0%) {0.0%}
2  ... 

Histogram: Navigation.MainFrame.FrameCount recorded 1 samples, mean = 2.0 (flags = 0x41)
0  ... 
2  -O                                                                        (1 = 100.0%) {0.0%}
3  ... 

Histogram: Navigation.MainFrame.MaxFrameCount recorded 3 samples, mean = 2.0 (flags = 0x41)
0  O                                                                         (0 = 0.0%)
1  -O                                                                        (1 = 33.3%) {0.0%}
2  -O                                                                        (1 = 33.3%) {33.3%}
3  -O                                                                        (1 = 33.3%) {66.7%}
4  ... 

Histogram: Navigation.MainFrame.NewNavigation.IgnoreRestore.IsHTTPOrHTTPS.BeginNavigationToLoaderStart.Time2 recorded 1 samples, mean = 3.0 (flags = 0x41)
0  ... 
3  -O                                                                        (1 = 100.0%) {0.0%}
4  ... 

Histogram: Navigation.MainFrame.NewNavigation.IgnoreRestore.IsHTTPOrHTTPS.FetchStart.Time2 recorded 1 samples, mean = 30.0 (flags = 0x41)
0   ... 
29  -O                                                                        (1 = 100.0%) {0.0%}
34  ... 

Histogram: Navigation.MainFrame.NewNavigation.IgnoreRestore.IsHTTPOrHTTPS.LoaderStartToFetchStart.Time2 recorded 1 samples, mean = 1812.0 (flags = 0x41)
0     ... 
1782  -O                                                                        (1 = 100.0%) {0.0%}
2117  ... 

Histogram: Navigation.MainFrame.NewNavigation.IgnoreRestore.IsHTTPOrHTTPS.LoaderStartToReceiveResponse.Time2 recorded 1 samples, mean = 2469.0 (flags = 0x41)
0     ... 
2117  -O                                                                        (1 = 100.0%) {0.0%}
2516  ... 

Histogram: Navigation.MainFrame.NewNavigation.IgnoreRestore.IsHTTPOrHTTPS.NavigationStartToBeginNavigation.Time2 recorded 1 samples, mean = 2625.0 (flags = 0x41)
0     ... 
2516  -O                                                                        (1 = 100.0%) {0.0%}
2990  ... 

Histogram: Navigation.MainFrame.NewNavigation.IgnoreRestore.IsHTTPOrHTTPS.ReceiveHeaders.Time2 recorded 1 samples, mean = 308.0 (flags = 0x41)
0    ... 
268  -O                                                                        (1 = 100.0%) {0.0%}
318  ... 

Histogram: Navigation.MainFrame.NewNavigation.IgnoreRestore.IsHTTPOrHTTPS.ReceiveHeadersToReceiveResponse.Time2 recorded 1 samples, mean = 318.0 (flags = 0x41)
0    ... 
318  -O                                                                        (1 = 100.0%) {0.0%}
378  ... 

Histogram: Navigation.MainFrame.NewNavigation.IgnoreRestore.IsHTTPOrHTTPS.ReceiveResponseToCommitNavigation.Time2 recorded 1 samples, mean = 13.0 (flags = 0x41)
0   ... 
12  -O                                                                        (1 = 100.0%) {0.0%}
14  ... 

Histogram: Navigation.MainFrame.RendererInitiated.InitiatorFramePresentAtStart recorded 1 samples, mean = 0.0 (flags = 0x41)
0  -O                                                                        (1 = 100.0%)
1  ... 

Histogram: Navigation.MainFrame.SiteEngagementLevel recorded 1 samples, mean = 2.0 (flags = 0x41)
0  ... 
2  -O                                                                        (1 = 100.0%) {0.0%}
3  ... 

Histogram: Navigation.MainFrame.ThirdPartyCookieBlockingEnabled recorded 2 samples, mean = 0.0 (flags = 0x41)
0  --O                                                                       (2 = 100.0%)
1  ... 

Histogram: Navigation.MainFrameHasRTLDomain2 recorded 2 samples, mean = 0.0 (flags = 0x41)
0  --O                                                                       (2 = 100.0%)
1  ... 

Histogram: Navigation.MainFrameHasRTLDomainDifferentPage2 recorded 1 samples, mean = 0.0 (flags = 0x41)
0  -O                                                                        (1 = 100.0%)
1  ... 

Histogram: Navigation.MainFrameProfileType2 recorded 2 samples, mean = 0.0 (flags = 0x41)
0  --O                                                                       (2 = 100.0%)
1  ... 

Histogram: Navigation.MainFrameScheme2 recorded 2 samples, mean = 2.0 (flags = 0x41)
0  ... 
2  --O                                                                       (2 = 100.0%) {0.0%}
3  ... 

Histogram: Navigation.MainFrameSchemeDifferentPage2 recorded 1 samples, mean = 2.0 (flags = 0x41)
0  ... 
2  -O                                                                        (1 = 100.0%) {0.0%}
3  ... 

Histogram: Navigation.OnBeforeUnloadOverheadTime recorded 2 samples, mean = 1317.5 (flags = 0x41)
0     ... 
10    -O                                                                        (1 = 50.0%) {0.0%}
12    ... 
2516  -O                                                                        (1 = 50.0%) {50.0%}
2990  ... 

Histogram: Navigation.OnBeforeUnloadTotalTime recorded 2 samples, mean = 0.0 (flags = 0x41)
0  --O                                                                       (2 = 100.0%)
1  ... 

Histogram: Navigation.OriginAgentCluster.Result recorded 1 samples, mean = 9.0 (flags = 0x41)
0  ... 
9  -O                                                                        (1 = 100.0%) {0.0%}
10 O                                                                         (0 = 0.0%) {100.0%}

Histogram: Navigation.PendingCommit.DidBlockGetFrameHostForNavigation.Regular recorded 1 samples, mean = 0.0 (flags = 0x41)
0  -O                                                                        (1 = 100.0%)
1  ... 

Histogram: Navigation.PendingCommit.Duration.Regular recorded 1 samples, mean = 331.0 (flags = 0x41)
0    ... 
318  -O                                                                        (1 = 100.0%) {0.0%}
378  ... 

Histogram: Navigation.Preconnect.PreresolveJobQueueLength recorded 16 samples, mean = 0.5 (flags = 0x41)
0  --------O                                                                 (8 = 50.0%)
1  --------O                                                                 (8 = 50.0%) {50.0%}
2  ... 

Histogram: Navigation.Preconnect.PreresolveJobQueueingTime recorded 8 samples, mean = 0.0 (flags = 0x41)
0  --------O                                                                 (8 = 100.0%)
1  ... 

Histogram: Navigation.Preconnect.ProxyLookupCallbackQueueingTime recorded 8 samples, mean = 346.1 (flags = 0x41)
0    -O                                                                        (1 = 12.5%)
1    -O                                                                        (1 = 12.5%) {12.5%}
2    ... 
160  --O                                                                       (2 = 25.0%) {25.0%}
190  ... 
318  -O                                                                        (1 = 12.5%) {50.0%}
378  ... 
633  --O                                                                       (2 = 25.0%) {62.5%}
752  -O                                                                        (1 = 12.5%) {87.5%}
894  ... 

Histogram: Navigation.Preconnect.ProxyLookupLatency recorded 8 samples, mean = 838.0 (flags = 0x41)
0     -O                                                                        (1 = 12.5%)
1     -O                                                                        (1 = 12.5%) {12.5%}
2     ... 
190   --O                                                                       (2 = 25.0%) {25.0%}
226   ... 
318   -O                                                                        (1 = 12.5%) {50.0%}
378   ... 
752   -O                                                                        (1 = 12.5%) {62.5%}
894   O                                                                         (0 = 0.0%) {75.0%}
1062  -O                                                                        (1 = 12.5%) {75.0%}
1262  ... 
3553  -O                                                                        (1 = 12.5%) {87.5%}
4222  ... 

Histogram: Navigation.Preconnect.ResolveHostCallbackQueueingTime recorded 8 samples, mean = 305.4 (flags = 0x41)
0    O                                                                         (0 = 0.0%)
1    -O                                                                        (1 = 12.5%) {0.0%}
2    ... 
10   -O                                                                        (1 = 12.5%) {12.5%}
12   ... 
114  -O                                                                        (1 = 12.5%) {25.0%}
135  ... 
190  -O                                                                        (1 = 12.5%) {37.5%}
226  ... 
318  -O                                                                        (1 = 12.5%) {50.0%}
378  ... 
533  --O                                                                       (2 = 25.0%) {62.5%}
633  -O                                                                        (1 = 12.5%) {87.5%}
752  ... 

Histogram: Navigation.Preconnect.ResolveHostLatency recorded 8 samples, mean = 342.2 (flags = 0x41)
0    O                                                                         (0 = 0.0%)
1    -O                                                                        (1 = 12.5%) {0.0%}
2    ... 
81   -O                                                                        (1 = 12.5%) {12.5%}
96   ... 
190  -O                                                                        (1 = 12.5%) {25.0%}
226  ... 
318  --O                                                                       (2 = 25.0%) {37.5%}
378  ... 
533  --O                                                                       (2 = 25.0%) {62.5%}
633  -O                                                                        (1 = 12.5%) {87.5%}
752  ... 

Histogram: Navigation.ProcessNavigationThrottlesTime.WillStartRequest.MainFrame recorded 2 samples, mean = 7.5 (flags = 0x41)
0   ... 
3   -O                                                                        (1 = 50.0%) {0.0%}
4   ... 
12  -O                                                                        (1 = 50.0%) {50.0%}
14  ... 

Histogram: Navigation.QueueTime.OnReceiveResponse.MainFrame recorded 1 samples, mean = 315.0 (flags = 0x41)
0    ... 
268  -O                                                                        (1 = 100.0%) {0.0%}
318  ... 

Histogram: Navigation.ReadyToCommitUntilCommit2 recorded 1 samples, mean = 331.0 (flags = 0x41)
0    ... 
280  -O                                                                        (1 = 100.0%) {0.0%}
356  ... 

Histogram: Navigation.ReadyToCommitUntilCommit2.ForegroundProcessPriority recorded 1 samples, mean = 331.0 (flags = 0x41)
0    ... 
280  -O                                                                        (1 = 100.0%) {0.0%}
356  ... 

Histogram: Navigation.ReadyToCommitUntilCommit2.NewNavigation recorded 1 samples, mean = 331.0 (flags = 0x41)
0    ... 
280  -O                                                                        (1 = 100.0%) {0.0%}
356  ... 

Histogram: Navigation.RegisterNavigationThrottlesTime.MainFrame recorded 2 samples, mean = 1.0 (flags = 0x41)
0  -O                                                                        (1 = 50.0%)
1  O                                                                         (0 = 0.0%) {50.0%}
2  -O                                                                        (1 = 50.0%) {50.0%}
3  ... 

Histogram: Navigation.RenderFrameDelete recorded 1 samples, mean = 0.0 (flags = 0x41)
0  -O                                                                        (1 = 100.0%)
1  ... 

Histogram: Navigation.RenderFrameHostConstructor recorded 4 samples, mean = 0.0 (flags = 0x41)
0  ----O                                                                     (4 = 100.0%)
1  ... 

Histogram: Navigation.RenderFrameHostDestructor recorded 4 samples, mean = 0.5 (flags = 0x41)
0  --O                                                                       (2 = 50.0%)
1  --O                                                                       (2 = 50.0%) {50.0%}
2  ... 

Histogram: Navigation.RenderViewHostConstructor recorded 2 samples, mean = 0.0 (flags = 0x41)
0  --O                                                                       (2 = 100.0%)
1  ... 

Histogram: Navigation.RenderViewHostDestructor recorded 2 samples, mean = 0.0 (flags = 0x41)
0  --O                                                                       (2 = 100.0%)
1  ... 

Histogram: Navigation.RenderWidgetHostConstructor recorded 2 samples, mean = 0.0 (flags = 0x41)
0  --O                                                                       (2 = 100.0%)
1  ... 

Histogram: Navigation.RenderWidgetHostDestructor recorded 2 samples, mean = 0.0 (flags = 0x41)
0  --O                                                                       (2 = 100.0%)
1  ... 

Histogram: Navigation.RendererCommitDelay.MainFrame recorded 1 samples, mean = 2.0 (flags = 0x41)
0  ... 
2  -O                                                                        (1 = 100.0%) {0.0%}
3  ... 

Histogram: Navigation.RendererCommitQueueTime.MainFrame recorded 1 samples, mean = 1.0 (flags = 0x41)
0  O                                                                         (0 = 0.0%)
1  -O                                                                        (1 = 100.0%) {0.0%}
2  ... 

Histogram: Navigation.RendererDidNavigateTime.MainFrame recorded 1 samples, mean = 0.0 (flags = 0x41)
0  -O                                                                        (1 = 100.0%)
1  ... 

Histogram: Navigation.RendererDidNavigateTime.Subframe recorded 2 samples, mean = 0.0 (flags = 0x41)
0  --O                                                                       (2 = 100.0%)
1  ... 

Histogram: Navigation.RequiresDedicatedProcess recorded 1 samples, mean = 1.0 (flags = 0x41)
0  O                                                                         (0 = 0.0%)
1  -O                                                                        (1 = 100.0%) {0.0%}
2  O                                                                         (0 = 0.0%) {100.0%}

Histogram: Navigation.RequiresDedicatedProcess.HTTPOrHTTPS recorded 1 samples, mean = 1.0 (flags = 0x41)
0  O                                                                         (0 = 0.0%)
1  -O                                                                        (1 = 100.0%) {0.0%}
2  O                                                                         (0 = 0.0%) {100.0%}

Histogram: Navigation.SameDocumentNavigationWithScreenshot recorded 1 samples, mean = 0.0 (flags = 0x41)
0  -O                                                                        (1 = 100.0%)
1  ... 

Histogram: Navigation.SendCommitNavigationTime.MainFrame recorded 1 samples, mean = 0.0 (flags = 0x41)
0  -O                                                                        (1 = 100.0%)
1  ... 

Histogram: Navigation.StartToCommit recorded 3 samples, mean = 1813.0 (flags = 0x41)
0     --O                                                                       (2 = 66.7%)
1     ... 
4955  -O                                                                        (1 = 33.3%) {66.7%}
6296  ... 

Histogram: Navigation.StartToCommit.CrossProcess recorded 1 samples, mean = 5439.0 (flags = 0x41)
0     ... 
4955  -O                                                                        (1 = 100.0%) {0.0%}
6296  ... 

Histogram: Navigation.StartToCommit.CrossProcess.ForegroundProcessPriority recorded 1 samples, mean = 5439.0 (flags = 0x41)
0     ... 
4955  -O                                                                        (1 = 100.0%) {0.0%}
6296  ... 

Histogram: Navigation.StartToCommit.CrossProcess.MainFrame recorded 1 samples, mean = 5439.0 (flags = 0x41)
0     ... 
4955  -O                                                                        (1 = 100.0%) {0.0%}
6296  ... 

Histogram: Navigation.StartToCommit.CrossProcess.MainFrame.ForegroundProcessPriority recorded 1 samples, mean = 5439.0 (flags = 0x41)
0     ... 
4955  -O                                                                        (1 = 100.0%) {0.0%}
6296  ... 

Histogram: Navigation.StartToCommit.CrossProcess.MainFrame.NewNavigation recorded 1 samples, mean = 5439.0 (flags = 0x41)
0     ... 
4955  -O                                                                        (1 = 100.0%) {0.0%}
6296  ... 

Histogram: Navigation.StartToCommit.CrossProcess.NewNavigation recorded 1 samples, mean = 5439.0 (flags = 0x41)
0     ... 
4955  -O                                                                        (1 = 100.0%) {0.0%}
6296  ... 

Histogram: Navigation.StartToCommit.ForegroundProcessPriority recorded 3 samples, mean = 1813.0 (flags = 0x41)
0     --O                                                                       (2 = 66.7%)
1     ... 
4955  -O                                                                        (1 = 33.3%) {66.7%}
6296  ... 

Histogram: Navigation.StartToCommit.MainFrame recorded 1 samples, mean = 5439.0 (flags = 0x41)
0     ... 
4955  -O                                                                        (1 = 100.0%) {0.0%}
6296  ... 

Histogram: Navigation.StartToCommit.MainFrame.ForegroundProcessPriority recorded 1 samples, mean = 5439.0 (flags = 0x41)
0     ... 
4955  -O                                                                        (1 = 100.0%) {0.0%}
6296  ... 

Histogram: Navigation.StartToCommit.MainFrame.NewNavigation recorded 1 samples, mean = 5439.0 (flags = 0x41)
0     ... 
4955  -O                                                                        (1 = 100.0%) {0.0%}
6296  ... 

Histogram: Navigation.StartToCommit.NewNavigation recorded 3 samples, mean = 1813.0 (flags = 0x41)
0     --O                                                                       (2 = 66.7%)
1     ... 
4955  -O                                                                        (1 = 33.3%) {66.7%}
6296  ... 

Histogram: Navigation.StartToCommit.SameProcess recorded 2 samples, mean = 0.0 (flags = 0x41)
0  --O                                                                       (2 = 100.0%)
1  ... 

Histogram: Navigation.StartToCommit.SameProcess.ForegroundProcessPriority recorded 2 samples, mean = 0.0 (flags = 0x41)
0  --O                                                                       (2 = 100.0%)
1  ... 

Histogram: Navigation.StartToCommit.SameProcess.NewNavigation recorded 2 samples, mean = 0.0 (flags = 0x41)
0  --O                                                                       (2 = 100.0%)
1  ... 

Histogram: Navigation.StartToCommit.SameProcess.Subframe recorded 2 samples, mean = 0.0 (flags = 0x41)
0  --O                                                                       (2 = 100.0%)
1  ... 

Histogram: Navigation.StartToCommit.SameProcess.Subframe.ForegroundProcessPriority recorded 2 samples, mean = 0.0 (flags = 0x41)
0  --O                                                                       (2 = 100.0%)
1  ... 

Histogram: Navigation.StartToCommit.SameProcess.Subframe.NewNavigation recorded 2 samples, mean = 0.0 (flags = 0x41)
0  --O                                                                       (2 = 100.0%)
1  ... 

Histogram: Navigation.StartToCommit.Subframe recorded 2 samples, mean = 0.0 (flags = 0x41)
0  --O                                                                       (2 = 100.0%)
1  ... 

Histogram: Navigation.StartToCommit.Subframe.ForegroundProcessPriority recorded 2 samples, mean = 0.0 (flags = 0x41)
0  --O                                                                       (2 = 100.0%)
1  ... 

Histogram: Navigation.StartToCommit.Subframe.NewNavigation recorded 2 samples, mean = 0.0 (flags = 0x41)
0  --O                                                                       (2 = 100.0%)
1  ... 

Histogram: Navigation.SuddenTerminationDisabler.AllOrigins recorded 1 samples, mean = 13.0 (flags = 0x41)
0   ... 
13  -O                                                                        (1 = 100.0%) {0.0%}
14  ... 

Histogram: Navigation.SuddenTerminationDisabler.SameOrigin recorded 1 samples, mean = 13.0 (flags = 0x41)
0   ... 
13  -O                                                                        (1 = 100.0%) {0.0%}
14  ... 

Histogram: Navigation.SwapRFHToCompositorCreation recorded 1 samples, mean = 334.0 (flags = 0x41)
0    ... 
288  -O                                                                        (1 = 100.0%) {0.0%}
375  ... 

Histogram: Navigation.ThrottleCount recorded 2 samples, mean = 20.0 (flags = 0x41)
0   ... 
20  --O                                                                       (2 = 100.0%) {0.0%}
21  ... 

Histogram: Navigation.ThrottleEventDurationTime.WillProcessResponse recorded 1 samples, mean = 0.0 (flags = 0x41)
0  -O                                                                        (1 = 100.0%)
1  ... 

Histogram: Navigation.ThrottleEventDurationTime.WillStartRequest recorded 2 samples, mean = 5.5 (flags = 0x41)
0   -O                                                                        (1 = 50.0%)
1   ... 
10  -O                                                                        (1 = 50.0%) {50.0%}
12  ... 

Histogram: Navigation.ThrottleEventExecutionTime.WillProcessResponse recorded 1 samples, mean = 0.0 (flags = 0x41)
0  -O                                                                        (1 = 100.0%)
1  ... 

Histogram: Navigation.ThrottleEventExecutionTime.WillStartRequest recorded 2 samples, mean = 5.5 (flags = 0x41)
0   -O                                                                        (1 = 50.0%)
1   ... 
10  -O                                                                        (1 = 50.0%) {50.0%}
12  ... 

Histogram: Navigation.ThrottleExecutionTime.WillProcessResponse recorded 20 samples, mean = 0.0 (flags = 0x41)
0  --------------------O                                                     (20 = 100.0%)
1  ... 

Histogram: Navigation.ThrottleExecutionTime.WillStartRequest recorded 40 samples, mean = 0.2 (flags = 0x41)
0  --------------------------------------O                                   (38 = 95.0%)
1  -O                                                                        (1 = 2.5%) {95.0%}
2  ... 
8  -O                                                                        (1 = 2.5%) {97.5%}
10 ... 

Histogram: Navigation.ThrottleTotalDeferCount recorded 5 samples, mean = 0.0 (flags = 0x41)
0  -----O                                                                    (5 = 100.0%)
1  ... 

Histogram: Navigation.ThrottleTotalDeferCount.Request recorded 5 samples, mean = 0.0 (flags = 0x41)
0  -----O                                                                    (5 = 100.0%)
1  ... 

Histogram: Navigation.ThrottleTotalDeferTime recorded 5 samples, mean = 0.0 (flags = 0x41)
0  -----O                                                                    (5 = 100.0%)
1  ... 

Histogram: Navigation.ThrottleTotalDeferTime.Request recorded 5 samples, mean = 0.0 (flags = 0x41)
0  -----O                                                                    (5 = 100.0%)
1  ... 

Histogram: Navigation.Throttles.PolicyBlocklist.DeferDurationTime recorded 2 samples, mean = 0.0 (flags = 0x41)
0  --O                                                                       (2 = 100.0%)
1  ... 

Histogram: Navigation.Throttles.PolicyBlocklist.RequestThrottleAction recorded 2 samples, mean = 2.5 (flags = 0x41)
0  O                                                                         (0 = 0.0%)
1  -O                                                                        (1 = 50.0%) {0.0%}
2  ... 
4  -O                                                                        (1 = 50.0%) {50.0%}
5  ... 

Histogram: Navigation.Throttles.PolicyBlocklist.RequestToResponseTime recorded 1 samples, mean = 0.0 (flags = 0x41)
0  -O                                                                        (1 = 100.0%)
1  ... 

Histogram: Navigation.TimeToReadyToCommit2 recorded 1 samples, mean = 5108.0 (flags = 0x41)
0     ... 
4955  -O                                                                        (1 = 100.0%) {0.0%}
6296  ... 

Histogram: Navigation.TimeToReadyToCommit2.CrossProcess recorded 1 samples, mean = 5108.0 (flags = 0x41)
0     ... 
4955  -O                                                                        (1 = 100.0%) {0.0%}
6296  ... 

Histogram: Navigation.TimeToReadyToCommit2.CrossProcess.NewNavigation recorded 1 samples, mean = 5108.0 (flags = 0x41)
0     ... 
4955  -O                                                                        (1 = 100.0%) {0.0%}
6296  ... 

Histogram: Navigation.TimeToReadyToCommit2.MainFrame recorded 1 samples, mean = 5108.0 (flags = 0x41)
0     ... 
4955  -O                                                                        (1 = 100.0%) {0.0%}
6296  ... 

Histogram: Navigation.TimeToReadyToCommit2.MainFrame.NewNavigation recorded 1 samples, mean = 5108.0 (flags = 0x41)
0     ... 
4955  -O                                                                        (1 = 100.0%) {0.0%}
6296  ... 

Histogram: Navigation.TimeToReadyToCommit2.NewNavigation recorded 1 samples, mean = 5108.0 (flags = 0x41)
0     ... 
4955  -O                                                                        (1 = 100.0%) {0.0%}
6296  ... 

Histogram: Navigation.Unload recorded 1 samples, mean = 0.0 (flags = 0x41)
0  -O                                                                        (1 = 100.0%)
1  ... 

Histogram: Navigation.UserAgentStringType recorded 3 samples, mean = 1.0 (flags = 0x41)
0  O                                                                         (0 = 0.0%)
1  ---O                                                                      (3 = 100.0%) {0.0%}
2  ... 

Histogram: Navigation.WillStartRequestToLoaderStart.MainFrame recorded 2 samples, mean = 7.5 (flags = 0x41)
0   O                                                                         (0 = 0.0%)
1   -O                                                                        (1 = 50.0%) {0.0%}
2   ... 
14  -O                                                                        (1 = 50.0%) {50.0%}
17  ... 

Histogram: NavigationPredictor.SearchEnginePreconnector.IsBrowserAppLikelyInForeground recorded 3 samples, mean = 1.0 (flags = 0x41)
0  O                                                                         (0 = 0.0%)
1  ---O                                                                      (3 = 100.0%) {0.0%}
2  O                                                                         (0 = 0.0%) {100.0%}

Histogram: NavigationSuggestion.GetDomainInfoDelayBeforeAllowingNavigation recorded 1 samples, mean = 0.0 (flags = 0x41)
0  -O                                                                        (1 = 100.0%)
1  ... 

Histogram: NavigationSuggestion.IsLookalikeUrlDelayBeforeAllowingNavigation recorded 1 samples, mean = 0.0 (flags = 0x41)
0  -O                                                                        (1 = 100.0%)
1  ... 

Histogram: NavigationSuggestion.PerformChecksDelayBeforeAllowingNavigation recorded 1 samples, mean = 0.0 (flags = 0x41)
0  -O                                                                        (1 = 100.0%)
1  ... 

Histogram: Net.AlternateProtocolUsage recorded 40 samples, mean = 2.4 (flags = 0x41)
0  ---------------O                                                          (15 = 37.5%)
1  -------O                                                                  (7 = 17.5%) {37.5%}
2  -----O                                                                    (5 = 12.5%) {55.0%}
3  ---O                                                                      (3 = 7.5%) {67.5%}
4  ... 
7  ----------O                                                               (10 = 25.0%) {75.0%}
8  O                                                                         (0 = 0.0%) {100.0%}

Histogram: Net.AlternateProtocolUsageGoogle recorded 2 samples, mean = 1.0 (flags = 0x41)
0  O                                                                         (0 = 0.0%)
1  --O                                                                       (2 = 100.0%) {0.0%}
2  ... 

Histogram: Net.AlternativeServiceTypeForRequest recorded 47 samples, mean = 0.6 (flags = 0x41)
0  ------------------O                                                       (18 = 38.3%)
1  -----------------------------O                                            (29 = 61.7%) {38.3%}
2  ... 

Histogram: Net.CertVerifier.PathBuilderIterationCount recorded 15 samples, mean = 2.0 (flags = 0x41)
0  ... 
2  ---------------O                                                          (15 = 100.0%) {0.0%}
3  ... 

Histogram: Net.CertVerifier_First_Job_Latency recorded 3 samples, mean = 864.0 (flags = 0x41)
0     ... 
648   --O                                                                       (2 = 66.7%) {0.0%}
734   ... 
1065  -O                                                                        (1 = 33.3%) {66.7%}
1206  ... 

Histogram: Net.CertVerifier_Job_Latency recorded 15 samples, mean = 343.2 (flags = 0x41)
0     O                                                                         (0 = 0.0%)
1     -O                                                                        (1 = 6.7%) {0.0%}
2     ... 
20    -O                                                                        (1 = 6.7%) {6.7%}
23    ... 
42    -O                                                                        (1 = 6.7%) {13.3%}
48    ... 
61    -O                                                                        (1 = 6.7%) {20.0%}
69    ... 
88    --O                                                                       (2 = 13.3%) {26.7%}
100   ... 
186   -O                                                                        (1 = 6.7%) {40.0%}
211   O                                                                         (0 = 0.0%) {46.7%}
239   -O                                                                        (1 = 6.7%) {46.7%}
271   O                                                                         (0 = 0.0%) {53.3%}
307   -O                                                                        (1 = 6.7%) {53.3%}
348   -O                                                                        (1 = 6.7%) {60.0%}
394   -O                                                                        (1 = 6.7%) {66.7%}
446   ... 
648   ---O                                                                      (3 = 20.0%) {73.3%}
734   ... 
1065  -O                                                                        (1 = 6.7%) {93.3%}
1206  ... 

Histogram: Net.Certificate.TrustAnchor.Request recorded 37 samples (flags = 0x41)
200  -O                                                                        (1 = 2.7%)
210  ----O                                                                     (4 = 10.8%)
483  -O                                                                        (1 = 2.7%)
486  -------------------------------O                                          (31 = 83.8%)

Histogram: Net.Certificate.TrustAnchor.Verify recorded 15 samples (flags = 0x41)
200  -O                                                                        (1 = 6.7%)
210  --O                                                                       (2 = 13.3%)
483  --O                                                                       (2 = 13.3%)
486  ----------O                                                               (10 = 66.7%)

Histogram: Net.ConnectionInfo.MainFrame recorded 1 samples, mean = 4.0 (flags = 0x41)
0  ... 
4  -O                                                                        (1 = 100.0%) {0.0%}
5  ... 

Histogram: Net.ConnectionInfo.SubResource recorded 11 samples, mean = 26.6 (flags = 0x41)
0   O                                                                         (0 = 0.0%)
1   -O                                                                        (1 = 9.1%) {0.0%}
2   ... 
4   ---O                                                                      (3 = 27.3%) {9.1%}
5   ... 
40  -------O                                                                  (7 = 63.6%) {36.4%}
41  ... 

Histogram: Net.ContentEncodingType recorded 73 samples, mean = 0.6 (flags = 0x41)
0  ----------------------------------O                                       (34 = 46.6%)
1  -----------------------------------O                                      (35 = 47.9%) {46.6%}
2  ----O                                                                     (4 = 5.5%) {94.5%}
3  ... 

Histogram: Net.Cors.AccessCheckResult recorded 10 samples, mean = 0.0 (flags = 0x41)
0  ----------O                                                               (10 = 100.0%)
1  ... 

Histogram: Net.CountOfQuicServerInfos recorded 1 samples, mean = 0.0 (flags = 0x41)
0  -O                                                                        (1 = 100.0%)
1  ... 

Histogram: Net.DNS.DnsConfig.DnsClientCapability recorded 43 samples, mean = 3.0 (flags = 0x41)
0  ... 
3  -------------------------------------------O                              (43 = 100.0%) {0.0%}
4  O                                                                         (0 = 0.0%) {100.0%}

Histogram: Net.DNS.DnsConfig.SecureDnsMode recorded 1 samples, mean = 4.0 (flags = 0x41)
0  ... 
4  -O                                                                        (1 = 100.0%) {0.0%}
5  ... 

Histogram: Net.DNS.DnsConfig.Windows.Compatibility recorded 2 samples, mean = 0.0 (flags = 0x41)
0  --O                                                                       (2 = 100.0%)
1  ... 

Histogram: Net.DNS.DnsConfig.Windows.ReadSystemSettings0 recorded 2 samples, mean = 0.0 (flags = 0x41)
0  --O                                                                       (2 = 100.0%)
1  ... 

Histogram: Net.DNS.DnsHosts.Count recorded 2 samples, mean = 0.0 (flags = 0x41)
0  --O                                                                       (2 = 100.0%)
1  ... 

Histogram: Net.DNS.DnsHosts.EstimateMemoryUsage recorded 2 samples, mean = 0.0 (flags = 0x41)
0  --O                                                                       (2 = 100.0%)
1000... 

Histogram: Net.DNS.DnsHosts.FileSize recorded 2 samples, mean = 854.0 (flags = 0x41)
0    ... 
737  --O                                                                       (2 = 100.0%) {0.0%}
1065 ... 

Histogram: Net.DNS.DnsTask.SuccessTime recorded 15 samples, mean = 47.3 (flags = 0x41)
0    ... 
8    -O                                                                        (1 = 6.7%) {0.0%}
9    -O                                                                        (1 = 6.7%) {6.7%}
10   -----O                                                                    (5 = 33.3%) {13.3%}
12   ... 
58   -O                                                                        (1 = 6.7%) {46.7%}
67   -----O                                                                    (5 = 33.3%) {53.3%}
77   O                                                                         (0 = 0.0%) {86.7%}
89   -O                                                                        (1 = 6.7%) {86.7%}
103  O                                                                         (0 = 0.0%) {93.3%}
119  -O                                                                        (1 = 6.7%) {93.3%}
137  ... 

Histogram: Net.DNS.DnsTask.SvcbHttpsTransactionError recorded 15 samples, mean = 0.0 (flags = 0x41)
0  ---------------O                                                          (15 = 100.0%)
1  ... 

Histogram: Net.DNS.DnsTransaction.AttemptType recorded 30 samples, mean = 1.6 (flags = 0x41)
0  --------------O                                                           (14 = 46.7%)
1  ... 
3  ----------------O                                                         (16 = 53.3%) {46.7%}
4  O                                                                         (0 = 0.0%) {100.0%}

Histogram: Net.DNS.DnsTransaction.Insecure.Other.SuccessTime recorded 14 samples, mean = 9.0 (flags = 0x41)
0   ... 
6   -O                                                                        (1 = 7.1%) {0.0%}
8   ----------O                                                               (10 = 71.4%) {7.1%}
10  ---O                                                                      (3 = 21.4%) {78.6%}
13  ... 

Histogram: Net.DNS.DnsTransaction.SecureValidated.Google.SuccessTime recorded 21 samples, mean = 193.8 (flags = 0x41)
0    ... 
41   -O                                                                        (1 = 4.8%) {0.0%}
52   -O                                                                        (1 = 4.8%) {4.8%}
66   -------------O                                                            (13 = 61.9%) {9.5%}
84   -O                                                                        (1 = 4.8%) {71.4%}
107  --O                                                                       (2 = 9.5%) {76.2%}
136  ... 
729  ---O                                                                      (3 = 14.3%) {85.7%}
926  ... 

Histogram: Net.DNS.H3SupportedGoogleHost.TaskTypeMetadataAvailability2 recorded 2 samples, mean = 4.0 (flags = 0x41)
0  ... 
3  -O                                                                        (1 = 50.0%) {0.0%}
4  O                                                                         (0 = 0.0%) {50.0%}
5  -O                                                                        (1 = 50.0%) {50.0%}
6  ... 

Histogram: Net.DNS.HTTPSSVC.RecordHttps.Insecure.ExpectNoerror.DnsRcode recorded 7 samples, mean = 3.0 (flags = 0x41)
0  ... 
3  -------O                                                                  (7 = 100.0%) {0.0%}
4  ... 

Histogram: Net.DNS.HTTPSSVC.RecordHttps.Insecure.ExpectNoerror.Parsable recorded 1 samples, mean = 1.0 (flags = 0x41)
0  O                                                                         (0 = 0.0%)
1  -O                                                                        (1 = 100.0%) {0.0%}
2  O                                                                         (0 = 0.0%) {100.0%}

Histogram: Net.DNS.HTTPSSVC.RecordHttps.Insecure.ExpectNoerror.ResolveTimeAddress recorded 7 samples, mean = 9.0 (flags = 0x41)
0   ... 
6   -O                                                                        (1 = 14.3%) {0.0%}
8   ----O                                                                     (4 = 57.1%) {14.3%}
10  --O                                                                       (2 = 28.6%) {71.4%}
13  ... 

Histogram: Net.DNS.HTTPSSVC.RecordHttps.Insecure.ExpectNoerror.ResolveTimeExperimental recorded 7 samples, mean = 9.7 (flags = 0x41)
0   ... 
8   ---O                                                                      (3 = 42.9%) {0.0%}
10  ----O                                                                     (4 = 57.1%) {42.9%}
13  ... 

Histogram: Net.DNS.HTTPSSVC.RecordHttps.Insecure.ExpectNoerror.ResolveTimeRatio recorded 7 samples, mean = 10.0 (flags = 0x41)
0   ... 
8   -O                                                                        (1 = 14.3%) {0.0%}
9   --O                                                                       (2 = 28.6%) {14.3%}
10  -O                                                                        (1 = 14.3%) {42.9%}
11  --O                                                                       (2 = 28.6%) {57.1%}
12  -O                                                                        (1 = 14.3%) {85.7%}
13  ... 

Histogram: Net.DNS.HTTPSSVC.RecordHttps.Secure.ExpectNoerror.DnsRcode recorded 8 samples, mean = 3.0 (flags = 0x41)
0  ... 
3  --------O                                                                 (8 = 100.0%) {0.0%}
4  ... 

Histogram: Net.DNS.HTTPSSVC.RecordHttps.Secure.ExpectNoerror.Parsable recorded 4 samples, mean = 1.0 (flags = 0x41)
0  O                                                                         (0 = 0.0%)
1  ----O                                                                     (4 = 100.0%) {0.0%}
2  O                                                                         (0 = 0.0%) {100.0%}

Histogram: Net.DNS.HTTPSSVC.RecordHttps.Secure.ExpectNoerror.ResolveTimeAddress recorded 8 samples, mean = 77.4 (flags = 0x41)
0    ... 
52   -O                                                                        (1 = 12.5%) {0.0%}
66   ------O                                                                   (6 = 75.0%) {12.5%}
84   O                                                                         (0 = 0.0%) {87.5%}
107  -O                                                                        (1 = 12.5%) {87.5%}
136  ... 

Histogram: Net.DNS.HTTPSSVC.RecordHttps.Secure.ExpectNoerror.ResolveTimeExperimental recorded 8 samples, mean = 79.0 (flags = 0x41)
0    ... 
66   ------O                                                                   (6 = 75.0%) {0.0%}
84   -O                                                                        (1 = 12.5%) {75.0%}
107  -O                                                                        (1 = 12.5%) {87.5%}
136  ... 

Histogram: Net.DNS.HTTPSSVC.RecordHttps.Secure.ExpectNoerror.ResolveTimeRatio recorded 8 samples, mean = 9.9 (flags = 0x41)
0   ... 
9   --O                                                                       (2 = 25.0%) {0.0%}
10  -----O                                                                    (5 = 62.5%) {25.0%}
11  -O                                                                        (1 = 12.5%) {87.5%}
12  ... 

Histogram: Net.DNS.JobQueueTime.PerTransaction recorded 30 samples, mean = 0.0 (flags = 0x41)
0  -----------------------------O                                            (29 = 96.7%)
1  -O                                                                        (1 = 3.3%) {96.7%}
2  ... 

Histogram: Net.DNS.JobQueueTime.Success recorded 15 samples, mean = 0.1 (flags = 0x41)
0  --------------O                                                           (14 = 93.3%)
1  -O                                                                        (1 = 6.7%) {93.3%}
2  ... 

Histogram: Net.DNS.ProbeSequence.ConfigChange.Success.AttemptTime recorded 5 samples, mean = 922.0 (flags = 0x41)
0    ... 
730  -----O                                                                    (5 = 100.0%) {0.0%}
989  ... 

Histogram: Net.DNS.Request.TotalTime recorded 189 samples, mean = 2.8 (flags = 0x41)
0   ------------------------------------------------------------------------O (177 = 93.7%)
10  --O                                                                       (5 = 2.6%) {93.7%}
12  O                                                                         (1 = 0.5%) {96.3%}
15  ... 
50  O                                                                         (1 = 0.5%) {96.8%}
61  --O                                                                       (4 = 2.1%) {97.4%}
75  O                                                                         (0 = 0.0%) {99.5%}
92  O                                                                         (1 = 0.5%) {99.5%}
113 ... 

Histogram: Net.DNS.Request.TotalTimeAsync recorded 19 samples, mean = 27.6 (flags = 0x41)
0   -------O                                                                  (7 = 36.8%)
10  -----O                                                                    (5 = 26.3%) {36.8%}
12  -O                                                                        (1 = 5.3%) {63.2%}
15  ... 
50  -O                                                                        (1 = 5.3%) {68.4%}
61  ----O                                                                     (4 = 21.1%) {73.7%}
75  O                                                                         (0 = 0.0%) {94.7%}
92  -O                                                                        (1 = 5.3%) {94.7%}
113 ... 

Histogram: Net.DNS.ResolveCategory recorded 22 samples, mean = 0.6 (flags = 0x41)
0  ------------O                                                             (12 = 54.5%)
1  -------O                                                                  (7 = 31.8%) {54.5%}
2  ---O                                                                      (3 = 13.6%) {86.4%}
3  ... 

Histogram: Net.DNS.ResolveContext.DohAutoupgrade.Google.Status recorded 3 samples, mean = 0.0 (flags = 0x41)
0  ---O                                                                      (3 = 100.0%)
1  ... 

Histogram: Net.DNS.ResolveError.Fast recorded 5 samples (flags = 0x41)
105  -----O                                                                    (5 = 100.0%)

Histogram: Net.DNS.ResolveError.Slow recorded 2 samples (flags = 0x41)
105  --O                                                                       (2 = 100.0%)

Histogram: Net.DNS.ResolveFailureTime recorded 7 samples, mean = 5.0 (flags = 0x41)
0   ---O                                                                      (3 = 42.9%)
1   ... 
3   -O                                                                        (1 = 14.3%) {42.9%}
4   ... 
8   -O                                                                        (1 = 14.3%) {57.1%}
9   O                                                                         (0 = 0.0%) {71.4%}
10  -O                                                                        (1 = 14.3%) {71.4%}
12  -O                                                                        (1 = 14.3%) {85.7%}
14  ... 

Histogram: Net.DNS.ResolveSuccessTime recorded 12 samples, mean = 42.2 (flags = 0x41)
0   ... 
8   -O                                                                        (1 = 8.3%) {0.0%}
9   -O                                                                        (1 = 8.3%) {8.3%}
10  ----O                                                                     (4 = 33.3%) {16.7%}
12  ... 
58  -O                                                                        (1 = 8.3%) {50.0%}
67  ---O                                                                      (3 = 25.0%) {58.3%}
77  -O                                                                        (1 = 8.3%) {83.3%}
89  -O                                                                        (1 = 8.3%) {91.7%}
103 ... 

Histogram: Net.DNS.SystemTask.FailureTime recorded 7 samples, mean = 5.0 (flags = 0x41)
0   ---O                                                                      (3 = 42.9%)
1   ... 
3   -O                                                                        (1 = 14.3%) {42.9%}
4   ... 
8   -O                                                                        (1 = 14.3%) {57.1%}
9   O                                                                         (0 = 0.0%) {71.4%}
10  -O                                                                        (1 = 14.3%) {71.4%}
12  -O                                                                        (1 = 14.3%) {85.7%}
14  ... 

Histogram: Net.DNS.UpgradeConfig.HasPublicInsecureNameserver recorded 1 samples, mean = 1.0 (flags = 0x41)
0  O                                                                         (0 = 0.0%)
1  -O                                                                        (1 = 100.0%) {0.0%}
2  O                                                                         (0 = 0.0%) {100.0%}

Histogram: Net.DNS.UpgradeConfig.Ineligible.DohSpecified recorded 1 samples, mean = 0.0 (flags = 0x41)
0  -O                                                                        (1 = 100.0%)
1  ... 

Histogram: Net.DNS.UpgradeConfig.Ineligible.UnhandledOptions recorded 1 samples, mean = 0.0 (flags = 0x41)
0  -O                                                                        (1 = 100.0%)
1  ... 

Histogram: Net.DNS.UpgradeConfig.InsecureUpgradeSucceeded recorded 1 samples, mean = 1.0 (flags = 0x41)
0  O                                                                         (0 = 0.0%)
1  -O                                                                        (1 = 100.0%) {0.0%}
2  O                                                                         (0 = 0.0%) {100.0%}

Histogram: Net.DNS_Resolution_And_TCP_Connection_Latency2 recorded 11 samples, mean = 69.7 (flags = 0x41)
0    ... 
9    -O                                                                        (1 = 9.1%) {0.0%}
10   -O                                                                        (1 = 9.1%) {9.1%}
11   -O                                                                        (1 = 9.1%) {18.2%}
12   ... 
16   -O                                                                        (1 = 9.1%) {27.3%}
18   ... 
42   -O                                                                        (1 = 9.1%) {36.4%}
48   --O                                                                       (2 = 18.2%) {45.5%}
54   O                                                                         (0 = 0.0%) {63.6%}
61   -O                                                                        (1 = 9.1%) {63.6%}
69   ... 
88   -O                                                                        (1 = 9.1%) {72.7%}
100  ... 
186  --O                                                                       (2 = 18.2%) {81.8%}
211  ... 

Histogram: Net.ErrorCodesForMainFrame4 recorded 2 samples (flags = 0x41)
0  -O                                                                        (1 = 50.0%)
3  -O                                                                        (1 = 50.0%)

Histogram: Net.ErrorCodesForSubresources3 recorded 49 samples (flags = 0x41)
0  -------------------------------------------------O                        (49 = 100.0%)

Histogram: Net.HttpJob.BytesReceived2 recorded 37 samples, mean = 3902.8 (flags = 0x41)
0      ... 
56     -O                                                                        (1 = 2.7%) {0.0%}
80     ... 
340    ---O                                                                      (3 = 8.1%) {2.7%}
488    ----------------------O                                                   (22 = 59.5%) {10.8%}
700    ----O                                                                     (4 = 10.8%) {70.3%}
1004   -O                                                                        (1 = 2.7%) {81.1%}
1440   ... 
2961   ----O                                                                     (4 = 10.8%) {83.8%}
4246   ... 
17959  -O                                                                        (1 = 2.7%) {94.6%}
25755  ... 
75961  -O                                                                        (1 = 2.7%) {97.3%}
108935 ... 

Histogram: Net.HttpJob.BytesSent2 recorded 37 samples, mean = 830.8 (flags = 0x41)
0      ... 
13     ------------O                                                             (12 = 32.4%) {0.0%}
19     -O                                                                        (1 = 2.7%) {32.4%}
27     ... 
165    ----------O                                                               (10 = 27.0%) {35.1%}
237    O                                                                         (0 = 0.0%) {62.2%}
340    -O                                                                        (1 = 2.7%) {62.2%}
488    -----O                                                                    (5 = 13.5%) {64.9%}
700    -O                                                                        (1 = 2.7%) {78.4%}
1004   ------O                                                                   (6 = 16.2%) {81.1%}
1440   ... 
12523  -O                                                                        (1 = 2.7%) {97.3%}
17959  ... 

Histogram: Net.HttpJob.MainJobWaitTimeWithAvailableSpdySession recorded 6 samples, mean = 0.0 (flags = 0x41)
0  ------O                                                                   (6 = 100.0%)
1  ... 

Histogram: Net.HttpJob.MainJobWaitTimeWithoutAvailableSpdySession recorded 13 samples, mean = 138.0 (flags = 0x41)
0    --O                                                                       (2 = 15.4%)
1    ... 
14   -O                                                                        (1 = 7.7%) {15.4%}
17   -O                                                                        (1 = 7.7%) {23.1%}
20   --O                                                                       (2 = 15.4%) {30.8%}
24   ... 
81   -O                                                                        (1 = 7.7%) {46.2%}
96   ... 
135  -O                                                                        (1 = 7.7%) {53.8%}
160  ... 
268  -----O                                                                    (5 = 38.5%) {61.5%}
318  ... 

Histogram: Net.HttpJob.PrefilterBytesRead recorded 76 samples, mean = 18405.0 (flags = 0x41)
0       -----O                                                                    (5 = 6.6%)
1       ... 
13      -O                                                                        (1 = 1.3%) {6.6%}
19      -O                                                                        (1 = 1.3%) {7.9%}
27      O                                                                         (0 = 0.0%) {9.2%}
39      -O                                                                        (1 = 1.3%) {9.2%}
56      -O                                                                        (1 = 1.3%) {10.5%}
80      -O                                                                        (1 = 1.3%) {11.8%}
115     O                                                                         (0 = 0.0%) {13.2%}
165     -O                                                                        (1 = 1.3%) {13.2%}
237     O                                                                         (0 = 0.0%) {14.5%}
340     ----------------------O                                                   (22 = 28.9%) {14.5%}
488     ----O                                                                     (4 = 5.3%) {43.4%}
700     ----O                                                                     (4 = 5.3%) {48.7%}
1004    --O                                                                       (2 = 2.6%) {53.9%}
1440    --O                                                                       (2 = 2.6%) {56.6%}
2065    --O                                                                       (2 = 2.6%) {59.2%}
2961    --O                                                                       (2 = 2.6%) {61.8%}
4246    --O                                                                       (2 = 2.6%) {64.5%}
6089    -O                                                                        (1 = 1.3%) {67.1%}
8732    ----O                                                                     (4 = 5.3%) {68.4%}
12523   O                                                                         (0 = 0.0%) {73.7%}
17959   ------O                                                                   (6 = 7.9%) {73.7%}
25755   --O                                                                       (2 = 2.6%) {81.6%}
36935   ----O                                                                     (4 = 5.3%) {84.2%}
52968   O                                                                         (0 = 0.0%) {89.5%}
75961   -----O                                                                    (5 = 6.6%) {89.5%}
108935  --O                                                                       (2 = 2.6%) {96.1%}
156223  -O                                                                        (1 = 1.3%) {98.7%}
224038  ... 

Histogram: Net.HttpJob.PrefilterBytesRead.Cache recorded 42 samples, mean = 30383.5 (flags = 0x41)
0       -O                                                                        (1 = 2.4%)
1       ... 
165     -O                                                                        (1 = 2.4%) {2.4%}
237     O                                                                         (0 = 0.0%) {4.8%}
340     -O                                                                        (1 = 2.4%) {4.8%}
488     ----O                                                                     (4 = 9.5%) {7.1%}
700     ----O                                                                     (4 = 9.5%) {16.7%}
1004    -O                                                                        (1 = 2.4%) {26.2%}
1440    --O                                                                       (2 = 4.8%) {28.6%}
2065    -O                                                                        (1 = 2.4%) {33.3%}
2961    --O                                                                       (2 = 4.8%) {35.7%}
4246    --O                                                                       (2 = 4.8%) {40.5%}
6089    -O                                                                        (1 = 2.4%) {45.2%}
8732    ----O                                                                     (4 = 9.5%) {47.6%}
12523   O                                                                         (0 = 0.0%) {57.1%}
17959   -----O                                                                    (5 = 11.9%) {57.1%}
25755   --O                                                                       (2 = 4.8%) {69.0%}
36935   ----O                                                                     (4 = 9.5%) {73.8%}
52968   O                                                                         (0 = 0.0%) {83.3%}
75961   ----O                                                                     (4 = 9.5%) {83.3%}
108935  --O                                                                       (2 = 4.8%) {92.9%}
156223  -O                                                                        (1 = 2.4%) {97.6%}
224038  ... 

Histogram: Net.HttpJob.PrefilterBytesRead.Net recorded 34 samples, mean = 3608.1 (flags = 0x41)
0      ----O                                                                     (4 = 11.8%)
1      ... 
13     -O                                                                        (1 = 2.9%) {11.8%}
19     -O                                                                        (1 = 2.9%) {14.7%}
27     O                                                                         (0 = 0.0%) {17.6%}
39     -O                                                                        (1 = 2.9%) {17.6%}
56     -O                                                                        (1 = 2.9%) {20.6%}
80     -O                                                                        (1 = 2.9%) {23.5%}
115    ... 
340    ---------------------O                                                    (21 = 61.8%) {26.5%}
488    ... 
1004   -O                                                                        (1 = 2.9%) {88.2%}
1440   O                                                                         (0 = 0.0%) {91.2%}
2065   -O                                                                        (1 = 2.9%) {91.2%}
2961   ... 
17959  -O                                                                        (1 = 2.9%) {94.1%}
25755  ... 
75961  -O                                                                        (1 = 2.9%) {97.1%}
108935 ... 

Histogram: Net.HttpJob.ProxyTypeSuccess recorded 37 samples, mean = 1.0 (flags = 0x41)
0  O                                                                         (0 = 0.0%)
1  -------------------------------------O                                    (37 = 100.0%) {0.0%}
2  ... 

Histogram: Net.HttpJob.TotalTime recorded 76 samples, mean = 133.1 (flags = 0x41)
0    O                                                                         (0 = 0.0%)
1    --O                                                                       (2 = 2.6%) {0.0%}
2    -O                                                                        (1 = 1.3%) {2.6%}
3    -O                                                                        (1 = 1.3%) {3.9%}
4    -O                                                                        (1 = 1.3%) {5.3%}
5    -----O                                                                    (5 = 6.6%) {6.6%}
6    --O                                                                       (2 = 2.6%) {13.2%}
7    --O                                                                       (2 = 2.6%) {15.8%}
8    -O                                                                        (1 = 1.3%) {18.4%}
10   -O                                                                        (1 = 1.3%) {19.7%}
12   --O                                                                       (2 = 2.6%) {21.1%}
14   -----O                                                                    (5 = 6.6%) {23.7%}
17   O                                                                         (0 = 0.0%) {30.3%}
20   ----O                                                                     (4 = 5.3%) {30.3%}
24   ----O                                                                     (4 = 5.3%) {35.5%}
29   ---O                                                                      (3 = 3.9%) {40.8%}
34   -----O                                                                    (5 = 6.6%) {44.7%}
40   --O                                                                       (2 = 2.6%) {51.3%}
48   -O                                                                        (1 = 1.3%) {53.9%}
57   ------O                                                                   (6 = 7.9%) {55.3%}
68   --------O                                                                 (8 = 10.5%) {63.2%}
81   O                                                                         (0 = 0.0%) {73.7%}
96   --O                                                                       (2 = 2.6%) {73.7%}
114  --O                                                                       (2 = 2.6%) {76.3%}
135  O                                                                         (0 = 0.0%) {78.9%}
160  -O                                                                        (1 = 1.3%) {78.9%}
190  --O                                                                       (2 = 2.6%) {80.3%}
226  -----O                                                                    (5 = 6.6%) {82.9%}
268  O                                                                         (0 = 0.0%) {89.5%}
318  -O                                                                        (1 = 1.3%) {89.5%}
378  ... 
533  -O                                                                        (1 = 1.3%) {90.8%}
633  --O                                                                       (2 = 2.6%) {92.1%}
752  -O                                                                        (1 = 1.3%) {94.7%}
894  ---O                                                                      (3 = 3.9%) {96.1%}
1062 ... 

Histogram: Net.HttpJob.TotalTime.Secure.Quic recorded 2 samples, mean = 654.5 (flags = 0x41)
0    ... 
574  --O                                                                       (2 = 100.0%) {0.0%}
729  ... 

Histogram: Net.HttpJob.TotalTimeCached recorded 42 samples, mean = 29.9 (flags = 0x41)
0    O                                                                         (0 = 0.0%)
1    --O                                                                       (2 = 4.8%) {0.0%}
2    -O                                                                        (1 = 2.4%) {4.8%}
3    -O                                                                        (1 = 2.4%) {7.1%}
4    -O                                                                        (1 = 2.4%) {9.5%}
5    -----O                                                                    (5 = 11.9%) {11.9%}
6    --O                                                                       (2 = 4.8%) {23.8%}
7    --O                                                                       (2 = 4.8%) {28.6%}
8    -O                                                                        (1 = 2.4%) {33.3%}
10   -O                                                                        (1 = 2.4%) {35.7%}
12   --O                                                                       (2 = 4.8%) {38.1%}
14   ----O                                                                     (4 = 9.5%) {42.9%}
17   O                                                                         (0 = 0.0%) {52.4%}
20   ---O                                                                      (3 = 7.1%) {52.4%}
24   ----O                                                                     (4 = 9.5%) {59.5%}
29   ---O                                                                      (3 = 7.1%) {69.0%}
34   -----O                                                                    (5 = 11.9%) {76.2%}
40   --O                                                                       (2 = 4.8%) {88.1%}
48   ... 
96   -O                                                                        (1 = 2.4%) {92.9%}
114  ... 
190  -O                                                                        (1 = 2.4%) {95.2%}
226  -O                                                                        (1 = 2.4%) {97.6%}
268  ... 

Histogram: Net.HttpJob.TotalTimeNotCached recorded 34 samples, mean = 260.4 (flags = 0x41)
0    ... 
14   -O                                                                        (1 = 2.9%) {0.0%}
17   O                                                                         (0 = 0.0%) {2.9%}
20   -O                                                                        (1 = 2.9%) {2.9%}
24   ... 
48   -O                                                                        (1 = 2.9%) {5.9%}
57   ------O                                                                   (6 = 17.6%) {8.8%}
68   --------O                                                                 (8 = 23.5%) {26.5%}
81   O                                                                         (0 = 0.0%) {50.0%}
96   -O                                                                        (1 = 2.9%) {50.0%}
114  --O                                                                       (2 = 5.9%) {52.9%}
135  O                                                                         (0 = 0.0%) {58.8%}
160  -O                                                                        (1 = 2.9%) {58.8%}
190  -O                                                                        (1 = 2.9%) {61.8%}
226  ----O                                                                     (4 = 11.8%) {64.7%}
268  O                                                                         (0 = 0.0%) {76.5%}
318  -O                                                                        (1 = 2.9%) {76.5%}
378  ... 
533  -O                                                                        (1 = 2.9%) {79.4%}
633  --O                                                                       (2 = 5.9%) {82.4%}
752  -O                                                                        (1 = 2.9%) {88.2%}
894  ---O                                                                      (3 = 8.8%) {91.2%}
1062 ... 

Histogram: Net.HttpJob.TotalTimeNotCached.Secure.Quic recorded 2 samples, mean = 654.5 (flags = 0x41)
0    ... 
574  --O                                                                       (2 = 100.0%) {0.0%}
729  ... 

Histogram: Net.HttpJob.TotalTimeSuccess recorded 76 samples, mean = 133.1 (flags = 0x41)
0    O                                                                         (0 = 0.0%)
1    --O                                                                       (2 = 2.6%) {0.0%}
2    -O                                                                        (1 = 1.3%) {2.6%}
3    -O                                                                        (1 = 1.3%) {3.9%}
4    -O                                                                        (1 = 1.3%) {5.3%}
5    -----O                                                                    (5 = 6.6%) {6.6%}
6    --O                                                                       (2 = 2.6%) {13.2%}
7    --O                                                                       (2 = 2.6%) {15.8%}
8    -O                                                                        (1 = 1.3%) {18.4%}
10   -O                                                                        (1 = 1.3%) {19.7%}
12   --O                                                                       (2 = 2.6%) {21.1%}
14   -----O                                                                    (5 = 6.6%) {23.7%}
17   O                                                                         (0 = 0.0%) {30.3%}
20   ----O                                                                     (4 = 5.3%) {30.3%}
24   ----O                                                                     (4 = 5.3%) {35.5%}
29   ---O                                                                      (3 = 3.9%) {40.8%}
34   -----O                                                                    (5 = 6.6%) {44.7%}
40   --O                                                                       (2 = 2.6%) {51.3%}
48   -O                                                                        (1 = 1.3%) {53.9%}
57   ------O                                                                   (6 = 7.9%) {55.3%}
68   --------O                                                                 (8 = 10.5%) {63.2%}
81   O                                                                         (0 = 0.0%) {73.7%}
96   --O                                                                       (2 = 2.6%) {73.7%}
114  --O                                                                       (2 = 2.6%) {76.3%}
135  O                                                                         (0 = 0.0%) {78.9%}
160  -O                                                                        (1 = 1.3%) {78.9%}
190  --O                                                                       (2 = 2.6%) {80.3%}
226  -----O                                                                    (5 = 6.6%) {82.9%}
268  O                                                                         (0 = 0.0%) {89.5%}
318  -O                                                                        (1 = 1.3%) {89.5%}
378  ... 
533  -O                                                                        (1 = 1.3%) {90.8%}
633  --O                                                                       (2 = 2.6%) {92.1%}
752  -O                                                                        (1 = 1.3%) {94.7%}
894  ---O                                                                      (3 = 3.9%) {96.1%}
1062 ... 

Histogram: Net.HttpJob.TotalTimeSuccess.Priority1 recorded 13 samples, mean = 175.9 (flags = 0x41)
0    ... 
7    -O                                                                        (1 = 7.7%) {0.0%}
8    ... 
14   -O                                                                        (1 = 7.7%) {7.7%}
17   ... 
68   -----O                                                                    (5 = 38.5%) {15.4%}
81   O                                                                         (0 = 0.0%) {53.8%}
96   -O                                                                        (1 = 7.7%) {53.8%}
114  --O                                                                       (2 = 15.4%) {61.5%}
135  ... 
226  -O                                                                        (1 = 7.7%) {76.9%}
268  ... 
533  -O                                                                        (1 = 7.7%) {84.6%}
633  -O                                                                        (1 = 7.7%) {92.3%}
752  ... 

Histogram: Net.HttpJob.TotalTimeSuccess.Priority2 recorded 36 samples, mean = 139.2 (flags = 0x41)
0    O                                                                         (0 = 0.0%)
1    -O                                                                        (1 = 2.8%) {0.0%}
2    -O                                                                        (1 = 2.8%) {2.8%}
3    -O                                                                        (1 = 2.8%) {5.6%}
4    O                                                                         (0 = 0.0%) {8.3%}
5    -O                                                                        (1 = 2.8%) {8.3%}
6    O                                                                         (0 = 0.0%) {11.1%}
7    -O                                                                        (1 = 2.8%) {11.1%}
8    -O                                                                        (1 = 2.8%) {13.9%}
10   -O                                                                        (1 = 2.8%) {16.7%}
12   --O                                                                       (2 = 5.6%) {19.4%}
14   ... 
20   ---O                                                                      (3 = 8.3%) {25.0%}
24   ----O                                                                     (4 = 11.1%) {33.3%}
29   ---O                                                                      (3 = 8.3%) {44.4%}
34   -----O                                                                    (5 = 13.9%) {52.8%}
40   --O                                                                       (2 = 5.6%) {66.7%}
48   -O                                                                        (1 = 2.8%) {72.2%}
57   ---O                                                                      (3 = 8.3%) {75.0%}
68   ... 
190  -O                                                                        (1 = 2.8%) {83.3%}
226  -O                                                                        (1 = 2.8%) {86.1%}
268  ... 
752  -O                                                                        (1 = 2.8%) {88.9%}
894  ---O                                                                      (3 = 8.3%) {91.7%}
1062 ... 

Histogram: Net.HttpJob.TotalTimeSuccess.Priority3 recorded 1 samples, mean = 267.0 (flags = 0x41)
0    ... 
226  -O                                                                        (1 = 100.0%) {0.0%}
268  ... 

Histogram: Net.HttpJob.TotalTimeSuccess.Priority4 recorded 13 samples, mean = 147.2 (flags = 0x41)
0    ... 
5    -O                                                                        (1 = 7.7%) {0.0%}
6    ... 
20   -O                                                                        (1 = 7.7%) {7.7%}
24   ... 
57   ---O                                                                      (3 = 23.1%) {15.4%}
68   ---O                                                                      (3 = 23.1%) {38.5%}
81   O                                                                         (0 = 0.0%) {61.5%}
96   -O                                                                        (1 = 7.7%) {61.5%}
114  ... 
160  -O                                                                        (1 = 7.7%) {69.2%}
190  O                                                                         (0 = 0.0%) {76.9%}
226  --O                                                                       (2 = 15.4%) {76.9%}
268  ... 
633  -O                                                                        (1 = 7.7%) {92.3%}
752  ... 

Histogram: Net.HttpJob.TotalTimeSuccess.Priority5 recorded 13 samples, mean = 48.6 (flags = 0x41)
0    O                                                                         (0 = 0.0%)
1    -O                                                                        (1 = 7.7%) {0.0%}
2    ... 
4    -O                                                                        (1 = 7.7%) {7.7%}
5    ---O                                                                      (3 = 23.1%) {15.4%}
6    --O                                                                       (2 = 15.4%) {38.5%}
7    ... 
14   ----O                                                                     (4 = 30.8%) {53.8%}
17   ... 
190  -O                                                                        (1 = 7.7%) {84.6%}
226  ... 
318  -O                                                                        (1 = 7.7%) {92.3%}
378  ... 

Histogram: Net.HttpRequestSSLUpgradeDecision recorded 1 samples, mean = 5.0 (flags = 0x41)
0  ... 
5  -O                                                                        (1 = 100.0%) {0.0%}
6  O                                                                         (0 = 0.0%) {100.0%}

Histogram: Net.HttpRequestStsState recorded 1 samples, mean = 2.0 (flags = 0x41)
0  ... 
2  -O                                                                        (1 = 100.0%) {0.0%}
3  ... 

Histogram: Net.HttpResponseCode recorded 90 samples, mean = 211.5 (flags = 0x41)
0    ... 
200  ------------------------------------------------------------------------O (79 = 87.8%) {0.0%}
201  ... 
204  --O                                                                       (2 = 2.2%) {87.8%}
205  ... 
302  -----O                                                                    (5 = 5.6%) {90.0%}
303  O                                                                         (0 = 0.0%) {95.6%}
304  ---O                                                                      (3 = 3.3%) {95.6%}
305  ... 
403  -O                                                                        (1 = 1.1%) {98.9%}
404  ... 

Histogram: Net.HttpTimeToFirstByte recorded 76 samples, mean = 132.5 (flags = 0x41)
0    ---------------O                                                          (15 = 19.7%)
10   O                                                                         (0 = 0.0%) {19.7%}
12   -O                                                                        (1 = 1.3%) {19.7%}
15   O                                                                         (0 = 0.0%) {21.1%}
18   ------------O                                                             (12 = 15.8%) {21.1%}
22   -------------O                                                            (13 = 17.1%) {36.8%}
27   ... 
50   -O                                                                        (1 = 1.3%) {53.9%}
61   ------------O                                                             (12 = 15.8%) {55.3%}
75   --O                                                                       (2 = 2.6%) {71.1%}
92   --O                                                                       (2 = 2.6%) {73.7%}
113  --O                                                                       (2 = 2.6%) {76.3%}
139  O                                                                         (0 = 0.0%) {78.9%}
171  -O                                                                        (1 = 1.3%) {78.9%}
210  -----O                                                                    (5 = 6.6%) {80.3%}
258  --O                                                                       (2 = 2.6%) {86.8%}
317  -O                                                                        (1 = 1.3%) {89.5%}
389  O                                                                         (0 = 0.0%) {90.8%}
477  -O                                                                        (1 = 1.3%) {90.8%}
585  -O                                                                        (1 = 1.3%) {92.1%}
718  -O                                                                        (1 = 1.3%) {93.4%}
881  ----O                                                                     (4 = 5.3%) {94.7%}
1081 ... 

Histogram: Net.NetworkChangeNotifier.NewConnectionCost recorded 2 samples, mean = 1.0 (flags = 0x41)
0  O                                                                         (0 = 0.0%)
1  --O                                                                       (2 = 100.0%) {0.0%}
2  ... 

Histogram: Net.NumQuicSessionsAtShutdown recorded 3 samples, mean = 0.3 (flags = 0x41)
0  --O                                                                       (2 = 66.7%)
1  -O                                                                        (1 = 33.3%) {66.7%}
2  ... 

Histogram: Net.OnTransferSizeUpdated.Experimental.OverridenBy recorded 41 samples, mean = 12.7 (flags = 0x41)
0   O                                                                         (0 = 0.0%)
1   ---------------O                                                          (15 = 36.6%) {0.0%}
2   ... 
11  ------------O                                                             (12 = 29.3%) {36.6%}
12  -O                                                                        (1 = 2.4%) {65.9%}
13  ... 
26  -O                                                                        (1 = 2.4%) {68.3%}
27  O                                                                         (0 = 0.0%) {70.7%}
28  ------------O                                                             (12 = 29.3%) {70.7%}
29  ... 

Histogram: Net.QuicActiveSessions recorded 11 samples, mean = 2.6 (flags = 0x41)
0  ---O                                                                      (3 = 27.3%)
1  --O                                                                       (2 = 18.2%) {27.3%}
2  -O                                                                        (1 = 9.1%) {45.5%}
3  -O                                                                        (1 = 9.1%) {54.5%}
4  -O                                                                        (1 = 9.1%) {63.6%}
5  --O                                                                       (2 = 18.2%) {72.7%}
7  -O                                                                        (1 = 9.1%) {90.9%}
9  ... 

Histogram: Net.QuicChromiumClientStream.HandleOnCloseConnectionError recorded 22 samples (flags = 0x41)
0  ----------------------O                                                   (22 = 100.0%)

Histogram: Net.QuicChromiumClientStream.HandleOnCloseNetError recorded 22 samples (flags = 0x41)
100  ----------------------O                                                   (22 = 100.0%)

Histogram: Net.QuicChromiumClientStream.HandleOnCloseStreamError recorded 22 samples (flags = 0x41)
0  ----------------------O                                                   (22 = 100.0%)

Histogram: Net.QuicChromiumClientStream.HeaderDecodingDelay recorded 22 samples, mean = 2.0 (flags = 0x41)
0   ---------------------O                                                    (21 = 95.5%)
1   ... 
40  -O                                                                        (1 = 4.5%) {95.5%}
48  ... 

Histogram: Net.QuicChromiumClientStream.HeaderDecodingDelayGoogle recorded 2 samples, mean = 0.0 (flags = 0x41)
0  --O                                                                       (2 = 100.0%)
1  ... 

Histogram: Net.QuicConnection.WritePacketStatus recorded 206 samples, mean = 0.0 (flags = 0x41)
0  ------------------------------------------------------------------------O (206 = 100.0%)
1  ... 

Histogram: Net.QuicCryptoClientConfig.PopulatedFromCanonicalConfig recorded 8 samples, mean = 0.0 (flags = 0x41)
0  --------O                                                                 (8 = 100.0%)
1  ... 

Histogram: Net.QuicDroppedPacketReason recorded 8 samples, mean = 6.0 (flags = 0x41)
0  ... 
6  --------O                                                                 (8 = 100.0%) {0.0%}
7  O                                                                         (0 = 0.0%) {100.0%}

Histogram: Net.QuicHandshakeState recorded 33 samples, mean = 1.0 (flags = 0x41)
0  -----------O                                                              (11 = 33.3%)
1  -----------O                                                              (11 = 33.3%) {33.3%}
2  -----------O                                                              (11 = 33.3%) {66.7%}
3  ... 

Histogram: Net.QuicHttpStream.ProcessResponseHeaderSuccess recorded 22 samples, mean = 1.0 (flags = 0x41)
0  O                                                                         (0 = 0.0%)
1  ----------------------O                                                   (22 = 100.0%) {0.0%}
2  O                                                                         (0 = 0.0%) {100.0%}

Histogram: Net.QuicSession.AbortedPendingStreamRequests recorded 11 samples, mean = 0.0 (flags = 0x41)
0  -----------O                                                              (11 = 100.0%)
1  ... 

Histogram: Net.QuicSession.AcceptChForOrigin recorded 22 samples, mean = 0.5 (flags = 0x41)
0  ----------O                                                               (10 = 45.5%)
1  ------------O                                                             (12 = 54.5%) {45.5%}
2  O                                                                         (0 = 0.0%) {100.0%}

Histogram: Net.QuicSession.AcceptChFrameReceivedViaAlps recorded 7 samples, mean = 1.0 (flags = 0x41)
0  O                                                                         (0 = 0.0%)
1  -------O                                                                  (7 = 100.0%) {0.0%}
2  ... 

Histogram: Net.QuicSession.AsyncRead recorded 260 samples, mean = 0.4 (flags = 0x41)
0  ------------------------------------------------------------------------O (149 = 57.3%)
1  ------------------------------------------------------O                   (111 = 42.7%) {57.3%}
2  O                                                                         (0 = 0.0%) {100.0%}

Histogram: Net.QuicSession.BlockedFrames.Received recorded 11 samples, mean = 0.0 (flags = 0x41)
0  -----------O                                                              (11 = 100.0%)
1  ... 

Histogram: Net.QuicSession.BlockedFrames.Sent recorded 11 samples, mean = 0.0 (flags = 0x41)
0  -----------O                                                              (11 = 100.0%)
1  ... 

Histogram: Net.QuicSession.CertVerificationResult recorded 11 samples (flags = 0x41)
0  -----------O                                                              (11 = 100.0%)

Histogram: Net.QuicSession.ClientSideMtu recorded 11 samples (flags = 0x41)
1250  -----------O                                                              (11 = 100.0%)

Histogram: Net.QuicSession.CloseAllSessionsError recorded 3 samples (flags = 0x41)
3  ---O                                                                      (3 = 100.0%)

Histogram: Net.QuicSession.CloseSessionOnError recorded 1 samples (flags = 0x41)
3  -O                                                                        (1 = 100.0%)

Histogram: Net.QuicSession.ClosedDuringInitializeSession recorded 11 samples, mean = 0.0 (flags = 0x41)
0  -----------O                                                              (11 = 100.0%)
1  ... 

Histogram: Net.QuicSession.CoalesceStreamFrameStatus recorded 98 samples, mean = 0.2 (flags = 0x41)
0  ------------------------------------------------------------------------O (83 = 84.7%)
1  -------------O                                                            (15 = 15.3%) {84.7%}
2  O                                                                         (0 = 0.0%) {100.0%}

Histogram: Net.QuicSession.ConnectRandomPortForHTTPS recorded 11 samples, mean = 0.0 (flags = 0x41)
0  -----------O                                                              (11 = 100.0%)
1  ... 

Histogram: Net.QuicSession.ConnectionClose.NumOpenStreams.TimedOut recorded 10 samples, mean = 0.0 (flags = 0x41)
0  ----------O                                                               (10 = 100.0%)
1  ... 

Histogram: Net.QuicSession.ConnectionCloseErrorCodeClient recorded 11 samples (flags = 0x41)
25  ----------O                                                               (10 = 90.9%)
70  -O                                                                        (1 = 9.1%)

Histogram: Net.QuicSession.ConnectionCloseErrorCodeClient.HandshakeConfirmed recorded 11 samples (flags = 0x41)
25  ----------O                                                               (10 = 90.9%)
70  -O                                                                        (1 = 9.1%)

Histogram: Net.QuicSession.ConnectionCloseErrorCodeClientGoogle recorded 5 samples (flags = 0x41)
25  ----O                                                                     (4 = 80.0%)
70  -O                                                                        (1 = 20.0%)

Histogram: Net.QuicSession.ConnectionCloseErrorCodeClientGoogle.HandshakeConfirmed recorded 5 samples (flags = 0x41)
25  ----O                                                                     (4 = 80.0%)
70  -O                                                                        (1 = 20.0%)

Histogram: Net.QuicSession.ConnectionDuration recorded 11 samples, mean = 29943.6 (flags = 0x41)
0      ... 
23760  -O                                                                        (1 = 9.1%) {0.0%}
27425  --------O                                                                 (8 = 72.7%) {9.1%}
31655  -O                                                                        (1 = 9.1%) {81.8%}
36538  -O                                                                        (1 = 9.1%) {90.9%}
42174  ... 

Histogram: Net.QuicSession.ConnectionFlowControlBlocked recorded 4 samples, mean = 1.0 (flags = 0x41)
0  O                                                                         (0 = 0.0%)
1  ----O                                                                     (4 = 100.0%) {0.0%}
2  O                                                                         (0 = 0.0%) {100.0%}

Histogram: Net.QuicSession.ConnectionIpPooled recorded 11 samples, mean = 0.0 (flags = 0x41)
0  -----------O                                                              (11 = 100.0%)
1  ... 

Histogram: Net.QuicSession.ConnectionTypeFromSelf recorded 11 samples, mean = 1.0 (flags = 0x41)
0  O                                                                         (0 = 0.0%)
1  -----------O                                                              (11 = 100.0%) {0.0%}
2  O                                                                         (0 = 0.0%) {100.0%}

Histogram: Net.QuicSession.CryptoRetransmitCount.HandshakeConfirmed recorded 11 samples, mean = 0.4 (flags = 0x41)
0  -------O                                                                  (7 = 63.6%)
1  ----O                                                                     (4 = 36.4%) {63.6%}
2  ... 

Histogram: Net.QuicSession.DuplicatePacketsReceived recorded 11 samples, mean = 0.0 (flags = 0x41)
0  -----------O                                                              (11 = 100.0%)
1  ... 

Histogram: Net.QuicSession.EcnMarksObserved recorded 11 samples, mean = 1.0 (flags = 0x41)
0  O                                                                         (0 = 0.0%)
1  -----------O                                                              (11 = 100.0%) {0.0%}
2  ... 

Histogram: Net.QuicSession.EncryptionEstablishedTime recorded 11 samples, mean = 139.0 (flags = 0x41)
0    --O                                                                       (2 = 18.2%)
1    -O                                                                        (1 = 9.1%) {18.2%}
2    ... 
12   -O                                                                        (1 = 9.1%) {27.3%}
14   -O                                                                        (1 = 9.1%) {36.4%}
17   ... 
81   --O                                                                       (2 = 18.2%) {45.5%}
96   -O                                                                        (1 = 9.1%) {63.6%}
114  ... 
318  --O                                                                       (2 = 18.2%) {72.7%}
378  ... 
533  -O                                                                        (1 = 9.1%) {90.9%}
633  ... 

Histogram: Net.QuicSession.FinchConfigIsValid recorded 3 samples, mean = 1.0 (flags = 0x41)
0  O                                                                         (0 = 0.0%)
1  ---O                                                                      (3 = 100.0%) {0.0%}
2  O                                                                         (0 = 0.0%) {100.0%}

Histogram: Net.QuicSession.FindMatchingIpSessionResult recorded 24 samples, mean = 2.0 (flags = 0x41)
0  ... 
2  ------------------------O                                                 (24 = 100.0%) {0.0%}
3  O                                                                         (0 = 0.0%) {100.0%}

Histogram: Net.QuicSession.FindMatchingIpSessionResultGoogle recorded 10 samples, mean = 2.0 (flags = 0x41)
0  ... 
2  ----------O                                                               (10 = 100.0%) {0.0%}
3  O                                                                         (0 = 0.0%) {100.0%}

Histogram: Net.QuicSession.HandshakeConfirmedTime recorded 11 samples, mean = 159.4 (flags = 0x41)
0    ... 
12   -O                                                                        (1 = 9.1%) {0.0%}
14   -O                                                                        (1 = 9.1%) {9.1%}
17   ... 
57   -O                                                                        (1 = 9.1%) {18.2%}
68   -O                                                                        (1 = 9.1%) {27.3%}
81   ---O                                                                      (3 = 27.3%) {36.4%}
96   -O                                                                        (1 = 9.1%) {63.6%}
114  ... 
318  --O                                                                       (2 = 18.2%) {72.7%}
378  ... 
533  -O                                                                        (1 = 9.1%) {90.9%}
633  ... 

Histogram: Net.QuicSession.HeaderCompressionRatioQpackReceived recorded 22 samples, mean = 26.6 (flags = 0x41)
0   O                                                                         (0 = 0.0%)
1   -O                                                                        (1 = 4.5%) {0.0%}
2   O                                                                         (0 = 0.0%) {4.5%}
3   ------------O                                                             (12 = 54.5%) {4.5%}
4   O                                                                         (0 = 0.0%) {59.1%}
5   -O                                                                        (1 = 4.5%) {59.1%}
6   ... 
62  -O                                                                        (1 = 4.5%) {63.6%}
63  O                                                                         (0 = 0.0%) {68.2%}
64  -O                                                                        (1 = 4.5%) {68.2%}
65  ... 
68  -O                                                                        (1 = 4.5%) {72.7%}
69  ----O                                                                     (4 = 18.2%) {77.3%}
70  ... 
74  -O                                                                        (1 = 4.5%) {95.5%}
75  ... 

Histogram: Net.QuicSession.HeaderCompressionRatioQpackSent recorded 22 samples, mean = 59.7 (flags = 0x41)
0   ... 
47  --------O                                                                 (8 = 36.4%) {0.0%}
48  -O                                                                        (1 = 4.5%) {36.4%}
49  -O                                                                        (1 = 4.5%) {40.9%}
50  ... 
59  -O                                                                        (1 = 4.5%) {45.5%}
60  -O                                                                        (1 = 4.5%) {50.0%}
61  ... 
64  -O                                                                        (1 = 4.5%) {54.5%}
65  ... 
69  -O                                                                        (1 = 4.5%) {59.1%}
70  --O                                                                       (2 = 9.1%) {63.6%}
71  ... 
73  -O                                                                        (1 = 4.5%) {72.7%}
74  --O                                                                       (2 = 9.1%) {77.3%}
75  -O                                                                        (1 = 4.5%) {86.4%}
76  --O                                                                       (2 = 9.1%) {90.9%}
77  ... 

Histogram: Net.QuicSession.HostResolution.HandshakeConfirmedTime recorded 11 samples, mean = 160.3 (flags = 0x41)
0    ... 
14   --O                                                                       (2 = 18.2%) {0.0%}
17   ... 
57   -O                                                                        (1 = 9.1%) {18.2%}
68   -O                                                                        (1 = 9.1%) {27.3%}
81   ---O                                                                      (3 = 27.3%) {36.4%}
96   -O                                                                        (1 = 9.1%) {63.6%}
114  ... 
318  --O                                                                       (2 = 18.2%) {72.7%}
378  ... 
533  -O                                                                        (1 = 9.1%) {90.9%}
633  ... 

Histogram: Net.QuicSession.IncorrectConnectionIDsReceived recorded 11 samples, mean = 0.0 (flags = 0x41)
0  -----------O                                                              (11 = 100.0%)
1  ... 

Histogram: Net.QuicSession.InitialRttEsitmateSource recorded 11 samples, mean = 0.9 (flags = 0x41)
0  -O                                                                        (1 = 9.1%)
1  ----------O                                                               (10 = 90.9%) {9.1%}
2  ... 

Histogram: Net.QuicSession.KeyUpdate.PerConnection2 recorded 11 samples, mean = 0.0 (flags = 0x41)
0  -----------O                                                              (11 = 100.0%)
1  ... 

Histogram: Net.QuicSession.KeyUpdate.PotentialPeerKeyUpdateAttemptCount recorded 11 samples, mean = 0.0 (flags = 0x41)
0  -----------O                                                              (11 = 100.0%)
1  ... 

Histogram: Net.QuicSession.MaxConsecutiveRtoWithForwardProgress recorded 11 samples, mean = 0.4 (flags = 0x41)
0  -------O                                                                  (7 = 63.6%)
1  ----O                                                                     (4 = 36.4%) {63.6%}
2  ... 

Histogram: Net.QuicSession.MinRTT recorded 11 samples, mean = 44.5 (flags = 0x41)
0    ... 
8    ----O                                                                     (4 = 36.4%) {0.0%}
10   ... 
40   -O                                                                        (1 = 9.1%) {36.4%}
48   --O                                                                       (2 = 18.2%) {45.5%}
57   ---O                                                                      (3 = 27.3%) {63.6%}
68   ... 
114  -O                                                                        (1 = 9.1%) {90.9%}
135  ... 

Histogram: Net.QuicSession.MtuProbesSent recorded 11 samples, mean = 0.0 (flags = 0x41)
0  -----------O                                                              (11 = 100.0%)
1  ... 

Histogram: Net.QuicSession.NumDefaultPathDegrading recorded 11 samples, mean = 0.0 (flags = 0x41)
0  -----------O                                                              (11 = 100.0%)
1  ... 

Histogram: Net.QuicSession.NumMigrations recorded 11 samples, mean = 0.0 (flags = 0x41)
0  -----------O                                                              (11 = 100.0%)
1  ... 

Histogram: Net.QuicSession.NumOpenStreams recorded 22 samples, mean = 1.7 (flags = 0x41)
0  O                                                                         (0 = 0.0%)
1  ------------O                                                             (12 = 54.5%) {0.0%}
2  ------O                                                                   (6 = 27.3%) {54.5%}
3  --O                                                                       (2 = 9.1%) {81.8%}
4  --O                                                                       (2 = 9.1%) {90.9%}
5  ... 

Histogram: Net.QuicSession.NumPingsSent recorded 11 samples, mean = 0.4 (flags = 0x41)
0  -------O                                                                  (7 = 63.6%)
1  ----O                                                                     (4 = 36.4%) {63.6%}
2  ... 

Histogram: Net.QuicSession.NumQueuedPacketsBeforeWrite recorded 253 samples, mean = 0.0 (flags = 0x41)
0  ------------------------------------------------------------------------O (253 = 100.0%)
1  ... 

Histogram: Net.QuicSession.NumTotalStreams recorded 11 samples, mean = 2.0 (flags = 0x41)
0  ---O                                                                      (3 = 27.3%)
1  -----O                                                                    (5 = 45.5%) {27.3%}
2  -O                                                                        (1 = 9.1%) {72.7%}
3  ... 
5  -O                                                                        (1 = 9.1%) {81.8%}
7  O                                                                         (0 = 0.0%) {90.9%}
9  -O                                                                        (1 = 9.1%) {90.9%}
12 ... 

Histogram: Net.QuicSession.OutOfOrderGapReceived recorded 2 samples, mean = 1.0 (flags = 0x41)
0  O                                                                         (0 = 0.0%)
1  --O                                                                       (2 = 100.0%) {0.0%}
2  ... 

Histogram: Net.QuicSession.OutOfOrderLargePacketsReceived recorded 11 samples, mean = 0.0 (flags = 0x41)
0  -----------O                                                              (11 = 100.0%)
1  ... 

Histogram: Net.QuicSession.OutOfOrderPacketsReceived recorded 11 samples, mean = 0.2 (flags = 0x41)
0  ---------O                                                                (9 = 81.8%)
1  --O                                                                       (2 = 18.2%) {81.8%}
2  ... 

Histogram: Net.QuicSession.PacketGapReceived recorded 4 samples, mean = 1.0 (flags = 0x41)
0  O                                                                         (0 = 0.0%)
1  ----O                                                                     (4 = 100.0%) {0.0%}
2  ... 

Histogram: Net.QuicSession.PacketGapReceivedNearPing recorded 4 samples, mean = 1.5 (flags = 0x41)
0  O                                                                         (0 = 0.0%)
1  --O                                                                       (2 = 50.0%) {0.0%}
2  --O                                                                       (2 = 50.0%) {50.0%}
3  ... 

Histogram: Net.QuicSession.PacketLossRate_CONNECTION_WIFI recorded 3 samples, mean = 11.3 (flags = 0x41)
0   -O                                                                        (1 = 33.3%)
1   ... 
10  -O                                                                        (1 = 33.3%) {33.3%}
11  ... 
24  -O                                                                        (1 = 33.3%) {66.7%}
26  ... 

Histogram: Net.QuicSession.PacketWriteTime.Synchronous recorded 204 samples, mean = 0.0 (flags = 0x41)
0  ------------------------------------------------------------------------O (204 = 100.0%)
1  ... 

Histogram: Net.QuicSession.PacketsBeforeEcnTransition recorded 11 samples, mean = 0.0 (flags = 0x41)
0  -----------O                                                              (11 = 100.0%)
1  ... 

Histogram: Net.QuicSession.PreferAesGcm recorded 3 samples, mean = 1.0 (flags = 0x41)
0  O                                                                         (0 = 0.0%)
1  ---O                                                                      (3 = 100.0%) {0.0%}
2  O                                                                         (0 = 0.0%) {100.0%}

Histogram: Net.QuicSession.Qpack.HeaderListCountWhenBlockedStreamLimited recorded 8 samples, mean = 2.2 (flags = 0x41)
0  O                                                                         (0 = 0.0%)
1  ----O                                                                     (4 = 50.0%) {0.0%}
2  -O                                                                        (1 = 12.5%) {50.0%}
3  -O                                                                        (1 = 12.5%) {62.5%}
4  -O                                                                        (1 = 12.5%) {75.0%}
5  -O                                                                        (1 = 12.5%) {87.5%}
6  ... 

Histogram: Net.QuicSession.Qpack.HeaderListCountWhenInsertionNotBlocked recorded 22 samples, mean = 3.5 (flags = 0x41)
0   O                                                                         (0 = 0.0%)
1   --------O                                                                 (8 = 36.4%) {0.0%}
2   ---O                                                                      (3 = 13.6%) {36.4%}
3   --O                                                                       (2 = 9.1%) {50.0%}
4   --O                                                                       (2 = 9.1%) {59.1%}
5   --O                                                                       (2 = 9.1%) {68.2%}
6   -O                                                                        (1 = 4.5%) {77.3%}
7   -O                                                                        (1 = 4.5%) {81.8%}
8   -O                                                                        (1 = 4.5%) {86.4%}
9   -O                                                                        (1 = 4.5%) {90.9%}
10  -O                                                                        (1 = 4.5%) {95.5%}
11  ... 

Histogram: Net.QuicSession.Qpack.HeaderListCountWhenNotBlockedStreamLimited recorded 14 samples, mean = 4.3 (flags = 0x41)
0   O                                                                         (0 = 0.0%)
1   ----O                                                                     (4 = 28.6%) {0.0%}
2   --O                                                                       (2 = 14.3%) {28.6%}
3   -O                                                                        (1 = 7.1%) {42.9%}
4   -O                                                                        (1 = 7.1%) {50.0%}
5   -O                                                                        (1 = 7.1%) {57.1%}
6   -O                                                                        (1 = 7.1%) {64.3%}
7   -O                                                                        (1 = 7.1%) {71.4%}
8   -O                                                                        (1 = 7.1%) {78.6%}
9   -O                                                                        (1 = 7.1%) {85.7%}
10  -O                                                                        (1 = 7.1%) {92.9%}
11  ... 

Histogram: Net.QuicSession.QuicVersion recorded 11 samples (flags = 0x41)
80  -----------O                                                              (11 = 100.0%)

Histogram: Net.QuicSession.ReceivedSettings.BlockedStreams recorded 7 samples, mean = 100.0 (flags = 0x41)
0   ... 
95  -------O                                                                  (7 = 100.0%) {0.0%}
107 ... 

Histogram: Net.QuicSession.ReceivedSettings.CountPlusOne recorded 11 samples, mean = 5.5 (flags = 0x41)
0  ... 
3  ----O                                                                     (4 = 36.4%) {0.0%}
4  ... 
7  -------O                                                                  (7 = 63.6%) {36.4%}
8  ... 

Histogram: Net.QuicSession.ReceivedSettings.MaxHeaderListSize2 recorded 11 samples, mean = 89367.3 (flags = 0x41)
0       ... 
63662   -------O                                                                  (7 = 63.6%) {0.0%}
83848   O                                                                         (0 = 0.0%) {63.6%}
110434  ----O                                                                     (4 = 36.4%) {63.6%}
145450  ... 

Histogram: Net.QuicSession.ReceivedSettings.MaxTableCapacity2 recorded 7 samples, mean = 65536.0 (flags = 0x41)
0      ... 
63662  -------O                                                                  (7 = 100.0%) {0.0%}
83848  ... 

Histogram: Net.QuicSession.ReceivedSettings.ReservedCountPlusOne recorded 11 samples, mean = 2.0 (flags = 0x41)
0  ... 
2  -----------O                                                              (11 = 100.0%) {0.0%}
3  ... 

Histogram: Net.QuicSession.RstStreamErrorCodeServer recorded 4 samples (flags = 0x41)
20  ----O                                                                     (4 = 100.0%)

Histogram: Net.QuicSession.SendPacketSize.0RTT recorded 5 samples, mean = 144.0 (flags = 0x41)
0    ... 
77   ---O                                                                      (3 = 60.0%) {0.0%}
87   ... 
214  -O                                                                        (1 = 20.0%) {60.0%}
243  -O                                                                        (1 = 20.0%) {80.0%}
276  ... 

Histogram: Net.QuicSession.SendPacketSize.ForwardSecure recorded 145 samples, mean = 232.6 (flags = 0x41)
0     ... 
28    -------O                                                                  (7 = 4.8%) {0.0%}
32    -----------------------------O                                            (29 = 20.0%) {4.8%}
36    ---O                                                                      (3 = 2.1%) {24.8%}
41    -------------------------------------------------------O                  (55 = 37.9%) {26.9%}
47    -------O                                                                  (7 = 4.8%) {64.8%}
53    ... 
68    ---O                                                                      (3 = 2.1%) {69.7%}
77    -----O                                                                    (5 = 3.4%) {71.7%}
87    ... 
128   -O                                                                        (1 = 0.7%) {75.2%}
145   ... 
188   -------O                                                                  (7 = 4.8%) {75.9%}
214   --O                                                                       (2 = 1.4%) {80.7%}
243   -O                                                                        (1 = 0.7%) {82.1%}
276   -O                                                                        (1 = 0.7%) {82.8%}
314   ... 
406   -O                                                                        (1 = 0.7%) {83.4%}
461   -O                                                                        (1 = 0.7%) {84.1%}
524   -O                                                                        (1 = 0.7%) {84.8%}
595   O                                                                         (0 = 0.0%) {85.5%}
676   -O                                                                        (1 = 0.7%) {85.5%}
768   -O                                                                        (1 = 0.7%) {86.2%}
872   O                                                                         (0 = 0.0%) {86.9%}
991   -O                                                                        (1 = 0.7%) {86.9%}
1126  ------------------O                                                       (18 = 12.4%) {87.6%}
1279  ... 

Histogram: Net.QuicSession.SendPacketSize.Handshake recorded 26 samples, mean = 60.6 (flags = 0x41)
0   ... 
36  ---------O                                                                (9 = 34.6%) {0.0%}
41  O                                                                         (0 = 0.0%) {34.6%}
47  ------O                                                                   (6 = 23.1%) {34.6%}
53  ... 
77  ----------O                                                               (10 = 38.5%) {57.7%}
87  O                                                                         (0 = 0.0%) {96.2%}
99  -O                                                                        (1 = 3.8%) {96.2%}
113 ... 

Histogram: Net.QuicSession.SendPacketSize.Initial recorded 30 samples, mean = 747.2 (flags = 0x41)
0     ... 
41    ---O                                                                      (3 = 10.0%) {0.0%}
47    ----O                                                                     (4 = 13.3%) {10.0%}
53    ... 
113   -O                                                                        (1 = 3.3%) {23.3%}
128   ... 
524   -------O                                                                  (7 = 23.3%) {26.7%}
595   -O                                                                        (1 = 3.3%) {50.0%}
676   ... 
1126  --------------O                                                           (14 = 46.7%) {53.3%}
1279  ... 

Histogram: Net.QuicSession.ServerSideMtu recorded 11 samples (flags = 0x41)
1200  ----O                                                                     (4 = 36.4%)
1250  -------O                                                                  (7 = 63.6%)

Histogram: Net.QuicSession.SmoothedRTT recorded 11 samples, mean = 47.7 (flags = 0x41)
0    ... 
8    --O                                                                       (2 = 18.2%) {0.0%}
10   --O                                                                       (2 = 18.2%) {18.2%}
12   ... 
48   --O                                                                       (2 = 18.2%) {36.4%}
57   -O                                                                        (1 = 9.1%) {54.5%}
68   ---O                                                                      (3 = 27.3%) {63.6%}
81   ... 
114  -O                                                                        (1 = 9.1%) {90.9%}
135  ... 

Histogram: Net.QuicSession.StopSendingErrorCodeClient recorded 4 samples (flags = 0x41)
20  ----O                                                                     (4 = 100.0%)

Histogram: Net.QuicSession.StreamFlowControlBlocked recorded 4 samples, mean = 1.0 (flags = 0x41)
0  O                                                                         (0 = 0.0%)
1  ----O                                                                     (4 = 100.0%) {0.0%}
2  O                                                                         (0 = 0.0%) {100.0%}

Histogram: Net.QuicSession.StreamFrameDuplicatedShortConnection recorded 8 samples, mean = 0.0 (flags = 0x41)
0  --------O                                                                 (8 = 100.0%)
1  ... 

Histogram: Net.QuicSession.TimeFromResolveHostToConfirmConnection recorded 11 samples, mean = 162.5 (flags = 0x41)
0    O                                                                         (0 = 0.0%)
1    ---O                                                                      (3 = 27.3%) {0.0%}
2    ... 
14   -O                                                                        (1 = 9.1%) {27.3%}
17   ... 
81   --O                                                                       (2 = 18.2%) {36.4%}
96   ... 
160  -O                                                                        (1 = 9.1%) {54.5%}
190  -O                                                                        (1 = 9.1%) {63.6%}
226  ... 
318  --O                                                                       (2 = 18.2%) {72.7%}
378  ... 
533  -O                                                                        (1 = 9.1%) {90.9%}
633  ... 

Histogram: Net.QuicSession.TooManyOpenStreams recorded 22 samples, mean = 0.0 (flags = 0x41)
0  ----------------------O                                                   (22 = 100.0%)
1  ... 

Histogram: Net.QuicSession.TooSmallInitialSentPacket recorded 17 samples, mean = 834.7 (flags = 0x41)
0     ... 
4     -O                                                                        (1 = 5.9%) {0.0%}
5     ... 
505   -O                                                                        (1 = 5.9%) {5.9%}
571   ----O                                                                     (4 = 23.5%) {11.8%}
646   ---O                                                                      (3 = 17.6%) {35.3%}
731   ... 
1060  --------O                                                                 (8 = 47.1%) {52.9%}
1200  O                                                                         (0 = 0.0%) {100.0%}

Histogram: Net.QuicSession.UndecryptablePacketsReceived recorded 11 samples, mean = 0.7 (flags = 0x41)
0  --------O                                                                 (8 = 72.7%)
1  O                                                                         (0 = 0.0%) {72.7%}
2  -O                                                                        (1 = 9.1%) {72.7%}
3  --O                                                                       (2 = 18.2%) {81.8%}
4  ... 

Histogram: Net.QuicSession.UndecryptablePacketsReceivedWithDecrypter recorded 11 samples, mean = 0.0 (flags = 0x41)
0  -----------O                                                              (11 = 100.0%)
1  ... 

Histogram: Net.QuicSession.ValidConnectionTime recorded 3 samples, mean = 1.0 (flags = 0x41)
0  O                                                                         (0 = 0.0%)
1  ---O                                                                      (3 = 100.0%) {0.0%}
2  ... 

Histogram: Net.QuicSession.VerifyProofTime recorded 11 samples, mean = 101.0 (flags = 0x41)
0    -----O                                                                    (5 = 45.5%)
1    O                                                                         (0 = 0.0%) {45.5%}
2    -O                                                                        (1 = 9.1%) {45.5%}
3    ... 
20   -O                                                                        (1 = 9.1%) {54.5%}
24   ... 
96   -O                                                                        (1 = 9.1%) {63.6%}
114  ... 
226  -O                                                                        (1 = 9.1%) {72.7%}
268  O                                                                         (0 = 0.0%) {81.8%}
318  -O                                                                        (1 = 9.1%) {81.8%}
378  -O                                                                        (1 = 9.1%) {90.9%}
449  ... 

Histogram: Net.QuicSession.VerifyProofTime.google recorded 3 samples, mean = 83.3 (flags = 0x41)
0    --O                                                                       (2 = 66.7%)
1    ... 
226  -O                                                                        (1 = 33.3%) {66.7%}
268  ... 

Histogram: Net.QuicSession.ZeroRttReason recorded 11 samples, mean = 4.2 (flags = 0x41)
0  ... 
2  ---O                                                                      (3 = 27.3%) {0.0%}
3  ... 
5  --------O                                                                 (8 = 72.7%) {27.3%}
6  ... 

Histogram: Net.QuicSession.ZeroRttReasonGoogle recorded 5 samples, mean = 3.8 (flags = 0x41)
0  ... 
2  --O                                                                       (2 = 40.0%) {0.0%}
3  ... 
5  ---O                                                                      (3 = 60.0%) {40.0%}
6  ... 

Histogram: Net.QuicSession.ZeroRttReasonNonGoogle recorded 6 samples, mean = 4.5 (flags = 0x41)
0  ... 
2  -O                                                                        (1 = 16.7%) {0.0%}
3  ... 
5  -----O                                                                    (5 = 83.3%) {16.7%}
6  ... 

Histogram: Net.QuicSession.ZeroRttState recorded 11 samples, mean = 1.5 (flags = 0x41)
0  ---O                                                                      (3 = 27.3%)
1  O                                                                         (0 = 0.0%) {27.3%}
2  --------O                                                                 (8 = 72.7%) {27.3%}
3  O                                                                         (0 = 0.0%) {100.0%}

Histogram: Net.RestrictedCookieManager.GetCookiesString.Count30Seconds recorded 5 samples, mean = 0.4 (flags = 0x41)
0  ----O                                                                     (4 = 80.0%)
1  O                                                                         (0 = 0.0%) {80.0%}
2  -O                                                                        (1 = 20.0%) {80.0%}
3  ... 

Histogram: Net.RestrictedCookieManager.SiteForCookiesOK recorded 2 samples, mean = 1.0 (flags = 0x41)
0  O                                                                         (0 = 0.0%)
1  --O                                                                       (2 = 100.0%) {0.0%}
2  O                                                                         (0 = 0.0%) {100.0%}

Histogram: Net.RestrictedCookieManager.TopFrameOriginOK recorded 2 samples, mean = 1.0 (flags = 0x41)
0  O                                                                         (0 = 0.0%)
1  --O                                                                       (2 = 100.0%) {0.0%}
2  O                                                                         (0 = 0.0%) {100.0%}

Histogram: Net.SSLHandshakeDetails recorded 11 samples, mean = 6.0 (flags = 0x41)
0  ... 
6  -----------O                                                              (11 = 100.0%) {0.0%}
7  ... 

Histogram: Net.SSLNegotiatedAlpnProtocol recorded 11 samples, mean = 1.9 (flags = 0x41)
0  O                                                                         (0 = 0.0%)
1  -O                                                                        (1 = 9.1%) {0.0%}
2  ----------O                                                               (10 = 90.9%) {9.1%}
3  ... 

Histogram: Net.SSLRenegotiationInfoSupported recorded 11 samples, mean = 1.0 (flags = 0x41)
0  O                                                                         (0 = 0.0%)
1  -----------O                                                              (11 = 100.0%) {0.0%}
2  O                                                                         (0 = 0.0%) {100.0%}

Histogram: Net.SSLSignatureAlgorithm recorded 11 samples (flags = 0x41)
1027  --------O                                                                 (8 = 72.7%)
2052  ---O                                                                      (3 = 27.3%)

Histogram: Net.SSLVersion recorded 11 samples, mean = 6.0 (flags = 0x41)
0  ... 
6  -----------O                                                              (11 = 100.0%) {0.0%}
7  ... 

Histogram: Net.SSL_CipherSuite recorded 11 samples (flags = 0x41)
4865  ----------O                                                               (10 = 90.9%)
4866  -O                                                                        (1 = 9.1%)

Histogram: Net.SSL_Connection_Error recorded 11 samples (flags = 0x41)
0  -----------O                                                              (11 = 100.0%)

Histogram: Net.SSL_Connection_Latency_2 recorded 11 samples, mean = 448.9 (flags = 0x41)
0     ... 
68    --O                                                                       (2 = 18.2%) {0.0%}
75    O                                                                         (0 = 0.0%) {18.2%}
83    -O                                                                        (1 = 9.1%) {18.2%}
92    O                                                                         (0 = 0.0%) {27.3%}
101   -O                                                                        (1 = 9.1%) {27.3%}
111   ... 
200   -O                                                                        (1 = 9.1%) {36.4%}
221   ... 
297   -O                                                                        (1 = 9.1%) {45.5%}
328   ... 
535   -O                                                                        (1 = 9.1%) {54.5%}
590   ... 
718   ---O                                                                      (3 = 27.3%) {63.6%}
792   ... 
1174  -O                                                                        (1 = 9.1%) {90.9%}
1295  ... 

Histogram: Net.SSL_KeyExchange.ECDHE recorded 11 samples (flags = 0x41)
29     --------O                                                                 (8 = 72.7%)
25497  ---O                                                                      (3 = 27.3%)

Histogram: Net.SharedDictionaryStorageOnDisk.IsMetadataReadyOnFirstUse recorded 1 samples, mean = 1.0 (flags = 0x41)
0  O                                                                         (0 = 0.0%)
1  -O                                                                        (1 = 100.0%) {0.0%}
2  O                                                                         (0 = 0.0%) {100.0%}

Histogram: Net.SharedDictionaryStorageOnDisk.MetadataReadTime.Empty recorded 1 samples, mean = 1.0 (flags = 0x41)
0  O                                                                         (0 = 0.0%)
1  -O                                                                        (1 = 100.0%) {0.0%}
2  ... 

Histogram: Net.SharedDictionaryStore.DeleteExpiredDictionaries.Error recorded 2 samples, mean = 0.0 (flags = 0x41)
0  --O                                                                       (2 = 100.0%)
1  ... 

Histogram: Net.SharedDictionaryStore.GetDictionaries.Error recorded 1 samples, mean = 0.0 (flags = 0x41)
0  -O                                                                        (1 = 100.0%)
1  ... 

Histogram: Net.SharedDictionaryStore.ProcessEviction.Error recorded 1 samples, mean = 0.0 (flags = 0x41)
0  -O                                                                        (1 = 100.0%)
1  ... 

Histogram: Net.SpdyHeadersCompressionPercentage recorded 14 samples, mean = 52.9 (flags = 0x41)
0   ... 
33  -O                                                                        (1 = 7.1%) {0.0%}
34  -O                                                                        (1 = 7.1%) {7.1%}
35  ... 
40  -O                                                                        (1 = 7.1%) {14.3%}
41  -O                                                                        (1 = 7.1%) {21.4%}
42  ... 
49  ---O                                                                      (3 = 21.4%) {28.6%}
50  ... 
60  -O                                                                        (1 = 7.1%) {50.0%}
61  -----O                                                                    (5 = 35.7%) {57.1%}
62  ... 
80  -O                                                                        (1 = 7.1%) {92.9%}
81  ... 

Histogram: Net.SpdyResponseCode recorded 14 samples (flags = 0x41)
200  -----------O                                                              (11 = 78.6%)
204  -O                                                                        (1 = 7.1%)
302  -O                                                                        (1 = 7.1%)
304  -O                                                                        (1 = 7.1%)

Histogram: Net.SpdySession.AcceptChForOrigin recorded 14 samples, mean = 0.6 (flags = 0x41)
0  -----O                                                                    (5 = 35.7%)
1  ---------O                                                                (9 = 64.3%) {35.7%}
2  O                                                                         (0 = 0.0%) {100.0%}

Histogram: Net.SpdySession.AlpsAcceptChEntries recorded 3 samples, mean = 1.0 (flags = 0x41)
0  O                                                                         (0 = 0.0%)
1  ---O                                                                      (3 = 100.0%) {0.0%}
2  ... 

Histogram: Net.SpdySession.AlpsDecoderStatus recorded 3 samples, mean = 0.0 (flags = 0x41)
0  ---O                                                                      (3 = 100.0%)
1  ... 

Histogram: Net.SpdySession.AlpsDecoderStatus.Bypassed recorded 3 samples, mean = 0.0 (flags = 0x41)
0  ---O                                                                      (3 = 100.0%)
1  ... 

Histogram: Net.SpdySession.AlpsSettingParameterCount recorded 3 samples, mean = 0.0 (flags = 0x41)
0  ---O                                                                      (3 = 100.0%)
1  ... 

Histogram: Net.SpdySession.ClosedOnError recorded 7 samples (flags = 0x41)
0  --O                                                                       (2 = 28.6%)
3  -----O                                                                    (5 = 71.4%)

Histogram: Net.SpdySession.CreateStreamWithSocketConnected recorded 14 samples, mean = 1.0 (flags = 0x41)
0  O                                                                         (0 = 0.0%)
1  --------------O                                                           (14 = 100.0%) {0.0%}
2  O                                                                         (0 = 0.0%) {100.0%}

Histogram: Net.SpdySession.GoAwayReceived recorded 2 samples (flags = 0x41)
0  --O                                                                       (2 = 100.0%)

Histogram: Net.SpdySession.OnSettings.ActiveStreamCount2 recorded 7 samples, mean = 0.9 (flags = 0x41)
0  -O                                                                        (1 = 14.3%)
1  ------O                                                                   (6 = 85.7%) {14.3%}
2  ... 

Histogram: Net.SpdySession.OnSettings.CreatedAndActiveStreamCount2 recorded 7 samples, mean = 0.9 (flags = 0x41)
0  -O                                                                        (1 = 14.3%)
1  ------O                                                                   (6 = 85.7%) {14.3%}
2  ... 

Histogram: Net.SpdySession.OnSettings.CreatedStreamCount2 recorded 7 samples, mean = 0.0 (flags = 0x41)
0  -------O                                                                  (7 = 100.0%)
1  ... 

Histogram: Net.SpdySession.OnSettings.PendingStreamCount2 recorded 7 samples, mean = 0.0 (flags = 0x41)
0  -------O                                                                  (7 = 100.0%)
1  ... 

Histogram: Net.SpdySession.ServerSupportsWebSocket recorded 7 samples, mean = 0.0 (flags = 0x41)
0  -------O                                                                  (7 = 100.0%)
1  ... 

Histogram: Net.SpdySessionGet recorded 14 samples, mean = 2.0 (flags = 0x41)
0  O                                                                         (0 = 0.0%)
1  -------O                                                                  (7 = 50.0%) {0.0%}
2  O                                                                         (0 = 0.0%) {50.0%}
3  -------O                                                                  (7 = 50.0%) {50.0%}
4  O                                                                         (0 = 0.0%) {100.0%}

Histogram: Net.SpdyStreamsAbandonedPerSession recorded 7 samples, mean = 0.0 (flags = 0x41)
0  -------O                                                                  (7 = 100.0%)
1  ... 

Histogram: Net.SpdyStreamsPerSession recorded 7 samples, mean = 2.0 (flags = 0x41)
0  O                                                                         (0 = 0.0%)
1  ---O                                                                      (3 = 42.9%) {0.0%}
2  ---O                                                                      (3 = 42.9%) {42.9%}
3  ... 
5  -O                                                                        (1 = 14.3%) {85.7%}
6  ... 

Histogram: Net.TCP_Connection_Latency recorded 11 samples, mean = 69.7 (flags = 0x41)
0    ... 
9    -O                                                                        (1 = 9.1%) {0.0%}
10   -O                                                                        (1 = 9.1%) {9.1%}
11   -O                                                                        (1 = 9.1%) {18.2%}
12   ... 
16   -O                                                                        (1 = 9.1%) {27.3%}
18   ... 
42   -O                                                                        (1 = 9.1%) {36.4%}
48   --O                                                                       (2 = 18.2%) {45.5%}
54   O                                                                         (0 = 0.0%) {63.6%}
61   -O                                                                        (1 = 9.1%) {63.6%}
69   ... 
88   -O                                                                        (1 = 9.1%) {72.7%}
100  ... 
186  --O                                                                       (2 = 18.2%) {81.8%}
211  ... 

Histogram: Net.TcpConnectAttempt.Latency.Success recorded 11 samples, mean = 69.6 (flags = 0x41)
0    --O                                                                       (2 = 18.2%)
10   -O                                                                        (1 = 9.1%) {18.2%}
12   O                                                                         (0 = 0.0%) {27.3%}
15   -O                                                                        (1 = 9.1%) {27.3%}
18   ... 
41   -O                                                                        (1 = 9.1%) {36.4%}
50   --O                                                                       (2 = 18.2%) {45.5%}
61   -O                                                                        (1 = 9.1%) {63.6%}
75   O                                                                         (0 = 0.0%) {72.7%}
92   -O                                                                        (1 = 9.1%) {72.7%}
113  ... 
171  --O                                                                       (2 = 18.2%) {81.8%}
210  ... 

Histogram: Net.UDPSocketWinClose recorded 37 samples, mean = 0.0 (flags = 0x41)
0  -------------------------------------O                                    (37 = 100.0%)
1  ... 

Histogram: Net.URLLoaderThrottle.OnReceiveResponseTime recorded 50 samples, mean = 0.3 (flags = 0x41)
0   -----------------------------------------------O                          (47 = 94.0%)
1   -O                                                                        (1 = 2.0%) {94.0%}
2   -O                                                                        (1 = 2.0%) {96.0%}
3   ... 
14  -O                                                                        (1 = 2.0%) {98.0%}
17  ... 

Histogram: Net.URLLoaderThrottleExecutionTime.BeforeWillProcessResponse recorded 252 samples, mean = 0.0 (flags = 0x41)
0  ------------------------------------------------------------------------O (252 = 100.0%)
1  ... 

Histogram: Net.URLLoaderThrottleExecutionTime.WillProcessResponse recorded 252 samples, mean = 0.0 (flags = 0x41)
0  ------------------------------------------------------------------------O (252 = 100.0%)
1  ... 

Histogram: Net.URLLoaderThrottleExecutionTime.WillRedirectRequest recorded 15 samples, mean = 0.0 (flags = 0x41)
0  ---------------O                                                          (15 = 100.0%)
1  ... 

Histogram: Net.URLLoaderThrottleExecutionTime.WillStartRequest recorded 252 samples, mean = 0.0 (flags = 0x41)
0  ------------------------------------------------------------------------O (252 = 100.0%)
1  ... 

Histogram: Net.URLRequest.ReferrerHasInformativePath.CrossOrigin recorded 68 samples, mean = 0.0 (flags = 0x41)
0  --------------------------------------------------------------------O     (68 = 100.0%)
1  ... 

Histogram: Net.URLRequest.ReferrerHasInformativePath.SameOrigin recorded 8 samples, mean = 1.0 (flags = 0x41)
0  O                                                                         (0 = 0.0%)
1  --------O                                                                 (8 = 100.0%) {0.0%}
2  O                                                                         (0 = 0.0%) {100.0%}

Histogram: Net.URLRequest.ReferrerPolicyForRequest.CrossOrigin recorded 68 samples, mean = 1.0 (flags = 0x41)
0  -------------------O                                                      (19 = 27.9%)
1  ---------------------------------------------O                            (45 = 66.2%) {27.9%}
2  O                                                                         (0 = 0.0%) {94.1%}
3  --O                                                                       (2 = 2.9%) {94.1%}
4  ... 
7  --O                                                                       (2 = 2.9%) {97.1%}
8  O                                                                         (0 = 0.0%) {100.0%}

Histogram: Net.URLRequest.ReferrerPolicyForRequest.SameOrigin recorded 8 samples, mean = 1.0 (flags = 0x41)
0  O                                                                         (0 = 0.0%)
1  --------O                                                                 (8 = 100.0%) {0.0%}
2  ... 

Histogram: Network.Mdns.Googlecast recorded 3 samples, mean = 0.0 (flags = 0x41)
0  ---O                                                                      (3 = 100.0%)
1  ... 

Histogram: NetworkService.DeletedOldCacheData recorded 1 samples, mean = 0.0 (flags = 0x41)
0  -O                                                                        (1 = 100.0%)
1  ... 

Histogram: NetworkService.GrantSandboxResult recorded 3 samples, mean = 9.0 (flags = 0x41)
0   ... 
7   -O                                                                        (1 = 33.3%) {0.0%}
8   ... 
10  --O                                                                       (2 = 66.7%) {33.3%}
11  ... 

Histogram: NetworkService.NetworkLoaderCompletionTime2.DiskCache recorded 41 samples, mean = 39.7 (flags = 0x41)
0    ... 
2    --O                                                                       (2 = 4.9%) {0.0%}
3    O                                                                         (0 = 0.0%) {4.9%}
4    -O                                                                        (1 = 2.4%) {4.9%}
5    -O                                                                        (1 = 2.4%) {7.3%}
6    -O                                                                        (1 = 2.4%) {9.8%}
7    -O                                                                        (1 = 2.4%) {12.2%}
8    ---O                                                                      (3 = 7.3%) {14.6%}
10   O                                                                         (0 = 0.0%) {22.0%}
12   -O                                                                        (1 = 2.4%) {22.0%}
14   O                                                                         (0 = 0.0%) {24.4%}
17   ----O                                                                     (4 = 9.8%) {24.4%}
20   O                                                                         (0 = 0.0%) {34.1%}
24   -----O                                                                    (5 = 12.2%) {34.1%}
29   ---O                                                                      (3 = 7.3%) {46.3%}
34   -----O                                                                    (5 = 12.2%) {53.7%}
40   -------O                                                                  (7 = 17.1%) {65.9%}
48   ---O                                                                      (3 = 7.3%) {82.9%}
57   -O                                                                        (1 = 2.4%) {90.2%}
68   ... 
96   -O                                                                        (1 = 2.4%) {92.7%}
114  ... 
190  -O                                                                        (1 = 2.4%) {95.1%}
226  O                                                                         (0 = 0.0%) {97.6%}
268  -O                                                                        (1 = 2.4%) {97.6%}
318  ... 

Histogram: NetworkService.NetworkLoaderCompletionTime2.Network recorded 11 samples, mean = 355.9 (flags = 0x41)
0    ... 
20   -O                                                                        (1 = 9.1%) {0.0%}
24   ... 
160  -O                                                                        (1 = 9.1%) {9.1%}
190  -O                                                                        (1 = 9.1%) {18.2%}
226  ----O                                                                     (4 = 36.4%) {27.3%}
268  O                                                                         (0 = 0.0%) {63.6%}
318  -O                                                                        (1 = 9.1%) {63.6%}
378  ... 
533  -O                                                                        (1 = 9.1%) {72.7%}
633  -O                                                                        (1 = 9.1%) {81.8%}
752  -O                                                                        (1 = 9.1%) {90.9%}
894  ... 

Histogram: NetworkService.TimeToGrantCacheAccess recorded 1 samples, mean = 12.0 (flags = 0x41)
0   ... 
12  -O                                                                        (1 = 100.0%) {0.0%}
14  ... 

Histogram: NetworkService.TimeToGrantDataAccess recorded 2 samples, mean = 1.5 (flags = 0x41)
0  O                                                                         (0 = 0.0%)
1  -O                                                                        (1 = 50.0%) {0.0%}
2  -O                                                                        (1 = 50.0%) {50.0%}
3  ... 

Histogram: NetworkService.TimeToGrantSharedDictionaryAccess recorded 1 samples, mean = 4.0 (flags = 0x41)
0  ... 
4  -O                                                                        (1 = 100.0%) {0.0%}
5  ... 

Histogram: NetworkedProfile.Check recorded 1 samples, mean = 4.0 (flags = 0x41)
0  ... 
4  -O                                                                        (1 = 100.0%) {0.0%}
5  ... 

Histogram: NewTabPage.MostVisited.DeciScore.0.Local recorded 1 samples, mean = 62.0 (flags = 0x41)
0   ... 
49  -O                                                                        (1 = 100.0%) {0.0%}
65  ... 

Histogram: NewTabPage.MostVisited.DeciScore.1.Local recorded 1 samples, mean = 62.0 (flags = 0x41)
0   ... 
49  -O                                                                        (1 = 100.0%) {0.0%}
65  ... 

Histogram: Notifications.UsingSystemNotificationCenter recorded 1 samples, mean = 0.0 (flags = 0x41)
0  -O                                                                        (1 = 100.0%)
1  ... 

Histogram: Notifications.Windows.GetDisplayedStatus recorded 1 samples, mean = 0.0 (flags = 0x41)
0  -O                                                                        (1 = 100.0%)
1  ... 

Histogram: Notifications.Windows.GetSettingPolicyStartup recorded 1 samples, mean = 2.0 (flags = 0x41)
0  ... 
2  -O                                                                        (1 = 100.0%) {0.0%}
3  ... 

Histogram: Notifications.Windows.GetSettingStatusStartup recorded 1 samples, mean = 0.0 (flags = 0x41)
0  -O                                                                        (1 = 100.0%)
1  ... 

Histogram: Notifications.Windows.HistoryStatus recorded 1 samples, mean = 0.0 (flags = 0x41)
0  -O                                                                        (1 = 100.0%)
1  ... 

Histogram: Notifications.Windows.SetReadyCallbackStatus2 recorded 1 samples, mean = 3.0 (flags = 0x41)
0  ... 
3  -O                                                                        (1 = 100.0%) {0.0%}
4  ... 

Histogram: Notifications.Windows.StartMenuShortcutStatus recorded 1 samples, mean = 2.0 (flags = 0x41)
0  ... 
2  -O                                                                        (1 = 100.0%) {0.0%}
3  ... 

Histogram: OSCrypt.AppBoundEncryption.SupportLevel recorded 1 samples, mean = 4.0 (flags = 0x41)
0  ... 
4  -O                                                                        (1 = 100.0%) {0.0%}
5  ... 

Histogram: OSCrypt.AppBoundProvider.KeyRetrieval.Status recorded 1 samples, mean = 1.0 (flags = 0x41)
0  O                                                                         (0 = 0.0%)
1  -O                                                                        (1 = 100.0%) {0.0%}
2  ... 

Histogram: OSCrypt.AsyncInitialization.Result recorded 1 samples, mean = 1.0 (flags = 0x41)
0  O                                                                         (0 = 0.0%)
1  -O                                                                        (1 = 100.0%) {0.0%}
2  O                                                                         (0 = 0.0%) {100.0%}

Histogram: OSCrypt.AsyncInitialization.Time recorded 1 samples, mean = 0.0 (flags = 0x41)
0  -O                                                                        (1 = 100.0%)
1  ... 

Histogram: OSCrypt.DPAPIProvider.Status recorded 1 samples, mean = 0.0 (flags = 0x41)
0  -O                                                                        (1 = 100.0%)
1  ... 

Histogram: OSCrypt.Win.Decrypt.Result recorded 1 samples, mean = 1.0 (flags = 0x41)
0  O                                                                         (0 = 0.0%)
1  -O                                                                        (1 = 100.0%) {0.0%}
2  O                                                                         (0 = 0.0%) {100.0%}

Histogram: OSCrypt.Win.Decrypt.Time recorded 1 samples, mean = 0.0 (flags = 0x41)
0  -O                                                                        (1 = 100.0%)
1  ... 

Histogram: Omnibox.TemplateUrl.RlzPresent recorded 9 samples, mean = 0.0 (flags = 0x41)
0  ---------O                                                                (9 = 100.0%)
1  ... 

Histogram: Omnibox.TemplateUrl.SearchClientPresent recorded 9 samples, mean = 0.0 (flags = 0x41)
0  ---------O                                                                (9 = 100.0%)
1  ... 

Histogram: OptimizationGuide.ApplyDecision.AboutThisSite recorded 1 samples, mean = 8.0 (flags = 0x41)
0  ... 
8  -O                                                                        (1 = 100.0%) {0.0%}
9  ... 

Histogram: OptimizationGuide.ApplyDecision.V8CompileHints recorded 1 samples, mean = 8.0 (flags = 0x41)
0  ... 
8  -O                                                                        (1 = 100.0%) {0.0%}
9  ... 

Histogram: OptimizationGuide.HintCacheLevelDBStore.LoadMetadataResult recorded 1 samples, mean = 6.0 (flags = 0x41)
0  ... 
6  -O                                                                        (1 = 100.0%) {0.0%}
7  O                                                                         (0 = 0.0%) {100.0%}

Histogram: OptimizationGuide.HintCacheLevelDBStore.Status recorded 3 samples, mean = 1.0 (flags = 0x41)
0  -O                                                                        (1 = 33.3%)
1  -O                                                                        (1 = 33.3%) {33.3%}
2  -O                                                                        (1 = 33.3%) {66.7%}
3  ... 

Histogram: OptimizationGuide.HintsManager.HintCacheInitialized recorded 1 samples, mean = 1.0 (flags = 0x40)
0  O                                                                         (0 = 0.0%)
1  -O                                                                        (1 = 100.0%) {0.0%}
2  O                                                                         (0 = 0.0%) {100.0%}

Histogram: OptimizationGuide.LoadedHint.Result recorded 3 samples, mean = 0.0 (flags = 0x40)
0  ---O                                                                      (3 = 100.0%)
1  ... 

Histogram: OptimizationGuide.ModelExecution.FeatureCurrentlyEnabledResult.Compose recorded 1 samples, mean = 1.0 (flags = 0x41)
0  O                                                                         (0 = 0.0%)
1  -O                                                                        (1 = 100.0%) {0.0%}
2  ... 

Histogram: OptimizationGuide.ModelExecution.FeatureCurrentlyEnabledResult.HistorySearch recorded 2 samples, mean = 3.0 (flags = 0x41)
0  ... 
3  --O                                                                       (2 = 100.0%) {0.0%}
4  ... 

Histogram: OptimizationGuide.ModelExecution.FeatureCurrentlyEnabledResult.TabOrganization recorded 1 samples, mean = 3.0 (flags = 0x41)
0  ... 
3  -O                                                                        (1 = 100.0%) {0.0%}
4  ... 

Histogram: OptimizationGuide.ModelExecution.FeatureCurrentlyEnabledResult.WallpaperSearch recorded 1 samples, mean = 1.0 (flags = 0x41)
0  O                                                                         (0 = 0.0%)
1  -O                                                                        (1 = 100.0%) {0.0%}
2  ... 

Histogram: OptimizationGuide.ModelExecution.FeatureEnabledAtStartup.Compose recorded 1 samples, mean = 0.0 (flags = 0x41)
0  -O                                                                        (1 = 100.0%)
1  ... 

Histogram: OptimizationGuide.ModelExecution.FeatureEnabledAtStartup.HistorySearch recorded 1 samples, mean = 0.0 (flags = 0x41)
0  -O                                                                        (1 = 100.0%)
1  ... 

Histogram: OptimizationGuide.ModelExecution.FeatureEnabledAtStartup.TabOrganization recorded 1 samples, mean = 0.0 (flags = 0x41)
0  -O                                                                        (1 = 100.0%)
1  ... 

Histogram: OptimizationGuide.ModelExecution.FeatureEnabledAtStartup.WallpaperSearch recorded 1 samples, mean = 0.0 (flags = 0x41)
0  -O                                                                        (1 = 100.0%)
1  ... 

Histogram: OptimizationGuide.ModelExecution.OnDeviceModelInstallCriteria.AtRegistration.All recorded 1 samples, mean = 0.0 (flags = 0x41)
0  -O                                                                        (1 = 100.0%)
1  ... 

Histogram: OptimizationGuide.ModelExecution.OnDeviceModelInstallCriteria.AtRegistration.DeviceCapability recorded 1 samples, mean = 0.0 (flags = 0x41)
0  -O                                                                        (1 = 100.0%)
1  ... 

Histogram: OptimizationGuide.ModelExecution.OnDeviceModelInstallCriteria.AtRegistration.DiskSpace recorded 1 samples, mean = 1.0 (flags = 0x41)
0  O                                                                         (0 = 0.0%)
1  -O                                                                        (1 = 100.0%) {0.0%}
2  O                                                                         (0 = 0.0%) {100.0%}

Histogram: OptimizationGuide.ModelExecution.OnDeviceModelInstallCriteria.AtRegistration.EnabledByEnterprisePolicy recorded 1 samples, mean = 1.0 (flags = 0x41)
0  O                                                                         (0 = 0.0%)
1  -O                                                                        (1 = 100.0%) {0.0%}
2  O                                                                         (0 = 0.0%) {100.0%}

Histogram: OptimizationGuide.ModelExecution.OnDeviceModelInstallCriteria.AtRegistration.EnabledByFeature recorded 1 samples, mean = 0.0 (flags = 0x41)
0  -O                                                                        (1 = 100.0%)
1  ... 

Histogram: OptimizationGuide.ModelExecution.OnDeviceModelInstallCriteria.AtRegistration.FeatureUse recorded 1 samples, mean = 0.0 (flags = 0x41)
0  -O                                                                        (1 = 100.0%)
1  ... 

Histogram: OptimizationGuide.ModelHandler.HandlerCreated.GeolocationPermissions recorded 1 samples, mean = 1.0 (flags = 0x41)
0  O                                                                         (0 = 0.0%)
1  -O                                                                        (1 = 100.0%) {0.0%}
2  O                                                                         (0 = 0.0%) {100.0%}

Histogram: OptimizationGuide.ModelHandler.HandlerCreated.NewTabPageHistoryClustersModuleRanking recorded 1 samples, mean = 1.0 (flags = 0x41)
0  O                                                                         (0 = 0.0%)
1  -O                                                                        (1 = 100.0%) {0.0%}
2  O                                                                         (0 = 0.0%) {100.0%}

Histogram: OptimizationGuide.ModelHandler.HandlerCreated.NotificationPermissions recorded 1 samples, mean = 1.0 (flags = 0x41)
0  O                                                                         (0 = 0.0%)
1  -O                                                                        (1 = 100.0%) {0.0%}
2  O                                                                         (0 = 0.0%) {100.0%}

Histogram: OptimizationGuide.ModelHandler.HandlerCreated.OmniboxUrlScoring recorded 1 samples, mean = 1.0 (flags = 0x41)
0  O                                                                         (0 = 0.0%)
1  -O                                                                        (1 = 100.0%) {0.0%}
2  O                                                                         (0 = 0.0%) {100.0%}

Histogram: OptimizationGuide.ModelHandler.HandlerCreated.PageTopicsV2 recorded 1 samples, mean = 1.0 (flags = 0x41)
0  O                                                                         (0 = 0.0%)
1  -O                                                                        (1 = 100.0%) {0.0%}
2  O                                                                         (0 = 0.0%) {100.0%}

Histogram: OptimizationGuide.ModelHandler.HandlerCreated.SegmentationChromeLowUserEngagement recorded 1 samples, mean = 1.0 (flags = 0x41)
0  O                                                                         (0 = 0.0%)
1  -O                                                                        (1 = 100.0%) {0.0%}
2  O                                                                         (0 = 0.0%) {100.0%}

Histogram: OptimizationGuide.ModelHandler.HandlerCreated.SegmentationComposePromotion recorded 1 samples, mean = 1.0 (flags = 0x41)
0  O                                                                         (0 = 0.0%)
1  -O                                                                        (1 = 100.0%) {0.0%}
2  O                                                                         (0 = 0.0%) {100.0%}

Histogram: OptimizationGuide.ModelHandler.HandlerCreated.SegmentationDeviceSwitcher recorded 1 samples, mean = 1.0 (flags = 0x41)
0  O                                                                         (0 = 0.0%)
1  -O                                                                        (1 = 100.0%) {0.0%}
2  O                                                                         (0 = 0.0%) {100.0%}

Histogram: OptimizationGuide.ModelHandler.HandlerCreated.SegmentationSearchUser recorded 1 samples, mean = 1.0 (flags = 0x41)
0  O                                                                         (0 = 0.0%)
1  -O                                                                        (1 = 100.0%) {0.0%}
2  O                                                                         (0 = 0.0%) {100.0%}

Histogram: OptimizationGuide.ModelHandler.HandlerCreated.SegmentationShoppingUser recorded 1 samples, mean = 1.0 (flags = 0x41)
0  O                                                                         (0 = 0.0%)
1  -O                                                                        (1 = 100.0%) {0.0%}
2  O                                                                         (0 = 0.0%) {100.0%}

Histogram: OptimizationGuide.ModelHandler.HandlerCreated.URLVisitResumptionRanker recorded 1 samples, mean = 1.0 (flags = 0x41)
0  O                                                                         (0 = 0.0%)
1  -O                                                                        (1 = 100.0%) {0.0%}
2  O                                                                         (0 = 0.0%) {100.0%}

Histogram: OptimizationGuide.ModelHandler.HandlerCreated.WebAppInstallationPromo recorded 1 samples, mean = 1.0 (flags = 0x41)
0  O                                                                         (0 = 0.0%)
1  -O                                                                        (1 = 100.0%) {0.0%}
2  O                                                                         (0 = 0.0%) {100.0%}

Histogram: OptimizationGuide.PageContentAnnotations.AnnotateVisitResultCached recorded 3 samples, mean = 0.0 (flags = 0x41)
0  ---O                                                                      (3 = 100.0%)
1  ... 

Histogram: OptimizationGuide.PageContentAnnotationsService.ContentAnnotated recorded 3 samples, mean = 0.0 (flags = 0x41)
0  ---O                                                                      (3 = 100.0%)
1  ... 

Histogram: OptimizationGuide.PredictionManager.DownloadServiceAvailabilityBlockedFetch recorded 1 samples, mean = 0.0 (flags = 0x41)
0  -O                                                                        (1 = 100.0%)
1  ... 

Histogram: OptimizationGuide.PredictionManager.FirstModelFetchSinceServiceInit recorded 1 samples, mean = 10282.0 (flags = 0x41)
0      ... 
10165  -O                                                                        (1 = 100.0%) {0.0%}
12916  ... 

Histogram: OptimizationGuide.PredictionManager.ModelAvailableAtRegistration.ClientSidePhishing recorded 1 samples, mean = 0.0 (flags = 0x41)
0  -O                                                                        (1 = 100.0%)
1  ... 

Histogram: OptimizationGuide.PredictionManager.ModelAvailableAtRegistration.GeolocationPermissions recorded 1 samples, mean = 0.0 (flags = 0x41)
0  -O                                                                        (1 = 100.0%)
1  ... 

Histogram: OptimizationGuide.PredictionManager.ModelAvailableAtRegistration.LanguageDetection recorded 2 samples, mean = 0.0 (flags = 0x41)
0  --O                                                                       (2 = 100.0%)
1  ... 

Histogram: OptimizationGuide.PredictionManager.ModelAvailableAtRegistration.NewTabPageHistoryClustersModuleRanking recorded 1 samples, mean = 0.0 (flags = 0x41)
0  -O                                                                        (1 = 100.0%)
1  ... 

Histogram: OptimizationGuide.PredictionManager.ModelAvailableAtRegistration.NotificationPermissions recorded 1 samples, mean = 0.0 (flags = 0x41)
0  -O                                                                        (1 = 100.0%)
1  ... 

Histogram: OptimizationGuide.PredictionManager.ModelAvailableAtRegistration.OmniboxUrlScoring recorded 1 samples, mean = 0.0 (flags = 0x41)
0  -O                                                                        (1 = 100.0%)
1  ... 

Histogram: OptimizationGuide.PredictionManager.ModelAvailableAtRegistration.PageTopicsV2 recorded 1 samples, mean = 0.0 (flags = 0x41)
0  -O                                                                        (1 = 100.0%)
1  ... 

Histogram: OptimizationGuide.PredictionManager.ModelAvailableAtRegistration.SegmentationChromeLowUserEngagement recorded 1 samples, mean = 0.0 (flags = 0x41)
0  -O                                                                        (1 = 100.0%)
1  ... 

Histogram: OptimizationGuide.PredictionManager.ModelAvailableAtRegistration.SegmentationComposePromotion recorded 1 samples, mean = 0.0 (flags = 0x41)
0  -O                                                                        (1 = 100.0%)
1  ... 

Histogram: OptimizationGuide.PredictionManager.ModelAvailableAtRegistration.SegmentationDeviceSwitcher recorded 1 samples, mean = 0.0 (flags = 0x41)
0  -O                                                                        (1 = 100.0%)
1  ... 

Histogram: OptimizationGuide.PredictionManager.ModelAvailableAtRegistration.SegmentationSearchUser recorded 1 samples, mean = 0.0 (flags = 0x41)
0  -O                                                                        (1 = 100.0%)
1  ... 

Histogram: OptimizationGuide.PredictionManager.ModelAvailableAtRegistration.SegmentationShoppingUser recorded 1 samples, mean = 0.0 (flags = 0x41)
0  -O                                                                        (1 = 100.0%)
1  ... 

Histogram: OptimizationGuide.PredictionManager.ModelAvailableAtRegistration.TextSafety recorded 1 samples, mean = 0.0 (flags = 0x41)
0  -O                                                                        (1 = 100.0%)
1  ... 

Histogram: OptimizationGuide.PredictionManager.ModelAvailableAtRegistration.URLVisitResumptionRanker recorded 1 samples, mean = 0.0 (flags = 0x41)
0  -O                                                                        (1 = 100.0%)
1  ... 

Histogram: OptimizationGuide.PredictionManager.ModelAvailableAtRegistration.VisualSearchClassification recorded 1 samples, mean = 0.0 (flags = 0x41)
0  -O                                                                        (1 = 100.0%)
1  ... 

Histogram: OptimizationGuide.PredictionManager.ModelAvailableAtRegistration.WebAppInstallationPromo recorded 1 samples, mean = 0.0 (flags = 0x41)
0  -O                                                                        (1 = 100.0%)
1  ... 

Histogram: OptimizationGuide.PredictionManager.ModelDeliveryEvents.ClientSidePhishing recorded 2 samples, mean = 5.5 (flags = 0x41)
0  ... 
3  -O                                                                        (1 = 50.0%) {0.0%}
4  ... 
8  -O                                                                        (1 = 50.0%) {50.0%}
9  ... 

Histogram: OptimizationGuide.PredictionManager.ModelDeliveryEvents.GeolocationPermissions recorded 2 samples, mean = 5.5 (flags = 0x41)
0  ... 
3  -O                                                                        (1 = 50.0%) {0.0%}
4  ... 
8  -O                                                                        (1 = 50.0%) {50.0%}
9  ... 

Histogram: OptimizationGuide.PredictionManager.ModelDeliveryEvents.LanguageDetection recorded 2 samples, mean = 5.5 (flags = 0x41)
0  ... 
3  -O                                                                        (1 = 50.0%) {0.0%}
4  ... 
8  -O                                                                        (1 = 50.0%) {50.0%}
9  ... 

Histogram: OptimizationGuide.PredictionManager.ModelDeliveryEvents.NewTabPageHistoryClustersModuleRanking recorded 2 samples, mean = 5.5 (flags = 0x41)
0  ... 
3  -O                                                                        (1 = 50.0%) {0.0%}
4  ... 
8  -O                                                                        (1 = 50.0%) {50.0%}
9  ... 

Histogram: OptimizationGuide.PredictionManager.ModelDeliveryEvents.NotificationPermissions recorded 2 samples, mean = 5.5 (flags = 0x41)
0  ... 
3  -O                                                                        (1 = 50.0%) {0.0%}
4  ... 
8  -O                                                                        (1 = 50.0%) {50.0%}
9  ... 

Histogram: OptimizationGuide.PredictionManager.ModelDeliveryEvents.OmniboxUrlScoring recorded 2 samples, mean = 5.5 (flags = 0x41)
0  ... 
3  -O                                                                        (1 = 50.0%) {0.0%}
4  ... 
8  -O                                                                        (1 = 50.0%) {50.0%}
9  ... 

Histogram: OptimizationGuide.PredictionManager.ModelDeliveryEvents.PageTopicsV2 recorded 2 samples, mean = 5.5 (flags = 0x41)
0  ... 
3  -O                                                                        (1 = 50.0%) {0.0%}
4  ... 
8  -O                                                                        (1 = 50.0%) {50.0%}
9  ... 

Histogram: OptimizationGuide.PredictionManager.ModelDeliveryEvents.SegmentationChromeLowUserEngagement recorded 2 samples, mean = 5.5 (flags = 0x41)
0  ... 
3  -O                                                                        (1 = 50.0%) {0.0%}
4  ... 
8  -O                                                                        (1 = 50.0%) {50.0%}
9  ... 

Histogram: OptimizationGuide.PredictionManager.ModelDeliveryEvents.SegmentationComposePromotion recorded 2 samples, mean = 5.5 (flags = 0x41)
0  ... 
3  -O                                                                        (1 = 50.0%) {0.0%}
4  ... 
8  -O                                                                        (1 = 50.0%) {50.0%}
9  ... 

Histogram: OptimizationGuide.PredictionManager.ModelDeliveryEvents.SegmentationDeviceSwitcher recorded 2 samples, mean = 5.5 (flags = 0x41)
0  ... 
3  -O                                                                        (1 = 50.0%) {0.0%}
4  ... 
8  -O                                                                        (1 = 50.0%) {50.0%}
9  ... 

Histogram: OptimizationGuide.PredictionManager.ModelDeliveryEvents.SegmentationSearchUser recorded 2 samples, mean = 5.5 (flags = 0x41)
0  ... 
3  -O                                                                        (1 = 50.0%) {0.0%}
4  ... 
8  -O                                                                        (1 = 50.0%) {50.0%}
9  ... 

Histogram: OptimizationGuide.PredictionManager.ModelDeliveryEvents.SegmentationShoppingUser recorded 2 samples, mean = 5.5 (flags = 0x41)
0  ... 
3  -O                                                                        (1 = 50.0%) {0.0%}
4  ... 
8  -O                                                                        (1 = 50.0%) {50.0%}
9  ... 

Histogram: OptimizationGuide.PredictionManager.ModelDeliveryEvents.TextSafety recorded 2 samples, mean = 5.5 (flags = 0x41)
0  ... 
3  -O                                                                        (1 = 50.0%) {0.0%}
4  ... 
8  -O                                                                        (1 = 50.0%) {50.0%}
9  ... 

Histogram: OptimizationGuide.PredictionManager.ModelDeliveryEvents.URLVisitResumptionRanker recorded 2 samples, mean = 5.5 (flags = 0x41)
0  ... 
3  -O                                                                        (1 = 50.0%) {0.0%}
4  ... 
8  -O                                                                        (1 = 50.0%) {50.0%}
9  ... 

Histogram: OptimizationGuide.PredictionManager.ModelDeliveryEvents.VisualSearchClassification recorded 2 samples, mean = 5.5 (flags = 0x41)
0  ... 
3  -O                                                                        (1 = 50.0%) {0.0%}
4  ... 
8  -O                                                                        (1 = 50.0%) {50.0%}
9  ... 

Histogram: OptimizationGuide.PredictionManager.ModelDeliveryEvents.WebAppInstallationPromo recorded 2 samples, mean = 5.5 (flags = 0x41)
0  ... 
3  -O                                                                        (1 = 50.0%) {0.0%}
4  ... 
8  -O                                                                        (1 = 50.0%) {50.0%}
9  ... 

Histogram: OptimizationGuide.PredictionManager.RegistrationTimeSinceServiceInit.ClientSidePhishing recorded 1 samples, mean = 0.0 (flags = 0x41)
0  -O                                                                        (1 = 100.0%)
1  ... 

Histogram: OptimizationGuide.PredictionManager.RegistrationTimeSinceServiceInit.GeolocationPermissions recorded 1 samples, mean = 0.0 (flags = 0x41)
0  -O                                                                        (1 = 100.0%)
1  ... 

Histogram: OptimizationGuide.PredictionManager.RegistrationTimeSinceServiceInit.LanguageDetection recorded 2 samples, mean = 12.0 (flags = 0x41)
0   -O                                                                        (1 = 50.0%)
1   ... 
20  -O                                                                        (1 = 50.0%) {50.0%}
25  ... 

Histogram: OptimizationGuide.PredictionManager.RegistrationTimeSinceServiceInit.NewTabPageHistoryClustersModuleRanking recorded 1 samples, mean = 0.0 (flags = 0x41)
0  -O                                                                        (1 = 100.0%)
1  ... 

Histogram: OptimizationGuide.PredictionManager.RegistrationTimeSinceServiceInit.NotificationPermissions recorded 1 samples, mean = 0.0 (flags = 0x41)
0  -O                                                                        (1 = 100.0%)
1  ... 

Histogram: OptimizationGuide.PredictionManager.RegistrationTimeSinceServiceInit.OmniboxUrlScoring recorded 1 samples, mean = 0.0 (flags = 0x41)
0  -O                                                                        (1 = 100.0%)
1  ... 

Histogram: OptimizationGuide.PredictionManager.RegistrationTimeSinceServiceInit.PageTopicsV2 recorded 1 samples, mean = 0.0 (flags = 0x41)
0  -O                                                                        (1 = 100.0%)
1  ... 

Histogram: OptimizationGuide.PredictionManager.RegistrationTimeSinceServiceInit.SegmentationChromeLowUserEngagement recorded 1 samples, mean = 4586.0 (flags = 0x41)
0     ... 
3900  -O                                                                        (1 = 100.0%) {0.0%}
4955  ... 

Histogram: OptimizationGuide.PredictionManager.RegistrationTimeSinceServiceInit.SegmentationComposePromotion recorded 1 samples, mean = 4587.0 (flags = 0x41)
0     ... 
3900  -O                                                                        (1 = 100.0%) {0.0%}
4955  ... 

Histogram: OptimizationGuide.PredictionManager.RegistrationTimeSinceServiceInit.SegmentationDeviceSwitcher recorded 1 samples, mean = 4587.0 (flags = 0x41)
0     ... 
3900  -O                                                                        (1 = 100.0%) {0.0%}
4955  ... 

Histogram: OptimizationGuide.PredictionManager.RegistrationTimeSinceServiceInit.SegmentationSearchUser recorded 1 samples, mean = 4587.0 (flags = 0x41)
0     ... 
3900  -O                                                                        (1 = 100.0%) {0.0%}
4955  ... 

Histogram: OptimizationGuide.PredictionManager.RegistrationTimeSinceServiceInit.SegmentationShoppingUser recorded 1 samples, mean = 4586.0 (flags = 0x41)
0     ... 
3900  -O                                                                        (1 = 100.0%) {0.0%}
4955  ... 

Histogram: OptimizationGuide.PredictionManager.RegistrationTimeSinceServiceInit.TextSafety recorded 1 samples, mean = 0.0 (flags = 0x41)
0  -O                                                                        (1 = 100.0%)
1  ... 

Histogram: OptimizationGuide.PredictionManager.RegistrationTimeSinceServiceInit.URLVisitResumptionRanker recorded 1 samples, mean = 4587.0 (flags = 0x41)
0     ... 
3900  -O                                                                        (1 = 100.0%) {0.0%}
4955  ... 

Histogram: OptimizationGuide.PredictionManager.RegistrationTimeSinceServiceInit.VisualSearchClassification recorded 1 samples, mean = 0.0 (flags = 0x41)
0  -O                                                                        (1 = 100.0%)
1  ... 

Histogram: OptimizationGuide.PredictionManager.RegistrationTimeSinceServiceInit.WebAppInstallationPromo recorded 1 samples, mean = 4587.0 (flags = 0x41)
0     ... 
3900  -O                                                                        (1 = 100.0%) {0.0%}
4955  ... 

Histogram: OptimizationGuide.PredictionManager.StoreInitialized recorded 1 samples, mean = 1.0 (flags = 0x40)
0  O                                                                         (0 = 0.0%)
1  -O                                                                        (1 = 100.0%) {0.0%}
2  O                                                                         (0 = 0.0%) {100.0%}

Histogram: OptimizationGuide.PredictionManager.SupportedModelEngineVersion recorded 1 samples, mean = 18.0 (flags = 0x40)
0   ... 
18  -O                                                                        (1 = 100.0%) {0.0%}
19  ... 

Histogram: OptimizationGuide.PredictionModelFetcher.GetModelsResponse.NetErrorCode recorded 1 samples (flags = 0x41)
379  -O                                                                        (1 = 100.0%)

Histogram: OptimizationGuide.PredictionModelFetcher.GetModelsResponse.NetErrorCode.ClientSidePhishing recorded 1 samples (flags = 0x41)
379  -O                                                                        (1 = 100.0%)

Histogram: OptimizationGuide.PredictionModelFetcher.GetModelsResponse.NetErrorCode.GeolocationPermissions recorded 1 samples (flags = 0x41)
379  -O                                                                        (1 = 100.0%)

Histogram: OptimizationGuide.PredictionModelFetcher.GetModelsResponse.NetErrorCode.LanguageDetection recorded 1 samples (flags = 0x41)
379  -O                                                                        (1 = 100.0%)

Histogram: OptimizationGuide.PredictionModelFetcher.GetModelsResponse.NetErrorCode.NewTabPageHistoryClustersModuleRanking recorded 1 samples (flags = 0x41)
379  -O                                                                        (1 = 100.0%)

Histogram: OptimizationGuide.PredictionModelFetcher.GetModelsResponse.NetErrorCode.NotificationPermissions recorded 1 samples (flags = 0x41)
379  -O                                                                        (1 = 100.0%)

Histogram: OptimizationGuide.PredictionModelFetcher.GetModelsResponse.NetErrorCode.OmniboxUrlScoring recorded 1 samples (flags = 0x41)
379  -O                                                                        (1 = 100.0%)

Histogram: OptimizationGuide.PredictionModelFetcher.GetModelsResponse.NetErrorCode.PageTopicsV2 recorded 1 samples (flags = 0x41)
379  -O                                                                        (1 = 100.0%)

Histogram: OptimizationGuide.PredictionModelFetcher.GetModelsResponse.NetErrorCode.SegmentationChromeLowUserEngagement recorded 1 samples (flags = 0x41)
379  -O                                                                        (1 = 100.0%)

Histogram: OptimizationGuide.PredictionModelFetcher.GetModelsResponse.NetErrorCode.SegmentationComposePromotion recorded 1 samples (flags = 0x41)
379  -O                                                                        (1 = 100.0%)

Histogram: OptimizationGuide.PredictionModelFetcher.GetModelsResponse.NetErrorCode.SegmentationDeviceSwitcher recorded 1 samples (flags = 0x41)
379  -O                                                                        (1 = 100.0%)

Histogram: OptimizationGuide.PredictionModelFetcher.GetModelsResponse.NetErrorCode.SegmentationSearchUser recorded 1 samples (flags = 0x41)
379  -O                                                                        (1 = 100.0%)

Histogram: OptimizationGuide.PredictionModelFetcher.GetModelsResponse.NetErrorCode.SegmentationShoppingUser recorded 1 samples (flags = 0x41)
379  -O                                                                        (1 = 100.0%)

Histogram: OptimizationGuide.PredictionModelFetcher.GetModelsResponse.NetErrorCode.TextSafety recorded 1 samples (flags = 0x41)
379  -O                                                                        (1 = 100.0%)

Histogram: OptimizationGuide.PredictionModelFetcher.GetModelsResponse.NetErrorCode.URLVisitResumptionRanker recorded 1 samples (flags = 0x41)
379  -O                                                                        (1 = 100.0%)

Histogram: OptimizationGuide.PredictionModelFetcher.GetModelsResponse.NetErrorCode.VisualSearchClassification recorded 1 samples (flags = 0x41)
379  -O                                                                        (1 = 100.0%)

Histogram: OptimizationGuide.PredictionModelFetcher.GetModelsResponse.NetErrorCode.WebAppInstallationPromo recorded 1 samples (flags = 0x41)
379  -O                                                                        (1 = 100.0%)

Histogram: OptimizationGuide.PredictionModelFetcher.GetModelsResponse.Status recorded 1 samples, mean = 403.0 (flags = 0x41)
0    ... 
403  -O                                                                        (1 = 100.0%) {0.0%}
404  ... 

Histogram: OptimizationGuide.PredictionModelFetcher.GetModelsResponse.Status.ClientSidePhishing recorded 1 samples, mean = 403.0 (flags = 0x41)
0    ... 
403  -O                                                                        (1 = 100.0%) {0.0%}
404  ... 

Histogram: OptimizationGuide.PredictionModelFetcher.GetModelsResponse.Status.GeolocationPermissions recorded 1 samples, mean = 403.0 (flags = 0x41)
0    ... 
403  -O                                                                        (1 = 100.0%) {0.0%}
404  ... 

Histogram: OptimizationGuide.PredictionModelFetcher.GetModelsResponse.Status.LanguageDetection recorded 1 samples, mean = 403.0 (flags = 0x41)
0    ... 
403  -O                                                                        (1 = 100.0%) {0.0%}
404  ... 

Histogram: OptimizationGuide.PredictionModelFetcher.GetModelsResponse.Status.NewTabPageHistoryClustersModuleRanking recorded 1 samples, mean = 403.0 (flags = 0x41)
0    ... 
403  -O                                                                        (1 = 100.0%) {0.0%}
404  ... 

Histogram: OptimizationGuide.PredictionModelFetcher.GetModelsResponse.Status.NotificationPermissions recorded 1 samples, mean = 403.0 (flags = 0x41)
0    ... 
403  -O                                                                        (1 = 100.0%) {0.0%}
404  ... 

Histogram: OptimizationGuide.PredictionModelFetcher.GetModelsResponse.Status.OmniboxUrlScoring recorded 1 samples, mean = 403.0 (flags = 0x41)
0    ... 
403  -O                                                                        (1 = 100.0%) {0.0%}
404  ... 

Histogram: OptimizationGuide.PredictionModelFetcher.GetModelsResponse.Status.PageTopicsV2 recorded 1 samples, mean = 403.0 (flags = 0x41)
0    ... 
403  -O                                                                        (1 = 100.0%) {0.0%}
404  ... 

Histogram: OptimizationGuide.PredictionModelFetcher.GetModelsResponse.Status.SegmentationChromeLowUserEngagement recorded 1 samples, mean = 403.0 (flags = 0x41)
0    ... 
403  -O                                                                        (1 = 100.0%) {0.0%}
404  ... 

Histogram: OptimizationGuide.PredictionModelFetcher.GetModelsResponse.Status.SegmentationComposePromotion recorded 1 samples, mean = 403.0 (flags = 0x41)
0    ... 
403  -O                                                                        (1 = 100.0%) {0.0%}
404  ... 

Histogram: OptimizationGuide.PredictionModelFetcher.GetModelsResponse.Status.SegmentationDeviceSwitcher recorded 1 samples, mean = 403.0 (flags = 0x41)
0    ... 
403  -O                                                                        (1 = 100.0%) {0.0%}
404  ... 

Histogram: OptimizationGuide.PredictionModelFetcher.GetModelsResponse.Status.SegmentationSearchUser recorded 1 samples, mean = 403.0 (flags = 0x41)
0    ... 
403  -O                                                                        (1 = 100.0%) {0.0%}
404  ... 

Histogram: OptimizationGuide.PredictionModelFetcher.GetModelsResponse.Status.SegmentationShoppingUser recorded 1 samples, mean = 403.0 (flags = 0x41)
0    ... 
403  -O                                                                        (1 = 100.0%) {0.0%}
404  ... 

Histogram: OptimizationGuide.PredictionModelFetcher.GetModelsResponse.Status.TextSafety recorded 1 samples, mean = 403.0 (flags = 0x41)
0    ... 
403  -O                                                                        (1 = 100.0%) {0.0%}
404  ... 

Histogram: OptimizationGuide.PredictionModelFetcher.GetModelsResponse.Status.URLVisitResumptionRanker recorded 1 samples, mean = 403.0 (flags = 0x41)
0    ... 
403  -O                                                                        (1 = 100.0%) {0.0%}
404  ... 

Histogram: OptimizationGuide.PredictionModelFetcher.GetModelsResponse.Status.VisualSearchClassification recorded 1 samples, mean = 403.0 (flags = 0x41)
0    ... 
403  -O                                                                        (1 = 100.0%) {0.0%}
404  ... 

Histogram: OptimizationGuide.PredictionModelFetcher.GetModelsResponse.Status.WebAppInstallationPromo recorded 1 samples, mean = 403.0 (flags = 0x41)
0    ... 
403  -O                                                                        (1 = 100.0%) {0.0%}
404  ... 

Histogram: OptimizationGuide.ProcessingComponentAtShutdown recorded 1 samples, mean = 0.0 (flags = 0x41)
0  -O                                                                        (1 = 100.0%)
1  ... 

Histogram: OptimizationGuide.RemoteFetchingEnabled recorded 1 samples, mean = 0.0 (flags = 0x41)
0  -O                                                                        (1 = 100.0%)
1  ... 

Histogram: OriginTrials.PersistentOriginTrial.LevelDbInitSuccess recorded 1 samples, mean = 1.0 (flags = 0x41)
0  O                                                                         (0 = 0.0%)
1  -O                                                                        (1 = 100.0%) {0.0%}
2  O                                                                         (0 = 0.0%) {100.0%}

Histogram: OriginTrials.PersistentOriginTrial.LevelDbLoadSize recorded 1 samples, mean = 0.0 (flags = 0x41)
0  -O                                                                        (1 = 100.0%)
1  ... 

Histogram: OriginTrials.PersistentOriginTrial.LevelDbLoadSuccess recorded 1 samples, mean = 1.0 (flags = 0x41)
0  O                                                                         (0 = 0.0%)
1  -O                                                                        (1 = 100.0%) {0.0%}
2  O                                                                         (0 = 0.0%) {100.0%}

Histogram: OriginTrials.PersistentOriginTrial.LevelDbLoadTime recorded 1 samples, mean = 4590.0 (flags = 0x41)
0     ... 
4222  -O                                                                        (1 = 100.0%) {0.0%}
5017  ... 

Histogram: OriginTrials.PersistentOriginTrial.OriginLookupsBeforeDbLoad recorded 1 samples, mean = 0.0 (flags = 0x41)
0  -O                                                                        (1 = 100.0%)
1  ... 

Histogram: OriginTrials.PersistentOriginTrial.OriginsAddedBeforeDbLoad recorded 1 samples, mean = 0.0 (flags = 0x41)
0  -O                                                                        (1 = 100.0%)
1  ... 

Histogram: PageActionController.ExtensionsWithPageActions recorded 1 samples, mean = 0.0 (flags = 0x41)
0  -O                                                                        (1 = 100.0%)
1  ... 

Histogram: PageContentAnnotations.AnnotateVisit.AnnotationRequestQueued recorded 3 samples, mean = 1.0 (flags = 0x40)
0  O                                                                         (0 = 0.0%)
1  ---O                                                                      (3 = 100.0%) {0.0%}
2  O                                                                         (0 = 0.0%) {100.0%}

Histogram: PageContentAnnotations.AnnotateVisit.AnnotationRequested recorded 3 samples, mean = 1.0 (flags = 0x40)
0  O                                                                         (0 = 0.0%)
1  ---O                                                                      (3 = 100.0%) {0.0%}
2  O                                                                         (0 = 0.0%) {100.0%}

Histogram: PageContentAnnotations.AnnotateVisit.BatchAnnotationStarted recorded 1 samples, mean = 1.0 (flags = 0x40)
0  O                                                                         (0 = 0.0%)
1  -O                                                                        (1 = 100.0%) {0.0%}
2  O                                                                         (0 = 0.0%) {100.0%}

Histogram: PageLoad.Clients.Ads.AllPages.NonAdNetworkBytes recorded 1 samples, mean = 127.0 (flags = 0x41)
0    ... 
108  -O                                                                        (1 = 100.0%) {0.0%}
141  ... 

Histogram: PageLoad.Clients.Ads.AllPages.PercentNetworkBytesAds recorded 1 samples, mean = 0.0 (flags = 0x41)
0  -O                                                                        (1 = 100.0%)
1  ... 

Histogram: PageLoad.Clients.Ads.AllPages.PercentTotalBytesAds recorded 1 samples, mean = 0.0 (flags = 0x41)
0  -O                                                                        (1 = 100.0%)
1  ... 

Histogram: PageLoad.Clients.Ads.AverageViewportAdDensity recorded 1 samples, mean = 0.0 (flags = 0x41)
0  -O                                                                        (1 = 100.0%)
1  ... 

Histogram: PageLoad.Clients.Ads.FrameCounts.AdFrames.Total recorded 1 samples, mean = 0.0 (flags = 0x41)
0  -O                                                                        (1 = 100.0%)
1  ... 

Histogram: PageLoad.Clients.Ads.NonVisible.FrameCounts.AdFrames.Total recorded 1 samples, mean = 0.0 (flags = 0x41)
0  -O                                                                        (1 = 100.0%)
1  ... 

Histogram: PageLoad.Clients.Ads.Visible.FrameCounts.AdFrames.Total recorded 1 samples, mean = 0.0 (flags = 0x41)
0  -O                                                                        (1 = 100.0%)
1  ... 

Histogram: PageLoad.Clients.CrossOrigin.LayoutInstability.CumulativeShiftScore recorded 1 samples, mean = 0.0 (flags = 0x41)
0  -O                                                                        (1 = 100.0%)
1  ... 

Histogram: PageLoad.Clients.CrossOrigin.LayoutInstability.CumulativeShiftScore.MainFrame recorded 1 samples, mean = 0.0 (flags = 0x41)
0  -O                                                                        (1 = 100.0%)
1  ... 

Histogram: PageLoad.Clients.Leakage2.AbandonReasonAt.LoaderStart recorded 1 samples, mean = 10.0 (flags = 0x41)
0   ... 
10  -O                                                                        (1 = 100.0%) {0.0%}
11  ... 

Histogram: PageLoad.Clients.Leakage2.LastMilestoneBeforeAbandon.NewReloadNavigation recorded 1 samples, mean = 1.0 (flags = 0x41)
0  O                                                                         (0 = 0.0%)
1  -O                                                                        (1 = 100.0%) {0.0%}
2  ... 

Histogram: PageLoad.Clients.Leakage2.LoaderStartToAbandon.NewReloadNavigation recorded 1 samples, mean = 2706.0 (flags = 0x41)
0     ... 
2435  -O                                                                        (1 = 100.0%) {0.0%}
2725  ... 

Histogram: PageLoad.Clients.Leakage2.NavigationStart recorded 2 samples, mean = 4098.5 (flags = 0x41)
0     ... 
2725  -O                                                                        (1 = 50.0%) {0.0%}
3049  ... 
5349  -O                                                                        (1 = 50.0%) {50.0%}
5985  ... 

Histogram: PageLoad.Clients.Leakage2.NavigationStartToCommitReceived recorded 1 samples, mean = 5114.0 (flags = 0x41)
0     ... 
4780  -O                                                                        (1 = 100.0%) {0.0%}
5349  ... 

Histogram: PageLoad.Clients.Leakage2.NavigationStartToCommitSent recorded 1 samples, mean = 5112.0 (flags = 0x41)
0     ... 
4780  -O                                                                        (1 = 100.0%) {0.0%}
5349  ... 

Histogram: PageLoad.Clients.Leakage2.NavigationStartToDOMContentLoaded recorded 1 samples, mean = 7033.0 (flags = 0x41)
0     ... 
6697  -O                                                                        (1 = 100.0%) {0.0%}
7494  ... 

Histogram: PageLoad.Clients.Leakage2.NavigationStartToDidCommit recorded 1 samples, mean = 5439.0 (flags = 0x41)
0     ... 
5349  -O                                                                        (1 = 100.0%) {0.0%}
5985  ... 

Histogram: PageLoad.Clients.Leakage2.NavigationStartToLoadStarted recorded 1 samples, mean = 7210.0 (flags = 0x41)
0     ... 
6697  -O                                                                        (1 = 100.0%) {0.0%}
7494  ... 

Histogram: PageLoad.Clients.Leakage2.NavigationStartToLoaderStart recorded 2 samples, mean = 1336.0 (flags = 0x41)
0     ... 
43    -O                                                                        (1 = 50.0%) {0.0%}
48    ... 
2435  -O                                                                        (1 = 50.0%) {50.0%}
2725  ... 

Histogram: PageLoad.Clients.Leakage2.NavigationStartToNonRedirectResponseLoaderCallback recorded 1 samples, mean = 5099.0 (flags = 0x41)
0     ... 
4780  -O                                                                        (1 = 100.0%) {0.0%}
5349  ... 

Histogram: PageLoad.Clients.Leakage2.NavigationStartToNonRedirectResponseStart recorded 1 samples, mean = 4780.0 (flags = 0x41)
0     ... 
4780  -O                                                                        (1 = 100.0%) {0.0%}
5349  ... 

Histogram: PageLoad.Clients.Leakage2.NavigationStartToNonRedirectedRequestStart recorded 1 samples, mean = 4471.0 (flags = 0x41)
0     ... 
4272  -O                                                                        (1 = 100.0%) {0.0%}
4780  ... 

Histogram: PageLoad.Clients.Leakage2.NavigationStartToParseStart recorded 1 samples, mean = 5126.0 (flags = 0x41)
0     ... 
4780  -O                                                                        (1 = 100.0%) {0.0%}
5349  ... 

Histogram: PageLoad.Clients.Leakage2.RendererProcessCreatedBeforeNav recorded 1 samples, mean = 1.0 (flags = 0x41)
0  O                                                                         (0 = 0.0%)
1  -O                                                                        (1 = 100.0%) {0.0%}
2  O                                                                         (0 = 0.0%) {100.0%}

Histogram: PageLoad.Clients.LinkPreview.Usage recorded 1 samples, mean = 0.0 (flags = 0x41)
0  -O                                                                        (1 = 100.0%)
1  ... 

Histogram: PageLoad.Clients.MultiTabLoading.WithTabCount_0.DocumentTiming.NavigationToDOMContentLoadedEventFired recorded 1 samples, mean = 7033.0 (flags = 0x41)
0     ... 
6697  -O                                                                        (1 = 100.0%) {0.0%}
7494  ... 

Histogram: PageLoad.Clients.MultiTabLoading.WithTabCount_0.DocumentTiming.NavigationToLoadEventFired recorded 1 samples, mean = 7210.0 (flags = 0x41)
0     ... 
6697  -O                                                                        (1 = 100.0%) {0.0%}
7494  ... 

Histogram: PageLoad.Clients.MultiTabLoading.With_0_OtherLoading.DocumentTiming.NavigationToDOMContentLoadedEventFired recorded 1 samples, mean = 7033.0 (flags = 0x41)
0     ... 
6697  -O                                                                        (1 = 100.0%) {0.0%}
7494  ... 

Histogram: PageLoad.Clients.MultiTabLoading.With_0_OtherLoading.DocumentTiming.NavigationToLoadEventFired recorded 1 samples, mean = 7210.0 (flags = 0x41)
0     ... 
6697  -O                                                                        (1 = 100.0%) {0.0%}
7494  ... 

Histogram: PageLoad.Clients.PerformanceManager.LoadedIdleWithoutLCP recorded 1 samples, mean = 11209.0 (flags = 0x41)
0      ... 
10165  -O                                                                        (1 = 100.0%) {0.0%}
12916  ... 

Histogram: PageLoad.Clients.PerformanceManager.LoadedIdleWithoutLCP.Foreground recorded 1 samples, mean = 11209.0 (flags = 0x41)
0      ... 
10165  -O                                                                        (1 = 100.0%) {0.0%}
12916  ... 

Histogram: PageLoad.Clients.Protocol.H2.DocumentTiming.NavigationToDOMContentLoadedEventFired recorded 1 samples, mean = 7033.0 (flags = 0x41)
0     ... 
6697  -O                                                                        (1 = 100.0%) {0.0%}
7494  ... 

Histogram: PageLoad.Clients.Protocol.H2.DocumentTiming.NavigationToLoadEventFired recorded 1 samples, mean = 7210.0 (flags = 0x41)
0     ... 
6697  -O                                                                        (1 = 100.0%) {0.0%}
7494  ... 

Histogram: PageLoad.Clients.Protocol.H2.ParseTiming.NavigationToParseStart recorded 1 samples, mean = 5126.0 (flags = 0x41)
0     ... 
4780  -O                                                                        (1 = 100.0%) {0.0%}
5349  ... 

Histogram: PageLoad.Clients.Scheme.HTTPS.ParseTiming.NavigationToParseStart recorded 1 samples, mean = 5126.0 (flags = 0x41)
0     ... 
4780  -O                                                                        (1 = 100.0%) {0.0%}
5349  ... 

Histogram: PageLoad.Clients.SubresourceLoading.DaysSinceLastVisitToOrigin recorded 1 samples, mean = 0.0 (flags = 0x40)
0  -O                                                                        (1 = 100.0%)
1  ... 

Histogram: PageLoad.Clients.SubresourceLoading.HasPreviousVisitToOrigin recorded 1 samples, mean = 1.0 (flags = 0x40)
0  O                                                                         (0 = 0.0%)
1  -O                                                                        (1 = 100.0%) {0.0%}
2  O                                                                         (0 = 0.0%) {100.0%}

Histogram: PageLoad.Clients.TPCD.CookieAccess.ThirdPartyCookieAllowMechanism3 recorded 1 samples, mean = 2.0 (flags = 0x41)
0  ... 
2  -O                                                                        (1 = 100.0%) {0.0%}
3  ... 

Histogram: PageLoad.Clients.TPCD.ThirdPartyCookieAccessBlockedByExperiment2 recorded 1 samples, mean = 0.0 (flags = 0x41)
0  -O                                                                        (1 = 100.0%)
1  ... 

Histogram: PageLoad.Clients.ThirdParty.Origins.CookieRead2 recorded 1 samples, mean = 0.0 (flags = 0x41)
0  -O                                                                        (1 = 100.0%)
1  ... 

Histogram: PageLoad.Cpu.TotalUsage recorded 1 samples, mean = 447.0 (flags = 0x41)
0    ... 
403  -O                                                                        (1 = 100.0%) {0.0%}
451  ... 

Histogram: PageLoad.Cpu.TotalUsageForegrounded recorded 1 samples, mean = 447.0 (flags = 0x41)
0    ... 
403  -O                                                                        (1 = 100.0%) {0.0%}
451  ... 

Histogram: PageLoad.DocumentTiming.NavigationToDOMContentLoadedEventFired recorded 1 samples, mean = 7033.0 (flags = 0x41)
0     ... 
6697  -O                                                                        (1 = 100.0%) {0.0%}
7494  ... 

Histogram: PageLoad.DocumentTiming.NavigationToLoadEventFired recorded 1 samples, mean = 7210.0 (flags = 0x41)
0     ... 
6697  -O                                                                        (1 = 100.0%) {0.0%}
7494  ... 

Histogram: PageLoad.Experimental.NavigationTiming.FinalLoaderCallbackToNavigationCommitSent recorded 1 samples, mean = 12.0 (flags = 0x41)
0   ... 
12  -O                                                                        (1 = 100.0%) {0.0%}
13  ... 

Histogram: PageLoad.Experimental.NavigationTiming.FinalRequestStartToFinalResponseStart recorded 1 samples, mean = 308.0 (flags = 0x41)
0    ... 
288  -O                                                                        (1 = 100.0%) {0.0%}
322  ... 

Histogram: PageLoad.Experimental.NavigationTiming.FinalResponseStartToFinalLoaderCallback recorded 1 samples, mean = 319.0 (flags = 0x41)
0    ... 
288  -O                                                                        (1 = 100.0%) {0.0%}
322  ... 

Histogram: PageLoad.Experimental.NavigationTiming.FirstRequestStartToFirstResponseStart recorded 1 samples, mean = 308.0 (flags = 0x41)
0    ... 
288  -O                                                                        (1 = 100.0%) {0.0%}
322  ... 

Histogram: PageLoad.Experimental.NavigationTiming.FirstResponseStartToFirstLoaderCallback recorded 1 samples, mean = 319.0 (flags = 0x41)
0    ... 
288  -O                                                                        (1 = 100.0%) {0.0%}
322  ... 

Histogram: PageLoad.Experimental.NavigationTiming.NavigationStartToFinalLoaderCallback recorded 1 samples, mean = 5099.0 (flags = 0x41)
0     ... 
4780  -O                                                                        (1 = 100.0%) {0.0%}
5349  ... 

Histogram: PageLoad.Experimental.NavigationTiming.NavigationStartToFinalRequestStart recorded 1 samples, mean = 4471.0 (flags = 0x41)
0     ... 
4272  -O                                                                        (1 = 100.0%) {0.0%}
4780  ... 

Histogram: PageLoad.Experimental.NavigationTiming.NavigationStartToFinalResponseStart recorded 1 samples, mean = 4780.0 (flags = 0x41)
0     ... 
4780  -O                                                                        (1 = 100.0%) {0.0%}
5349  ... 

Histogram: PageLoad.Experimental.NavigationTiming.NavigationStartToFirstLoaderCallback recorded 1 samples, mean = 5099.0 (flags = 0x41)
0     ... 
4780  -O                                                                        (1 = 100.0%) {0.0%}
5349  ... 

Histogram: PageLoad.Experimental.NavigationTiming.NavigationStartToFirstRequestStart recorded 1 samples, mean = 4471.0 (flags = 0x41)
0     ... 
4272  -O                                                                        (1 = 100.0%) {0.0%}
4780  ... 

Histogram: PageLoad.Experimental.NavigationTiming.NavigationStartToFirstResponseStart recorded 1 samples, mean = 4780.0 (flags = 0x41)
0     ... 
4780  -O                                                                        (1 = 100.0%) {0.0%}
5349  ... 

Histogram: PageLoad.Experimental.NavigationTiming.NavigationStartToNavigationCommitSent recorded 1 samples, mean = 5112.0 (flags = 0x41)
0     ... 
4780  -O                                                                        (1 = 100.0%) {0.0%}
5349  ... 

Histogram: PageLoad.Experimental.PageTiming.CachedResourceLoadTime. recorded 1 samples, mean = 111.0 (flags = 0x41)
0    ... 
107  -O                                                                        (1 = 100.0%) {0.0%}
136  ... 

Histogram: PageLoad.Experimental.PageTiming.CachedResourceLoadTime.font recorded 5 samples, mean = 3.2 (flags = 0x41)
0  ... 
2  -O                                                                        (1 = 20.0%) {0.0%}
3  ---O                                                                      (3 = 60.0%) {20.0%}
4  O                                                                         (0 = 0.0%) {80.0%}
5  -O                                                                        (1 = 20.0%) {80.0%}
6  ... 

Histogram: PageLoad.Experimental.PageTiming.CachedResourceLoadTime.manifest recorded 1 samples, mean = 266.0 (flags = 0x41)
0    ... 
220  -O                                                                        (1 = 100.0%) {0.0%}
280  ... 

Histogram: PageLoad.Experimental.PageTiming.CachedResourceLoadTime.script recorded 26 samples, mean = 16.8 (flags = 0x41)
0   O                                                                         (0 = 0.0%)
1   ----O                                                                     (4 = 15.4%) {0.0%}
2   -O                                                                        (1 = 3.8%) {15.4%}
3   -O                                                                        (1 = 3.8%) {19.2%}
4   ... 
16  -O                                                                        (1 = 3.8%) {23.1%}
20  -------------------O                                                      (19 = 73.1%) {26.9%}
25  ... 

Histogram: PageLoad.Experimental.PageTiming.CachedResourceLoadTime.style recorded 8 samples, mean = 37.8 (flags = 0x41)
0    --O                                                                       (2 = 25.0%)
1    -O                                                                        (1 = 12.5%) {25.0%}
2    ... 
20   ----O                                                                     (4 = 50.0%) {37.5%}
25   ... 
173  -O                                                                        (1 = 12.5%) {87.5%}
220  ... 

Histogram: PageLoad.Experimental.PageTiming.CommitSentToFirstSubresourceLoadStart recorded 1 samples, mean = 650.0 (flags = 0x41)
0    ... 
632  -O                                                                        (1 = 100.0%) {0.0%}
707  ... 

Histogram: PageLoad.Experimental.PageTiming.NavigationToFirstSubresourceLoadStart recorded 1 samples, mean = 5762.0 (flags = 0x41)
0     ... 
5349  -O                                                                        (1 = 100.0%) {0.0%}
5985  ... 

Histogram: PageLoad.Experimental.PageTiming.ResourceLoadTime. recorded 6 samples, mean = 273.8 (flags = 0x41)
0    ... 
20   -O                                                                        (1 = 16.7%) {0.0%}
25   ... 
173  -O                                                                        (1 = 16.7%) {16.7%}
220  ---O                                                                      (3 = 50.0%) {33.3%}
280  ... 
574  -O                                                                        (1 = 16.7%) {83.3%}
729  ... 

Histogram: PageLoad.Experimental.PageTiming.ResourceLoadTime.document recorded 1 samples, mean = 339.0 (flags = 0x41)
0    ... 
280  -O                                                                        (1 = 100.0%) {0.0%}
356  ... 

Histogram: PageLoad.Experimental.PageTiming.ResourceLoadTime.image recorded 1 samples, mean = 216.0 (flags = 0x41)
0    ... 
173  -O                                                                        (1 = 100.0%) {0.0%}
220  ... 

Histogram: PageLoad.Experimental.PageTiming.ResourceLoadTime.script recorded 1 samples, mean = 226.0 (flags = 0x41)
0    ... 
220  -O                                                                        (1 = 100.0%) {0.0%}
280  ... 

Histogram: PageLoad.Experimental.PageVisitFinalStatus recorded 1 samples, mean = 1.0 (flags = 0x41)
0  O                                                                         (0 = 0.0%)
1  -O                                                                        (1 = 100.0%) {0.0%}
2  ... 

Histogram: PageLoad.Experimental.PageVisitType2 recorded 1 samples, mean = 6.0 (flags = 0x41)
0  ... 
6  -O                                                                        (1 = 100.0%) {0.0%}
7  ... 

Histogram: PageLoad.Experimental.PaintTiming.FirstEligibleToPaintToFirstPaint recorded 1 samples, mean = 889.0 (flags = 0x41)
0    ... 
885  -O                                                                        (1 = 100.0%) {0.0%}
990  ... 

Histogram: PageLoad.Experimental.TotalForegroundDuration recorded 1 samples, mean = 152467.0 (flags = 0x41)
0       ... 
138043  -O                                                                        (1 = 100.0%) {0.0%}
157277  ... 

Histogram: PageLoad.Experimental.TotalForegroundDuration.AllVisit recorded 1 samples, mean = 152467.0 (flags = 0x41)
0       ... 
138043  -O                                                                        (1 = 100.0%) {0.0%}
157277  ... 

Histogram: PageLoad.Experimental.TotalForegroundDuration.IndependentUIVisit recorded 1 samples, mean = 152467.0 (flags = 0x41)
0       ... 
138043  -O                                                                        (1 = 100.0%) {0.0%}
157277  ... 

Histogram: PageLoad.Expermental.SoftNavigations.Count recorded 1 samples, mean = 0.0 (flags = 0x41)
0  -O                                                                        (1 = 100.0%)
1  ... 

Histogram: PageLoad.Internal.ErrorCode recorded 1 samples, mean = 17.0 (flags = 0x41)
0   ... 
17  -O                                                                        (1 = 100.0%) {0.0%}
18  O                                                                         (0 = 0.0%) {100.0%}

Histogram: PageLoad.Internal.PageLoadTimingStatus recorded 15 samples, mean = 0.0 (flags = 0x41)
0  ---------------O                                                          (15 = 100.0%)
1  ... 

Histogram: PageLoad.Internal.PageLoadTimingStatus.AtTimingCallbackDispatch recorded 4 samples, mean = 0.0 (flags = 0x41)
0  ----O                                                                     (4 = 100.0%)
1  ... 

Histogram: PageLoad.Internal.PageType recorded 2 samples, mean = 0.0 (flags = 0x41)
0  --O                                                                       (2 = 100.0%)
1  ... 

Histogram: PageLoad.Internal.SuppressedEventsBeforeMissingFirstPaint recorded 1 samples, mean = 0.0 (flags = 0x41)
0  -O                                                                        (1 = 100.0%)
1  ... 

Histogram: PageLoad.Internal.SuppressedEventsCountBeforePaint3 recorded 1 samples, mean = 0.0 (flags = 0x41)
0  -O                                                                        (1 = 100.0%)
1  ... 

Histogram: PageLoad.Internal.SuppressedEventsTimingBeforePaint3 recorded 1 samples, mean = 0.0 (flags = 0x41)
0  -O                                                                        (1 = 100.0%)
1  ... 

Histogram: PageLoad.Internal.SuppressedInteractionsCountBeforePaint3 recorded 1 samples, mean = 0.0 (flags = 0x41)
0  -O                                                                        (1 = 100.0%)
1  ... 

Histogram: PageLoad.LayoutInstability.CumulativeShiftScore recorded 1 samples, mean = 0.0 (flags = 0x41)
0  -O                                                                        (1 = 100.0%)
1  ... 

Histogram: PageLoad.LayoutInstability.CumulativeShiftScore.MainFrame recorded 1 samples, mean = 0.0 (flags = 0x41)
0  -O                                                                        (1 = 100.0%)
1  ... 

Histogram: PageLoad.LayoutInstability.MaxCumulativeShiftScore.SessionWindow.Gap1000ms.Max5000ms recorded 1 samples, mean = 0.0 (flags = 0x41)
0  -O                                                                        (1 = 100.0%)
1  ... 

Histogram: PageLoad.LayoutInstability.MaxCumulativeShiftScore.SessionWindow.Gap1000ms.Max5000ms2 recorded 1 samples, mean = 0.0 (flags = 0x41)
0  -O                                                                        (1 = 100.0%)
1  ... 

Histogram: PageLoad.PageTiming.ForegroundDuration recorded 1 samples, mean = 152467.0 (flags = 0x41)
0       ... 
138043  -O                                                                        (1 = 100.0%) {0.0%}
157277  ... 

Histogram: PageLoad.PageTiming.ForegroundDuration.AfterPaint recorded 1 samples, mean = 144795.0 (flags = 0x41)
0       ... 
138043  -O                                                                        (1 = 100.0%) {0.0%}
157277  ... 

Histogram: PageLoad.PageTiming.ForegroundDuration.NoCommit recorded 1 samples, mean = 124.0 (flags = 0x41)
0    ... 
120  -O                                                                        (1 = 100.0%) {0.0%}
137  ... 

Histogram: PageLoad.PageTiming.ForegroundDuration.WithPaint recorded 1 samples, mean = 152467.0 (flags = 0x41)
0       ... 
138043  -O                                                                        (1 = 100.0%) {0.0%}
157277  ... 

Histogram: PageLoad.PaintTiming.NavigationToFirstPaint recorded 1 samples, mean = 7672.0 (flags = 0x41)
0     ... 
7494  -O                                                                        (1 = 100.0%) {0.0%}
8385  ... 

Histogram: PageLoad.ParseTiming.NavigationToParseStart recorded 1 samples, mean = 5126.0 (flags = 0x41)
0     ... 
4780  -O                                                                        (1 = 100.0%) {0.0%}
5349  ... 

Histogram: PageLoad.ParseTiming.NavigationToParseStart.LoadType.NewNavigation recorded 1 samples, mean = 5126.0 (flags = 0x41)
0     ... 
4780  -O                                                                        (1 = 100.0%) {0.0%}
5349  ... 

Histogram: PageLoad.ParseTiming.ParseBlockedOnScriptExecution recorded 1 samples, mean = 19.0 (flags = 0x41)
0   ... 
19  -O                                                                        (1 = 100.0%) {0.0%}
21  ... 

Histogram: PageLoad.ParseTiming.ParseBlockedOnScriptExecutionFromDocumentWrite recorded 1 samples, mean = 0.0 (flags = 0x41)
0  -O                                                                        (1 = 100.0%)
10 ... 

Histogram: PageLoad.ParseTiming.ParseBlockedOnScriptLoad recorded 1 samples, mean = 1613.0 (flags = 0x41)
0     ... 
1553  -O                                                                        (1 = 100.0%) {0.0%}
1738  ... 

Histogram: PaintHolding.CommitTrigger2 recorded 1 samples, mean = 3.0 (flags = 0x41)
0  ... 
3  -O                                                                        (1 = 100.0%) {0.0%}
4  ... 

Histogram: PasswordManager.AccountStore.InaccessiblePasswords3 recorded 1 samples, mean = 0.0 (flags = 0x41)
0  -O                                                                        (1 = 100.0%)
1  ... 

Histogram: PasswordManager.AccountStore.LoginDatabaseEncryptionStatus recorded 1 samples, mean = 0.0 (flags = 0x41)
0  -O                                                                        (1 = 100.0%)
1  ... 

Histogram: PasswordManager.AffiliationDatabase.DatabaseSize recorded 1 samples, mean = 52.0 (flags = 0x41)
0  -O                                                                        (1 = 100.0%)
1000... 

Histogram: PasswordManager.BubbleSuppression.AccountsInStatisticsTable2 recorded 1 samples, mean = 0.0 (flags = 0x41)
0  -O                                                                        (1 = 100.0%)
1  ... 

Histogram: PasswordManager.GetAllLogins.TimeSinceInit recorded 2 samples, mean = 30003.0 (flags = 0x41)
0      ... 
26495  --O                                                                       (2 = 100.0%) {0.0%}
33665  ... 

Histogram: PasswordManager.GetAutofillableLogins.TimeSinceInit recorded 2 samples, mean = 5237.0 (flags = 0x41)
0     ... 
4955  --O                                                                       (2 = 100.0%) {0.0%}
6296  ... 

Histogram: PasswordManager.LoginDatabaseInit2 recorded 2 samples, mean = 0.0 (flags = 0x41)
0  --O                                                                       (2 = 100.0%)
1  ... 

Histogram: PasswordManager.OnEncryptorReceived.Success recorded 2 samples, mean = 1.0 (flags = 0x41)
0  O                                                                         (0 = 0.0%)
1  --O                                                                       (2 = 100.0%) {0.0%}
2  O                                                                         (0 = 0.0%) {100.0%}

Histogram: PasswordManager.PasswordStore.InitTime recorded 2 samples, mean = 3876.0 (flags = 0x41)
0     ... 
3553  --O                                                                       (2 = 100.0%) {0.0%}
4222  ... 

Histogram: PasswordManager.PasswordStoreBackend.GetAllLoginsAsync recorded 4 samples, mean = 1.0 (flags = 0x41)
0  --O                                                                       (2 = 50.0%)
1  O                                                                         (0 = 0.0%) {50.0%}
2  --O                                                                       (2 = 50.0%) {50.0%}
3  ... 

Histogram: PasswordManager.PasswordStoreBackend.GetAllLoginsAsync.Latency recorded 2 samples, mean = 9.0 (flags = 0x41)
0  ... 
8  --O                                                                       (2 = 100.0%) {0.0%}
10 ... 

Histogram: PasswordManager.PasswordStoreBackend.GetAllLoginsAsync.Success recorded 2 samples, mean = 1.0 (flags = 0x41)
0  O                                                                         (0 = 0.0%)
1  --O                                                                       (2 = 100.0%) {0.0%}
2  O                                                                         (0 = 0.0%) {100.0%}

Histogram: PasswordManager.PasswordStoreBackend.GetAutofillableLoginsAsync recorded 4 samples, mean = 1.0 (flags = 0x41)
0  --O                                                                       (2 = 50.0%)
1  O                                                                         (0 = 0.0%) {50.0%}
2  --O                                                                       (2 = 50.0%) {50.0%}
3  ... 

Histogram: PasswordManager.PasswordStoreBackend.GetAutofillableLoginsAsync.Latency recorded 2 samples, mean = 327.0 (flags = 0x41)
0    ... 
280  --O                                                                       (2 = 100.0%) {0.0%}
356  ... 

Histogram: PasswordManager.PasswordStoreBackend.GetAutofillableLoginsAsync.Success recorded 2 samples, mean = 1.0 (flags = 0x41)
0  O                                                                         (0 = 0.0%)
1  --O                                                                       (2 = 100.0%) {0.0%}
2  O                                                                         (0 = 0.0%) {100.0%}

Histogram: PasswordManager.PasswordStoreBuiltInBackend.GetAllLoginsAsync recorded 4 samples, mean = 1.0 (flags = 0x41)
0  --O                                                                       (2 = 50.0%)
1  O                                                                         (0 = 0.0%) {50.0%}
2  --O                                                                       (2 = 50.0%) {50.0%}
3  ... 

Histogram: PasswordManager.PasswordStoreBuiltInBackend.GetAllLoginsAsync.Latency recorded 2 samples, mean = 9.0 (flags = 0x41)
0  ... 
8  --O                                                                       (2 = 100.0%) {0.0%}
10 ... 

Histogram: PasswordManager.PasswordStoreBuiltInBackend.GetAllLoginsAsync.Success recorded 2 samples, mean = 1.0 (flags = 0x41)
0  O                                                                         (0 = 0.0%)
1  --O                                                                       (2 = 100.0%) {0.0%}
2  O                                                                         (0 = 0.0%) {100.0%}

Histogram: PasswordManager.PasswordStoreBuiltInBackend.GetAutofillableLoginsAsync recorded 4 samples, mean = 1.0 (flags = 0x41)
0  --O                                                                       (2 = 50.0%)
1  O                                                                         (0 = 0.0%) {50.0%}
2  --O                                                                       (2 = 50.0%) {50.0%}
3  ... 

Histogram: PasswordManager.PasswordStoreBuiltInBackend.GetAutofillableLoginsAsync.Latency recorded 2 samples, mean = 327.0 (flags = 0x41)
0    ... 
280  --O                                                                       (2 = 100.0%) {0.0%}
356  ... 

Histogram: PasswordManager.PasswordStoreBuiltInBackend.GetAutofillableLoginsAsync.Success recorded 2 samples, mean = 1.0 (flags = 0x41)
0  O                                                                         (0 = 0.0%)
1  --O                                                                       (2 = 100.0%) {0.0%}
2  O                                                                         (0 = 0.0%) {100.0%}

Histogram: PasswordManager.ProfileStore.InaccessiblePasswords3 recorded 1 samples, mean = 0.0 (flags = 0x41)
0  -O                                                                        (1 = 100.0%)
1  ... 

Histogram: PasswordManager.ProfileStore.LoginDatabaseEncryptionStatus recorded 1 samples, mean = 0.0 (flags = 0x41)
0  -O                                                                        (1 = 100.0%)
1  ... 

Histogram: PasswordManager.SavedGaiaPasswordHashCount2 recorded 1 samples, mean = 0.0 (flags = 0x41)
0  -O                                                                        (1 = 100.0%)
1  ... 

Histogram: PasswordManager.SyncMetadataReadError2 recorded 2 samples, mean = 0.0 (flags = 0x41)
0  --O                                                                       (2 = 100.0%)
1  ... 

Histogram: PaymentRequest.IsCanMakePaymentAllowedByPref.Startup recorded 1 samples, mean = 1.0 (flags = 0x41)
0  O                                                                         (0 = 0.0%)
1  -O                                                                        (1 = 100.0%) {0.0%}
2  O                                                                         (0 = 0.0%) {100.0%}

Histogram: PerformanceManager.LoadingNotQuiescentPageCount.All recorded 5 samples, mean = 0.0 (flags = 0x41)
0  -----O                                                                    (5 = 100.0%)
1  ... 

Histogram: PerformanceManager.LoadingNotQuiescentPageCount.Hidden recorded 5 samples, mean = 0.0 (flags = 0x41)
0  -----O                                                                    (5 = 100.0%)
1  ... 

Histogram: PerformanceManager.LoadingNotQuiescentPageCount.MixedVisibility recorded 5 samples, mean = 0.0 (flags = 0x41)
0  -----O                                                                    (5 = 100.0%)
1  ... 

Histogram: PerformanceManager.LoadingNotQuiescentPageCount.Visible recorded 5 samples, mean = 0.0 (flags = 0x41)
0  -----O                                                                    (5 = 100.0%)
1  ... 

Histogram: PerformanceManager.QuiescentPageCount recorded 5 samples, mean = 1.0 (flags = 0x41)
0  O                                                                         (0 = 0.0%)
1  -----O                                                                    (5 = 100.0%) {0.0%}
2  ... 

Histogram: PerformanceManager.SiteDB.DatabaseInit recorded 1 samples, mean = 0.0 (flags = 0x41)
0  -O                                                                        (1 = 100.0%)
1  ... 

Histogram: PerformanceManager.SiteDB.OnDiskSize recorded 1 samples, mean = 0.0 (flags = 0x41)
0  -O                                                                        (1 = 100.0%)
1000... 

Histogram: PerformanceManager.SiteDB.WriteCompleted.WriteSiteDataIntoStore recorded 1 samples, mean = 1.0 (flags = 0x41)
0  O                                                                         (0 = 0.0%)
1  -O                                                                        (1 = 100.0%) {0.0%}
2  O                                                                         (0 = 0.0%) {100.0%}

Histogram: PerformanceManager.SiteDB.WriteScheduled.WriteSiteDataIntoStore recorded 1 samples, mean = 1.0 (flags = 0x41)
0  O                                                                         (0 = 0.0%)
1  -O                                                                        (1 = 100.0%) {0.0%}
2  O                                                                         (0 = 0.0%) {100.0%}

Histogram: PerformanceManager.TabRevisitTracker.TimeToClose2 recorded 1 samples, mean = 152.0 (flags = 0x41)
0    ... 
146  -O                                                                        (1 = 100.0%) {0.0%}
154  ... 

Histogram: PerformanceManager.UserTuning.BatterySaverModeEnabledPercent recorded 1 samples, mean = 0.0 (flags = 0x41)
0  -O                                                                        (1 = 100.0%)
1  ... 

Histogram: PerformanceManager.UserTuning.MemorySaverModeEnabledPercent recorded 1 samples, mean = 0.0 (flags = 0x41)
0  -O                                                                        (1 = 100.0%)
1  ... 

Histogram: PerformanceMonitor.AverageCPU8.BrowserProcess recorded 1 samples, mean = 5487.0 (flags = 0x41)
0     ... 
5353  -O                                                                        (1 = 100.0%) {0.0%}
6462  ... 

Histogram: PerformanceMonitor.AverageCPU8.GPUProcess recorded 1 samples, mean = 11.0 (flags = 0x41)
0   ... 
10  -O                                                                        (1 = 100.0%) {0.0%}
12  ... 

Histogram: PerformanceMonitor.AverageCPU8.NetworkProcess recorded 1 samples, mean = 32.0 (flags = 0x41)
0   ... 
27  -O                                                                        (1 = 100.0%) {0.0%}
33  ... 

Histogram: PerformanceMonitor.AverageCPU8.OtherProcess recorded 1 samples, mean = 0.0 (flags = 0x41)
0  -O                                                                        (1 = 100.0%)
1  ... 

Histogram: PerformanceMonitor.AverageCPU8.RendererExtensionEventProcess recorded 1 samples, mean = 0.0 (flags = 0x41)
0  -O                                                                        (1 = 100.0%)
1  ... 

Histogram: PerformanceMonitor.AverageCPU8.RendererExtensionPersistentProcess recorded 1 samples, mean = 0.0 (flags = 0x41)
0  -O                                                                        (1 = 100.0%)
1  ... 

Histogram: PerformanceMonitor.AverageCPU8.RendererProcess recorded 1 samples, mean = 359.0 (flags = 0x41)
0    ... 
317  -O                                                                        (1 = 100.0%) {0.0%}
383  ... 

Histogram: PerformanceMonitor.AverageCPU8.Total recorded 1 samples, mean = 5618.0 (flags = 0x41)
0     ... 
5353  -O                                                                        (1 = 100.0%) {0.0%}
6462  ... 

Histogram: PerformanceMonitor.AverageCPU8.Total.ZeroWindow recorded 1 samples, mean = 5618.0 (flags = 0x41)
0     ... 
5353  -O                                                                        (1 = 100.0%) {0.0%}
6462  ... 

Histogram: PerformanceMonitor.AverageCPU8.UtilityProcess recorded 1 samples, mean = 1.0 (flags = 0x41)
0  O                                                                         (0 = 0.0%)
1  -O                                                                        (1 = 100.0%) {0.0%}
2  ... 

Histogram: PerformanceMonitor.HasPreciseCPUUsage recorded 9 samples, mean = 1.0 (flags = 0x41)
0  O                                                                         (0 = 0.0%)
1  ---------O                                                                (9 = 100.0%) {0.0%}
2  O                                                                         (0 = 0.0%) {100.0%}

Histogram: PerformanceMonitor.UsageScenario.LongInterval recorded 1 samples, mean = 13.0 (flags = 0x41)
0   ... 
13  -O                                                                        (1 = 100.0%) {0.0%}
14  ... 

Histogram: Permissions.API.CreatedPermissionStatusObjects recorded 1 samples, mean = 0.0 (flags = 0x41)
0  -O                                                                        (1 = 100.0%)
1  ... 

Histogram: Permissions.Experimental.PrimaryMainNavigationFinished.AudioCapture.TopLevelHeaderPolicy recorded 1 samples, mean = 0.0 (flags = 0x41)
0  -O                                                                        (1 = 100.0%)
1  ... 

Histogram: Permissions.Experimental.PrimaryMainNavigationFinished.Geolocation.TopLevelHeaderPolicy recorded 1 samples, mean = 0.0 (flags = 0x41)
0  -O                                                                        (1 = 100.0%)
1  ... 

Histogram: Permissions.Experimental.PrimaryMainNavigationFinished.VideoCapture.TopLevelHeaderPolicy recorded 1 samples, mean = 0.0 (flags = 0x41)
0  -O                                                                        (1 = 100.0%)
1  ... 

Histogram: Permissions.QuietNotificationPrompts.RegularProfile.IsEnabledInPrefs recorded 1 samples, mean = 0.0 (flags = 0x41)
0  -O                                                                        (1 = 100.0%)
1  ... 

Histogram: Platform.IntelMaxMicroArchitecture recorded 1 samples, mean = 10.0 (flags = 0x41)
0   ... 
10  -O                                                                        (1 = 100.0%) {0.0%}
11  ... 

Histogram: Power.BatteryDischargeGranularityIsOrdered recorded 5 samples, mean = 1.0 (flags = 0x41)
0  O                                                                         (0 = 0.0%)
1  -----O                                                                    (5 = 100.0%) {0.0%}
2  O                                                                         (0 = 0.0%) {100.0%}

Histogram: Power.BatteryDischargeMode5 recorded 2 samples, mean = 1.0 (flags = 0x41)
0  O                                                                         (0 = 0.0%)
1  --O                                                                       (2 = 100.0%) {0.0%}
2  ... 

Histogram: Power.BatteryDischargeMode5.Initial recorded 1 samples, mean = 1.0 (flags = 0x41)
0  O                                                                         (0 = 0.0%)
1  -O                                                                        (1 = 100.0%) {0.0%}
2  ... 

Histogram: Power.BatteryDischargeMode5.Periodic recorded 1 samples, mean = 1.0 (flags = 0x41)
0  O                                                                         (0 = 0.0%)
1  -O                                                                        (1 = 100.0%) {0.0%}
2  ... 

Histogram: Power.BatteryDischargeMode5.ZeroWindow recorded 2 samples, mean = 1.0 (flags = 0x41)
0  O                                                                         (0 = 0.0%)
1  --O                                                                       (2 = 100.0%) {0.0%}
2  ... 

Histogram: Power.BatteryDischargeMode5.ZeroWindow.Initial recorded 1 samples, mean = 1.0 (flags = 0x41)
0  O                                                                         (0 = 0.0%)
1  -O                                                                        (1 = 100.0%) {0.0%}
2  ... 

Histogram: Power.BatteryDischargeMode5.ZeroWindow.Periodic recorded 1 samples, mean = 1.0 (flags = 0x41)
0  O                                                                         (0 = 0.0%)
1  -O                                                                        (1 = 100.0%) {0.0%}
2  ... 

Histogram: Power.HasPreciseBatteryDischargeGranularity recorded 2 samples, mean = 0.0 (flags = 0x41)
0  --O                                                                       (2 = 100.0%)
1  ... 

Histogram: Prefs.JSonStore.SetValueKey recorded 14 samples (flags = 0x41)
174384190   --O                                                                       (2 = 14.3%)
372921139   --O                                                                       (2 = 14.3%)
852125461   --O                                                                       (2 = 14.3%)
1923415074  --O                                                                       (2 = 14.3%)
1927273959  -O                                                                        (1 = 7.1%)
1936820420  --O                                                                       (2 = 14.3%)
1956100443  -O                                                                        (1 = 7.1%)
2056672062  -O                                                                        (1 = 7.1%)
2082524502  -O                                                                        (1 = 7.1%)

Histogram: Privacy.CookieControlsSetting.RegularProfile recorded 1 samples, mean = 2.0 (flags = 0x41)
0  ... 
2  -O                                                                        (1 = 100.0%) {0.0%}
3  O                                                                         (0 = 0.0%) {100.0%}

Histogram: Privacy.DIPS.BounceCategoryServer.Block3PC recorded 1 samples, mean = 0.0 (flags = 0x41)
0  -O                                                                        (1 = 100.0%)
1  ... 

Histogram: Privacy.DIPS.DIPSErrorCodes recorded 4 samples, mean = 3.0 (flags = 0x41)
0  --O                                                                       (2 = 50.0%)
1  ... 
6  --O                                                                       (2 = 50.0%) {50.0%}
7  ... 

Histogram: Privacy.DIPS.Database.Operation.FilterSitesWithProtectiveEventTime recorded 1 samples, mean = 0.0 (flags = 0x41)
0  -O                                                                        (1 = 100.0%)
1  ... 

Histogram: Privacy.DIPS.Database.Operation.InitTime recorded 1 samples, mean = 3.0 (flags = 0x41)
0  ... 
3  -O                                                                        (1 = 100.0%) {0.0%}
4  ... 

Histogram: Privacy.DIPS.Database.Operation.ReadPopupTime recorded 1 samples, mean = 0.0 (flags = 0x41)
0  -O                                                                        (1 = 100.0%)
1  ... 

Histogram: Privacy.DIPS.Database.Operation.ReadTime recorded 3 samples, mean = 0.0 (flags = 0x41)
0  ---O                                                                      (3 = 100.0%)
1  ... 

Histogram: Privacy.DIPS.Database.Operation.RemoveRowsTime recorded 1 samples, mean = 16.0 (flags = 0x41)
0   ... 
14  -O                                                                        (1 = 100.0%) {0.0%}
17  ... 

Histogram: Privacy.DIPS.Database.Operation.WriteTime recorded 2 samples, mean = 22.0 (flags = 0x41)
0   ... 
2   -O                                                                        (1 = 50.0%) {0.0%}
3   ... 
40  -O                                                                        (1 = 50.0%) {50.0%}
48  ... 

Histogram: Privacy.DIPS.DatabaseEntryCount recorded 1 samples, mean = 1.0 (flags = 0x41)
0  O                                                                         (0 = 0.0%)
1  -O                                                                        (1 = 100.0%) {0.0%}
2  ... 

Histogram: Privacy.DIPS.DatabaseHealthMetricsTime recorded 1 samples, mean = 0.0 (flags = 0x41)
0  -O                                                                        (1 = 100.0%)
1  ... 

Histogram: Privacy.DIPS.DatabaseInit recorded 1 samples, mean = 1.0 (flags = 0x41)
0  O                                                                         (0 = 0.0%)
1  -O                                                                        (1 = 100.0%) {0.0%}
2  ... 

Histogram: Privacy.DIPS.DatabaseSize recorded 1 samples, mean = 36.0 (flags = 0x41)
0  -O                                                                        (1 = 100.0%)
1000... 

Histogram: Privacy.DoNotTrackSetting2 recorded 1 samples, mean = 0.0 (flags = 0x41)
0  -O                                                                        (1 = 100.0%)
1  ... 

Histogram: Privacy.ThirdPartyCookieBlockingSetting.RegularProfile recorded 1 samples, mean = 0.0 (flags = 0x41)
0  -O                                                                        (1 = 100.0%)
1  ... 

Histogram: PrivacyBudget.Identifiability.FinchConfigValidationResult recorded 1 samples, mean = 1.0 (flags = 0x41)
0  O                                                                         (0 = 0.0%)
1  -O                                                                        (1 = 100.0%) {0.0%}
2  O                                                                         (0 = 0.0%) {100.0%}

Histogram: PrivacySandbox.NoticeRequirement.IsVariationCountryEmpty recorded 3 samples, mean = 1.0 (flags = 0x41)
0  O                                                                         (0 = 0.0%)
1  ---O                                                                      (3 = 100.0%) {0.0%}
2  O                                                                         (0 = 0.0%) {100.0%}

Histogram: PrivacySandbox.NoticeRequirement.IsVariationServiceReady recorded 3 samples, mean = 1.0 (flags = 0x41)
0  O                                                                         (0 = 0.0%)
1  ---O                                                                      (3 = 100.0%) {0.0%}
2  O                                                                         (0 = 0.0%) {100.0%}

Histogram: PrivacySandbox.TrackingProtection.OnboardingStartup.State recorded 1 samples, mean = 0.0 (flags = 0x41)
0  -O                                                                        (1 = 100.0%)
1  ... 

Histogram: PrivacySandbox.TrackingProtection.SilentOnboardingStartup.State recorded 1 samples, mean = 0.0 (flags = 0x41)
0  -O                                                                        (1 = 100.0%)
1  ... 

Histogram: Profile.AppCount recorded 1 samples, mean = 0.0 (flags = 0x41)
0  -O                                                                        (1 = 100.0%)
1  ... 

Histogram: Profile.BookmarksSize recorded 1 samples, mean = 0.0 (flags = 0x41)
0  -O                                                                        (1 = 100.0%)
1  ... 

Histogram: Profile.CookiesSize recorded 1 samples, mean = 0.0 (flags = 0x41)
0  -O                                                                        (1 = 100.0%)
1  ... 

Histogram: Profile.Destroyer.OffTheRecord recorded 1 samples, mean = 1.0 (flags = 0x41)
0  O                                                                         (0 = 0.0%)
1  -O                                                                        (1 = 100.0%) {0.0%}
2  ... 

Histogram: Profile.DidDestroyProfileBeforeShutdown recorded 1 samples, mean = 0.0 (flags = 0x41)
0  -O                                                                        (1 = 100.0%)
1  ... 

Histogram: Profile.ExtensionSize recorded 1 samples, mean = 0.0 (flags = 0x41)
0  -O                                                                        (1 = 100.0%)
1  ... 

Histogram: Profile.FaviconsSize recorded 1 samples, mean = 0.0 (flags = 0x41)
0  -O                                                                        (1 = 100.0%)
1  ... 

Histogram: Profile.HistorySize recorded 1 samples, mean = 0.0 (flags = 0x41)
0  -O                                                                        (1 = 100.0%)
1  ... 

Histogram: Profile.KeepAliveLeakAtShutdown recorded 2 samples, mean = 3.5 (flags = 0x41)
0  -O                                                                        (1 = 50.0%)
1  ... 
7  -O                                                                        (1 = 50.0%) {50.0%}
8  ... 

Histogram: Profile.TopSitesSize recorded 1 samples, mean = 0.0 (flags = 0x41)
0  -O                                                                        (1 = 100.0%)
1  ... 

Histogram: Profile.TotalHistorySize recorded 1 samples, mean = 0.0 (flags = 0x41)
0  -O                                                                        (1 = 100.0%)
1  ... 

Histogram: Profile.TotalSize recorded 1 samples, mean = 0.0 (flags = 0x41)
0  -O                                                                        (1 = 100.0%)
1  ... 

Histogram: Profile.TotalSizeRecursive recorded 1 samples, mean = 8.0 (flags = 0x41)
0  ... 
8  -O                                                                        (1 = 100.0%) {0.0%}
10 ... 

Histogram: Profile.TriggeredReset recorded 1 samples, mean = 0.0 (flags = 0x41)
0  -O                                                                        (1 = 100.0%)
1  ... 

Histogram: Profile.VisitedLinksSize recorded 1 samples, mean = 0.0 (flags = 0x41)
0  -O                                                                        (1 = 100.0%)
1  ... 

Histogram: Profile.WebDataSize recorded 1 samples, mean = 0.0 (flags = 0x41)
0  -O                                                                        (1 = 100.0%)
1  ... 

Histogram: ProfilePicker.StartupMode.CreateInitialProfile recorded 1 samples, mean = 0.0 (flags = 0x41)
0  -O                                                                        (1 = 100.0%)
1  ... 

Histogram: ProfilePicker.StartupMode.GetStartupProfile recorded 1 samples, mean = 0.0 (flags = 0x41)
0  -O                                                                        (1 = 100.0%)
1  ... 

Histogram: ProfilePicker.StartupReason.GetStartupProfile recorded 1 samples, mean = 27.0 (flags = 0x41)
0   ... 
27  -O                                                                        (1 = 100.0%) {0.0%}
28  ... 

Histogram: ProtoDB.GetErrorStatus.Metadata recorded 0 samples (flags = 0x41)
0 ... 

Histogram: ProtoDB.GetFound.Metadata recorded 18 samples, mean = 1.0 (flags = 0x41)
0  O                                                                         (0 = 0.0%)
1  ------------------O                                                       (18 = 100.0%) {0.0%}
2  O                                                                         (0 = 0.0%) {100.0%}

Histogram: ProtoDB.GetSuccess.Metadata recorded 18 samples, mean = 1.0 (flags = 0x41)
0  O                                                                         (0 = 0.0%)
1  ------------------O                                                       (18 = 100.0%) {0.0%}
2  O                                                                         (0 = 0.0%) {100.0%}

Histogram: ProtoDB.InitStatus.BudgetManager recorded 1 samples, mean = 4.0 (flags = 0x41)
0  ... 
4  -O                                                                        (1 = 100.0%) {0.0%}
5  ... 

Histogram: ProtoDB.InitStatus.CartDatabase recorded 1 samples, mean = 4.0 (flags = 0x41)
0  ... 
4  -O                                                                        (1 = 100.0%) {0.0%}
5  ... 

Histogram: ProtoDB.InitStatus.ClientCertificatesDatabase recorded 1 samples, mean = 4.0 (flags = 0x41)
0  ... 
4  -O                                                                        (1 = 100.0%) {0.0%}
5  ... 

Histogram: ProtoDB.InitStatus.CommerceParcelTrackingDatabase recorded 1 samples, mean = 4.0 (flags = 0x41)
0  ... 
4  -O                                                                        (1 = 100.0%) {0.0%}
5  ... 

Histogram: ProtoDB.InitStatus.CommerceSubscriptionDatabase recorded 1 samples, mean = 4.0 (flags = 0x41)
0  ... 
4  -O                                                                        (1 = 100.0%) {0.0%}
5  ... 

Histogram: ProtoDB.InitStatus.CouponDatabase recorded 1 samples, mean = 4.0 (flags = 0x41)
0  ... 
4  -O                                                                        (1 = 100.0%) {0.0%}
5  ... 

Histogram: ProtoDB.InitStatus.DiscountsDatabase recorded 1 samples, mean = 4.0 (flags = 0x41)
0  ... 
4  -O                                                                        (1 = 100.0%) {0.0%}
5  ... 

Histogram: ProtoDB.InitStatus.DownloadDB recorded 1 samples, mean = 4.0 (flags = 0x41)
0  ... 
4  -O                                                                        (1 = 100.0%) {0.0%}
5  ... 

Histogram: ProtoDB.InitStatus.DownloadService recorded 1 samples, mean = 4.0 (flags = 0x41)
0  ... 
4  -O                                                                        (1 = 100.0%) {0.0%}
5  ... 

Histogram: ProtoDB.InitStatus.FeatureEngagementTrackerAvailabilityStore recorded 1 samples, mean = 4.0 (flags = 0x41)
0  ... 
4  -O                                                                        (1 = 100.0%) {0.0%}
5  ... 

Histogram: ProtoDB.InitStatus.FeatureEngagementTrackerEventStore recorded 1 samples, mean = 4.0 (flags = 0x41)
0  ... 
4  -O                                                                        (1 = 100.0%) {0.0%}
5  ... 

Histogram: ProtoDB.InitStatus.Metadata recorded 1 samples, mean = 0.0 (flags = 0x41)
0  -O                                                                        (1 = 100.0%)
1  ... 

Histogram: ProtoDB.InitStatus.PersistentOriginTrials recorded 1 samples, mean = 4.0 (flags = 0x41)
0  ... 
4  -O                                                                        (1 = 100.0%) {0.0%}
5  ... 

Histogram: ProtoDB.InitStatus.PreviewsHintCacheStore recorded 1 samples, mean = 4.0 (flags = 0x41)
0  ... 
4  -O                                                                        (1 = 100.0%) {0.0%}
5  ... 

Histogram: ProtoDB.InitStatus.SegmentInfoDatabase recorded 1 samples, mean = 4.0 (flags = 0x41)
0  ... 
4  -O                                                                        (1 = 100.0%) {0.0%}
5  ... 

Histogram: ProtoDB.InitStatus.SharedDb recorded 1 samples, mean = 0.0 (flags = 0x41)
0  -O                                                                        (1 = 100.0%)
1  ... 

Histogram: ProtoDB.InitStatus.SignalDatabase recorded 1 samples, mean = 4.0 (flags = 0x41)
0  ... 
4  -O                                                                        (1 = 100.0%) {0.0%}
5  ... 

Histogram: ProtoDB.InitStatus.SignalStorageConfigDatabase recorded 1 samples, mean = 4.0 (flags = 0x41)
0  ... 
4  -O                                                                        (1 = 100.0%) {0.0%}
5  ... 

Histogram: ProtoDB.InitStatus.StrikeService recorded 1 samples, mean = 4.0 (flags = 0x41)
0  ... 
4  -O                                                                        (1 = 100.0%) {0.0%}
5  ... 

Histogram: ProtoDB.LoadEntriesSuccess.CartDatabase recorded 1 samples, mean = 1.0 (flags = 0x41)
0  O                                                                         (0 = 0.0%)
1  -O                                                                        (1 = 100.0%) {0.0%}
2  O                                                                         (0 = 0.0%) {100.0%}

Histogram: ProtoDB.LoadEntriesSuccess.CouponDatabase recorded 1 samples, mean = 1.0 (flags = 0x41)
0  O                                                                         (0 = 0.0%)
1  -O                                                                        (1 = 100.0%) {0.0%}
2  O                                                                         (0 = 0.0%) {100.0%}

Histogram: ProtoDB.LoadEntriesSuccess.DownloadDB recorded 1 samples, mean = 1.0 (flags = 0x41)
0  O                                                                         (0 = 0.0%)
1  -O                                                                        (1 = 100.0%) {0.0%}
2  O                                                                         (0 = 0.0%) {100.0%}

Histogram: ProtoDB.LoadEntriesSuccess.DownloadService recorded 1 samples, mean = 1.0 (flags = 0x41)
0  O                                                                         (0 = 0.0%)
1  -O                                                                        (1 = 100.0%) {0.0%}
2  O                                                                         (0 = 0.0%) {100.0%}

Histogram: ProtoDB.LoadEntriesSuccess.FeatureEngagementTrackerAvailabilityStore recorded 1 samples, mean = 1.0 (flags = 0x41)
0  O                                                                         (0 = 0.0%)
1  -O                                                                        (1 = 100.0%) {0.0%}
2  O                                                                         (0 = 0.0%) {100.0%}

Histogram: ProtoDB.LoadEntriesSuccess.FeatureEngagementTrackerEventStore recorded 1 samples, mean = 1.0 (flags = 0x41)
0  O                                                                         (0 = 0.0%)
1  -O                                                                        (1 = 100.0%) {0.0%}
2  O                                                                         (0 = 0.0%) {100.0%}

Histogram: ProtoDB.LoadEntriesSuccess.PersistentOriginTrials recorded 1 samples, mean = 1.0 (flags = 0x41)
0  O                                                                         (0 = 0.0%)
1  -O                                                                        (1 = 100.0%) {0.0%}
2  O                                                                         (0 = 0.0%) {100.0%}

Histogram: ProtoDB.LoadEntriesSuccess.SegmentInfoDatabase recorded 1 samples, mean = 1.0 (flags = 0x41)
0  O                                                                         (0 = 0.0%)
1  -O                                                                        (1 = 100.0%) {0.0%}
2  O                                                                         (0 = 0.0%) {100.0%}

Histogram: ProtoDB.LoadEntriesSuccess.SignalStorageConfigDatabase recorded 1 samples, mean = 1.0 (flags = 0x41)
0  O                                                                         (0 = 0.0%)
1  -O                                                                        (1 = 100.0%) {0.0%}
2  O                                                                         (0 = 0.0%) {100.0%}

Histogram: ProtoDB.LoadKeysAndEntriesSuccess.PreviewsHintCacheStore recorded 2 samples, mean = 1.0 (flags = 0x41)
0  O                                                                         (0 = 0.0%)
1  --O                                                                       (2 = 100.0%) {0.0%}
2  O                                                                         (0 = 0.0%) {100.0%}

Histogram: ProtoDB.LoadKeysAndEntriesSuccess.StrikeService recorded 1 samples, mean = 1.0 (flags = 0x41)
0  O                                                                         (0 = 0.0%)
1  -O                                                                        (1 = 100.0%) {0.0%}
2  O                                                                         (0 = 0.0%) {100.0%}

Histogram: ProtoDB.SharedDbInitStatus recorded 53 samples, mean = 11.4 (flags = 0x41)
0   ------------------O                                                       (18 = 34.0%)
1   ... 
11  -----------------O                                                        (17 = 32.1%) {34.0%}
12  ... 
23  -----------------O                                                        (17 = 32.1%) {66.0%}
24  ... 
27  -O                                                                        (1 = 1.9%) {98.1%}
28  ... 

Histogram: ProtoDB.UpdateErrorStatus.CartDatabase recorded 0 samples (flags = 0x41)
0 ... 

Histogram: ProtoDB.UpdateErrorStatus.CouponDatabase recorded 0 samples (flags = 0x41)
0 ... 

Histogram: ProtoDB.UpdateErrorStatus.Default recorded 0 samples (flags = 0x41)
0 ... 

Histogram: ProtoDB.UpdateErrorStatus.FeatureEngagementTrackerAvailabilityStore recorded 0 samples (flags = 0x41)
0 ... 

Histogram: ProtoDB.UpdateErrorStatus.Metadata recorded 0 samples (flags = 0x41)
0 ... 

Histogram: ProtoDB.UpdateErrorStatus.SegmentInfoDatabase recorded 0 samples (flags = 0x41)
0 ... 

Histogram: ProtoDB.UpdateSuccess.CartDatabase recorded 1 samples, mean = 1.0 (flags = 0x41)
0  O                                                                         (0 = 0.0%)
1  -O                                                                        (1 = 100.0%) {0.0%}
2  O                                                                         (0 = 0.0%) {100.0%}

Histogram: ProtoDB.UpdateSuccess.CouponDatabase recorded 1 samples, mean = 1.0 (flags = 0x41)
0  O                                                                         (0 = 0.0%)
1  -O                                                                        (1 = 100.0%) {0.0%}
2  O                                                                         (0 = 0.0%) {100.0%}

Histogram: ProtoDB.UpdateSuccess.Default recorded 5 samples, mean = 1.0 (flags = 0x41)
0  O                                                                         (0 = 0.0%)
1  -----O                                                                    (5 = 100.0%) {0.0%}
2  O                                                                         (0 = 0.0%) {100.0%}

Histogram: ProtoDB.UpdateSuccess.FeatureEngagementTrackerAvailabilityStore recorded 1 samples, mean = 1.0 (flags = 0x41)
0  O                                                                         (0 = 0.0%)
1  -O                                                                        (1 = 100.0%) {0.0%}
2  O                                                                         (0 = 0.0%) {100.0%}

Histogram: ProtoDB.UpdateSuccess.Metadata recorded 1 samples, mean = 1.0 (flags = 0x41)
0  O                                                                         (0 = 0.0%)
1  -O                                                                        (1 = 100.0%) {0.0%}
2  O                                                                         (0 = 0.0%) {100.0%}

Histogram: ProtoDB.UpdateSuccess.SegmentInfoDatabase recorded 11 samples, mean = 1.0 (flags = 0x41)
0  O                                                                         (0 = 0.0%)
1  -----------O                                                              (11 = 100.0%) {0.0%}
2  O                                                                         (0 = 0.0%) {100.0%}

Histogram: Quota.AvailableDiskSpace recorded 1 samples, mean = 48228.0 (flags = 0x41)
0      ... 
47754  -O                                                                        (1 = 100.0%) {0.0%}
55707  ... 

Histogram: Quota.GlobalTemporaryPoolSize recorded 1 samples, mean = 372380.0 (flags = 0x41)
0       ... 
353788  -O                                                                        (1 = 100.0%) {0.0%}
412711  ... 

Histogram: Quota.PercentDiskAvailable recorded 1 samples, mean = 10.0 (flags = 0x41)
0   ... 
10  -O                                                                        (1 = 100.0%) {0.0%}
11  ... 

Histogram: Quota.TotalDiskSpace recorded 1 samples, mean = 465475.0 (flags = 0x41)
0       ... 
412711  -O                                                                        (1 = 100.0%) {0.0%}
481447  ... 

Histogram: Quota.TotalDiskSpaceIsZero recorded 1 samples, mean = 0.0 (flags = 0x41)
0  -O                                                                        (1 = 100.0%)
1  ... 

Histogram: ReadingList.Read.Count.OnModelLoaded.AccountStorage recorded 1 samples, mean = 0.0 (flags = 0x41)
0  -O                                                                        (1 = 100.0%)
1  ... 

Histogram: ReadingList.Read.Count.OnModelLoaded.LocalStorage recorded 1 samples, mean = 0.0 (flags = 0x41)
0  -O                                                                        (1 = 100.0%)
1  ... 

Histogram: ReadingList.Unread.Count.OnModelLoaded.AccountStorage recorded 1 samples, mean = 0.0 (flags = 0x41)
0  -O                                                                        (1 = 100.0%)
1  ... 

Histogram: ReadingList.Unread.Count.OnModelLoaded.LocalStorage recorded 1 samples, mean = 0.0 (flags = 0x41)
0  -O                                                                        (1 = 100.0%)
1  ... 

Histogram: Renderer.Core.Timing.Performance.SwapsPerPerformanceEntryInsertion recorded 56 samples, mean = 0.8 (flags = 0x41)
0  ------------------------------------------O                               (42 = 75.0%)
1  -----O                                                                    (5 = 8.9%) {75.0%}
2  ---O                                                                      (3 = 5.4%) {83.9%}
3  -O                                                                        (1 = 1.8%) {89.3%}
4  -O                                                                        (1 = 1.8%) {91.1%}
5  -O                                                                        (1 = 1.8%) {92.9%}
6  -O                                                                        (1 = 1.8%) {94.6%}
7  -O                                                                        (1 = 1.8%) {96.4%}
8  O                                                                         (0 = 0.0%) {98.2%}
9  -O                                                                        (1 = 1.8%) {98.2%}
10 ... 

Histogram: Renderer.CriticalFonts.BlockingResourcesLoadTime recorded 1 samples, mean = 6755.0 (flags = 0x41)
0     ... 
5961  -O                                                                        (1 = 100.0%) {0.0%}
7083  ... 

Histogram: Renderer.CriticalFonts.CriticalFontDelay recorded 1 samples, mean = 0.0 (flags = 0x41)
0  -O                                                                        (1 = 100.0%)
1  ... 

Histogram: Renderer.CriticalFonts.PreloadedFontsLoadTime recorded 1 samples, mean = 5770.0 (flags = 0x41)
0     ... 
5017  -O                                                                        (1 = 100.0%) {0.0%}
5961  ... 

Histogram: Renderer.Font.PrimaryFont.DomContentLoaded recorded 1 samples, mean = 0.0 (flags = 0x41)
0  -O                                                                        (1 = 100.0%)
1  ... 

Histogram: Renderer.Font.PrimaryFont.DomContentLoaded.Style recorded 1 samples, mean = 0.0 (flags = 0x41)
0  -O                                                                        (1 = 100.0%)
1  ... 

Histogram: Renderer.Font.SystemFallback.DomContentLoaded recorded 1 samples, mean = 0.0 (flags = 0x41)
0  -O                                                                        (1 = 100.0%)
1  ... 

Histogram: Renderer.Layout.TextWrapBalance recorded 4 samples, mean = 0.0 (flags = 0x41)
0  ----O                                                                     (4 = 100.0%)
1  ... 

Histogram: Renderer.ProcessLifetime3 recorded 3 samples, mean = 99262.7 (flags = 0x41)
0       ... 
2006    -O                                                                        (1 = 33.3%) {0.0%}
2253    ... 
146586  --O                                                                       (2 = 66.7%) {33.3%}
164613  ... 

Histogram: Renderer.ProcessLifetime3.Empty recorded 1 samples, mean = 147050.0 (flags = 0x41)
0       ... 
146586  -O                                                                        (1 = 100.0%) {0.0%}
164613  ... 

Histogram: Renderer.ProcessLifetime3.MainFrame recorded 1 samples, mean = 148721.0 (flags = 0x41)
0       ... 
146586  -O                                                                        (1 = 100.0%) {0.0%}
164613  ... 

Histogram: Renderer.ProcessLifetime3.Speculative recorded 1 samples, mean = 2017.0 (flags = 0x41)
0     ... 
2006  -O                                                                        (1 = 100.0%) {0.0%}
2253  ... 

Histogram: Renderer.ReduceSubresourceResponseIPC.DidNotifyBrowser recorded 49 samples, mean = 1.0 (flags = 0x41)
0  O                                                                         (0 = 0.0%)
1  -------------------------------------------------O                        (49 = 100.0%) {0.0%}
2  O                                                                         (0 = 0.0%) {100.0%}

Histogram: Renderer4.GpuRasterizationEnabled recorded 1 samples, mean = 1.0 (flags = 0x41)
0  O                                                                         (0 = 0.0%)
1  -O                                                                        (1 = 100.0%) {0.0%}
2  O                                                                         (0 = 0.0%) {100.0%}

Histogram: RendererScheduler.RendererMainThreadLoad5 recorded 304 samples, mean = 0.6 (flags = 0x41)
0   ------------------------------------------------------------------------O (294 = 96.7%)
1   -O                                                                        (4 = 1.3%) {96.7%}
2   O                                                                         (1 = 0.3%) {98.0%}
3   ... 
21  O                                                                         (1 = 0.3%) {98.4%}
22  ... 
24  O                                                                         (1 = 0.3%) {98.7%}
25  ... 
38  O                                                                         (1 = 0.3%) {99.0%}
39  ... 
48  O                                                                         (1 = 0.3%) {99.3%}
49  O                                                                         (0 = 0.0%) {99.7%}
50  O                                                                         (1 = 0.3%) {99.7%}
51  ... 

Histogram: RendererScheduler.RendererMainThreadLoad5.Background recorded 148 samples, mean = 0.0 (flags = 0x41)
0  ------------------------------------------------------------------------O (146 = 98.6%)
1  O                                                                         (1 = 0.7%) {98.6%}
2  O                                                                         (1 = 0.7%) {99.3%}
3  ... 

Histogram: RendererScheduler.RendererMainThreadLoad5.Background.AfterFirstMinute recorded 88 samples, mean = 0.0 (flags = 0x41)
0  ------------------------------------------------------------------------O (88 = 100.0%)
1  ... 

Histogram: RendererScheduler.RendererMainThreadLoad5.Foreground recorded 5 samples, mean = 13.8 (flags = 0x41)
0   ---O                                                                      (3 = 60.0%)
1   ... 
21  -O                                                                        (1 = 20.0%) {60.0%}
22  ... 
48  -O                                                                        (1 = 20.0%) {80.0%}
49  ... 

Histogram: RendererScheduler.RendererMainThreadLoad5.Foreground.AfterFirstMinute recorded 88 samples, mean = 0.0 (flags = 0x41)
0  ------------------------------------------------------------------------O (88 = 100.0%)
1  ... 

Histogram: ReportingAndNEL.NumberOfLoadedNELPolicies recorded 1 samples, mean = 0.0 (flags = 0x41)
0  -O                                                                        (1 = 100.0%)
1  ... 

Histogram: ReportingAndNEL.NumberOfLoadedNELPolicies2 recorded 1 samples, mean = 0.0 (flags = 0x41)
0  -O                                                                        (1 = 100.0%)
1  ... 

Histogram: ReportingAndNEL.TimeInitializeDB recorded 1 samples, mean = 2.0 (flags = 0x41)
0  ... 
2  -O                                                                        (1 = 100.0%) {0.0%}
3  ... 

Histogram: ResourceScheduler.RequestQueuingDuration.Priority1 recorded 5 samples, mean = 0.0 (flags = 0x41)
0  -----O                                                                    (5 = 100.0%)
1  ... 

Histogram: ResourceScheduler.RequestQueuingDuration.Priority2 recorded 29 samples, mean = 0.0 (flags = 0x41)
0  -----------------------------O                                            (29 = 100.0%)
1  ... 

Histogram: ResourceScheduler.RequestQueuingDuration.Priority3 recorded 1 samples, mean = 0.0 (flags = 0x41)
0  -O                                                                        (1 = 100.0%)
1  ... 

Histogram: ResourceScheduler.RequestQueuingDuration.Priority4 recorded 7 samples, mean = 0.0 (flags = 0x41)
0  -------O                                                                  (7 = 100.0%)
1  ... 

Histogram: ResourceScheduler.RequestQueuingDuration.Priority5 recorded 13 samples, mean = 0.0 (flags = 0x41)
0  -------------O                                                            (13 = 100.0%)
1  ... 

Histogram: SBClientPhishing.Classifier.Event recorded 2 samples, mean = 1.0 (flags = 0x41)
0  O                                                                         (0 = 0.0%)
1  --O                                                                       (2 = 100.0%) {0.0%}
2  ... 

Histogram: SBClientPhishing.HighConfidenceAllowlistCheckDuration recorded 1 samples, mean = 325.0 (flags = 0x41)
0    ... 
280  -O                                                                        (1 = 100.0%) {0.0%}
356  ... 

Histogram: SBClientPhishing.ImageEmbedder.Event recorded 2 samples, mean = 1.0 (flags = 0x41)
0  O                                                                         (0 = 0.0%)
1  --O                                                                       (2 = 100.0%) {0.0%}
2  ... 

Histogram: SBClientPhishing.LoadReportTimesFromPrefAtServiceCreationSuccessful recorded 1 samples, mean = 1.0 (flags = 0x41)
0  O                                                                         (0 = 0.0%)
1  -O                                                                        (1 = 100.0%) {0.0%}
2  O                                                                         (0 = 0.0%) {100.0%}

Histogram: SBClientPhishing.MatchHighConfidenceAllowlist recorded 1 samples, mean = 3.0 (flags = 0x41)
0  ... 
3  -O                                                                        (1 = 100.0%) {0.0%}
4  O                                                                         (0 = 0.0%) {100.0%}

Histogram: SBClientPhishing.MatchHighConfidenceAllowlist.TriggerModel recorded 1 samples, mean = 3.0 (flags = 0x41)
0  ... 
3  -O                                                                        (1 = 100.0%) {0.0%}
4  O                                                                         (0 = 0.0%) {100.0%}

Histogram: SBClientPhishing.PreClassificationCheckResult recorded 1 samples, mean = 3.0 (flags = 0x41)
0  ... 
3  -O                                                                        (1 = 100.0%) {0.0%}
4  ... 

Histogram: SSL.Experimental.SubresourceResponse recorded 49 samples, mean = 0.0 (flags = 0x41)
0  -------------------------------------------------O                        (49 = 100.0%)
1  ... 

Histogram: SafeBrowsing.AsyncCheck.CommittedNavigationIdsSize recorded 5 samples, mean = 1.6 (flags = 0x41)
0  -O                                                                        (1 = 20.0%)
1  -O                                                                        (1 = 20.0%) {20.0%}
2  --O                                                                       (2 = 40.0%) {40.0%}
3  -O                                                                        (1 = 20.0%) {80.0%}
4  ... 

Histogram: SafeBrowsing.BrowserThrottle.CheckerOnIOLifetime recorded 1 samples, mean = 2470.0 (flags = 0x41)
0     ... 
2415  -O                                                                        (1 = 100.0%) {0.0%}
3069  ... 

Histogram: SafeBrowsing.BrowserThrottle.IntervalBetweenStartAndProcess recorded 1 samples, mean = 2469.0 (flags = 0x41)
0     ... 
2117  -O                                                                        (1 = 100.0%) {0.0%}
2516  ... 

Histogram: SafeBrowsing.BrowserThrottle.IntervalBetweenStartAndProcess.FromNetwork recorded 1 samples, mean = 2469.0 (flags = 0x41)
0     ... 
2117  -O                                                                        (1 = 100.0%) {0.0%}
2516  ... 

Histogram: SafeBrowsing.BrowserThrottle.IsCheckCompletedOnProcessResponse recorded 1 samples, mean = 1.0 (flags = 0x41)
0  O                                                                         (0 = 0.0%)
1  -O                                                                        (1 = 100.0%) {0.0%}
2  O                                                                         (0 = 0.0%) {100.0%}

Histogram: SafeBrowsing.BrowserThrottle.RequestDestination recorded 1 samples, mean = 3.0 (flags = 0x41)
0  ... 
3  -O                                                                        (1 = 100.0%) {0.0%}
4  ... 

Histogram: SafeBrowsing.BrowserThrottle.RequestDestination.Checked recorded 1 samples, mean = 3.0 (flags = 0x41)
0  ... 
3  -O                                                                        (1 = 100.0%) {0.0%}
4  ... 

Histogram: SafeBrowsing.BrowserThrottle.TotalDelay2.FromNetwork recorded 1 samples, mean = 0.0 (flags = 0x41)
0  -O                                                                        (1 = 100.0%)
1  ... 

Histogram: SafeBrowsing.BrowserThrottle.TotalDelay2.HashPrefixDatabaseCheck recorded 1 samples, mean = 0.0 (flags = 0x41)
0  -O                                                                        (1 = 100.0%)
1  ... 

Histogram: SafeBrowsing.BrowserThrottle.WillProcessResponseCount recorded 1 samples, mean = 1.0 (flags = 0x41)
0  O                                                                         (0 = 0.0%)
1  -O                                                                        (1 = 100.0%) {0.0%}
2  ... 

Histogram: SafeBrowsing.CheckBrowseUrl.HasLocalMatch recorded 1 samples, mean = 1.0 (flags = 0x41)
0  O                                                                         (0 = 0.0%)
1  -O                                                                        (1 = 100.0%) {0.0%}
2  O                                                                         (0 = 0.0%) {100.0%}

Histogram: SafeBrowsing.CheckUrl.Action recorded 1 samples, mean = 0.0 (flags = 0x41)
0  -O                                                                        (1 = 100.0%)
1  ... 

Histogram: SafeBrowsing.CheckUrl.FirstRequestThreatType2 recorded 1 samples, mean = 1.0 (flags = 0x41)
0  O                                                                         (0 = 0.0%)
1  -O                                                                        (1 = 100.0%) {0.0%}
2  ... 

Histogram: SafeBrowsing.CheckUrl.FirstRequestThreatType2.LocalPVer4 recorded 1 samples, mean = 1.0 (flags = 0x41)
0  O                                                                         (0 = 0.0%)
1  -O                                                                        (1 = 100.0%) {0.0%}
2  ... 

Histogram: SafeBrowsing.CheckUrl.FirstRequestTimedOut recorded 1 samples, mean = 0.0 (flags = 0x41)
0  -O                                                                        (1 = 100.0%)
1  ... 

Histogram: SafeBrowsing.CheckUrl.FirstRequestTimedOut.LocalPVer4 recorded 1 samples, mean = 0.0 (flags = 0x41)
0  -O                                                                        (1 = 100.0%)
1  ... 

Histogram: SafeBrowsing.CheckUrl.IsDocumentCheckPrefetch recorded 1 samples, mean = 0.0 (flags = 0x41)
0  -O                                                                        (1 = 100.0%)
1  ... 

Histogram: SafeBrowsing.CheckUrl.TimeTaken.HashDatabase recorded 1 samples, mean = 1240.0 (flags = 0x41)
0     ... 
1062  -O                                                                        (1 = 100.0%) {0.0%}
1262  ... 

Histogram: SafeBrowsing.CheckUrl.Timeout recorded 1 samples, mean = 0.0 (flags = 0x41)
0  -O                                                                        (1 = 100.0%)
1  ... 

Histogram: SafeBrowsing.CheckUrl.UrlScheme recorded 1 samples, mean = 10.0 (flags = 0x41)
0   ... 
10  -O                                                                        (1 = 100.0%) {0.0%}
11  ... 

Histogram: SafeBrowsing.ClientSidePhishingDetection.AllowlistMatchResult recorded 1 samples, mean = 1.0 (flags = 0x41)
0  O                                                                         (0 = 0.0%)
1  -O                                                                        (1 = 100.0%) {0.0%}
2  ... 

Histogram: SafeBrowsing.FileTypeUpdate.ResourceBundleResult recorded 1 samples (flags = 0x41)
1  -O                                                                        (1 = 100.0%)

Histogram: SafeBrowsing.FileTypeUpdate.ResourceBundleVersion recorded 1 samples (flags = 0x41)
66  -O                                                                        (1 = 100.0%)

Histogram: SafeBrowsing.HPRT.Cache.FullHashCount recorded 2 samples, mean = 0.0 (flags = 0x41)
0  --O                                                                       (2 = 100.0%)
1  ... 

Histogram: SafeBrowsing.HPRT.Cache.HashPrefixCount recorded 2 samples, mean = 0.0 (flags = 0x41)
0  --O                                                                       (2 = 100.0%)
1  ... 

Histogram: SafeBrowsing.HPRT.Ineligible.FeatureOff recorded 1 samples, mean = 0.0 (flags = 0x41)
0  -O                                                                        (1 = 100.0%)
1  ... 

Histogram: SafeBrowsing.HPRT.Ineligible.IneligibleForLocation recorded 1 samples, mean = 0.0 (flags = 0x41)
0  -O                                                                        (1 = 100.0%)
1  ... 

Histogram: SafeBrowsing.HPRT.Ineligible.IneligibleForSessionOrLocation recorded 1 samples, mean = 1.0 (flags = 0x41)
0  O                                                                         (0 = 0.0%)
1  -O                                                                        (1 = 100.0%) {0.0%}
2  O                                                                         (0 = 0.0%) {100.0%}

Histogram: SafeBrowsing.HPRT.Ineligible.NoGoogleChromeBranding recorded 1 samples, mean = 1.0 (flags = 0x41)
0  O                                                                         (0 = 0.0%)
1  -O                                                                        (1 = 100.0%) {0.0%}
2  O                                                                         (0 = 0.0%) {100.0%}

Histogram: SafeBrowsing.HPRT.Ineligible.NotAllowedByPolicy recorded 1 samples, mean = 0.0 (flags = 0x41)
0  -O                                                                        (1 = 100.0%)
1  ... 

Histogram: SafeBrowsing.HPRT.Ineligible.NotStandardProtection recorded 1 samples, mean = 0.0 (flags = 0x41)
0  -O                                                                        (1 = 100.0%)
1  ... 

Histogram: SafeBrowsing.HPRT.Ineligible.OffTheRecord recorded 1 samples, mean = 0.0 (flags = 0x41)
0  -O                                                                        (1 = 100.0%)
1  ... 

Histogram: SafeBrowsing.HasCookieAtStartup2 recorded 1 samples, mean = 0.0 (flags = 0x41)
0  -O                                                                        (1 = 100.0%)
1  ... 

Histogram: SafeBrowsing.PageLoadToken.TokenCount recorded 2 samples, mean = 0.0 (flags = 0x41)
0  --O                                                                       (2 = 100.0%)
1  ... 

Histogram: SafeBrowsing.Pref.Enhanced recorded 1 samples, mean = 0.0 (flags = 0x41)
0  -O                                                                        (1 = 100.0%)
1  ... 

Histogram: SafeBrowsing.Pref.Enhanced.RegularProfile recorded 1 samples, mean = 0.0 (flags = 0x41)
0  -O                                                                        (1 = 100.0%)
1  ... 

Histogram: SafeBrowsing.Pref.Extended recorded 1 samples, mean = 0.0 (flags = 0x41)
0  -O                                                                        (1 = 100.0%)
1  ... 

Histogram: SafeBrowsing.Pref.General recorded 1 samples, mean = 1.0 (flags = 0x41)
0  O                                                                         (0 = 0.0%)
1  -O                                                                        (1 = 100.0%) {0.0%}
2  O                                                                         (0 = 0.0%) {100.0%}

Histogram: SafeBrowsing.RT.CacheManager.CleanUpTime recorded 2 samples, mean = 0.0 (flags = 0x41)
0  --O                                                                       (2 = 100.0%)
1  ... 

Histogram: SafeBrowsing.RT.CanCheckDatabase recorded 1 samples, mean = 1.0 (flags = 0x41)
0  O                                                                         (0 = 0.0%)
1  -O                                                                        (1 = 100.0%) {0.0%}
2  O                                                                         (0 = 0.0%) {100.0%}

Histogram: SafeBrowsing.RT.ConsumerVersionReason recorded 2 samples, mean = 1.0 (flags = 0x41)
0  -O                                                                        (1 = 50.0%)
1  O                                                                         (0 = 0.0%) {50.0%}
2  -O                                                                        (1 = 50.0%) {50.0%}
3  ... 

Histogram: SafeBrowsing.RendererThrottle.IsCheckCompletedOnProcessResponse recorded 49 samples, mean = 1.0 (flags = 0x41)
0  O                                                                         (0 = 0.0%)
1  -------------------------------------------------O                        (49 = 100.0%) {0.0%}
2  O                                                                         (0 = 0.0%) {100.0%}

Histogram: SafeBrowsing.RendererThrottle.RequestDestination recorded 49 samples, mean = 10.6 (flags = 0x41)
0   -------O                                                                  (7 = 14.3%)
1   ... 
5   -----O                                                                    (5 = 10.2%) {14.3%}
6   ... 
8   -O                                                                        (1 = 2.0%) {24.5%}
9   -O                                                                        (1 = 2.0%) {26.5%}
10  ... 
13  ---------------------------O                                              (27 = 55.1%) {28.6%}
14  ... 
16  --------O                                                                 (8 = 16.3%) {83.7%}
17  ... 

Histogram: SafeBrowsing.V4Database.Size recorded 1 samples, mean = 0.0 (flags = 0x41)
0  -O                                                                        (1 = 100.0%)
1  ... 

Histogram: SafeBrowsing.V4Database.Size.ChromeExtMalware recorded 1 samples, mean = 0.0 (flags = 0x41)
0  -O                                                                        (1 = 100.0%)
1  ... 

Histogram: SafeBrowsing.V4Database.Size.UrlBilling recorded 1 samples, mean = 0.0 (flags = 0x41)
0  -O                                                                        (1 = 100.0%)
1  ... 

Histogram: SafeBrowsing.V4Database.Size.UrlCsdDownloadAllowlist recorded 1 samples, mean = 0.0 (flags = 0x41)
0  -O                                                                        (1 = 100.0%)
1  ... 

Histogram: SafeBrowsing.V4Database.Size.UrlMalBin recorded 1 samples, mean = 0.0 (flags = 0x41)
0  -O                                                                        (1 = 100.0%)
1  ... 

Histogram: SafeBrowsing.V4Database.Size.UrlMalware recorded 1 samples, mean = 0.0 (flags = 0x41)
0  -O                                                                        (1 = 100.0%)
1  ... 

Histogram: SafeBrowsing.V4Database.Size.UrlSoceng recorded 1 samples, mean = 0.0 (flags = 0x41)
0  -O                                                                        (1 = 100.0%)
1  ... 

Histogram: SafeBrowsing.V4Database.Size.UrlUws recorded 1 samples, mean = 0.0 (flags = 0x41)
0  -O                                                                        (1 = 100.0%)
1  ... 

Histogram: SafeBrowsing.V4Database.SizeLinear recorded 1 samples, mean = 0.0 (flags = 0x41)
0  -O                                                                        (1 = 100.0%)
1  ... 

Histogram: SafeBrowsing.V4Database.SizeLinear.ChromeExtMalware recorded 1 samples, mean = 0.0 (flags = 0x41)
0  -O                                                                        (1 = 100.0%)
1  ... 

Histogram: SafeBrowsing.V4Database.SizeLinear.UrlMalBin recorded 1 samples, mean = 0.0 (flags = 0x41)
0  -O                                                                        (1 = 100.0%)
1  ... 

Histogram: SafeBrowsing.V4Database.SizeLinear.UrlSoceng recorded 1 samples, mean = 0.0 (flags = 0x41)
0  -O                                                                        (1 = 100.0%)
1  ... 

Histogram: SafeBrowsing.V4DatabaseInitializationTime recorded 1 samples, mean = 3335.0 (flags = 0x41)
0     ... 
2990  -O                                                                        (1 = 100.0%) {0.0%}
3553  ... 

Histogram: SafeBrowsing.V4Store.IsStoreValid recorded 7 samples, mean = 0.0 (flags = 0x41)
0  -------O                                                                  (7 = 100.0%)
1  ... 

Histogram: SafeBrowsing.V4Store.IsStoreValid.ChromeExtMalware recorded 1 samples, mean = 0.0 (flags = 0x41)
0  -O                                                                        (1 = 100.0%)
1  ... 

Histogram: SafeBrowsing.V4Store.IsStoreValid.UrlBilling recorded 1 samples, mean = 0.0 (flags = 0x41)
0  -O                                                                        (1 = 100.0%)
1  ... 

Histogram: SafeBrowsing.V4Store.IsStoreValid.UrlCsdDownloadAllowlist recorded 1 samples, mean = 0.0 (flags = 0x41)
0  -O                                                                        (1 = 100.0%)
1  ... 

Histogram: SafeBrowsing.V4Store.IsStoreValid.UrlMalBin recorded 1 samples, mean = 0.0 (flags = 0x41)
0  -O                                                                        (1 = 100.0%)
1  ... 

Histogram: SafeBrowsing.V4Store.IsStoreValid.UrlMalware recorded 1 samples, mean = 0.0 (flags = 0x41)
0  -O                                                                        (1 = 100.0%)
1  ... 

Histogram: SafeBrowsing.V4Store.IsStoreValid.UrlSoceng recorded 1 samples, mean = 0.0 (flags = 0x41)
0  -O                                                                        (1 = 100.0%)
1  ... 

Histogram: SafeBrowsing.V4Store.IsStoreValid.UrlUws recorded 1 samples, mean = 0.0 (flags = 0x41)
0  -O                                                                        (1 = 100.0%)
1  ... 

Histogram: SafeBrowsing.V4Store.ReadyOnStartup recorded 7 samples, mean = 0.0 (flags = 0x41)
0  -------O                                                                  (7 = 100.0%)
1  ... 

Histogram: SafeBrowsing.V4StoreRead.Result recorded 7 samples, mean = 2.0 (flags = 0x41)
0  ... 
2  -------O                                                                  (7 = 100.0%) {0.0%}
3  ... 

Histogram: Scheduling.MessagePumpTimeKeeper.BrowserIO recorded 0 samples (flags = 0x41)
0 ... 

Histogram: Scheduling.MessagePumpTimeKeeper.BrowserUI recorded 0 samples (flags = 0x41)
0 ... 

Histogram: Scheduling.Renderer.DrawInterval2 recorded 2 samples, mean = 181451.5 (flags = 0x41)
0       ... 
13158   -O                                                                        (1 = 50.0%) {0.0%}
13889   ... 
333333  -O                                                                        (1 = 50.0%) {50.0%}
500000  ... 

Histogram: Scheduling.ThreadController.ActiveIntervalDuration.Any.BrowserUI recorded 48 samples, mean = 0.0 (flags = 0x41)
0  ------------------------------------------------O                         (48 = 100.0%)
1  ... 

Histogram: Scheduling.ThreadController.ActiveIntervalDuration.Any.Other recorded 8 samples, mean = 0.0 (flags = 0x41)
0  --------O                                                                 (8 = 100.0%)
1  ... 

Histogram: Scheduling.ThreadController.ActiveIntervalDuration.Short.BrowserUI recorded 48 samples, mean = 1.4 (flags = 0x41)
0  ----O                                                                     (4 = 8.3%)
1  --------------------------O                                               (26 = 54.2%) {8.3%}
2  --------------O                                                           (14 = 29.2%) {62.5%}
3  -O                                                                        (1 = 2.1%) {91.7%}
4  ---O                                                                      (3 = 6.2%) {93.8%}
5  ... 

Histogram: Scheduling.ThreadController.ActiveIntervalDuration.Short.Other recorded 8 samples, mean = 25.6 (flags = 0x41)
0   ... 
9   -O                                                                        (1 = 12.5%) {0.0%}
10  -O                                                                        (1 = 12.5%) {12.5%}
11  ... 
18  -O                                                                        (1 = 12.5%) {25.0%}
19  -O                                                                        (1 = 12.5%) {37.5%}
20  -O                                                                        (1 = 12.5%) {50.0%}
21  ... 
29  -O                                                                        (1 = 12.5%) {62.5%}
31  ... 
35  -O                                                                        (1 = 12.5%) {75.0%}
37  ... 
61  -O                                                                        (1 = 12.5%) {87.5%}
64  ... 

Histogram: Scheduling.ThreadController.ActiveIntervalOffCpuDuration.Any.BrowserUI recorded 48 samples, mean = 0.0 (flags = 0x41)
0  ------------------------------------------------O                         (48 = 100.0%)
1  ... 

Histogram: Scheduling.ThreadController.ActiveIntervalOffCpuDuration.Any.Other recorded 8 samples, mean = 0.0 (flags = 0x41)
0  --------O                                                                 (8 = 100.0%)
1  ... 

Histogram: Scheduling.ThreadController.ActiveIntervalOffCpuDuration.Short.BrowserUI recorded 48 samples, mean = 0.8 (flags = 0x41)
0  ---------------------O                                                    (21 = 43.8%)
1  --------------------O                                                     (20 = 41.7%) {43.8%}
2  ----O                                                                     (4 = 8.3%) {85.4%}
3  ---O                                                                      (3 = 6.2%) {93.8%}
4  ... 

Histogram: Scheduling.ThreadController.ActiveIntervalOffCpuDuration.Short.Other recorded 8 samples, mean = 1.5 (flags = 0x41)
0  -O                                                                        (1 = 12.5%)
1  ---O                                                                      (3 = 37.5%) {12.5%}
2  ---O                                                                      (3 = 37.5%) {50.0%}
3  -O                                                                        (1 = 12.5%) {87.5%}
4  ... 

Histogram: Scheduling.ThreadController.ActiveIntervalOnCpuDuration.Any.BrowserUI recorded 48 samples, mean = 0.0 (flags = 0x41)
0  ------------------------------------------------O                         (48 = 100.0%)
1  ... 

Histogram: Scheduling.ThreadController.ActiveIntervalOnCpuDuration.Any.Other recorded 8 samples, mean = 0.0 (flags = 0x41)
0  --------O                                                                 (8 = 100.0%)
1  ... 

Histogram: Scheduling.ThreadController.ActiveIntervalOnCpuDuration.Short.BrowserUI recorded 48 samples, mean = 0.7 (flags = 0x41)
0  ----------------O                                                         (16 = 33.3%)
1  --------------------------------O                                         (32 = 66.7%) {33.3%}
2  ... 

Histogram: Scheduling.ThreadController.ActiveIntervalOnCpuDuration.Short.Other recorded 8 samples, mean = 24.1 (flags = 0x41)
0   ... 
8   --O                                                                       (2 = 25.0%) {0.0%}
9   ... 
15  -O                                                                        (1 = 12.5%) {25.0%}
16  ... 
18  -O                                                                        (1 = 12.5%) {37.5%}
19  O                                                                         (0 = 0.0%) {50.0%}
20  -O                                                                        (1 = 12.5%) {50.0%}
21  ... 
29  -O                                                                        (1 = 12.5%) {62.5%}
31  O                                                                         (0 = 0.0%) {75.0%}
33  -O                                                                        (1 = 12.5%) {75.0%}
35  ... 
61  -O                                                                        (1 = 12.5%) {87.5%}
64  ... 

Histogram: Scheduling.ThreadController.ActiveIntervalOnCpuPercentage.Any.BrowserUI recorded 48 samples, mean = 57.5 (flags = 0x41)
0    ------------O                                                             (12 = 25.0%)
1    ... 
25   ---O                                                                      (3 = 6.2%) {25.0%}
26   ... 
33   -O                                                                        (1 = 2.1%) {31.2%}
34   ... 
50   -----------O                                                              (11 = 22.9%) {33.3%}
51   ... 
100  ---------------------O                                                    (21 = 43.8%) {56.2%}
101  O                                                                         (0 = 0.0%) {100.0%}

Histogram: Scheduling.ThreadController.ActiveIntervalOnCpuPercentage.Any.Other recorded 8 samples, mean = 91.4 (flags = 0x41)
0    ... 
80   -O                                                                        (1 = 12.5%) {0.0%}
81   ... 
83   -O                                                                        (1 = 12.5%) {12.5%}
84   ... 
88   -O                                                                        (1 = 12.5%) {25.0%}
89   ... 
94   --O                                                                       (2 = 25.0%) {37.5%}
95   O                                                                         (0 = 0.0%) {62.5%}
96   --O                                                                       (2 = 25.0%) {62.5%}
97   ... 
100  -O                                                                        (1 = 12.5%) {87.5%}
101  O                                                                         (0 = 0.0%) {100.0%}

Histogram: Scheduling.ThreadController.ActiveIntervalOnCpuPercentage.Short.BrowserUI recorded 48 samples, mean = 57.5 (flags = 0x41)
0    ------------O                                                             (12 = 25.0%)
1    ... 
25   ---O                                                                      (3 = 6.2%) {25.0%}
26   ... 
33   -O                                                                        (1 = 2.1%) {31.2%}
34   ... 
50   -----------O                                                              (11 = 22.9%) {33.3%}
51   ... 
100  ---------------------O                                                    (21 = 43.8%) {56.2%}
101  O                                                                         (0 = 0.0%) {100.0%}

Histogram: Scheduling.ThreadController.ActiveIntervalOnCpuPercentage.Short.Other recorded 8 samples, mean = 91.4 (flags = 0x41)
0    ... 
80   -O                                                                        (1 = 12.5%) {0.0%}
81   ... 
83   -O                                                                        (1 = 12.5%) {12.5%}
84   ... 
88   -O                                                                        (1 = 12.5%) {25.0%}
89   ... 
94   --O                                                                       (2 = 25.0%) {37.5%}
95   O                                                                         (0 = 0.0%) {62.5%}
96   --O                                                                       (2 = 25.0%) {62.5%}
97   ... 
100  -O                                                                        (1 = 12.5%) {87.5%}
101  O                                                                         (0 = 0.0%) {100.0%}

Histogram: Scheduling.ThreadController.IdleDuration.Any.BrowserUI recorded 48 samples, mean = 0.0 (flags = 0x41)
0  ------------------------------------------------O                         (48 = 100.0%)
1  ... 

Histogram: Scheduling.ThreadController.IdleDuration.Any.Other recorded 6 samples, mean = 167.5 (flags = 0x41)
0    ----O                                                                     (4 = 66.7%)
1    ... 
5    -O                                                                        (1 = 16.7%) {66.7%}
6    ... 
894  -O                                                                        (1 = 16.7%) {83.3%}
1062 ... 

Histogram: Scheduling.ThreadController.IdleDuration.Medium.Other recorded 1 samples, mean = 5.0 (flags = 0x41)
0  ... 
5  -O                                                                        (1 = 100.0%) {0.0%}
6  ... 

Histogram: Scheduling.ThreadController.IdleDuration.Short.BrowserUI recorded 48 samples, mean = 8.0 (flags = 0x41)
0   ... 
2   -O                                                                        (1 = 2.1%) {0.0%}
3   ---------O                                                                (9 = 18.8%) {2.1%}
4   ------------O                                                             (12 = 25.0%) {20.8%}
5   -----O                                                                    (5 = 10.4%) {45.8%}
6   ----O                                                                     (4 = 8.3%) {56.2%}
7   -------O                                                                  (7 = 14.6%) {64.6%}
8   --O                                                                       (2 = 4.2%) {79.2%}
9   O                                                                         (0 = 0.0%) {83.3%}
10  -O                                                                        (1 = 2.1%) {83.3%}
11  O                                                                         (0 = 0.0%) {85.4%}
12  --O                                                                       (2 = 4.2%) {85.4%}
13  ... 
16  -O                                                                        (1 = 2.1%) {89.6%}
17  O                                                                         (0 = 0.0%) {91.7%}
18  -O                                                                        (1 = 2.1%) {91.7%}
19  ... 
28  -O                                                                        (1 = 2.1%) {93.8%}
29  -O                                                                        (1 = 2.1%) {95.8%}
31  ... 
67  -O                                                                        (1 = 2.1%) {97.9%}
70  ... 

Histogram: Scheduling.ThreadController.IdleDuration.Short.Other recorded 4 samples, mean = 93.5 (flags = 0x41)
0    ... 
58   -O                                                                        (1 = 25.0%) {0.0%}
61   ... 
74   -O                                                                        (1 = 25.0%) {25.0%}
78   ... 
110  -O                                                                        (1 = 25.0%) {50.0%}
116  O                                                                         (0 = 0.0%) {75.0%}
122  -O                                                                        (1 = 25.0%) {75.0%}
128  ... 

Histogram: Search.ChoiceReprompt recorded 1 samples, mean = 6.0 (flags = 0x41)
0  ... 
6  -O                                                                        (1 = 100.0%) {0.0%}
7  O                                                                         (0 = 0.0%) {100.0%}

Histogram: Search.SearchProviderOverrideStatus recorded 1 samples, mean = 0.0 (flags = 0x41)
0  -O                                                                        (1 = 100.0%)
1  ... 

Histogram: Security.GwpAsan.Activated.Malloc.Browser recorded 1 samples, mean = 0.0 (flags = 0x41)
0  -O                                                                        (1 = 100.0%)
1  ... 

Histogram: Security.GwpAsan.Activated.PartitionAlloc.Browser recorded 1 samples, mean = 1.0 (flags = 0x41)
0  O                                                                         (0 = 0.0%)
1  -O                                                                        (1 = 100.0%) {0.0%}
2  O                                                                         (0 = 0.0%) {100.0%}

Histogram: Security.GwpAsan.AllocatorOom.PartitionAlloc.Browser recorded 0 samples (flags = 0x41)
0 ... 

Histogram: Security.HttpsFirstMode.SettingEnabledAtStartup recorded 1 samples, mean = 0.0 (flags = 0x41)
0  -O                                                                        (1 = 100.0%)
1  ... 

Histogram: Security.JSONParser.ChromiumExtensionUsage recorded 1 samples, mean = 1.0 (flags = 0x41)
0  O                                                                         (0 = 0.0%)
1  -O                                                                        (1 = 100.0%) {0.0%}
2  ... 

Histogram: Security.JSONParser.ParsingTime recorded 17 samples, mean = 299.1 (flags = 0x41)
0     O                                                                         (0 = 0.0%)
1     -O                                                                        (1 = 5.9%) {0.0%}
2     O                                                                         (0 = 0.0%) {5.9%}
3     -O                                                                        (1 = 5.9%) {5.9%}
4     -O                                                                        (1 = 5.9%) {11.8%}
5     ----O                                                                     (4 = 23.5%) {17.6%}
7     -O                                                                        (1 = 5.9%) {41.2%}
9     ... 
28    -O                                                                        (1 = 5.9%) {47.1%}
37    O                                                                         (0 = 0.0%) {52.9%}
49    --O                                                                       (2 = 11.8%) {52.9%}
65    -O                                                                        (1 = 5.9%) {64.7%}
86    -O                                                                        (1 = 5.9%) {70.6%}
113   O                                                                         (0 = 0.0%) {76.5%}
149   -O                                                                        (1 = 5.9%) {76.5%}
196   -O                                                                        (1 = 5.9%) {82.4%}
258   -O                                                                        (1 = 5.9%) {88.2%}
340   ... 
4053  -O                                                                        (1 = 5.9%) {94.1%}
5338  ... 

Histogram: Security.NavigationRequestSecurityLevel recorded 1 samples, mean = 1.0 (flags = 0x41)
0  O                                                                         (0 = 0.0%)
1  -O                                                                        (1 = 100.0%) {0.0%}
2  ... 

Histogram: Security.PageEndReason.SECURE recorded 1 samples, mean = 6.0 (flags = 0x41)
0  ... 
6  -O                                                                        (1 = 100.0%) {0.0%}
7  ... 

Histogram: Security.PageEndReason.SafetyTip_None recorded 1 samples, mean = 6.0 (flags = 0x41)
0  ... 
6  -O                                                                        (1 = 100.0%) {0.0%}
7  ... 

Histogram: Security.PrivateNetworkAccess.CheckResult recorded 51 samples, mean = 2.9 (flags = 0x41)
0   ---O                                                                      (3 = 5.9%)
1   ---------------------------------------O                                  (39 = 76.5%) {5.9%}
2   ... 
12  ---------O                                                                (9 = 17.6%) {82.4%}
13  O                                                                         (0 = 0.0%) {100.0%}

Histogram: Security.SCTAuditing.NumPersistedReportsLoaded recorded 1 samples, mean = 0.0 (flags = 0x41)
0  -O                                                                        (1 = 100.0%)
1  ... 

Histogram: Security.SafetyTips.GetReputationStatusWithEngagedSitesTime recorded 1 samples, mean = 0.0 (flags = 0x41)
0  -O                                                                        (1 = 100.0%)
1  ... 

Histogram: Security.SafetyTips.ReputationCheckComplete.DidFinishNavigation recorded 1 samples, mean = 1.0 (flags = 0x41)
0  O                                                                         (0 = 0.0%)
1  -O                                                                        (1 = 100.0%) {0.0%}
2  ... 

Histogram: Security.SafetyTips.SafetyTipShown recorded 1 samples, mean = 1.0 (flags = 0x41)
0  O                                                                         (0 = 0.0%)
1  -O                                                                        (1 = 100.0%) {0.0%}
2  ... 

Histogram: Security.SafetyTips.StatusWithInitiator.Unknown recorded 1 samples, mean = 1.0 (flags = 0x41)
0  O                                                                         (0 = 0.0%)
1  -O                                                                        (1 = 100.0%) {0.0%}
2  ... 

Histogram: Security.SecurityLevel.OnCommit recorded 1 samples, mean = 3.0 (flags = 0x41)
0  ... 
3  -O                                                                        (1 = 100.0%) {0.0%}
4  ... 

Histogram: Security.SecurityLevel.OnComplete recorded 1 samples, mean = 3.0 (flags = 0x41)
0  ... 
3  -O                                                                        (1 = 100.0%) {0.0%}
4  ... 

Histogram: Security.SiteEngagement.SECURE recorded 1 samples, mean = 5.0 (flags = 0x41)
0  ... 
5  -O                                                                        (1 = 100.0%) {0.0%}
6  ... 

Histogram: Security.SiteEngagement.SafetyTip_None recorded 1 samples, mean = 5.0 (flags = 0x41)
0  ... 
5  -O                                                                        (1 = 100.0%) {0.0%}
6  ... 

Histogram: Security.TimeOnPage2.SECURE recorded 1 samples, mean = 149841.0 (flags = 0x41)
0       ... 
132874  -O                                                                        (1 = 100.0%) {0.0%}
153369  ... 

Histogram: Security.TimeOnPage2.SafetyTip_None recorded 1 samples, mean = 149841.0 (flags = 0x41)
0       ... 
132874  -O                                                                        (1 = 100.0%) {0.0%}
153369  ... 

Histogram: SegmentationPlatform.ClassificationRequest.TotalDuration.DeviceSwitcher recorded 1 samples, mean = 65174.0 (flags = 0x41)
0      ... 
10000  -O                                                                        (1 = 100.0%) {0.0%}

Histogram: SegmentationPlatform.Database.StoreUkmEntry recorded 7 samples, mean = 0.0 (flags = 0x41)
0  -------O                                                                  (7 = 100.0%)
1  ... 

Histogram: SegmentationPlatform.Database.UpdateUrlForUkmSource recorded 5 samples, mean = 0.6 (flags = 0x41)
0  ---O                                                                      (3 = 60.0%)
1  -O                                                                        (1 = 20.0%) {60.0%}
2  -O                                                                        (1 = 20.0%) {80.0%}
3  ... 

Histogram: SegmentationPlatform.DefaultModelDelivery.Metadata.FeatureCount.ChromeLowUserEngagement recorded 1 samples, mean = 1.0 (flags = 0x41)
0  O                                                                         (0 = 0.0%)
1  -O                                                                        (1 = 100.0%) {0.0%}
2  ... 

Histogram: SegmentationPlatform.DefaultModelDelivery.Metadata.FeatureCount.ComposePromotion recorded 1 samples, mean = 1.0 (flags = 0x41)
0  O                                                                         (0 = 0.0%)
1  -O                                                                        (1 = 100.0%) {0.0%}
2  ... 

Histogram: SegmentationPlatform.DefaultModelDelivery.Metadata.FeatureCount.CrossDeviceUserSegment recorded 1 samples, mean = 4.0 (flags = 0x41)
0  ... 
4  -O                                                                        (1 = 100.0%) {0.0%}
5  ... 

Histogram: SegmentationPlatform.DefaultModelDelivery.Metadata.FeatureCount.DatabaseApiClients recorded 1 samples, mean = 3.0 (flags = 0x41)
0  ... 
3  -O                                                                        (1 = 100.0%) {0.0%}
4  ... 

Histogram: SegmentationPlatform.DefaultModelDelivery.Metadata.FeatureCount.DeviceSwitcher recorded 1 samples, mean = 1.0 (flags = 0x41)
0  O                                                                         (0 = 0.0%)
1  -O                                                                        (1 = 100.0%) {0.0%}
2  ... 

Histogram: SegmentationPlatform.DefaultModelDelivery.Metadata.FeatureCount.PasswordManagerUser recorded 1 samples, mean = 7.0 (flags = 0x41)
0  ... 
7  -O                                                                        (1 = 100.0%) {0.0%}
8  ... 

Histogram: SegmentationPlatform.DefaultModelDelivery.Metadata.FeatureCount.ResumeHeavyUserSegment recorded 1 samples, mean = 5.0 (flags = 0x41)
0  ... 
5  -O                                                                        (1 = 100.0%) {0.0%}
6  ... 

Histogram: SegmentationPlatform.DefaultModelDelivery.Metadata.FeatureCount.SearchUser recorded 1 samples, mean = 2.0 (flags = 0x41)
0  ... 
2  -O                                                                        (1 = 100.0%) {0.0%}
3  ... 

Histogram: SegmentationPlatform.DefaultModelDelivery.Metadata.FeatureCount.ShoppingUser recorded 1 samples, mean = 2.0 (flags = 0x41)
0  ... 
2  -O                                                                        (1 = 100.0%) {0.0%}
3  ... 

Histogram: SegmentationPlatform.DefaultModelDelivery.Metadata.FeatureCount.UrlVisitResumptionRanker recorded 1 samples, mean = 23.0 (flags = 0x41)
0   ... 
23  -O                                                                        (1 = 100.0%) {0.0%}
26  ... 

Histogram: SegmentationPlatform.DefaultModelDelivery.Metadata.Validation.Processed.ChromeLowUserEngagement recorded 1 samples, mean = 0.0 (flags = 0x41)
0  -O                                                                        (1 = 100.0%)
1  ... 

Histogram: SegmentationPlatform.DefaultModelDelivery.Metadata.Validation.Processed.ComposePromotion recorded 1 samples, mean = 0.0 (flags = 0x41)
0  -O                                                                        (1 = 100.0%)
1  ... 

Histogram: SegmentationPlatform.DefaultModelDelivery.Metadata.Validation.Processed.CrossDeviceUserSegment recorded 1 samples, mean = 0.0 (flags = 0x41)
0  -O                                                                        (1 = 100.0%)
1  ... 

Histogram: SegmentationPlatform.DefaultModelDelivery.Metadata.Validation.Processed.DatabaseApiClients recorded 1 samples, mean = 0.0 (flags = 0x41)
0  -O                                                                        (1 = 100.0%)
1  ... 

Histogram: SegmentationPlatform.DefaultModelDelivery.Metadata.Validation.Processed.DeviceSwitcher recorded 1 samples, mean = 0.0 (flags = 0x41)
0  -O                                                                        (1 = 100.0%)
1  ... 

Histogram: SegmentationPlatform.DefaultModelDelivery.Metadata.Validation.Processed.PasswordManagerUser recorded 1 samples, mean = 0.0 (flags = 0x41)
0  -O                                                                        (1 = 100.0%)
1  ... 

Histogram: SegmentationPlatform.DefaultModelDelivery.Metadata.Validation.Processed.ResumeHeavyUserSegment recorded 1 samples, mean = 0.0 (flags = 0x41)
0  -O                                                                        (1 = 100.0%)
1  ... 

Histogram: SegmentationPlatform.DefaultModelDelivery.Metadata.Validation.Processed.SearchUser recorded 1 samples, mean = 0.0 (flags = 0x41)
0  -O                                                                        (1 = 100.0%)
1  ... 

Histogram: SegmentationPlatform.DefaultModelDelivery.Metadata.Validation.Processed.ShoppingUser recorded 1 samples, mean = 0.0 (flags = 0x41)
0  -O                                                                        (1 = 100.0%)
1  ... 

Histogram: SegmentationPlatform.DefaultModelDelivery.Metadata.Validation.Processed.UrlVisitResumptionRanker recorded 1 samples, mean = 0.0 (flags = 0x41)
0  -O                                                                        (1 = 100.0%)
1  ... 

Histogram: SegmentationPlatform.DefaultModelDelivery.Received recorded 10 samples (flags = 0x41)
16    -O                                                                        (1 = 10.0%)
21    -O                                                                        (1 = 10.0%)
23    -O                                                                        (1 = 10.0%)
27    -O                                                                        (1 = 10.0%)
45    -O                                                                        (1 = 10.0%)
46    -O                                                                        (1 = 10.0%)
1001  -O                                                                        (1 = 10.0%)
1004  -O                                                                        (1 = 10.0%)
1007  -O                                                                        (1 = 10.0%)
1009  -O                                                                        (1 = 10.0%)

Histogram: SegmentationPlatform.DefaultModelDelivery.SaveResult.ChromeLowUserEngagement recorded 1 samples, mean = 1.0 (flags = 0x41)
0  O                                                                         (0 = 0.0%)
1  -O                                                                        (1 = 100.0%) {0.0%}
2  O                                                                         (0 = 0.0%) {100.0%}

Histogram: SegmentationPlatform.DefaultModelDelivery.SaveResult.ComposePromotion recorded 1 samples, mean = 1.0 (flags = 0x41)
0  O                                                                         (0 = 0.0%)
1  -O                                                                        (1 = 100.0%) {0.0%}
2  O                                                                         (0 = 0.0%) {100.0%}

Histogram: SegmentationPlatform.DefaultModelDelivery.SaveResult.CrossDeviceUserSegment recorded 1 samples, mean = 1.0 (flags = 0x41)
0  O                                                                         (0 = 0.0%)
1  -O                                                                        (1 = 100.0%) {0.0%}
2  O                                                                         (0 = 0.0%) {100.0%}

Histogram: SegmentationPlatform.DefaultModelDelivery.SaveResult.DatabaseApiClients recorded 1 samples, mean = 1.0 (flags = 0x41)
0  O                                                                         (0 = 0.0%)
1  -O                                                                        (1 = 100.0%) {0.0%}
2  O                                                                         (0 = 0.0%) {100.0%}

Histogram: SegmentationPlatform.DefaultModelDelivery.SaveResult.DeviceSwitcher recorded 1 samples, mean = 1.0 (flags = 0x41)
0  O                                                                         (0 = 0.0%)
1  -O                                                                        (1 = 100.0%) {0.0%}
2  O                                                                         (0 = 0.0%) {100.0%}

Histogram: SegmentationPlatform.DefaultModelDelivery.SaveResult.PasswordManagerUser recorded 1 samples, mean = 1.0 (flags = 0x41)
0  O                                                                         (0 = 0.0%)
1  -O                                                                        (1 = 100.0%) {0.0%}
2  O                                                                         (0 = 0.0%) {100.0%}

Histogram: SegmentationPlatform.DefaultModelDelivery.SaveResult.ResumeHeavyUserSegment recorded 1 samples, mean = 1.0 (flags = 0x41)
0  O                                                                         (0 = 0.0%)
1  -O                                                                        (1 = 100.0%) {0.0%}
2  O                                                                         (0 = 0.0%) {100.0%}

Histogram: SegmentationPlatform.DefaultModelDelivery.SaveResult.SearchUser recorded 1 samples, mean = 1.0 (flags = 0x41)
0  O                                                                         (0 = 0.0%)
1  -O                                                                        (1 = 100.0%) {0.0%}
2  O                                                                         (0 = 0.0%) {100.0%}

Histogram: SegmentationPlatform.DefaultModelDelivery.SaveResult.ShoppingUser recorded 1 samples, mean = 1.0 (flags = 0x41)
0  O                                                                         (0 = 0.0%)
1  -O                                                                        (1 = 100.0%) {0.0%}
2  O                                                                         (0 = 0.0%) {100.0%}

Histogram: SegmentationPlatform.DefaultModelDelivery.SaveResult.UrlVisitResumptionRanker recorded 1 samples, mean = 1.0 (flags = 0x41)
0  O                                                                         (0 = 0.0%)
1  -O                                                                        (1 = 100.0%) {0.0%}
2  O                                                                         (0 = 0.0%) {100.0%}

Histogram: SegmentationPlatform.DefaultModelDelivery.SegmentIdMatches.ChromeLowUserEngagement recorded 1 samples, mean = 1.0 (flags = 0x41)
0  O                                                                         (0 = 0.0%)
1  -O                                                                        (1 = 100.0%) {0.0%}
2  O                                                                         (0 = 0.0%) {100.0%}

Histogram: SegmentationPlatform.DefaultModelDelivery.SegmentIdMatches.ComposePromotion recorded 1 samples, mean = 1.0 (flags = 0x41)
0  O                                                                         (0 = 0.0%)
1  -O                                                                        (1 = 100.0%) {0.0%}
2  O                                                                         (0 = 0.0%) {100.0%}

Histogram: SegmentationPlatform.DefaultModelDelivery.SegmentIdMatches.CrossDeviceUserSegment recorded 1 samples, mean = 1.0 (flags = 0x41)
0  O                                                                         (0 = 0.0%)
1  -O                                                                        (1 = 100.0%) {0.0%}
2  O                                                                         (0 = 0.0%) {100.0%}

Histogram: SegmentationPlatform.DefaultModelDelivery.SegmentIdMatches.DatabaseApiClients recorded 1 samples, mean = 1.0 (flags = 0x41)
0  O                                                                         (0 = 0.0%)
1  -O                                                                        (1 = 100.0%) {0.0%}
2  O                                                                         (0 = 0.0%) {100.0%}

Histogram: SegmentationPlatform.DefaultModelDelivery.SegmentIdMatches.DeviceSwitcher recorded 1 samples, mean = 1.0 (flags = 0x41)
0  O                                                                         (0 = 0.0%)
1  -O                                                                        (1 = 100.0%) {0.0%}
2  O                                                                         (0 = 0.0%) {100.0%}

Histogram: SegmentationPlatform.DefaultModelDelivery.SegmentIdMatches.PasswordManagerUser recorded 1 samples, mean = 1.0 (flags = 0x41)
0  O                                                                         (0 = 0.0%)
1  -O                                                                        (1 = 100.0%) {0.0%}
2  O                                                                         (0 = 0.0%) {100.0%}

Histogram: SegmentationPlatform.DefaultModelDelivery.SegmentIdMatches.ResumeHeavyUserSegment recorded 1 samples, mean = 1.0 (flags = 0x41)
0  O                                                                         (0 = 0.0%)
1  -O                                                                        (1 = 100.0%) {0.0%}
2  O                                                                         (0 = 0.0%) {100.0%}

Histogram: SegmentationPlatform.DefaultModelDelivery.SegmentIdMatches.SearchUser recorded 1 samples, mean = 1.0 (flags = 0x41)
0  O                                                                         (0 = 0.0%)
1  -O                                                                        (1 = 100.0%) {0.0%}
2  O                                                                         (0 = 0.0%) {100.0%}

Histogram: SegmentationPlatform.DefaultModelDelivery.SegmentIdMatches.ShoppingUser recorded 1 samples, mean = 1.0 (flags = 0x41)
0  O                                                                         (0 = 0.0%)
1  -O                                                                        (1 = 100.0%) {0.0%}
2  O                                                                         (0 = 0.0%) {100.0%}

Histogram: SegmentationPlatform.DefaultModelDelivery.SegmentIdMatches.UrlVisitResumptionRanker recorded 1 samples, mean = 1.0 (flags = 0x41)
0  O                                                                         (0 = 0.0%)
1  -O                                                                        (1 = 100.0%) {0.0%}
2  O                                                                         (0 = 0.0%) {100.0%}

Histogram: SegmentationPlatform.DeviceSwitcher.PostProcessing.TopLabel.Computed recorded 1 samples (flags = 0x41)
7  -O                                                                        (1 = 100.0%)

Histogram: SegmentationPlatform.FeatureProcessing.Error.DeviceSwitcher recorded 1 samples, mean = 7.0 (flags = 0x41)
0  ... 
7  -O                                                                        (1 = 100.0%) {0.0%}
8  O                                                                         (0 = 0.0%) {100.0%}

Histogram: SegmentationPlatform.Init.CreationToInitializationLatency recorded 1 samples, mean = 4594.0 (flags = 0x41)
0     ... 
3900  -O                                                                        (1 = 100.0%) {0.0%}
4955  ... 

Histogram: SegmentationPlatform.Init.ModelUpdatedTimeDifferenceInDays.ChromeLowUserEngagement recorded 1 samples, mean = 0.0 (flags = 0x41)
0  -O                                                                        (1 = 100.0%)
1  ... 

Histogram: SegmentationPlatform.Init.ModelUpdatedTimeDifferenceInDays.ComposePromotion recorded 1 samples, mean = 0.0 (flags = 0x41)
0  -O                                                                        (1 = 100.0%)
1  ... 

Histogram: SegmentationPlatform.Init.ModelUpdatedTimeDifferenceInDays.CrossDeviceUserSegment recorded 1 samples, mean = 0.0 (flags = 0x41)
0  -O                                                                        (1 = 100.0%)
1  ... 

Histogram: SegmentationPlatform.Init.ModelUpdatedTimeDifferenceInDays.DatabaseApiClients recorded 1 samples, mean = 0.0 (flags = 0x41)
0  -O                                                                        (1 = 100.0%)
1  ... 

Histogram: SegmentationPlatform.Init.ModelUpdatedTimeDifferenceInDays.DeviceSwitcher recorded 1 samples, mean = 0.0 (flags = 0x41)
0  -O                                                                        (1 = 100.0%)
1  ... 

Histogram: SegmentationPlatform.Init.ModelUpdatedTimeDifferenceInDays.PasswordManagerUser recorded 1 samples, mean = 0.0 (flags = 0x41)
0  -O                                                                        (1 = 100.0%)
1  ... 

Histogram: SegmentationPlatform.Init.ModelUpdatedTimeDifferenceInDays.ResumeHeavyUserSegment recorded 1 samples, mean = 0.0 (flags = 0x41)
0  -O                                                                        (1 = 100.0%)
1  ... 

Histogram: SegmentationPlatform.Init.ModelUpdatedTimeDifferenceInDays.SearchUser recorded 1 samples, mean = 0.0 (flags = 0x41)
0  -O                                                                        (1 = 100.0%)
1  ... 

Histogram: SegmentationPlatform.Init.ModelUpdatedTimeDifferenceInDays.ShoppingUser recorded 1 samples, mean = 0.0 (flags = 0x41)
0  -O                                                                        (1 = 100.0%)
1  ... 

Histogram: SegmentationPlatform.Init.ModelUpdatedTimeDifferenceInDays.UrlVisitResumptionRanker recorded 1 samples, mean = 0.0 (flags = 0x41)
0  -O                                                                        (1 = 100.0%)
1  ... 

Histogram: SegmentationPlatform.Init.ProcessCreationToServiceCreationLatency recorded 1 samples, mean = 186162160.0 (flags = 0x41)
0       ... 
180000  -O                                                                        (1 = 100.0%) {0.0%}

Histogram: SegmentationPlatform.Maintenance.CleanupSignalSuccessCount recorded 1 samples, mean = 0.0 (flags = 0x41)
0  -O                                                                        (1 = 100.0%)
1  ... 

Histogram: SegmentationPlatform.Maintenance.SignalIdentifierCount recorded 1 samples, mean = 20.0 (flags = 0x41)
0   ... 
20  -O                                                                        (1 = 100.0%) {0.0%}
23  ... 

Histogram: SegmentationPlatform.ModelAvailability.ChromeLowUserEngagement recorded 1 samples, mean = 0.0 (flags = 0x41)
0  -O                                                                        (1 = 100.0%)
1  ... 

Histogram: SegmentationPlatform.ModelAvailability.ComposePromotion recorded 1 samples, mean = 0.0 (flags = 0x41)
0  -O                                                                        (1 = 100.0%)
1  ... 

Histogram: SegmentationPlatform.ModelAvailability.DeviceSwitcher recorded 1 samples, mean = 0.0 (flags = 0x41)
0  -O                                                                        (1 = 100.0%)
1  ... 

Histogram: SegmentationPlatform.ModelAvailability.SearchUser recorded 1 samples, mean = 0.0 (flags = 0x41)
0  -O                                                                        (1 = 100.0%)
1  ... 

Histogram: SegmentationPlatform.ModelAvailability.ShoppingUser recorded 1 samples, mean = 0.0 (flags = 0x41)
0  -O                                                                        (1 = 100.0%)
1  ... 

Histogram: SegmentationPlatform.ModelAvailability.UrlVisitResumptionRanker recorded 1 samples, mean = 0.0 (flags = 0x41)
0  -O                                                                        (1 = 100.0%)
1  ... 

Histogram: SegmentationPlatform.ModelAvailability.WebAppInstallationPromo recorded 1 samples, mean = 0.0 (flags = 0x41)
0  -O                                                                        (1 = 100.0%)
1  ... 

Histogram: SegmentationPlatform.ModelExecution.DefaultProvider.Status.DeviceSwitcher recorded 1 samples, mean = 0.0 (flags = 0x41)
0  -O                                                                        (1 = 100.0%)
1  ... 

Histogram: SegmentationPlatform.ModelExecution.Duration.Model.DeviceSwitcher.Success recorded 1 samples, mean = 0.0 (flags = 0x41)
0  -O                                                                        (1 = 100.0%)
1  ... 

Histogram: SegmentationPlatform.ModelExecution.Duration.Total.DeviceSwitcher.Success recorded 1 samples, mean = 60247.0 (flags = 0x41)
0      ... 
10000  -O                                                                        (1 = 100.0%) {0.0%}

Histogram: SegmentationPlatform.ModelExecution.Result.0.DeviceSwitcher recorded 1 samples, mean = 0.0 (flags = 0x41)
0  -O                                                                        (1 = 100.0%)
1  ... 

Histogram: SegmentationPlatform.ModelExecution.Result.1.DeviceSwitcher recorded 1 samples, mean = 0.0 (flags = 0x41)
0  -O                                                                        (1 = 100.0%)
1  ... 

Histogram: SegmentationPlatform.ModelExecution.Result.2.DeviceSwitcher recorded 1 samples, mean = 0.0 (flags = 0x41)
0  -O                                                                        (1 = 100.0%)
1  ... 

Histogram: SegmentationPlatform.ModelExecution.Result.3.DeviceSwitcher recorded 1 samples, mean = 0.0 (flags = 0x41)
0  -O                                                                        (1 = 100.0%)
1  ... 

Histogram: SegmentationPlatform.ModelExecution.Result.4.DeviceSwitcher recorded 1 samples, mean = 0.0 (flags = 0x41)
0  -O                                                                        (1 = 100.0%)
1  ... 

Histogram: SegmentationPlatform.ModelExecution.Result.5.DeviceSwitcher recorded 1 samples, mean = 0.0 (flags = 0x41)
0  -O                                                                        (1 = 100.0%)
1  ... 

Histogram: SegmentationPlatform.ModelExecution.Result.6.DeviceSwitcher recorded 1 samples, mean = 0.0 (flags = 0x41)
0  -O                                                                        (1 = 100.0%)
1  ... 

Histogram: SegmentationPlatform.ModelExecution.Result.7.DeviceSwitcher recorded 1 samples, mean = 100.0 (flags = 0x41)
0    ... 
100  -O                                                                        (1 = 100.0%) {0.0%}
101  O                                                                         (0 = 0.0%) {100.0%}

Histogram: SegmentationPlatform.ModelExecution.ZeroValuePercent.DeviceSwitcher recorded 1 samples, mean = 90.0 (flags = 0x41)
0   ... 
90  -O                                                                        (1 = 100.0%) {0.0%}
91  ... 

Histogram: SegmentationPlatform.SegmentInfoDatabase.ProtoDBUpdateResult.ChromeLowUserEngagement recorded 1 samples, mean = 1.0 (flags = 0x41)
0  O                                                                         (0 = 0.0%)
1  -O                                                                        (1 = 100.0%) {0.0%}
2  O                                                                         (0 = 0.0%) {100.0%}

Histogram: SegmentationPlatform.SegmentInfoDatabase.ProtoDBUpdateResult.ComposePromotion recorded 1 samples, mean = 1.0 (flags = 0x41)
0  O                                                                         (0 = 0.0%)
1  -O                                                                        (1 = 100.0%) {0.0%}
2  O                                                                         (0 = 0.0%) {100.0%}

Histogram: SegmentationPlatform.SegmentInfoDatabase.ProtoDBUpdateResult.CrossDeviceUserSegment recorded 1 samples, mean = 1.0 (flags = 0x41)
0  O                                                                         (0 = 0.0%)
1  -O                                                                        (1 = 100.0%) {0.0%}
2  O                                                                         (0 = 0.0%) {100.0%}

Histogram: SegmentationPlatform.SegmentInfoDatabase.ProtoDBUpdateResult.DatabaseApiClients recorded 1 samples, mean = 1.0 (flags = 0x41)
0  O                                                                         (0 = 0.0%)
1  -O                                                                        (1 = 100.0%) {0.0%}
2  O                                                                         (0 = 0.0%) {100.0%}

Histogram: SegmentationPlatform.SegmentInfoDatabase.ProtoDBUpdateResult.DeviceSwitcher recorded 1 samples, mean = 1.0 (flags = 0x41)
0  O                                                                         (0 = 0.0%)
1  -O                                                                        (1 = 100.0%) {0.0%}
2  O                                                                         (0 = 0.0%) {100.0%}

Histogram: SegmentationPlatform.SegmentInfoDatabase.ProtoDBUpdateResult.PasswordManagerUser recorded 1 samples, mean = 1.0 (flags = 0x41)
0  O                                                                         (0 = 0.0%)
1  -O                                                                        (1 = 100.0%) {0.0%}
2  O                                                                         (0 = 0.0%) {100.0%}

Histogram: SegmentationPlatform.SegmentInfoDatabase.ProtoDBUpdateResult.ResumeHeavyUserSegment recorded 1 samples, mean = 1.0 (flags = 0x41)
0  O                                                                         (0 = 0.0%)
1  -O                                                                        (1 = 100.0%) {0.0%}
2  O                                                                         (0 = 0.0%) {100.0%}

Histogram: SegmentationPlatform.SegmentInfoDatabase.ProtoDBUpdateResult.SearchUser recorded 1 samples, mean = 1.0 (flags = 0x41)
0  O                                                                         (0 = 0.0%)
1  -O                                                                        (1 = 100.0%) {0.0%}
2  O                                                                         (0 = 0.0%) {100.0%}

Histogram: SegmentationPlatform.SegmentInfoDatabase.ProtoDBUpdateResult.ShoppingUser recorded 1 samples, mean = 1.0 (flags = 0x41)
0  O                                                                         (0 = 0.0%)
1  -O                                                                        (1 = 100.0%) {0.0%}
2  O                                                                         (0 = 0.0%) {100.0%}

Histogram: SegmentationPlatform.SegmentInfoDatabase.ProtoDBUpdateResult.UrlVisitResumptionRanker recorded 1 samples, mean = 1.0 (flags = 0x41)
0  O                                                                         (0 = 0.0%)
1  -O                                                                        (1 = 100.0%) {0.0%}
2  O                                                                         (0 = 0.0%) {100.0%}

Histogram: SegmentationPlatform.SegmentInfoDatabase.ProtoDBUpdateResult.WebAppInstallationPromo recorded 1 samples, mean = 1.0 (flags = 0x41)
0  O                                                                         (0 = 0.0%)
1  -O                                                                        (1 = 100.0%) {0.0%}
2  O                                                                         (0 = 0.0%) {100.0%}

Histogram: SegmentationPlatform.SelectionFailedReason.ChromeLowUserEngagement recorded 2 samples, mean = 14.5 (flags = 0x41)
0   ... 
12  -O                                                                        (1 = 50.0%) {0.0%}
13  ... 
17  -O                                                                        (1 = 50.0%) {50.0%}
18  ... 

Histogram: SegmentationPlatform.SelectionFailedReason.ComposePromotion recorded 1 samples, mean = 17.0 (flags = 0x41)
0   ... 
17  -O                                                                        (1 = 100.0%) {0.0%}
18  ... 

Histogram: SegmentationPlatform.SelectionFailedReason.CrossDeviceUser recorded 2 samples, mean = 14.5 (flags = 0x41)
0   ... 
12  -O                                                                        (1 = 50.0%) {0.0%}
13  ... 
17  -O                                                                        (1 = 50.0%) {50.0%}
18  ... 

Histogram: SegmentationPlatform.SelectionFailedReason.DatabaseApiClients recorded 1 samples, mean = 17.0 (flags = 0x41)
0   ... 
17  -O                                                                        (1 = 100.0%) {0.0%}
18  ... 

Histogram: SegmentationPlatform.SelectionFailedReason.DeviceSwitcher recorded 2 samples, mean = 19.0 (flags = 0x41)
0   ... 
17  -O                                                                        (1 = 50.0%) {0.0%}
18  ... 
21  -O                                                                        (1 = 50.0%) {50.0%}
22  ... 

Histogram: SegmentationPlatform.SelectionFailedReason.PasswordManagerUser recorded 2 samples, mean = 14.5 (flags = 0x41)
0   ... 
12  -O                                                                        (1 = 50.0%) {0.0%}
13  ... 
17  -O                                                                        (1 = 50.0%) {50.0%}
18  ... 

Histogram: SegmentationPlatform.SelectionFailedReason.ResumeHeavyUser recorded 2 samples, mean = 14.5 (flags = 0x41)
0   ... 
12  -O                                                                        (1 = 50.0%) {0.0%}
13  ... 
17  -O                                                                        (1 = 50.0%) {50.0%}
18  ... 

Histogram: SegmentationPlatform.SelectionFailedReason.SearchUser recorded 2 samples, mean = 14.5 (flags = 0x41)
0   ... 
12  -O                                                                        (1 = 50.0%) {0.0%}
13  ... 
17  -O                                                                        (1 = 50.0%) {50.0%}
18  ... 

Histogram: SegmentationPlatform.SelectionFailedReason.ShoppingUser recorded 2 samples, mean = 14.5 (flags = 0x41)
0   ... 
12  -O                                                                        (1 = 50.0%) {0.0%}
13  ... 
17  -O                                                                        (1 = 50.0%) {50.0%}
18  ... 

Histogram: SegmentationPlatform.SelectionFailedReason.URLVisitResumptionRanker recorded 1 samples, mean = 17.0 (flags = 0x41)
0   ... 
17  -O                                                                        (1 = 100.0%) {0.0%}
18  ... 

Histogram: SegmentationPlatform.SelectionFailedReason.WebAppInstallationPromo recorded 1 samples, mean = 17.0 (flags = 0x41)
0   ... 
17  -O                                                                        (1 = 100.0%) {0.0%}
18  ... 

Histogram: SegmentationPlatform.Signals.ListeningCount.HistogramEnum recorded 1 samples, mean = 7.0 (flags = 0x41)
0  ... 
7  -O                                                                        (1 = 100.0%) {0.0%}
8  ... 

Histogram: SegmentationPlatform.Signals.ListeningCount.HistogramValue recorded 1 samples, mean = 6.0 (flags = 0x41)
0  ... 
6  -O                                                                        (1 = 100.0%) {0.0%}
7  ... 

Histogram: SegmentationPlatform.Signals.ListeningCount.UserAction recorded 1 samples, mean = 7.0 (flags = 0x41)
0  ... 
7  -O                                                                        (1 = 100.0%) {0.0%}
8  ... 

Histogram: SegmentationPlatform.SyncSessions.TabsCountAtStartup recorded 1 samples, mean = 0.0 (flags = 0x41)
0  -O                                                                        (1 = 100.0%)
1  ... 

Histogram: SegmentationPlatform.UkmDatabase.InitTime recorded 1 samples, mean = 3.0 (flags = 0x41)
0  ... 
3  -O                                                                        (1 = 100.0%) {0.0%}
4  ... 

Histogram: ServiceWorker.FindRegistrationForClientUrl.IsCalledForNavigation recorded 5 samples, mean = 0.2 (flags = 0x41)
0  ----O                                                                     (4 = 80.0%)
1  -O                                                                        (1 = 20.0%) {80.0%}
2  O                                                                         (0 = 0.0%) {100.0%}

Histogram: ServiceWorker.FindRegistrationForClientUrl.SkippedMojoCall.OnNavigation recorded 1 samples, mean = 0.0 (flags = 0x41)
0  -O                                                                        (1 = 100.0%)
1  ... 

Histogram: ServiceWorker.OnBrowserStartup.SkipServiceWorkerOnFirstNavigation recorded 1 samples, mean = 0.0 (flags = 0x41)
0  -O                                                                        (1 = 100.0%)
1  ... 

Histogram: ServiceWorker.RegisteredStorageKeyCount recorded 1 samples, mean = 0.0 (flags = 0x41)
0  -O                                                                        (1 = 100.0%)
1  ... 

Histogram: ServiceWorker.Storage.ReadInitialDataFromDB.Time recorded 1 samples, mean = 0.0 (flags = 0x41)
0  -O                                                                        (1 = 100.0%)
1  ... 

Histogram: ServiceWorker.Storage.RegisteredStorageKeyCacheInitialization.Time recorded 1 samples, mean = 2866.0 (flags = 0x41)
0     ... 
2415  -O                                                                        (1 = 100.0%) {0.0%}
3069  ... 

Histogram: SessionRestore.UnrecoverableWriteErrorCount recorded 1 samples, mean = 0.0 (flags = 0x41)
0  -O                                                                        (1 = 100.0%)
1  ... 

Histogram: SessionStorageContext.CommitResult recorded 2 samples, mean = 0.0 (flags = 0x41)
0  --O                                                                       (2 = 100.0%)
1  ... 

Histogram: Settings.AdvancedSpellcheck.OnStartup2 recorded 1 samples, mean = 0.0 (flags = 0x41)
0  -O                                                                        (1 = 100.0%)
1  ... 

Histogram: Settings.AutocompleteSearches.OnStartup2 recorded 1 samples, mean = 1.0 (flags = 0x41)
0  O                                                                         (0 = 0.0%)
1  -O                                                                        (1 = 100.0%) {0.0%}
2  O                                                                         (0 = 0.0%) {100.0%}

Histogram: Settings.FingerprintingProtection.Enabled recorded 1 samples, mean = 0.0 (flags = 0x41)
0  -O                                                                        (1 = 100.0%)
1  ... 

Histogram: Settings.FirstPartySets.State recorded 1 samples, mean = 0.0 (flags = 0x41)
0  -O                                                                        (1 = 100.0%)
1  ... 

Histogram: Settings.IpProtection.Enabled recorded 1 samples, mean = 0.0 (flags = 0x41)
0  -O                                                                        (1 = 100.0%)
1  ... 

Histogram: Settings.PreloadStatus.OnStartup3 recorded 1 samples, mean = 1.0 (flags = 0x41)
0  O                                                                         (0 = 0.0%)
1  -O                                                                        (1 = 100.0%) {0.0%}
2  ... 

Histogram: Settings.PrivacySandbox.AdMeasurement.Enabled recorded 1 samples, mean = 0.0 (flags = 0x41)
0  -O                                                                        (1 = 100.0%)
1  ... 

Histogram: Settings.PrivacySandbox.Fledge.Enabled recorded 1 samples, mean = 0.0 (flags = 0x41)
0  -O                                                                        (1 = 100.0%)
1  ... 

Histogram: Settings.PrivacySandbox.Topics.Enabled recorded 1 samples, mean = 0.0 (flags = 0x41)
0  -O                                                                        (1 = 100.0%)
1  ... 

Histogram: Settings.ShowHomeButton2 recorded 1 samples, mean = 0.0 (flags = 0x41)
0  -O                                                                        (1 = 100.0%)
1  ... 

Histogram: Settings.StartupPageLoadSettings2 recorded 1 samples, mean = 5.0 (flags = 0x41)
0  ... 
5  -O                                                                        (1 = 100.0%) {0.0%}
6  ... 

Histogram: Settings.TrackedPreferenceUnchanged recorded 18 samples, mean = 14.5 (flags = 0x41)
0   -O                                                                        (1 = 5.6%)
1   -O                                                                        (1 = 5.6%) {5.6%}
2   -O                                                                        (1 = 5.6%) {11.1%}
3   -O                                                                        (1 = 5.6%) {16.7%}
4   -O                                                                        (1 = 5.6%) {22.2%}
5   -O                                                                        (1 = 5.6%) {27.8%}
6   -O                                                                        (1 = 5.6%) {33.3%}
7   -O                                                                        (1 = 5.6%) {38.9%}
8   ... 
11  -O                                                                        (1 = 5.6%) {44.4%}
12  ... 
14  -O                                                                        (1 = 5.6%) {50.0%}
15  -O                                                                        (1 = 5.6%) {55.6%}
16  ... 
18  -O                                                                        (1 = 5.6%) {61.1%}
19  ... 
23  -O                                                                        (1 = 5.6%) {66.7%}
24  -O                                                                        (1 = 5.6%) {72.2%}
25  ... 
29  -O                                                                        (1 = 5.6%) {77.8%}
30  ... 
32  -O                                                                        (1 = 5.6%) {83.3%}
33  -O                                                                        (1 = 5.6%) {88.9%}
34  -O                                                                        (1 = 5.6%) {94.4%}
35  O                                                                         (0 = 0.0%) {100.0%}

Histogram: Settings.TrackedPreferenceUnchanged.FromRegistry recorded 18 samples, mean = 14.5 (flags = 0x41)
0   -O                                                                        (1 = 5.6%)
1   -O                                                                        (1 = 5.6%) {5.6%}
2   -O                                                                        (1 = 5.6%) {11.1%}
3   -O                                                                        (1 = 5.6%) {16.7%}
4   -O                                                                        (1 = 5.6%) {22.2%}
5   -O                                                                        (1 = 5.6%) {27.8%}
6   -O                                                                        (1 = 5.6%) {33.3%}
7   -O                                                                        (1 = 5.6%) {38.9%}
8   ... 
11  -O                                                                        (1 = 5.6%) {44.4%}
12  ... 
14  -O                                                                        (1 = 5.6%) {50.0%}
15  -O                                                                        (1 = 5.6%) {55.6%}
16  ... 
18  -O                                                                        (1 = 5.6%) {61.1%}
19  ... 
23  -O                                                                        (1 = 5.6%) {66.7%}
24  -O                                                                        (1 = 5.6%) {72.2%}
25  ... 
29  -O                                                                        (1 = 5.6%) {77.8%}
30  ... 
32  -O                                                                        (1 = 5.6%) {83.3%}
33  -O                                                                        (1 = 5.6%) {88.9%}
34  -O                                                                        (1 = 5.6%) {94.4%}
35  O                                                                         (0 = 0.0%) {100.0%}

Histogram: Settings.TrackingProtection.Enabled recorded 1 samples, mean = 0.0 (flags = 0x41)
0  -O                                                                        (1 = 100.0%)
1  ... 

Histogram: SharedDictionary.TimeInitializeDB recorded 1 samples, mean = 6.0 (flags = 0x41)
0  ... 
6  -O                                                                        (1 = 100.0%) {0.0%}
7  ... 

Histogram: Signin.APIKeyMatchesFeatureOnStartup recorded 3 samples, mean = 0.0 (flags = 0x41)
0  ---O                                                                      (3 = 100.0%)
1  ... 

Histogram: Signin.AccountTracker.CountOfLoadedAccounts recorded 1 samples, mean = 0.0 (flags = 0x41)
0  -O                                                                        (1 = 100.0%)
1  ... 

Histogram: Signin.ExplicitSigninMigration recorded 1 samples, mean = 0.0 (flags = 0x41)
0  -O                                                                        (1 = 100.0%)
1  ... 

Histogram: Signin.HadPreviousSyncAccount.SignedOutOnProfileLoad recorded 1 samples, mean = 0.0 (flags = 0x41)
0  -O                                                                        (1 = 100.0%)
1  ... 

Histogram: Signin.HadPreviousSyncAccount.SyncOffOnProfileLoad recorded 1 samples, mean = 0.0 (flags = 0x41)
0  -O                                                                        (1 = 100.0%)
1  ... 

Histogram: Signin.ListAccountsFailure recorded 1 samples, mean = 0.0 (flags = 0x41)
0  -O                                                                        (1 = 100.0%)
1  ... 

Histogram: Signin.PAMInitialize.PrimaryAccountPrefs recorded 1 samples, mean = 2.0 (flags = 0x41)
0  ... 
2  -O                                                                        (1 = 100.0%) {0.0%}
3  ... 

Histogram: Signin.SigninAllowed recorded 1 samples, mean = 0.0 (flags = 0x41)
0  -O                                                                        (1 = 100.0%)
1  ... 

Histogram: Signin.TokenTable.GetAllTokensSqlStatementValidity recorded 1 samples, mean = 1.0 (flags = 0x41)
0  O                                                                         (0 = 0.0%)
1  -O                                                                        (1 = 100.0%) {0.0%}
2  O                                                                         (0 = 0.0%) {100.0%}

Histogram: SimpleCache.App.CacheSizeOnInit recorded 1 samples, mean = 0.0 (flags = 0x41)
0  -O                                                                        (1 = 100.0%)
1000... 

Histogram: SimpleCache.App.ConsistencyResult recorded 1 samples, mean = 0.0 (flags = 0x41)
0  -O                                                                        (1 = 100.0%)
1  ... 

Histogram: SimpleCache.App.CreationToIndex recorded 1 samples, mean = 9.0 (flags = 0x41)
0  ... 
8  -O                                                                        (1 = 100.0%) {0.0%}
10 ... 

Histogram: SimpleCache.App.IndexFileStateOnLoad recorded 1 samples, mean = 2.0 (flags = 0x41)
0  ... 
2  -O                                                                        (1 = 100.0%) {0.0%}
3  ... 

Histogram: SimpleCache.App.IndexInitializeMethod recorded 1 samples, mean = 1.0 (flags = 0x41)
0  O                                                                         (0 = 0.0%)
1  -O                                                                        (1 = 100.0%) {0.0%}
2  ... 

Histogram: SimpleCache.App.IndexNumEntriesOnInit recorded 1 samples, mean = 0.0 (flags = 0x41)
0  -O                                                                        (1 = 100.0%)
1  ... 

Histogram: SimpleCache.App.MaxCacheSizeOnInit recorded 1 samples, mean = 0.0 (flags = 0x41)
0  -O                                                                        (1 = 100.0%)
1000... 

Histogram: SimpleCache.Code.CacheSizeOnInit recorded 1 samples, mean = 1154.0 (flags = 0x41)
0     ... 
1138  -O                                                                        (1 = 100.0%) {0.0%}
1295  ... 

Histogram: SimpleCache.Code.ConsistencyResult recorded 1 samples, mean = 0.0 (flags = 0x41)
0  -O                                                                        (1 = 100.0%)
1  ... 

Histogram: SimpleCache.Code.CreationToIndex recorded 1 samples, mean = 53.0 (flags = 0x41)
0   ... 
48  -O                                                                        (1 = 100.0%) {0.0%}
57  ... 

Histogram: SimpleCache.Code.DiskCloseLatency recorded 28 samples, mean = 0.0 (flags = 0x41)
0  ----------------------------O                                             (28 = 100.0%)
1  ... 

Histogram: SimpleCache.Code.DiskCreateLatency recorded 1 samples, mean = 1.0 (flags = 0x40)
0  O                                                                         (0 = 0.0%)
1  -O                                                                        (1 = 100.0%) {0.0%}
2  ... 

Histogram: SimpleCache.Code.DiskDoomLatency recorded 1 samples, mean = 0.0 (flags = 0x41)
0  -O                                                                        (1 = 100.0%)
1  ... 

Histogram: SimpleCache.Code.DiskOpenLatency recorded 27 samples, mean = 3.0 (flags = 0x41)
0  O                                                                         (0 = 0.0%)
1  ----O                                                                     (4 = 14.8%) {0.0%}
2  ---------O                                                                (9 = 33.3%) {14.8%}
3  ------O                                                                   (6 = 22.2%) {48.1%}
4  ---O                                                                      (3 = 11.1%) {70.4%}
5  --O                                                                       (2 = 7.4%) {81.5%}
6  ---O                                                                      (3 = 11.1%) {88.9%}
7  ... 

Histogram: SimpleCache.Code.EntryCreationTime recorded 28 samples, mean = 3.5 (flags = 0x41)
0  O                                                                         (0 = 0.0%)
1  ----O                                                                     (4 = 14.3%) {0.0%}
2  ---O                                                                      (3 = 10.7%) {14.3%}
3  ------O                                                                   (6 = 21.4%) {25.0%}
4  --------O                                                                 (8 = 28.6%) {46.4%}
5  ----O                                                                     (4 = 14.3%) {75.0%}
6  --O                                                                       (2 = 7.1%) {89.3%}
7  -O                                                                        (1 = 3.6%) {96.4%}
8  ... 

Histogram: SimpleCache.Code.HeaderSize recorded 3 samples, mean = 36.0 (flags = 0x41)
0   ... 
34  ---O                                                                      (3 = 100.0%) {0.0%}
40  ... 

Histogram: SimpleCache.Code.IndexFileStateOnLoad recorded 1 samples, mean = 2.0 (flags = 0x41)
0  ... 
2  -O                                                                        (1 = 100.0%) {0.0%}
3  ... 

Histogram: SimpleCache.Code.IndexInitializeMethod recorded 1 samples, mean = 1.0 (flags = 0x41)
0  O                                                                         (0 = 0.0%)
1  -O                                                                        (1 = 100.0%) {0.0%}
2  ... 

Histogram: SimpleCache.Code.IndexNumEntriesOnInit recorded 1 samples, mean = 29.0 (flags = 0x41)
0   ... 
25  -O                                                                        (1 = 100.0%) {0.0%}
31  ... 

Histogram: SimpleCache.Code.MaxCacheSizeOnInit recorded 1 samples, mean = 327680.0 (flags = 0x41)
0       ... 
297881  -O                                                                        (1 = 100.0%) {0.0%}
339058  ... 

Histogram: SimpleCache.Code.OpenEntryIndexState recorded 34 samples, mean = 1.8 (flags = 0x41)
0  O                                                                         (0 = 0.0%)
1  -------O                                                                  (7 = 20.6%) {0.0%}
2  ---------------------------O                                              (27 = 79.4%) {20.6%}
3  O                                                                         (0 = 0.0%) {100.0%}

Histogram: SimpleCache.Code.SyncCheckEOFResult recorded 35 samples, mean = 0.0 (flags = 0x40)
0  -----------------------------------O                                      (35 = 100.0%)
1  ... 

Histogram: SimpleCache.Code.SyncCloseResult recorded 28 samples, mean = 0.0 (flags = 0x40)
0  ----------------------------O                                             (28 = 100.0%)
1  ... 

Histogram: SimpleCache.Code.SyncOpenPrefetchMode recorded 27 samples, mean = 0.0 (flags = 0x41)
0  ---------------------------O                                              (27 = 100.0%)
1  ... 

Histogram: SimpleCache.Code.SyncOpenResult recorded 27 samples, mean = 0.0 (flags = 0x40)
0  ---------------------------O                                              (27 = 100.0%)
1  ... 

Histogram: SiteEngagementService.EngagementScore recorded 1 samples, mean = 5.0 (flags = 0x41)
0  ... 
5  -O                                                                        (1 = 100.0%) {0.0%}
6  ... 

Histogram: SiteEngagementService.EngagementType recorded 1 samples, mean = 0.0 (flags = 0x41)
0  -O                                                                        (1 = 100.0%)
1  ... 

Histogram: SiteEngagementService.MeanEngagement recorded 1 samples, mean = 5.0 (flags = 0x41)
0  ... 
5  -O                                                                        (1 = 100.0%) {0.0%}
6  ... 

Histogram: SiteEngagementService.MedianEngagement recorded 1 samples, mean = 5.0 (flags = 0x41)
0  ... 
5  -O                                                                        (1 = 100.0%) {0.0%}
6  ... 

Histogram: SiteEngagementService.OriginsEngaged recorded 1 samples, mean = 1.0 (flags = 0x41)
0  O                                                                         (0 = 0.0%)
1  -O                                                                        (1 = 100.0%) {0.0%}
2  ... 

Histogram: SiteIsolatedCodeCache.JS.Behaviour recorded 35 samples, mean = 0.5 (flags = 0x41)
0  -------------------------O                                                (25 = 71.4%)
1  ------O                                                                   (6 = 17.1%) {71.4%}
2  -O                                                                        (1 = 2.9%) {88.6%}
3  --O                                                                       (2 = 5.7%) {91.4%}
4  -O                                                                        (1 = 2.9%) {97.1%}
5  ... 

Histogram: SiteIsolatedCodeCache.JS.FetchCodeCache recorded 21 samples, mean = 5.0 (flags = 0x41)
0  O                                                                         (0 = 0.0%)
1  --O                                                                       (2 = 9.5%) {0.0%}
2  O                                                                         (0 = 0.0%) {9.5%}
3  -O                                                                        (1 = 4.8%) {9.5%}
4  ------O                                                                   (6 = 28.6%) {14.3%}
5  ----O                                                                     (4 = 19.0%) {42.9%}
6  ---O                                                                      (3 = 14.3%) {61.9%}
7  --O                                                                       (2 = 9.5%) {76.2%}
8  ---O                                                                      (3 = 14.3%) {85.7%}
10 ... 

Histogram: SiteIsolatedCodeCache.JS.Hit recorded 27 samples, mean = 0.8 (flags = 0x41)
0  ------O                                                                   (6 = 22.2%)
1  ---------------------O                                                    (21 = 77.8%) {22.2%}
2  O                                                                         (0 = 0.0%) {100.0%}

Histogram: SiteIsolatedCodeCache.JS.PotentialMemoryBackedCodeCacheHit recorded 27 samples, mean = 0.0 (flags = 0x41)
0  ---------------------------O                                              (27 = 100.0%)
1  ... 

Histogram: SiteIsolatedCodeCache.WASM.Behaviour recorded 6 samples, mean = 1.0 (flags = 0x41)
0  O                                                                         (0 = 0.0%)
1  ------O                                                                   (6 = 100.0%) {0.0%}
2  ... 

Histogram: SiteIsolation.BrowsingInstance.MaxCountPerProcess recorded 3 samples, mean = 0.7 (flags = 0x41)
0  -O                                                                        (1 = 33.3%)
1  --O                                                                       (2 = 66.7%) {33.3%}
2  ... 

Histogram: SiteIsolation.NewProcessUsedForNavigationWhenSameSiteProcessExists recorded 1 samples, mean = 0.0 (flags = 0x41)
0  -O                                                                        (1 = 100.0%)
1  ... 

Histogram: SiteIsolation.ProcessPerSiteWithMainFrameThreshold.IsDevToolsUser recorded 1 samples, mean = 0.0 (flags = 0x41)
0  -O                                                                        (1 = 100.0%)
1  ... 

Histogram: Skia.SubmitRenderPasses recorded 17 samples, mean = 0.9 (flags = 0x41)
0  -----------O                                                              (11 = 64.7%)
1  --O                                                                       (2 = 11.8%) {64.7%}
2  -O                                                                        (1 = 5.9%) {76.5%}
3  O                                                                         (0 = 0.0%) {82.4%}
4  ---O                                                                      (3 = 17.6%) {82.4%}
5  ... 

Histogram: Sql.Statement.Affiliation.VMSteps recorded 15 samples, mean = 15.5 (flags = 0x41)
0   ... 
3   ----O                                                                     (4 = 26.7%) {0.0%}
4   O                                                                         (0 = 0.0%) {26.7%}
5   -O                                                                        (1 = 6.7%) {26.7%}
6   -O                                                                        (1 = 6.7%) {33.3%}
7   ... 
12  -----O                                                                    (5 = 33.3%) {40.0%}
14  ... 
20  -O                                                                        (1 = 6.7%) {73.3%}
24  O                                                                         (0 = 0.0%) {80.0%}
29  -O                                                                        (1 = 6.7%) {80.0%}
34  O                                                                         (0 = 0.0%) {86.7%}
40  -O                                                                        (1 = 6.7%) {86.7%}
48  -O                                                                        (1 = 6.7%) {93.3%}
57  ... 

Histogram: Sql.Statement.BrowsingTopics.VMSteps recorded 12 samples, mean = 8.0 (flags = 0x41)
0   ... 
3   ----O                                                                     (4 = 33.3%) {0.0%}
4   O                                                                         (0 = 0.0%) {33.3%}
5   -O                                                                        (1 = 8.3%) {33.3%}
6   ... 
8   --O                                                                       (2 = 16.7%) {41.7%}
10  O                                                                         (0 = 0.0%) {58.3%}
12  -----O                                                                    (5 = 41.7%) {58.3%}
14  ... 

Histogram: Sql.Statement.Cookie.VMSteps recorded 32 samples, mean = 20.8 (flags = 0x41)
0   ... 
3   ------O                                                                   (6 = 18.8%) {0.0%}
4   O                                                                         (0 = 0.0%) {18.8%}
5   --O                                                                       (2 = 6.2%) {18.8%}
6   O                                                                         (0 = 0.0%) {25.0%}
7   -O                                                                        (1 = 3.1%) {25.0%}
8   O                                                                         (0 = 0.0%) {28.1%}
10  -O                                                                        (1 = 3.1%) {28.1%}
12  ----------O                                                               (10 = 31.2%) {31.2%}
14  ... 
20  --O                                                                       (2 = 6.2%) {62.5%}
24  ----O                                                                     (4 = 12.5%) {68.8%}
29  O                                                                         (0 = 0.0%) {81.2%}
34  -O                                                                        (1 = 3.1%) {81.2%}
40  ... 
57  -----O                                                                    (5 = 15.6%) {84.4%}
68  ... 

Histogram: Sql.Statement.DIPS.VMSteps recorded 25 samples, mean = 13.5 (flags = 0x41)
0   ... 
3   --O                                                                       (2 = 8.0%) {0.0%}
4   O                                                                         (0 = 0.0%) {8.0%}
5   -O                                                                        (1 = 4.0%) {8.0%}
6   ... 
8   ---O                                                                      (3 = 12.0%) {12.0%}
10  -O                                                                        (1 = 4.0%) {24.0%}
12  ----------O                                                               (10 = 40.0%) {28.0%}
14  --O                                                                       (2 = 8.0%) {68.0%}
17  --O                                                                       (2 = 8.0%) {76.0%}
20  --O                                                                       (2 = 8.0%) {84.0%}
24  -O                                                                        (1 = 4.0%) {92.0%}
29  -O                                                                        (1 = 4.0%) {96.0%}
34  ... 

Histogram: Sql.Statement.FirstPartySets.VMSteps recorded 31 samples, mean = 9.2 (flags = 0x41)
0   ... 
3   ----------O                                                               (10 = 32.3%) {0.0%}
4   O                                                                         (0 = 0.0%) {32.3%}
5   -O                                                                        (1 = 3.2%) {32.3%}
6   ... 
8   ----O                                                                     (4 = 12.9%) {35.5%}
10  ---O                                                                      (3 = 9.7%) {48.4%}
12  -----------O                                                              (11 = 35.5%) {58.1%}
14  ... 
20  -O                                                                        (1 = 3.2%) {93.5%}
24  -O                                                                        (1 = 3.2%) {96.8%}
29  ... 

Histogram: Sql.Statement.History.VMSteps recorded 68 samples, mean = 28.6 (flags = 0x41)
0    ... 
3    ------O                                                                   (6 = 8.8%) {0.0%}
4    O                                                                         (0 = 0.0%) {8.8%}
5    -O                                                                        (1 = 1.5%) {8.8%}
6    --O                                                                       (2 = 2.9%) {10.3%}
7    O                                                                         (0 = 0.0%) {13.2%}
8    ----O                                                                     (4 = 5.9%) {13.2%}
10   ----O                                                                     (4 = 5.9%) {19.1%}
12   ----------O                                                               (10 = 14.7%) {25.0%}
14   ---O                                                                      (3 = 4.4%) {39.7%}
17   -------------O                                                            (13 = 19.1%) {44.1%}
20   ----O                                                                     (4 = 5.9%) {63.2%}
24   ------O                                                                   (6 = 8.8%) {69.1%}
29   ---O                                                                      (3 = 4.4%) {77.9%}
34   -O                                                                        (1 = 1.5%) {82.4%}
40   O                                                                         (0 = 0.0%) {83.8%}
48   -O                                                                        (1 = 1.5%) {83.8%}
57   -O                                                                        (1 = 1.5%) {85.3%}
68   ----O                                                                     (4 = 5.9%) {86.8%}
81   -O                                                                        (1 = 1.5%) {92.6%}
96   -O                                                                        (1 = 1.5%) {94.1%}
114  O                                                                         (0 = 0.0%) {95.6%}
135  ---O                                                                      (3 = 4.4%) {95.6%}
160  ... 

Histogram: Sql.Statement.OptOutBlacklist.VMSteps recorded 4 samples, mean = 10.8 (flags = 0x41)
0   ... 
5   -O                                                                        (1 = 25.0%) {0.0%}
6   O                                                                         (0 = 0.0%) {25.0%}
7   -O                                                                        (1 = 25.0%) {25.0%}
8   O                                                                         (0 = 0.0%) {50.0%}
10  -O                                                                        (1 = 25.0%) {50.0%}
12  ... 
20  -O                                                                        (1 = 25.0%) {75.0%}
24  ... 

Histogram: Sql.Statement.Passwords.VMSteps recorded 51 samples, mean = 24.6 (flags = 0x41)
0   ... 
3   ----O                                                                     (4 = 7.8%) {0.0%}
4   O                                                                         (0 = 0.0%) {7.8%}
5   --O                                                                       (2 = 3.9%) {7.8%}
6   ------O                                                                   (6 = 11.8%) {11.8%}
7   ----O                                                                     (4 = 7.8%) {23.5%}
8   ---O                                                                      (3 = 5.9%) {31.4%}
10  O                                                                         (0 = 0.0%) {37.3%}
12  ------------O                                                             (12 = 23.5%) {37.3%}
14  --O                                                                       (2 = 3.9%) {60.8%}
17  O                                                                         (0 = 0.0%) {64.7%}
20  --O                                                                       (2 = 3.9%) {64.7%}
24  ... 
34  --O                                                                       (2 = 3.9%) {68.6%}
40  ----O                                                                     (4 = 7.8%) {72.5%}
48  O                                                                         (0 = 0.0%) {80.4%}
57  ----O                                                                     (4 = 7.8%) {80.4%}
68  ------O                                                                   (6 = 11.8%) {88.2%}
81  ... 

Histogram: Sql.Statement.Predictor.VMSteps recorded 15 samples, mean = 15.9 (flags = 0x41)
0   ... 
3   --O                                                                       (2 = 13.3%) {0.0%}
4   O                                                                         (0 = 0.0%) {13.3%}
5   -O                                                                        (1 = 6.7%) {13.3%}
6   -O                                                                        (1 = 6.7%) {20.0%}
7   O                                                                         (0 = 0.0%) {26.7%}
8   -O                                                                        (1 = 6.7%) {26.7%}
10  ----O                                                                     (4 = 26.7%) {33.3%}
12  -O                                                                        (1 = 6.7%) {60.0%}
14  -O                                                                        (1 = 6.7%) {66.7%}
17  ... 
24  -O                                                                        (1 = 6.7%) {73.3%}
29  -O                                                                        (1 = 6.7%) {80.0%}
34  O                                                                         (0 = 0.0%) {86.7%}
40  -O                                                                        (1 = 6.7%) {86.7%}
48  -O                                                                        (1 = 6.7%) {93.3%}
57  ... 

Histogram: Sql.Statement.Quota.VMSteps recorded 15 samples, mean = 8.9 (flags = 0x41)
0   ... 
3   ----O                                                                     (4 = 26.7%) {0.0%}
4   O                                                                         (0 = 0.0%) {26.7%}
5   -O                                                                        (1 = 6.7%) {26.7%}
6   ... 
8   -O                                                                        (1 = 6.7%) {33.3%}
10  -O                                                                        (1 = 6.7%) {40.0%}
12  --------O                                                                 (8 = 53.3%) {46.7%}
14  ... 

Histogram: Sql.Statement.ReportingAndNEL.VMSteps recorded 12 samples, mean = 13.8 (flags = 0x41)
0   ... 
3   --O                                                                       (2 = 16.7%) {0.0%}
4   O                                                                         (0 = 0.0%) {16.7%}
5   -O                                                                        (1 = 8.3%) {16.7%}
6   -O                                                                        (1 = 8.3%) {25.0%}
7   ... 
12  -----O                                                                    (5 = 41.7%) {33.3%}
14  ... 
20  -O                                                                        (1 = 8.3%) {75.0%}
24  O                                                                         (0 = 0.0%) {83.3%}
29  -O                                                                        (1 = 8.3%) {83.3%}
34  -O                                                                        (1 = 8.3%) {91.7%}
40  ... 

Histogram: Sql.Statement.SharedDictionary.VMSteps recorded 20 samples, mean = 9.1 (flags = 0x41)
0   ... 
3   --------O                                                                 (8 = 40.0%) {0.0%}
4   O                                                                         (0 = 0.0%) {40.0%}
5   -O                                                                        (1 = 5.0%) {40.0%}
6   ... 
8   -O                                                                        (1 = 5.0%) {45.0%}
10  O                                                                         (0 = 0.0%) {50.0%}
12  -------O                                                                  (7 = 35.0%) {50.0%}
14  O                                                                         (0 = 0.0%) {85.0%}
17  --O                                                                       (2 = 10.0%) {85.0%}
20  -O                                                                        (1 = 5.0%) {95.0%}
24  ... 

Histogram: Sql.Statement.SharedStorage.VMSteps recorded 3 samples, mean = 7.7 (flags = 0x41)
0   ... 
5   -O                                                                        (1 = 33.3%) {0.0%}
6   ... 
8   -O                                                                        (1 = 33.3%) {33.3%}
10  -O                                                                        (1 = 33.3%) {66.7%}
12  ... 

Histogram: Sql.Statement.Thumbnail.VMSteps recorded 20 samples, mean = 10.5 (flags = 0x41)
0   ... 
3   ------O                                                                   (6 = 30.0%) {0.0%}
4   O                                                                         (0 = 0.0%) {30.0%}
5   -O                                                                        (1 = 5.0%) {30.0%}
6   ... 
8   -O                                                                        (1 = 5.0%) {35.0%}
10  O                                                                         (0 = 0.0%) {40.0%}
12  ----------O                                                               (10 = 50.0%) {40.0%}
14  ... 
20  -O                                                                        (1 = 5.0%) {90.0%}
24  O                                                                         (0 = 0.0%) {95.0%}
29  -O                                                                        (1 = 5.0%) {95.0%}
34  ... 

Histogram: Sql.Statement.TopSites.VMSteps recorded 13 samples, mean = 12.7 (flags = 0x41)
0   ... 
3   --O                                                                       (2 = 15.4%) {0.0%}
4   O                                                                         (0 = 0.0%) {15.4%}
5   -O                                                                        (1 = 7.7%) {15.4%}
6   ... 
12  ---------O                                                                (9 = 69.2%) {23.1%}
14  ... 
40  -O                                                                        (1 = 7.7%) {92.3%}
48  ... 

Histogram: Sql.Statement.TrustTokens.VMSteps recorded 16 samples, mean = 14.1 (flags = 0x41)
0   ... 
3   --O                                                                       (2 = 12.5%) {0.0%}
4   O                                                                         (0 = 0.0%) {12.5%}
5   -O                                                                        (1 = 6.2%) {12.5%}
6   ---O                                                                      (3 = 18.8%) {18.8%}
7   ... 
10  -O                                                                        (1 = 6.2%) {37.5%}
12  -----O                                                                    (5 = 31.2%) {43.8%}
14  ... 
20  -O                                                                        (1 = 6.2%) {75.0%}
24  O                                                                         (0 = 0.0%) {81.2%}
29  -O                                                                        (1 = 6.2%) {81.2%}
34  --O                                                                       (2 = 12.5%) {87.5%}
40  ... 

Histogram: Sql.Statement.UKMMetrics.VMSteps recorded 28 samples, mean = 14.2 (flags = 0x41)
0   ... 
3   -----O                                                                    (5 = 17.9%) {0.0%}
4   O                                                                         (0 = 0.0%) {17.9%}
5   -O                                                                        (1 = 3.6%) {17.9%}
6   ... 
8   ------O                                                                   (6 = 21.4%) {21.4%}
10  O                                                                         (0 = 0.0%) {42.9%}
12  ------O                                                                   (6 = 21.4%) {42.9%}
14  O                                                                         (0 = 0.0%) {64.3%}
17  -O                                                                        (1 = 3.6%) {64.3%}
20  ------O                                                                   (6 = 21.4%) {67.9%}
24  O                                                                         (0 = 0.0%) {89.3%}
29  -O                                                                        (1 = 3.6%) {89.3%}
34  O                                                                         (0 = 0.0%) {92.9%}
40  --O                                                                       (2 = 7.1%) {92.9%}
48  ... 

Histogram: Sql.Statement.Web.VMSteps recorded 117 samples, mean = 52.7 (flags = 0x41)
0    ... 
3    --------O                                                                 (8 = 6.8%) {0.0%}
4    -O                                                                        (1 = 0.9%) {6.8%}
5    -O                                                                        (1 = 0.9%) {7.7%}
6    ------------O                                                             (12 = 10.3%) {8.5%}
7    ----------O                                                               (10 = 8.5%) {18.8%}
8    -------O                                                                  (7 = 6.0%) {27.4%}
10   ---------O                                                                (9 = 7.7%) {33.3%}
12   --------------O                                                           (14 = 12.0%) {41.0%}
14   -O                                                                        (1 = 0.9%) {53.0%}
17   ---O                                                                      (3 = 2.6%) {53.8%}
20   -O                                                                        (1 = 0.9%) {56.4%}
24   -O                                                                        (1 = 0.9%) {57.3%}
29   --O                                                                       (2 = 1.7%) {58.1%}
34   --O                                                                       (2 = 1.7%) {59.8%}
40   --O                                                                       (2 = 1.7%) {61.5%}
48   ---O                                                                      (3 = 2.6%) {63.2%}
57   ----O                                                                     (4 = 3.4%) {65.8%}
68   ----O                                                                     (4 = 3.4%) {69.2%}
81   --O                                                                       (2 = 1.7%) {72.6%}
96   -------O                                                                  (7 = 6.0%) {74.4%}
114  -----O                                                                    (5 = 4.3%) {80.3%}
135  -------O                                                                  (7 = 6.0%) {84.6%}
160  -----O                                                                    (5 = 4.3%) {90.6%}
190  ------O                                                                   (6 = 5.1%) {94.9%}
226  ... 

Histogram: Sql.vfs.SyncTime recorded 43 samples, mean = 0.1 (flags = 0x41)
0  -----------------------------------------O                                (41 = 95.3%)
1  O                                                                         (0 = 0.0%) {95.3%}
2  -O                                                                        (1 = 2.3%) {95.3%}
3  -O                                                                        (1 = 2.3%) {97.7%}
4  ... 

Histogram: Stability.Counts2 recorded 10 samples, mean = 19.8 (flags = 0x43)
0   ... 
2   ---O                                                                      (3 = 30.0%) {0.0%}
3   ... 
15  -O                                                                        (1 = 10.0%) {30.0%}
16  ... 
26  ---O                                                                      (3 = 30.0%) {40.0%}
27  ... 
33  ---O                                                                      (3 = 30.0%) {70.0%}
34  O                                                                         (0 = 0.0%) {100.0%}

Histogram: Stability.Experimental.PageLoads recorded 3 samples, mean = 17.0 (flags = 0x41)
0   ... 
17  ---O                                                                      (3 = 100.0%) {0.0%}
18  O                                                                         (0 = 0.0%) {100.0%}

Histogram: Startup.AfterStartupTaskCount recorded 1 samples, mean = 2.0 (flags = 0x41)
0  ... 
2  -O                                                                        (1 = 100.0%) {0.0%}
3  ... 

Histogram: Startup.AfterStartupTaskDelayedUntilTime recorded 1 samples, mean = 21054.0 (flags = 0x41)
0      ... 
20614  -O                                                                        (1 = 100.0%) {0.0%}
27929  ... 

Histogram: Startup.BrowserMainRunnerImplInitializeLongTime recorded 1 samples, mean = 187.0 (flags = 0x41)
0    ... 
182  -O                                                                        (1 = 100.0%) {0.0%}
210  ... 

Histogram: Startup.BrowserMessageLoopFirstIdle recorded 1 samples, mean = 152856.0 (flags = 0x41)
0       ... 
132874  -O                                                                        (1 = 100.0%) {0.0%}
153369  ... 

Histogram: Startup.BrowserMessageLoopStartTime recorded 1 samples, mean = 247.0 (flags = 0x41)
0    ... 
242  -O                                                                        (1 = 100.0%) {0.0%}
279  ... 

Histogram: Startup.CreateFirstProfile recorded 1 samples, mean = 121.0 (flags = 0x41)
0    ... 
118  -O                                                                        (1 = 100.0%) {0.0%}
160  ... 

Histogram: Startup.FirstWebContents.FinishReason recorded 1 samples, mean = 6.0 (flags = 0x41)
0  ... 
6  -O                                                                        (1 = 100.0%) {0.0%}
7  ... 

Histogram: Startup.LoadTime.ApplicationStartToChromeMain recorded 1 samples, mean = 0.0 (flags = 0x41)
0  -O                                                                        (1 = 100.0%)
1  ... 

Histogram: Startup.LoadTime.ProcessCreateToApplicationStart recorded 1 samples, mean = 14898.0 (flags = 0x41)
0      ... 
11230  -O                                                                        (1 = 100.0%) {0.0%}
15215  ... 

Histogram: Startup.LoadTime.RecordedProcessCreation recorded 1 samples, mean = 1.0 (flags = 0x1)
0  O                                                                         (0 = 0.0%)
1  -O                                                                        (1 = 100.0%) {0.0%}
2  O                                                                         (0 = 0.0%) {100.0%}

Histogram: Startup.PreMainMessageLoopRunImplLongTime recorded 1 samples, mean = 138.0 (flags = 0x41)
0    ... 
137  -O                                                                        (1 = 100.0%) {0.0%}
158  ... 

Histogram: Startup.Temperature recorded 1 samples, mean = 3.0 (flags = 0x41)
0  ... 
3  -O                                                                        (1 = 100.0%) {0.0%}
4  O                                                                         (0 = 0.0%) {100.0%}

Histogram: Storage.Blob.CreateDirectoryResult recorded 1 samples, mean = 0.0 (flags = 0x41)
0  -O                                                                        (1 = 100.0%)
1  ... 

Histogram: Storage.SessionStorage.RendererAreaCacheHit recorded 2 samples, mean = 1.0 (flags = 0x41)
0  -O                                                                        (1 = 50.0%)
1  O                                                                         (0 = 0.0%) {50.0%}
2  -O                                                                        (1 = 50.0%) {50.0%}
3  O                                                                         (0 = 0.0%) {100.0%}

Histogram: Storage.SharedStorage.Database.Timing.OpenImpl recorded 1 samples, mean = 3.0 (flags = 0x41)
0  ... 
3  -O                                                                        (1 = 100.0%) {0.0%}
4  ... 

Histogram: Storage.SharedStorage.OnShutdown.NumSqlErrors recorded 1 samples, mean = 0.0 (flags = 0x41)
0  -O                                                                        (1 = 100.0%)
1  ... 

Histogram: Storage.SharedStorage.OnShutdown.RecoveryFromInitFailureAttempted recorded 1 samples, mean = 0.0 (flags = 0x41)
0  -O                                                                        (1 = 100.0%)
1  ... 

Histogram: Storage.SharedStorage.OnShutdown.RecoveryOnDiskAttempted recorded 1 samples, mean = 0.0 (flags = 0x41)
0  -O                                                                        (1 = 100.0%)
1  ... 

Histogram: Storage.SharedStorage.Worklet.NumPerPage recorded 1 samples, mean = 0.0 (flags = 0x41)
0  -O                                                                        (1 = 100.0%)
1  ... 

Histogram: Storage.SharedStorage.Worklet.SelectURL.CallsPerPage recorded 1 samples, mean = 0.0 (flags = 0x41)
0  -O                                                                        (1 = 100.0%)
1  ... 

Histogram: Style.InvalidationTime recorded 1 samples, mean = 47.0 (flags = 0x41)
0   ... 
40  -O                                                                        (1 = 100.0%) {0.0%}
55  ... 

Histogram: Style.RebuildLayoutTreeTime recorded 9 samples, mean = 1159.6 (flags = 0x41)
0     ... 
4     -O                                                                        (1 = 11.1%) {0.0%}
6     ... 
21    -O                                                                        (1 = 11.1%) {11.1%}
29    -O                                                                        (1 = 11.1%) {22.2%}
40    -O                                                                        (1 = 11.1%) {33.3%}
55    O                                                                         (0 = 0.0%) {44.4%}
76    -O                                                                        (1 = 11.1%) {44.4%}
105   ... 
203   -O                                                                        (1 = 11.1%) {55.6%}
282   -O                                                                        (1 = 11.1%) {66.7%}
391   -O                                                                        (1 = 11.1%) {77.8%}
542   ... 
7439  -O                                                                        (1 = 11.1%) {88.9%}
10321 ... 

Histogram: Style.RecalcTime recorded 12 samples, mean = 2167.3 (flags = 0x41)
0     O                                                                         (0 = 0.0%)
1     -O                                                                        (1 = 8.3%) {0.0%}
2     ... 
8     -O                                                                        (1 = 8.3%) {8.3%}
11    ... 
40    -O                                                                        (1 = 8.3%) {16.7%}
55    -O                                                                        (1 = 8.3%) {25.0%}
76    -O                                                                        (1 = 8.3%) {33.3%}
105   O                                                                         (0 = 0.0%) {41.7%}
146   -O                                                                        (1 = 8.3%) {41.7%}
203   ... 
391   -O                                                                        (1 = 8.3%) {50.0%}
542   ... 
2008  -O                                                                        (1 = 8.3%) {58.3%}
2786  -O                                                                        (1 = 8.3%) {66.7%}
3865  --O                                                                       (2 = 16.7%) {75.0%}
5362  O                                                                         (0 = 0.0%) {91.7%}
7439  -O                                                                        (1 = 8.3%) {91.7%}
10321 ... 

Histogram: SubresourceFilter.MainFrameLoad.RulesetIsAvailableAnyActivationLevel recorded 1 samples, mean = 0.0 (flags = 0x41)
0  -O                                                                        (1 = 100.0%)
1  ... 

Histogram: SubresourceFilter.PageLoad.ActivationDecision recorded 1 samples, mean = 1.0 (flags = 0x41)
0  O                                                                         (0 = 0.0%)
1  -O                                                                        (1 = 100.0%) {0.0%}
2  ... 

Histogram: SubresourceFilter.PageLoad.ActivationList recorded 1 samples, mean = 0.0 (flags = 0x41)
0  -O                                                                        (1 = 100.0%)
1  ... 

Histogram: SubresourceFilter.PageLoad.ActivationState recorded 2 samples, mean = 0.0 (flags = 0x41)
0  --O                                                                       (2 = 100.0%)
1  ... 

Histogram: SubresourceFilter.PageLoad.SafeBrowsingDelay recorded 1 samples, mean = 0.0 (flags = 0x41)
0  -O                                                                        (1 = 100.0%)
1  ... 

Histogram: SubresourceFilter.SafeBrowsing.TotalCheckTime recorded 2 samples, mean = 0.0 (flags = 0x41)
0  --O                                                                       (2 = 100.0%)
1  ... 

Histogram: Sync.ModelTypeStoreBackendError.ReadRecords recorded 5 samples, mean = 1.0 (flags = 0x41)
0  O                                                                         (0 = 0.0%)
1  -----O                                                                    (5 = 100.0%) {0.0%}
2  ... 

Histogram: Sync.ModelTypeStoreBackendInitializationSuccess recorded 1 samples, mean = 1.0 (flags = 0x41)
0  O                                                                         (0 = 0.0%)
1  -O                                                                        (1 = 100.0%) {0.0%}
2  O                                                                         (0 = 0.0%) {100.0%}

Histogram: Sync.PassphraseType2 recorded 1 samples, mean = 0.0 (flags = 0x41)
0  -O                                                                        (1 = 100.0%)
1  ... 

Histogram: Sync.SyncToSigninMigrationDecision recorded 1 samples, mean = 1.0 (flags = 0x41)
0  O                                                                         (0 = 0.0%)
1  -O                                                                        (1 = 100.0%) {0.0%}
2  ... 

Histogram: Sync.TrustedVaultFileReadStatus recorded 1 samples, mean = 0.0 (flags = 0x41)
0  -O                                                                        (1 = 100.0%)
1  ... 

Histogram: Sync.TrustedVaultFileWriteSuccess recorded 1 samples, mean = 1.0 (flags = 0x41)
0  O                                                                         (0 = 0.0%)
1  -O                                                                        (1 = 100.0%) {0.0%}
2  O                                                                         (0 = 0.0%) {100.0%}

Histogram: TabGroups.CollapsedGroupCountPerLoad recorded 1 samples, mean = 0.0 (flags = 0x41)
0  -O                                                                        (1 = 100.0%)
1  ... 

Histogram: TabGroups.UserCustomizedGroupCountPerLoad recorded 1 samples, mean = 0.0 (flags = 0x41)
0  -O                                                                        (1 = 100.0%)
1  ... 

Histogram: TabGroups.UserGroupCountPerLoad recorded 1 samples, mean = 0.0 (flags = 0x41)
0  -O                                                                        (1 = 100.0%)
1  ... 

Histogram: TabGroups.UserPinnedTabCountPerLoad recorded 1 samples, mean = 0.0 (flags = 0x41)
0  -O                                                                        (1 = 100.0%)
1  ... 

Histogram: Tabs.NewNavigationWithSameOriginTab recorded 1 samples, mean = 0.0 (flags = 0x41)
0  -O                                                                        (1 = 100.0%)
1  ... 

Histogram: Tabs.TabCountPerLoad recorded 1 samples, mean = 0.0 (flags = 0x41)
0  -O                                                                        (1 = 100.0%)
1  ... 

Histogram: ThirdPartyModules.InputMethodEditorsCount recorded 1 samples, mean = 0.0 (flags = 0x41)
0  -O                                                                        (1 = 100.0%)
1  ... 

Histogram: ThreadPool.UnnecessaryWakeup.Browser.Background recorded 1 samples, mean = 1.0 (flags = 0x41)
0  O                                                                         (0 = 0.0%)
1  -O                                                                        (1 = 100.0%) {0.0%}
2  O                                                                         (0 = 0.0%) {100.0%}

Histogram: ThreadPool.UnnecessaryWakeup.Browser.Foreground recorded 41 samples, mean = 1.0 (flags = 0x41)
0  O                                                                         (0 = 0.0%)
1  -----------------------------------------O                                (41 = 100.0%) {0.0%}
2  O                                                                         (0 = 0.0%) {100.0%}

Histogram: ThreadPool.UnnecessaryWakeup.ContentChild.Foreground recorded 4 samples, mean = 1.0 (flags = 0x41)
0  O                                                                         (0 = 0.0%)
1  ----O                                                                     (4 = 100.0%) {0.0%}
2  O                                                                         (0 = 0.0%) {100.0%}

Histogram: ThreadPool.UnnecessaryWakeup.GPU.Foreground recorded 2 samples, mean = 1.0 (flags = 0x41)
0  O                                                                         (0 = 0.0%)
1  --O                                                                       (2 = 100.0%) {0.0%}
2  O                                                                         (0 = 0.0%) {100.0%}

Histogram: ThreadPool.UnnecessaryWakeup.Renderer.Foreground recorded 61 samples, mean = 1.0 (flags = 0x41)
0  O                                                                         (0 = 0.0%)
1  -------------------------------------------------------------O            (61 = 100.0%) {0.0%}
2  O                                                                         (0 = 0.0%) {100.0%}

Histogram: Translate.ApplicationStart.AlwaysTranslateLanguage.Count recorded 1 samples, mean = 0.0 (flags = 0x41)
0  -O                                                                        (1 = 100.0%)
1  ... 

Histogram: Translate.ApplicationStart.NeverTranslateLanguage recorded 1 samples (flags = 0x41)
1670494558  -O                                                                        (1 = 100.0%)

Histogram: Translate.ApplicationStart.NeverTranslateLanguage.Count recorded 1 samples, mean = 1.0 (flags = 0x41)
0  O                                                                         (0 = 0.0%)
1  -O                                                                        (1 = 100.0%) {0.0%}
2  ... 

Histogram: Translate.ApplicationStart.NeverTranslateSite.Count recorded 1 samples, mean = 0.0 (flags = 0x41)
0  -O                                                                        (1 = 100.0%)
1  ... 

Histogram: Translate.LanguageDetection.LanguageVerification recorded 1 samples, mean = 2.0 (flags = 0x41)
0  ... 
2  -O                                                                        (1 = 100.0%) {0.0%}
3  ... 

Histogram: Translate.LanguageDeterminedDuration recorded 1 samples, mean = 1639.0 (flags = 0x41)
0     ... 
1340  -O                                                                        (1 = 100.0%) {0.0%}
1816  ... 

Histogram: Translate.PageLoad.FinalSourceLanguage recorded 1 samples (flags = 0x41)
1670494558  -O                                                                        (1 = 100.0%)

Histogram: Translate.PageLoad.FinalState recorded 1 samples, mean = 1.0 (flags = 0x41)
0  O                                                                         (0 = 0.0%)
1  -O                                                                        (1 = 100.0%) {0.0%}
2  ... 

Histogram: Translate.PageLoad.FinalTargetLanguage recorded 1 samples (flags = 0x41)
1670494558  -O                                                                        (1 = 100.0%)

Histogram: Translate.PageLoad.InitialSourceLanguage recorded 1 samples (flags = 0x41)
1670494558  -O                                                                        (1 = 100.0%)

Histogram: Translate.PageLoad.InitialState recorded 1 samples, mean = 1.0 (flags = 0x41)
0  O                                                                         (0 = 0.0%)
1  -O                                                                        (1 = 100.0%) {0.0%}
2  ... 

Histogram: Translate.PageLoad.InitialTargetLanguage recorded 1 samples (flags = 0x41)
1670494558  -O                                                                        (1 = 100.0%)

Histogram: Translate.PageLoad.InitialTargetLanguage.Origin recorded 1 samples, mean = 1.0 (flags = 0x41)
0  O                                                                         (0 = 0.0%)
1  -O                                                                        (1 = 100.0%) {0.0%}
2  ... 

Histogram: Translate.PageLoad.IsInitialSourceLanguageInUsersContentLanguages recorded 1 samples, mean = 1.0 (flags = 0x41)
0  O                                                                         (0 = 0.0%)
1  -O                                                                        (1 = 100.0%) {0.0%}
2  O                                                                         (0 = 0.0%) {100.0%}

Histogram: Translate.PageLoad.NumReversions recorded 1 samples, mean = 0.0 (flags = 0x41)
0  -O                                                                        (1 = 100.0%)
1  ... 

Histogram: Translate.PageLoad.NumTargetLanguageChanges recorded 1 samples, mean = 0.0 (flags = 0x41)
0  -O                                                                        (1 = 100.0%)
1  ... 

Histogram: Translate.PageLoad.NumTranslations recorded 1 samples, mean = 0.0 (flags = 0x41)
0  -O                                                                        (1 = 100.0%)
1  ... 

Histogram: Translate.PageLoad.Ranker.Decision recorded 1 samples, mean = 1.0 (flags = 0x41)
0  O                                                                         (0 = 0.0%)
1  -O                                                                        (1 = 100.0%) {0.0%}
2  ... 

Histogram: Translate.PageLoad.Ranker.Version recorded 1 samples (flags = 0x41)
0  -O                                                                        (1 = 100.0%)

Histogram: Translate.PageLoad.TriggerDecision recorded 1 samples, mean = 4.0 (flags = 0x41)
0  ... 
4  -O                                                                        (1 = 100.0%) {0.0%}
5  ... 

Histogram: Translate.Ranker.Model.Status2 recorded 2 samples, mean = 6.5 (flags = 0x41)
0  ... 
6  -O                                                                        (1 = 50.0%) {0.0%}
7  -O                                                                        (1 = 50.0%) {50.0%}
8  O                                                                         (0 = 0.0%) {100.0%}

Histogram: UI.DeviceScale recorded 2 samples (flags = 0x41)
100  -O                                                                        (1 = 50.0%)
200  -O                                                                        (1 = 50.0%)

Histogram: UKM.Entries.Dropped recorded 102 samples, mean = 1.0 (flags = 0x41)
0  O                                                                         (0 = 0.0%)
1  ------------------------------------------------------------------------O (102 = 100.0%) {0.0%}
2  ... 

Histogram: UKM.Entries.Dropped.ByEntryHash recorded 102 samples (flags = 0x41)
58315124    -O                                                                        (1 = 1.0%)
181657211   -O                                                                        (1 = 1.0%)
182085608   -O                                                                        (1 = 1.0%)
189164898   -O                                                                        (1 = 1.0%)
251237400   -O                                                                        (1 = 1.0%)
270025173   -O                                                                        (1 = 1.0%)
277070773   -O                                                                        (1 = 1.0%)
385121421   -O                                                                        (1 = 1.0%)
480593958   -----O                                                                    (5 = 4.9%)
532600439   ---O                                                                      (3 = 2.9%)
575234402   -O                                                                        (1 = 1.0%)
624513781   -O                                                                        (1 = 1.0%)
654949485   ---------------O                                                          (15 = 14.7%)
661477988   -O                                                                        (1 = 1.0%)
705322609   ---O                                                                      (3 = 2.9%)
805578149   -O                                                                        (1 = 1.0%)
810755299   -O                                                                        (1 = 1.0%)
828084724   -O                                                                        (1 = 1.0%)
854760832   -O                                                                        (1 = 1.0%)
888761441   -O                                                                        (1 = 1.0%)
902138984   --------O                                                                 (8 = 7.8%)
923024503   -O                                                                        (1 = 1.0%)
986870865   -O                                                                        (1 = 1.0%)
1004547038  -O                                                                        (1 = 1.0%)
1035062417  -O                                                                        (1 = 1.0%)
1078164680  --O                                                                       (2 = 2.0%)
1149114043  -O                                                                        (1 = 1.0%)
1262170432  -------O                                                                  (7 = 6.9%)
1321082436  --O                                                                       (2 = 2.0%)
1350795912  -O                                                                        (1 = 1.0%)
1354891390  -O                                                                        (1 = 1.0%)
1404242571  -O                                                                        (1 = 1.0%)
1548358279  -O                                                                        (1 = 1.0%)
1604233346  -------O                                                                  (7 = 6.9%)
1663717192  -O                                                                        (1 = 1.0%)
1767609109  -----------O                                                              (11 = 10.8%)
1832900131  ----O                                                                     (4 = 3.9%)
1866365893  -O                                                                        (1 = 1.0%)
1871083634  -O                                                                        (1 = 1.0%)
2037740339  ------O                                                                   (6 = 5.9%)
2066033668  -O                                                                        (1 = 1.0%)

Histogram: UKM.PersistentLogRecall.Status recorded 1 samples, mean = 1.0 (flags = 0x41)
0  O                                                                         (0 = 0.0%)
1  -O                                                                        (1 = 100.0%) {0.0%}
2  ... 

Histogram: UKM.Sources.Dropped recorded 5 samples, mean = 1.0 (flags = 0x41)
0  O                                                                         (0 = 0.0%)
1  -----O                                                                    (5 = 100.0%) {0.0%}
2  ... 

Histogram: UKM.WebDXFeatureSets.Dropped recorded 2 samples, mean = 1.0 (flags = 0x41)
0  O                                                                         (0 = 0.0%)
1  --O                                                                       (2 = 100.0%) {0.0%}
2  ... 

Histogram: UMA.ChildProcess.Ping.SharedMemorySetUp recorded 22 samples, mean = 1.0 (flags = 0x41)
0  --------O                                                                 (8 = 36.4%)
1  -------O                                                                  (7 = 31.8%) {36.4%}
2  -------O                                                                  (7 = 31.8%) {68.2%}
3  O                                                                         (0 = 0.0%) {100.0%}

Histogram: UMA.CleanExitBeaconConsistency3 recorded 1 samples, mean = 0.0 (flags = 0x41)
0  -O                                                                        (1 = 100.0%)
1  ... 

Histogram: UMA.EntropySourceType recorded 1 samples, mean = 1.0 (flags = 0x41)
0  O                                                                         (0 = 0.0%)
1  -O                                                                        (1 = 100.0%) {0.0%}
2  ... 

Histogram: UMA.LocalHistogram recorded 9 samples, mean = 1.0 (flags = 0x40)
0  O                                                                         (0 = 0.0%)
1  ---------O                                                                (9 = 100.0%) {0.0%}
2  O                                                                         (0 = 0.0%) {100.0%}

Histogram: UMA.MachineIdState recorded 1 samples, mean = 3.0 (flags = 0x41)
0  ... 
3  -O                                                                        (1 = 100.0%) {0.0%}
4  O                                                                         (0 = 0.0%) {100.0%}

Histogram: UMA.MetricsService.Initialize.Time recorded 1 samples, mean = 31.0 (flags = 0x41)
0   ... 
28  -O                                                                        (1 = 100.0%) {0.0%}
37  ... 

Histogram: UMA.MetricsService.PendingOngoingLogOnDisable recorded 1 samples, mean = 0.0 (flags = 0x41)
0  -O                                                                        (1 = 100.0%)
1  ... 

Histogram: UMA.PersistentAllocator.BrowserMetrics.Errors recorded 0 samples (flags = 0x41)
0 ... 

Histogram: UMA.PersistentAllocator.BrowserMetrics.UsedPct recorded 0 samples (flags = 0x41)
0 ... 

Histogram: UMA.PersistentAllocator.EarlyHistograms.BrowserMetrics recorded 1 samples, mean = 1.0 (flags = 0x41)
0  O                                                                         (0 = 0.0%)
1  -O                                                                        (1 = 100.0%) {0.0%}
2  ... 

Histogram: UMA.PersistentAllocator.EarlyHistograms.GpuMetrics recorded 1 samples, mean = 25.0 (flags = 0x41)
0   ... 
25  -O                                                                        (1 = 100.0%) {0.0%}
26  ... 

Histogram: UMA.PersistentAllocator.EarlyHistograms.RendererMetrics recorded 3 samples, mean = 30.3 (flags = 0x41)
0   ... 
30  ---O                                                                      (3 = 100.0%) {0.0%}
32  ... 

Histogram: UMA.PersistentAllocator.EarlyHistograms.UtilityMetrics recorded 3 samples, mean = 7.0 (flags = 0x41)
0  ... 
7  ---O                                                                      (3 = 100.0%) {0.0%}
8  ... 

Histogram: UMA.PersistentAllocator.FieldTrialAllocator.Errors recorded 0 samples (flags = 0x41)
0 ... 

Histogram: UMA.PersistentAllocator.FieldTrialAllocator.UsedPct recorded 8 samples, mean = 0.0 (flags = 0x41)
0  --------O                                                                 (8 = 100.0%)
1  ... 

Histogram: UMA.PersistentHistograms.InitResult recorded 1 samples, mean = 2.0 (flags = 0x41)
0  ... 
2  -O                                                                        (1 = 100.0%) {0.0%}
3  ... 

Histogram: UMA.Pseudo.PageLoad.LayoutInstability.CumulativeShiftScore recorded 1 samples, mean = 0.0 (flags = 0x41)
0  -O                                                                        (1 = 100.0%)
1  ... 

Histogram: UMA.Pseudo.PageLoad.LayoutInstability.MaxCumulativeShiftScore.SessionWindow.Gap1000ms.Max5000ms2 recorded 1 samples, mean = 0.0 (flags = 0x41)
0  -O                                                                        (1 = 100.0%)
1  ... 

Histogram: UnifiedConsent.MakeSearchesAndBrowsingBetter.OnProfileLoad recorded 1 samples, mean = 0.0 (flags = 0x41)
0  -O                                                                        (1 = 100.0%)
1  ... 

Histogram: V8.CollectSourcePositions recorded 32 samples, mean = 79.5 (flags = 0x41)
0    ... 
5    --O                                                                       (2 = 6.2%) {0.0%}
7    -O                                                                        (1 = 3.1%) {6.2%}
9    --O                                                                       (2 = 6.2%) {9.4%}
12   --O                                                                       (2 = 6.2%) {15.6%}
16   -----O                                                                    (5 = 15.6%) {21.9%}
21   --O                                                                       (2 = 6.2%) {37.5%}
28   --O                                                                       (2 = 6.2%) {43.8%}
37   --O                                                                       (2 = 6.2%) {50.0%}
49   -O                                                                        (1 = 3.1%) {56.2%}
65   --O                                                                       (2 = 6.2%) {59.4%}
86   ----O                                                                     (4 = 12.5%) {65.6%}
113  ----O                                                                     (4 = 12.5%) {78.1%}
149  -O                                                                        (1 = 3.1%) {90.6%}
196  ... 
340  -O                                                                        (1 = 3.1%) {93.8%}
448  -O                                                                        (1 = 3.1%) {96.9%}
590  ... 

Histogram: V8.CompileDeserializeMicroSeconds recorded 20 samples, mean = 5.5 (flags = 0x41)
0   O                                                                         (0 = 0.0%)
1   --O                                                                       (2 = 10.0%) {0.0%}
2   -O                                                                        (1 = 5.0%) {10.0%}
3   ---O                                                                      (3 = 15.0%) {15.0%}
4   ----O                                                                     (4 = 20.0%) {30.0%}
5   ----O                                                                     (4 = 20.0%) {50.0%}
7   ----O                                                                     (4 = 20.0%) {70.0%}
9   -O                                                                        (1 = 5.0%) {90.0%}
12  ... 
21  -O                                                                        (1 = 5.0%) {95.0%}
28  ... 

Histogram: V8.CompileLazyMicroSeconds recorded 5 samples, mean = 5832.2 (flags = 0x41)
0      ... 
391    -O                                                                        (1 = 20.0%) {0.0%}
542    ... 
1447   -O                                                                        (1 = 20.0%) {20.0%}
2008   -O                                                                        (1 = 20.0%) {40.0%}
2786   O                                                                         (0 = 0.0%) {60.0%}
3865   -O                                                                        (1 = 20.0%) {60.0%}
5362   ... 
14319  -O                                                                        (1 = 20.0%) {80.0%}
19866  ... 

Histogram: V8.CompileMicroSeconds recorded 22 samples, mean = 59.6 (flags = 0x41)
0    ... 
2    -O                                                                        (1 = 4.5%) {0.0%}
3    ---O                                                                      (3 = 13.6%) {4.5%}
4    -O                                                                        (1 = 4.5%) {18.2%}
5    --O                                                                       (2 = 9.1%) {22.7%}
7    O                                                                         (0 = 0.0%) {31.8%}
9    -O                                                                        (1 = 4.5%) {31.8%}
12   ---O                                                                      (3 = 13.6%) {36.4%}
16   -O                                                                        (1 = 4.5%) {50.0%}
21   --O                                                                       (2 = 9.1%) {54.5%}
28   --O                                                                       (2 = 9.1%) {63.6%}
37   ---O                                                                      (3 = 13.6%) {72.7%}
49   -O                                                                        (1 = 4.5%) {86.4%}
65   ... 
258  -O                                                                        (1 = 4.5%) {90.9%}
340  ... 
590  -O                                                                        (1 = 4.5%) {95.5%}
777  ... 

Histogram: V8.CompileScript.CacheBehaviour recorded 50 samples, mean = 4.9 (flags = 0x41)
0   O                                                                         (0 = 0.0%)
1   --O                                                                       (2 = 4.0%) {0.0%}
2   --------------------O                                                     (20 = 40.0%) {4.0%}
3   O                                                                         (0 = 0.0%) {44.0%}
4   ----------------O                                                         (16 = 32.0%) {44.0%}
5   ... 
8   --O                                                                       (2 = 4.0%) {76.0%}
9   ... 
12  ------O                                                                   (6 = 12.0%) {80.0%}
13  ----O                                                                     (4 = 8.0%) {92.0%}
14  ... 

Histogram: V8.CompileScriptMicroSeconds recorded 50 samples, mean = 85.7 (flags = 0x41)
0     O                                                                         (0 = 0.0%)
1     -O                                                                        (1 = 2.0%) {0.0%}
2     --O                                                                       (2 = 4.0%) {2.0%}
3     -O                                                                        (1 = 2.0%) {6.0%}
4     -O                                                                        (1 = 2.0%) {8.0%}
5     --------O                                                                 (8 = 16.0%) {10.0%}
7     -O                                                                        (1 = 2.0%) {26.0%}
9     -----O                                                                    (5 = 10.0%) {28.0%}
12    ------O                                                                   (6 = 12.0%) {38.0%}
16    ---O                                                                      (3 = 6.0%) {50.0%}
21    --O                                                                       (2 = 4.0%) {56.0%}
28    -----O                                                                    (5 = 10.0%) {60.0%}
37    --O                                                                       (2 = 4.0%) {70.0%}
49    ---O                                                                      (3 = 6.0%) {74.0%}
65    ----O                                                                     (4 = 8.0%) {80.0%}
86    O                                                                         (0 = 0.0%) {88.0%}
113   -O                                                                        (1 = 2.0%) {88.0%}
149   --O                                                                       (2 = 4.0%) {90.0%}
196   ... 
340   -O                                                                        (1 = 2.0%) {94.0%}
448   -O                                                                        (1 = 2.0%) {96.0%}
590   ... 
1774  -O                                                                        (1 = 2.0%) {98.0%}
2336  ... 

Histogram: V8.CompileScriptMicroSeconds.BackgroundThread recorded 6 samples, mean = 4074.5 (flags = 0x41)
0      ... 
258    -O                                                                        (1 = 16.7%) {0.0%}
340    -O                                                                        (1 = 16.7%) {16.7%}
448    -O                                                                        (1 = 16.7%) {33.3%}
590    ... 
1023   -O                                                                        (1 = 16.7%) {50.0%}
1347   -O                                                                        (1 = 16.7%) {66.7%}
1774   ... 
16063  -O                                                                        (1 = 16.7%) {83.3%}
21156  ... 

Histogram: V8.CompileScriptMicroSeconds.ConsumeCache recorded 20 samples, mean = 8.2 (flags = 0x41)
0   O                                                                         (0 = 0.0%)
1   -O                                                                        (1 = 5.0%) {0.0%}
2   --O                                                                       (2 = 10.0%) {5.0%}
3   O                                                                         (0 = 0.0%) {15.0%}
4   -O                                                                        (1 = 5.0%) {15.0%}
5   -----O                                                                    (5 = 25.0%) {20.0%}
7   ----O                                                                     (4 = 20.0%) {45.0%}
9   --O                                                                       (2 = 10.0%) {65.0%}
12  ---O                                                                      (3 = 15.0%) {75.0%}
16  -O                                                                        (1 = 5.0%) {90.0%}
21  -O                                                                        (1 = 5.0%) {95.0%}
28  ... 

Histogram: V8.CompileScriptMicroSeconds.ConsumeCache.BackgroundThread recorded 20 samples, mean = 315.1 (flags = 0x41)
0     ... 
16    -O                                                                        (1 = 5.0%) {0.0%}
21    O                                                                         (0 = 0.0%) {5.0%}
28    -O                                                                        (1 = 5.0%) {5.0%}
37    --O                                                                       (2 = 10.0%) {10.0%}
49    --O                                                                       (2 = 10.0%) {20.0%}
65    ---O                                                                      (3 = 15.0%) {30.0%}
86    ----O                                                                     (4 = 20.0%) {45.0%}
113   ----O                                                                     (4 = 20.0%) {65.0%}
149   ... 
590   -O                                                                        (1 = 5.0%) {85.0%}
777   -O                                                                        (1 = 5.0%) {90.0%}
1023  ... 
3077  -O                                                                        (1 = 5.0%) {95.0%}
4053  ... 

Histogram: V8.CompileScriptMicroSeconds.IsolateCacheHit recorded 2 samples, mean = 30.0 (flags = 0x41)
0   ... 
12  -O                                                                        (1 = 50.0%) {0.0%}
16  ... 
37  -O                                                                        (1 = 50.0%) {50.0%}
49  ... 

Histogram: V8.CompileScriptMicroSeconds.NoCache.InlineScript recorded 16 samples, mean = 86.5 (flags = 0x41)
0    ... 
9    -O                                                                        (1 = 6.2%) {0.0%}
12   -O                                                                        (1 = 6.2%) {6.2%}
16   -O                                                                        (1 = 6.2%) {12.5%}
21   -O                                                                        (1 = 6.2%) {18.8%}
28   --O                                                                       (2 = 12.5%) {25.0%}
37   -O                                                                        (1 = 6.2%) {37.5%}
49   -O                                                                        (1 = 6.2%) {43.8%}
65   ----O                                                                     (4 = 25.0%) {50.0%}
86   O                                                                         (0 = 0.0%) {75.0%}
113  -O                                                                        (1 = 6.2%) {75.0%}
149  -O                                                                        (1 = 6.2%) {81.2%}
196  -O                                                                        (1 = 6.2%) {87.5%}
258  O                                                                         (0 = 0.0%) {93.8%}
340  -O                                                                        (1 = 6.2%) {93.8%}
448  ... 

Histogram: V8.CompileScriptMicroSeconds.NoCache.Other recorded 6 samples, mean = 436.0 (flags = 0x41)
0     ... 
28    ---O                                                                      (3 = 50.0%) {0.0%}
37    O                                                                         (0 = 0.0%) {50.0%}
49    -O                                                                        (1 = 16.7%) {50.0%}
65    ... 
448   -O                                                                        (1 = 16.7%) {66.7%}
590   ... 
1774  -O                                                                        (1 = 16.7%) {83.3%}
2336  ... 

Histogram: V8.CompileScriptMicroSeconds.StreamingFinalization recorded 6 samples, mean = 21.3 (flags = 0x41)
0   ... 
5   -O                                                                        (1 = 16.7%) {0.0%}
7   O                                                                         (0 = 0.0%) {16.7%}
9   -O                                                                        (1 = 16.7%) {16.7%}
12  --O                                                                       (2 = 33.3%) {33.3%}
16  O                                                                         (0 = 0.0%) {66.7%}
21  -O                                                                        (1 = 16.7%) {66.7%}
28  ... 
49  -O                                                                        (1 = 16.7%) {83.3%}
65  ... 

Histogram: V8.ErrorsThrownPerContext recorded 1 samples, mean = 0.0 (flags = 0x41)
0  -O                                                                        (1 = 100.0%)
1  ... 

Histogram: V8.GC.Cycle.CollectionRate.Full recorded 1 samples, mean = 84.0 (flags = 0x41)
0   ... 
80  -O                                                                        (1 = 100.0%) {0.0%}
100 O                                                                         (0 = 0.0%) {100.0%}

Histogram: V8.GC.Cycle.CollectionRate.Full.Cpp recorded 1 samples, mean = 50.0 (flags = 0x41)
0   ... 
41  -O                                                                        (1 = 100.0%) {0.0%}
51  ... 

Histogram: V8.GC.Cycle.CollectionRate.Young recorded 13 samples, mean = 34.2 (flags = 0x41)
0   ... 
14  --O                                                                       (2 = 15.4%) {0.0%}
17  -O                                                                        (1 = 7.7%) {15.4%}
21  O                                                                         (0 = 0.0%) {23.1%}
26  -O                                                                        (1 = 7.7%) {23.1%}
33  -----O                                                                    (5 = 38.5%) {30.8%}
41  ---O                                                                      (3 = 23.1%) {69.2%}
51  -O                                                                        (1 = 7.7%) {92.3%}
64  ... 

Histogram: V8.GC.Cycle.CollectionWeight.Full recorded 1 samples, mean = 0.0 (flags = 0x41)
0  -O                                                                        (1 = 100.0%)
1  ... 

Histogram: V8.GC.Cycle.CollectionWeight.Full.Cpp recorded 1 samples, mean = 0.0 (flags = 0x41)
0  -O                                                                        (1 = 100.0%)
1  ... 

Histogram: V8.GC.Cycle.CollectionWeight.MainThread.Full recorded 1 samples, mean = 0.0 (flags = 0x41)
0  -O                                                                        (1 = 100.0%)
1  ... 

Histogram: V8.GC.Cycle.CollectionWeight.MainThread.Full.Cpp recorded 1 samples, mean = 0.0 (flags = 0x41)
0  -O                                                                        (1 = 100.0%)
1  ... 

Histogram: V8.GC.Cycle.Efficiency.Full recorded 1 samples, mean = 35.0 (flags = 0x41)
0   ... 
35  -O                                                                        (1 = 100.0%) {0.0%}
48  ... 

Histogram: V8.GC.Cycle.Efficiency.Full.Cpp recorded 1 samples, mean = 196.0 (flags = 0x41)
0    ... 
163  -O                                                                        (1 = 100.0%) {0.0%}
222  ... 

Histogram: V8.GC.Cycle.Efficiency.MainThread.Full recorded 1 samples, mean = 129.0 (flags = 0x41)
0    ... 
120  -O                                                                        (1 = 100.0%) {0.0%}
163  ... 

Histogram: V8.GC.Cycle.Efficiency.MainThread.Full.Cpp recorded 1 samples, mean = 484.0 (flags = 0x41)
0    ... 
411  -O                                                                        (1 = 100.0%) {0.0%}
559  ... 

Histogram: V8.GC.Cycle.Efficiency.MainThread.Young recorded 13 samples, mean = 1107.7 (flags = 0x41)
0     ... 
222   -O                                                                        (1 = 7.7%) {0.0%}
302   --O                                                                       (2 = 15.4%) {7.7%}
411   -O                                                                        (1 = 7.7%) {23.1%}
559   -O                                                                        (1 = 7.7%) {30.8%}
760   --O                                                                       (2 = 15.4%) {38.5%}
1034  --O                                                                       (2 = 15.4%) {53.8%}
1407  --O                                                                       (2 = 15.4%) {69.2%}
1914  -O                                                                        (1 = 7.7%) {84.6%}
2604  -O                                                                        (1 = 7.7%) {92.3%}
3542  ... 

Histogram: V8.GC.Cycle.Efficiency.Young recorded 13 samples, mean = 570.8 (flags = 0x41)
0     ... 
222   ---O                                                                      (3 = 23.1%) {0.0%}
302   --O                                                                       (2 = 15.4%) {23.1%}
411   ----O                                                                     (4 = 30.8%) {38.5%}
559   --O                                                                       (2 = 15.4%) {69.2%}
760   -O                                                                        (1 = 7.7%) {84.6%}
1034  O                                                                         (0 = 0.0%) {92.3%}
1407  -O                                                                        (1 = 7.7%) {92.3%}
1914  ... 

Histogram: V8.GC.Cycle.Full recorded 1 samples, mean = 64.0 (flags = 0x41)
0   ... 
57  -O                                                                        (1 = 100.0%) {0.0%}
68  ... 

Histogram: V8.GC.Cycle.Full.Compact recorded 1 samples, mean = 9.0 (flags = 0x41)
0  ... 
8  -O                                                                        (1 = 100.0%) {0.0%}
10 ... 

Histogram: V8.GC.Cycle.Full.Compact.Cpp recorded 1 samples, mean = 3.0 (flags = 0x41)
0  ... 
3  -O                                                                        (1 = 100.0%) {0.0%}
4  ... 

Histogram: V8.GC.Cycle.Full.Cpp recorded 1 samples, mean = 26.0 (flags = 0x41)
0   ... 
24  -O                                                                        (1 = 100.0%) {0.0%}
29  ... 

Histogram: V8.GC.Cycle.Full.Mark recorded 1 samples, mean = 46.0 (flags = 0x41)
0   ... 
40  -O                                                                        (1 = 100.0%) {0.0%}
48  ... 

Histogram: V8.GC.Cycle.Full.Mark.Cpp recorded 1 samples, mean = 18.0 (flags = 0x41)
0   ... 
17  -O                                                                        (1 = 100.0%) {0.0%}
20  ... 

Histogram: V8.GC.Cycle.Full.Sweep recorded 1 samples, mean = 5.0 (flags = 0x41)
0  ... 
5  -O                                                                        (1 = 100.0%) {0.0%}
6  ... 

Histogram: V8.GC.Cycle.Full.Sweep.Cpp recorded 1 samples, mean = 4.0 (flags = 0x41)
0  ... 
4  -O                                                                        (1 = 100.0%) {0.0%}
5  ... 

Histogram: V8.GC.Cycle.Full.Weak recorded 1 samples, mean = 0.0 (flags = 0x41)
0  -O                                                                        (1 = 100.0%)
1  ... 

Histogram: V8.GC.Cycle.Full.Weak.Cpp recorded 1 samples, mean = 0.0 (flags = 0x41)
0  -O                                                                        (1 = 100.0%)
1  ... 

Histogram: V8.GC.Cycle.MainThread.Full recorded 1 samples, mean = 17.0 (flags = 0x41)
0   ... 
17  -O                                                                        (1 = 100.0%) {0.0%}
20  ... 

Histogram: V8.GC.Cycle.MainThread.Full.Atomic recorded 1 samples, mean = 9.0 (flags = 0x41)
0  ... 
8  -O                                                                        (1 = 100.0%) {0.0%}
10 ... 

Histogram: V8.GC.Cycle.MainThread.Full.Atomic.Compact recorded 1 samples, mean = 3.0 (flags = 0x41)
0  ... 
3  -O                                                                        (1 = 100.0%) {0.0%}
4  ... 

Histogram: V8.GC.Cycle.MainThread.Full.Atomic.Compact.Cpp recorded 1 samples, mean = 3.0 (flags = 0x41)
0  ... 
3  -O                                                                        (1 = 100.0%) {0.0%}
4  ... 

Histogram: V8.GC.Cycle.MainThread.Full.Atomic.Cpp recorded 1 samples, mean = 3.0 (flags = 0x41)
0  ... 
3  -O                                                                        (1 = 100.0%) {0.0%}
4  ... 

Histogram: V8.GC.Cycle.MainThread.Full.Atomic.Mark recorded 1 samples, mean = 0.0 (flags = 0x41)
0  -O                                                                        (1 = 100.0%)
1  ... 

Histogram: V8.GC.Cycle.MainThread.Full.Atomic.Mark.Cpp recorded 1 samples, mean = 0.0 (flags = 0x41)
0  -O                                                                        (1 = 100.0%)
1  ... 

Histogram: V8.GC.Cycle.MainThread.Full.Atomic.Sweep recorded 1 samples, mean = 1.0 (flags = 0x41)
0  O                                                                         (0 = 0.0%)
1  -O                                                                        (1 = 100.0%) {0.0%}
2  ... 

Histogram: V8.GC.Cycle.MainThread.Full.Atomic.Sweep.Cpp recorded 1 samples, mean = 0.0 (flags = 0x41)
0  -O                                                                        (1 = 100.0%)
1  ... 

Histogram: V8.GC.Cycle.MainThread.Full.Atomic.Weak recorded 1 samples, mean = 0.0 (flags = 0x41)
0  -O                                                                        (1 = 100.0%)
1  ... 

Histogram: V8.GC.Cycle.MainThread.Full.Atomic.Weak.Cpp recorded 1 samples, mean = 0.0 (flags = 0x41)
0  -O                                                                        (1 = 100.0%)
1  ... 

Histogram: V8.GC.Cycle.MainThread.Full.Compact recorded 1 samples, mean = 3.0 (flags = 0x41)
0  ... 
3  -O                                                                        (1 = 100.0%) {0.0%}
4  ... 

Histogram: V8.GC.Cycle.MainThread.Full.Compact.Cpp recorded 1 samples, mean = 3.0 (flags = 0x41)
0  ... 
3  -O                                                                        (1 = 100.0%) {0.0%}
4  ... 

Histogram: V8.GC.Cycle.MainThread.Full.Cpp recorded 1 samples, mean = 10.0 (flags = 0x41)
0   ... 
10  -O                                                                        (1 = 100.0%) {0.0%}
12  ... 

Histogram: V8.GC.Cycle.MainThread.Full.Incremental.Mark recorded 1 samples, mean = 8.0 (flags = 0x41)
0  ... 
8  -O                                                                        (1 = 100.0%) {0.0%}
10 ... 

Histogram: V8.GC.Cycle.MainThread.Full.Incremental.Mark.Cpp recorded 1 samples, mean = 3.0 (flags = 0x41)
0  ... 
3  -O                                                                        (1 = 100.0%) {0.0%}
4  ... 

Histogram: V8.GC.Cycle.MainThread.Full.Incremental.Mark.StartStop recorded 1 samples, mean = 13.0 (flags = 0x41)
0   ... 
12  -O                                                                        (1 = 100.0%) {0.0%}
14  ... 

Histogram: V8.GC.Cycle.MainThread.Full.Incremental.Sweep recorded 1 samples, mean = 0.0 (flags = 0x41)
0  -O                                                                        (1 = 100.0%)
1  ... 

Histogram: V8.GC.Cycle.MainThread.Full.Incremental.Sweep.Cpp recorded 1 samples, mean = 3.0 (flags = 0x41)
0  ... 
3  -O                                                                        (1 = 100.0%) {0.0%}
4  ... 

Histogram: V8.GC.Cycle.MainThread.Full.Mark recorded 1 samples, mean = 8.0 (flags = 0x41)
0  ... 
8  -O                                                                        (1 = 100.0%) {0.0%}
10 ... 

Histogram: V8.GC.Cycle.MainThread.Full.Mark.Cpp recorded 1 samples, mean = 3.0 (flags = 0x41)
0  ... 
3  -O                                                                        (1 = 100.0%) {0.0%}
4  ... 

Histogram: V8.GC.Cycle.MainThread.Full.Sweep recorded 1 samples, mean = 1.0 (flags = 0x41)
0  O                                                                         (0 = 0.0%)
1  -O                                                                        (1 = 100.0%) {0.0%}
2  ... 

Histogram: V8.GC.Cycle.MainThread.Full.Sweep.Cpp recorded 1 samples, mean = 4.0 (flags = 0x41)
0  ... 
4  -O                                                                        (1 = 100.0%) {0.0%}
5  ... 

Histogram: V8.GC.Cycle.MainThread.Full.Weak recorded 1 samples, mean = 0.0 (flags = 0x41)
0  -O                                                                        (1 = 100.0%)
1  ... 

Histogram: V8.GC.Cycle.MainThread.Full.Weak.Cpp recorded 1 samples, mean = 0.0 (flags = 0x41)
0  -O                                                                        (1 = 100.0%)
1  ... 

Histogram: V8.GC.Cycle.MainThread.Young recorded 13 samples, mean = 0.9 (flags = 0x41)
0  ----O                                                                     (4 = 30.8%)
1  -------O                                                                  (7 = 53.8%) {30.8%}
2  -O                                                                        (1 = 7.7%) {84.6%}
3  -O                                                                        (1 = 7.7%) {92.3%}
4  ... 

Histogram: V8.GC.Cycle.Memory.Freed.Full recorded 1 samples, mean = 8900.0 (flags = 0x41)
0     ... 
6554  -O                                                                        (1 = 100.0%) {0.0%}
8915  ... 

Histogram: V8.GC.Cycle.Memory.Freed.Full.Cpp recorded 1 samples, mean = 4992.0 (flags = 0x41)
0     ... 
4818  -O                                                                        (1 = 100.0%) {0.0%}
6554  ... 

Histogram: V8.GC.Cycle.Objects.After.Full recorded 1 samples, mean = 12773.0 (flags = 0x41)
0      ... 
12127  -O                                                                        (1 = 100.0%) {0.0%}
16496  ... 

Histogram: V8.GC.Cycle.Objects.After.Full.Cpp recorded 1 samples, mean = 5376.0 (flags = 0x41)
0     ... 
4818  -O                                                                        (1 = 100.0%) {0.0%}
6554  ... 

Histogram: V8.GC.Cycle.Objects.Before.Full recorded 1 samples, mean = 15079.0 (flags = 0x41)
0      ... 
12127  -O                                                                        (1 = 100.0%) {0.0%}
16496  ... 

Histogram: V8.GC.Cycle.Objects.Before.Full.Cpp recorded 1 samples, mean = 10562.0 (flags = 0x41)
0     ... 
8915  -O                                                                        (1 = 100.0%) {0.0%}
12127 ... 

Histogram: V8.GC.Cycle.Objects.Freed.Full recorded 1 samples, mean = 2305.0 (flags = 0x41)
0     ... 
1914  -O                                                                        (1 = 100.0%) {0.0%}
2604  ... 

Histogram: V8.GC.Cycle.Objects.Freed.Full.Cpp recorded 1 samples, mean = 5185.0 (flags = 0x41)
0     ... 
4818  -O                                                                        (1 = 100.0%) {0.0%}
6554  ... 

Histogram: V8.GC.Cycle.Reason.Full recorded 1 samples, mean = 9.0 (flags = 0x41)
0  ... 
9  -O                                                                        (1 = 100.0%) {0.0%}
10 ... 

Histogram: V8.GC.Cycle.Reason.Young recorded 13 samples, mean = 2.7 (flags = 0x41)
0   O                                                                         (0 = 0.0%)
1   -----------O                                                              (11 = 84.6%) {0.0%}
2   ... 
12  --O                                                                       (2 = 15.4%) {84.6%}
13  ... 

Histogram: V8.GC.Cycle.Young recorded 13 samples, mean = 2.0 (flags = 0x41)
0  --O                                                                       (2 = 15.4%)
1  ---O                                                                      (3 = 23.1%) {15.4%}
2  ---O                                                                      (3 = 23.1%) {38.5%}
3  ---O                                                                      (3 = 23.1%) {61.5%}
4  --O                                                                       (2 = 15.4%) {84.6%}
5  ... 

Histogram: V8.GC.Event.MainThread.Full.Finalize.Incremental.ReduceMemory recorded 2 samples, mean = 5.5 (flags = 0x41)
0  ... 
2  -O                                                                        (1 = 50.0%) {0.0%}
3  ... 
8  -O                                                                        (1 = 50.0%) {50.0%}
10 ... 

Histogram: V8.GC.Event.MainThread.Full.Finalize.Incremental.ReduceMemory.Foreground recorded 2 samples, mean = 5.5 (flags = 0x41)
0  ... 
2  -O                                                                        (1 = 50.0%) {0.0%}
3  ... 
8  -O                                                                        (1 = 50.0%) {50.0%}
10 ... 

Histogram: V8.GC.Event.MainThread.Full.Incremental.Mark recorded 76 samples, mean = 0.0 (flags = 0x41)
0  ------------------------------------------------------------------------O (76 = 100.0%)
1  ... 

Histogram: V8.GC.Event.MainThread.Full.Incremental.Mark.Cpp recorded 78 samples, mean = 0.0 (flags = 0x41)
0  ------------------------------------------------------------------------O (76 = 97.4%)
1  --O                                                                       (2 = 2.6%) {97.4%}
2  ... 

Histogram: V8.GC.Event.MainThread.Full.Incremental.Sweep.Cpp recorded 177 samples, mean = 0.0 (flags = 0x41)
0  ------------------------------------------------------------------------O (176 = 99.4%)
1  ... 
3  O                                                                         (1 = 0.6%) {99.4%}
4  ... 

Histogram: V8.GC.TimeToSafepoint recorded 17 samples, mean = 36.1 (flags = 0x41)
0    ---------O                                                                (9 = 52.9%)
1    ----O                                                                     (4 = 23.5%) {52.9%}
2    ... 
21   -O                                                                        (1 = 5.9%) {76.5%}
29   O                                                                         (0 = 0.0%) {82.4%}
40   --O                                                                       (2 = 11.8%) {82.4%}
55   ... 
391  -O                                                                        (1 = 5.9%) {94.1%}
542  ... 

Histogram: V8.GCIncrementalMarking recorded 88 samples, mean = 0.0 (flags = 0x41)
0  ------------------------------------------------------------------------O (85 = 96.6%)
1  ---O                                                                      (3 = 3.4%) {96.6%}
2  ... 

Histogram: V8.GCIncrementalMarkingReason recorded 2 samples, mean = 17.0 (flags = 0x41)
0   ... 
17  --O                                                                       (2 = 100.0%) {0.0%}
18  ... 

Histogram: V8.GCIncrementalMarkingStart recorded 2 samples, mean = 1.5 (flags = 0x41)
0  -O                                                                        (1 = 50.0%)
1  ... 
3  -O                                                                        (1 = 50.0%) {50.0%}
4  ... 

Histogram: V8.GCMarkCompactReason recorded 1 samples, mean = 9.0 (flags = 0x41)
0  ... 
9  -O                                                                        (1 = 100.0%) {0.0%}
10 ... 

Histogram: V8.GCScavenger.ScavengeMain recorded 13 samples, mean = 0.1 (flags = 0x41)
0  ------------O                                                             (12 = 92.3%)
1  -O                                                                        (1 = 7.7%) {92.3%}
2  ... 

Histogram: V8.GCScavenger.ScavengeRoots recorded 13 samples, mean = 0.0 (flags = 0x41)
0  -------------O                                                            (13 = 100.0%)
1  ... 

Histogram: V8.JSDispatchTableEntriesCount recorded 2 samples, mean = 1.0 (flags = 0x41)
0  O                                                                         (0 = 0.0%)
1  --O                                                                       (2 = 100.0%) {0.0%}
2  ... 

Histogram: V8.LocalWindowProxy.CreateContextTime recorded 4 samples, mean = 3.0 (flags = 0x41)
0  -O                                                                        (1 = 25.0%)
1  -O                                                                        (1 = 25.0%) {25.0%}
2  -O                                                                        (1 = 25.0%) {50.0%}
3  ... 
8  -O                                                                        (1 = 25.0%) {75.0%}
10 ... 

Histogram: V8.LocalWindowProxy.InitializeTime recorded 4 samples, mean = 4.8 (flags = 0x41)
0   O                                                                         (0 = 0.0%)
1   --O                                                                       (2 = 50.0%) {0.0%}
2   O                                                                         (0 = 0.0%) {50.0%}
3   -O                                                                        (1 = 25.0%) {50.0%}
4   ... 
14  -O                                                                        (1 = 25.0%) {75.0%}
17  ... 

Histogram: V8.MaglevOptimizeExecute recorded 153 samples, mean = 443.6 (flags = 0x41)
0     ... 
16    --O                                                                       (2 = 1.3%) {0.0%}
20    --O                                                                       (2 = 1.3%) {1.3%}
25    ---O                                                                      (3 = 2.0%) {2.6%}
31    --O                                                                       (2 = 1.3%) {4.6%}
39    -------O                                                                  (7 = 4.6%) {5.9%}
49    --O                                                                       (2 = 1.3%) {10.5%}
61    ---------O                                                                (9 = 5.9%) {11.8%}
76    ----O                                                                     (4 = 2.6%) {17.6%}
95    ---------O                                                                (9 = 5.9%) {20.3%}
119   ----------------O                                                         (16 = 10.5%) {26.1%}
149   -------------O                                                            (13 = 8.5%) {36.6%}
186   -----------------O                                                        (17 = 11.1%) {45.1%}
233   --------------O                                                           (14 = 9.2%) {56.2%}
292   -----------O                                                              (11 = 7.2%) {65.4%}
365   --------O                                                                 (8 = 5.2%) {72.5%}
457   -------O                                                                  (7 = 4.6%) {77.8%}
572   ----O                                                                     (4 = 2.6%) {82.4%}
716   ----O                                                                     (4 = 2.6%) {85.0%}
896   ------O                                                                   (6 = 3.9%) {87.6%}
1122  -O                                                                        (1 = 0.7%) {91.5%}
1404  ---O                                                                      (3 = 2.0%) {92.2%}
1757  -----O                                                                    (5 = 3.3%) {94.1%}
2199  ... 
3446  ----O                                                                     (4 = 2.6%) {97.4%}
4313  ... 

Histogram: V8.MaglevOptimizeFinalize recorded 153 samples, mean = 7.4 (flags = 0x41)
0   ------O                                                                   (6 = 3.9%)
1   -----------O                                                              (11 = 7.2%) {3.9%}
2   -------------O                                                            (13 = 8.5%) {11.1%}
3   -----------------O                                                        (17 = 11.1%) {19.6%}
4   ----------------O                                                         (16 = 10.5%) {30.7%}
5   ----------------O                                                         (16 = 10.5%) {41.2%}
6   ---------------------O                                                    (21 = 13.7%) {51.6%}
8   ----------------O                                                         (16 = 10.5%) {65.4%}
10  -----------------O                                                        (17 = 11.1%) {75.8%}
13  ------O                                                                   (6 = 3.9%) {86.9%}
16  -----O                                                                    (5 = 3.3%) {90.8%}
20  ---O                                                                      (3 = 2.0%) {94.1%}
25  ----O                                                                     (4 = 2.6%) {96.1%}
31  -O                                                                        (1 = 0.7%) {98.7%}
39  O                                                                         (0 = 0.0%) {99.3%}
49  -O                                                                        (1 = 0.7%) {99.3%}
61  ... 

Histogram: V8.MaglevOptimizePrepare recorded 153 samples, mean = 0.1 (flags = 0x41)
0  ------------------------------------------------------------------------O (134 = 87.6%)
1  ----------O                                                               (19 = 12.4%) {87.6%}
2  ... 

Histogram: V8.MaglevOptimizeTotalTime recorded 153 samples, mean = 694.1 (flags = 0x41)
0     ... 
21    -O                                                                        (1 = 0.7%) {0.0%}
28    -O                                                                        (1 = 0.7%) {0.7%}
37    --O                                                                       (2 = 1.3%) {1.3%}
49    ---O                                                                      (3 = 2.0%) {2.6%}
65    ------O                                                                   (6 = 3.9%) {4.6%}
86    ---O                                                                      (3 = 2.0%) {8.5%}
113   ------------O                                                             (12 = 7.8%) {10.5%}
149   --------------O                                                           (14 = 9.2%) {18.3%}
196   ----------------------O                                                   (22 = 14.4%) {27.5%}
258   --------------O                                                           (14 = 9.2%) {41.8%}
340   ----------------O                                                         (16 = 10.5%) {51.0%}
448   ------------------O                                                       (18 = 11.8%) {61.4%}
590   ----------O                                                               (10 = 6.5%) {73.2%}
777   -------O                                                                  (7 = 4.6%) {79.7%}
1023  ---O                                                                      (3 = 2.0%) {84.3%}
1347  ---O                                                                      (3 = 2.0%) {86.3%}
1774  --------O                                                                 (8 = 5.2%) {88.2%}
2336  --O                                                                       (2 = 1.3%) {93.5%}
3077  --O                                                                       (2 = 1.3%) {94.8%}
4053  -----O                                                                    (5 = 3.3%) {96.1%}
5338  -O                                                                        (1 = 0.7%) {99.3%}
7031  ... 

Histogram: V8.MemoryExternalFragmentationCodeSpace recorded 15 samples, mean = 49.5 (flags = 0x41)
0   ... 
14  -O                                                                        (1 = 6.7%) {0.0%}
15  -O                                                                        (1 = 6.7%) {6.7%}
16  ... 
18  -O                                                                        (1 = 6.7%) {13.3%}
19  O                                                                         (0 = 0.0%) {20.0%}
20  -O                                                                        (1 = 6.7%) {20.0%}
21  ... 
31  -O                                                                        (1 = 6.7%) {26.7%}
32  O                                                                         (0 = 0.0%) {33.3%}
33  -O                                                                        (1 = 6.7%) {33.3%}
34  ... 
37  -O                                                                        (1 = 6.7%) {40.0%}
38  ... 
59  -O                                                                        (1 = 6.7%) {46.7%}
60  ... 
67  --O                                                                       (2 = 13.3%) {53.3%}
68  -O                                                                        (1 = 6.7%) {66.7%}
69  ... 
71  -O                                                                        (1 = 6.7%) {73.3%}
72  ... 
75  -O                                                                        (1 = 6.7%) {80.0%}
76  ... 
80  -O                                                                        (1 = 6.7%) {86.7%}
81  ... 
88  -O                                                                        (1 = 6.7%) {93.3%}
89  ... 

Histogram: V8.MemoryExternalFragmentationLoSpace recorded 15 samples, mean = 1.9 (flags = 0x41)
0  O                                                                         (0 = 0.0%)
1  --------O                                                                 (8 = 53.3%) {0.0%}
2  O                                                                         (0 = 0.0%) {53.3%}
3  -------O                                                                  (7 = 46.7%) {53.3%}
4  ... 

Histogram: V8.MemoryExternalFragmentationOldSpace recorded 15 samples, mean = 6.5 (flags = 0x41)
0  ... 
4  ---O                                                                      (3 = 20.0%) {0.0%}
5  --O                                                                       (2 = 13.3%) {20.0%}
6  ----O                                                                     (4 = 26.7%) {33.3%}
7  O                                                                         (0 = 0.0%) {60.0%}
8  --O                                                                       (2 = 13.3%) {60.0%}
9  ----O                                                                     (4 = 26.7%) {73.3%}
10 ... 

Histogram: V8.MemoryExternalFragmentationTotal recorded 15 samples, mean = 36.0 (flags = 0x41)
0   ... 
15  -O                                                                        (1 = 6.7%) {0.0%}
16  -O                                                                        (1 = 6.7%) {6.7%}
17  ... 
32  --O                                                                       (2 = 13.3%) {13.3%}
33  O                                                                         (0 = 0.0%) {26.7%}
34  -O                                                                        (1 = 6.7%) {26.7%}
35  O                                                                         (0 = 0.0%) {33.3%}
36  -O                                                                        (1 = 6.7%) {33.3%}
37  --O                                                                       (2 = 13.3%) {40.0%}
38  O                                                                         (0 = 0.0%) {53.3%}
39  -O                                                                        (1 = 6.7%) {53.3%}
40  -O                                                                        (1 = 6.7%) {60.0%}
41  -O                                                                        (1 = 6.7%) {66.7%}
42  --O                                                                       (2 = 13.3%) {73.3%}
43  ... 
47  -O                                                                        (1 = 6.7%) {86.7%}
48  ... 
50  -O                                                                        (1 = 6.7%) {93.3%}
51  ... 

Histogram: V8.MemoryHeapSampleCodeSpaceCommitted recorded 15 samples, mean = 836.3 (flags = 0x41)
0     -----------O                                                              (11 = 73.3%)
1000  O                                                                         (0 = 0.0%) {73.3%}
1138  -O                                                                        (1 = 6.7%) {73.3%}
1295  O                                                                         (0 = 0.0%) {80.0%}
1474  --O                                                                       (2 = 13.3%) {80.0%}
1678  -O                                                                        (1 = 6.7%) {93.3%}
1910  ... 

Histogram: V8.MemoryHeapSampleMaximumCommitted recorded 15 samples, mean = 13657.1 (flags = 0x41)
0      ... 
3649   -O                                                                        (1 = 6.7%) {0.0%}
4153   O                                                                         (0 = 0.0%) {6.7%}
4727   -O                                                                        (1 = 6.7%) {6.7%}
5380   O                                                                         (0 = 0.0%) {13.3%}
6124   -O                                                                        (1 = 6.7%) {13.3%}
6971   O                                                                         (0 = 0.0%) {20.0%}
7935   ---O                                                                      (3 = 20.0%) {20.0%}
9032   O                                                                         (0 = 0.0%) {40.0%}
10281  -O                                                                        (1 = 6.7%) {40.0%}
11702  -O                                                                        (1 = 6.7%) {46.7%}
13320  --O                                                                       (2 = 13.3%) {53.3%}
15161  ... 
19642  --O                                                                       (2 = 13.3%) {66.7%}
22357  ---O                                                                      (3 = 20.0%) {80.0%}
25447  ... 

Histogram: V8.MemoryHeapSampleTotalCommitted recorded 15 samples, mean = 12470.4 (flags = 0x41)
0      ... 
3649   -O                                                                        (1 = 6.7%) {0.0%}
4153   O                                                                         (0 = 0.0%) {6.7%}
4727   -O                                                                        (1 = 6.7%) {6.7%}
5380   O                                                                         (0 = 0.0%) {13.3%}
6124   -O                                                                        (1 = 6.7%) {13.3%}
6971   O                                                                         (0 = 0.0%) {20.0%}
7935   ---O                                                                      (3 = 20.0%) {20.0%}
9032   O                                                                         (0 = 0.0%) {40.0%}
10281  -O                                                                        (1 = 6.7%) {40.0%}
11702  -O                                                                        (1 = 6.7%) {46.7%}
13320  ----O                                                                     (4 = 26.7%) {53.3%}
15161  ... 
19642  --O                                                                       (2 = 13.3%) {80.0%}
22357  -O                                                                        (1 = 6.7%) {93.3%}
25447  ... 

Histogram: V8.MemoryHeapSampleTotalUsed recorded 15 samples, mean = 7998.0 (flags = 0x41)
0      ... 
2475   -O                                                                        (1 = 6.7%) {0.0%}
2817   O                                                                         (0 = 0.0%) {6.7%}
3206   -O                                                                        (1 = 6.7%) {6.7%}
3649   -O                                                                        (1 = 6.7%) {13.3%}
4153   -O                                                                        (1 = 6.7%) {20.0%}
4727   ---O                                                                      (3 = 20.0%) {26.7%}
5380   O                                                                         (0 = 0.0%) {46.7%}
6124   -O                                                                        (1 = 6.7%) {46.7%}
6971   O                                                                         (0 = 0.0%) {53.3%}
7935   -O                                                                        (1 = 6.7%) {53.3%}
9032   -O                                                                        (1 = 6.7%) {60.0%}
10281  -O                                                                        (1 = 6.7%) {66.7%}
11702  --O                                                                       (2 = 13.3%) {73.3%}
13320  --O                                                                       (2 = 13.3%) {86.7%}
15161  ... 

Histogram: V8.RegExpBacktracks recorded 263 samples, mean = 1.7 (flags = 0x41)
0    ------O                                                                   (20 = 7.6%)
1    ------------------------------------------------------------------------O (227 = 86.3%) {7.6%}
2    --O                                                                       (7 = 2.7%) {93.9%}
3    -O                                                                        (3 = 1.1%) {96.6%}
4    -O                                                                        (4 = 1.5%) {97.7%}
6    O                                                                         (0 = 0.0%) {99.2%}
9    O                                                                         (1 = 0.4%) {99.2%}
13   ... 
127  O                                                                         (1 = 0.4%) {99.6%}
185  ... 

Histogram: V8.SandboxedCodePointersCount recorded 2 samples, mean = 1132.5 (flags = 0x41)
0     ... 
977   -O                                                                        (1 = 50.0%) {0.0%}
1136  -O                                                                        (1 = 50.0%) {50.0%}
1321  ... 

Histogram: V8.SandboxedCppHeapPointersCount recorded 2 samples, mean = 4411.0 (flags = 0x41)
0     ... 
537   -O                                                                        (1 = 50.0%) {0.0%}
638   ... 
7152  -O                                                                        (1 = 50.0%) {50.0%}
8499  ... 

Histogram: V8.SandboxedExternalPointersCount recorded 17 samples, mean = 1770.4 (flags = 0x41)
0      -------O                                                                  (7 = 41.2%)
1      ... 
20     -O                                                                        (1 = 5.9%) {41.2%}
24     ... 
57     -O                                                                        (1 = 5.9%) {47.1%}
68     --O                                                                       (2 = 11.8%) {52.9%}
81     O                                                                         (0 = 0.0%) {64.7%}
96     -O                                                                        (1 = 5.9%) {64.7%}
114    ... 
758    -O                                                                        (1 = 5.9%) {70.6%}
901    -O                                                                        (1 = 5.9%) {76.5%}
1071   ... 
1798   -O                                                                        (1 = 5.9%) {82.4%}
2137   ... 
12002  --O                                                                       (2 = 11.8%) {88.2%}
14263  ... 

Histogram: V8.SandboxedTrustedPointersCount recorded 2 samples, mean = 3899.0 (flags = 0x41)
0     ... 
3799  --O                                                                       (2 = 100.0%) {0.0%}
4418  ... 

Histogram: V8.SnapshotDeserializeContextMicroSeconds recorded 6 samples, mean = 524.3 (flags = 0x41)
0    ... 
149  -O                                                                        (1 = 16.7%) {0.0%}
196  ... 
340  --O                                                                       (2 = 33.3%) {16.7%}
448  O                                                                         (0 = 0.0%) {50.0%}
590  --O                                                                       (2 = 33.3%) {50.0%}
777  -O                                                                        (1 = 16.7%) {83.3%}
1023 ... 

Histogram: V8.TurboFan1KTicks recorded 6 samples, mean = 43.2 (flags = 0x41)
0    ... 
2    -O                                                                        (1 = 16.7%) {0.0%}
3    ... 
5    -O                                                                        (1 = 16.7%) {16.7%}
6    ... 
10   -O                                                                        (1 = 16.7%) {33.3%}
11   ... 
15   -O                                                                        (1 = 16.7%) {50.0%}
16   ... 
45   -O                                                                        (1 = 16.7%) {66.7%}
47   ... 
180  -O                                                                        (1 = 16.7%) {83.3%}
189  ... 

Histogram: V8.TurboFanOptimizeConcurrentTotalTime recorded 5 samples, mean = 12628.0 (flags = 0x41)
0      ... 
1043   -O                                                                        (1 = 20.0%) {0.0%}
1447   -O                                                                        (1 = 20.0%) {20.0%}
2008   O                                                                         (0 = 0.0%) {40.0%}
2786   -O                                                                        (1 = 20.0%) {40.0%}
3865   ... 
7439   -O                                                                        (1 = 20.0%) {60.0%}
10321  ... 
38240  -O                                                                        (1 = 20.0%) {80.0%}
53055  ... 

Histogram: V8.TurboFanOptimizeExecute recorded 5 samples, mean = 10305.4 (flags = 0x41)
0      ... 
1023   -O                                                                        (1 = 20.0%) {0.0%}
1347   -O                                                                        (1 = 20.0%) {20.0%}
1774   O                                                                         (0 = 0.0%) {40.0%}
2336   -O                                                                        (1 = 20.0%) {40.0%}
3077   ... 
9260   -O                                                                        (1 = 20.0%) {60.0%}
12196  ... 
27864  -O                                                                        (1 = 20.0%) {80.0%}
36699  ... 

Histogram: V8.TurboFanOptimizeFinalize recorded 5 samples, mean = 38.8 (flags = 0x41)
0   ... 
16  -O                                                                        (1 = 20.0%) {0.0%}
21  -O                                                                        (1 = 20.0%) {20.0%}
28  -O                                                                        (1 = 20.0%) {40.0%}
37  -O                                                                        (1 = 20.0%) {60.0%}
49  O                                                                         (0 = 0.0%) {80.0%}
65  -O                                                                        (1 = 20.0%) {80.0%}
86  ... 

Histogram: V8.TurboFanOptimizeForOnStackReplacementExecute recorded 1 samples, mean = 30917.0 (flags = 0x41)
0      ... 
27864  -O                                                                        (1 = 100.0%) {0.0%}
36699  ... 

Histogram: V8.TurboFanOptimizeForOnStackReplacementFinalize recorded 1 samples, mean = 93.0 (flags = 0x41)
0   ... 
86  -O                                                                        (1 = 100.0%) {0.0%}
113 ... 

Histogram: V8.TurboFanOptimizeForOnStackReplacementPrepare recorded 1 samples, mean = 180.0 (flags = 0x41)
0    ... 
149  -O                                                                        (1 = 100.0%) {0.0%}
196  ... 

Histogram: V8.TurboFanOptimizeForOnStackReplacementTotalTime recorded 1 samples, mean = 40289.0 (flags = 0x41)
0      ... 
38240  -O                                                                        (1 = 100.0%) {0.0%}
53055  ... 

Histogram: V8.TurboFanOptimizePrepare recorded 5 samples, mean = 8.2 (flags = 0x41)
0   ... 
5   ---O                                                                      (3 = 60.0%) {0.0%}
7   ... 
12  --O                                                                       (2 = 40.0%) {60.0%}
16  ... 

Histogram: V8.TurboFanOptimizeTotalBackground recorded 5 samples, mean = 10305.4 (flags = 0x41)
0      ... 
1043   -O                                                                        (1 = 20.0%) {0.0%}
1447   -O                                                                        (1 = 20.0%) {20.0%}
2008   O                                                                         (0 = 0.0%) {40.0%}
2786   -O                                                                        (1 = 20.0%) {40.0%}
3865   ... 
7439   -O                                                                        (1 = 20.0%) {60.0%}
10321  ... 
27562  -O                                                                        (1 = 20.0%) {80.0%}
38240  ... 

Histogram: V8.TurboFanOptimizeTotalForeground recorded 5 samples, mean = 47.0 (flags = 0x41)
0   ... 
21  -O                                                                        (1 = 20.0%) {0.0%}
29  -O                                                                        (1 = 20.0%) {20.0%}
40  --O                                                                       (2 = 40.0%) {40.0%}
55  O                                                                         (0 = 0.0%) {80.0%}
76  -O                                                                        (1 = 20.0%) {80.0%}
105 ... 

Histogram: V8.TurboFanOptimizeTotalTime recorded 5 samples, mean = 12628.0 (flags = 0x41)
0      ... 
1043   -O                                                                        (1 = 20.0%) {0.0%}
1447   -O                                                                        (1 = 20.0%) {20.0%}
2008   O                                                                         (0 = 0.0%) {40.0%}
2786   -O                                                                        (1 = 20.0%) {40.0%}
3865   ... 
7439   -O                                                                        (1 = 20.0%) {60.0%}
10321  ... 
38240  -O                                                                        (1 = 20.0%) {80.0%}
53055  ... 

Histogram: Variations.ExtendedSafeMode.BeaconFileStateAtStartup recorded 1 samples, mean = 0.0 (flags = 0x41)
0  -O                                                                        (1 = 100.0%)
1  ... 

Histogram: Variations.ExtendedSafeMode.BeaconFileWrite recorded 2 samples, mean = 1.0 (flags = 0x41)
0  O                                                                         (0 = 0.0%)
1  --O                                                                       (2 = 100.0%) {0.0%}
2  O                                                                         (0 = 0.0%) {100.0%}

Histogram: Variations.ForcedFieldTrialsAtStartupForInternalsPage recorded 1 samples, mean = 0.0 (flags = 0x41)
0  -O                                                                        (1 = 100.0%)
1  ... 

Histogram: Variations.Headers.ExperimentCount recorded 92 samples, mean = 1.0 (flags = 0x41)
0  O                                                                         (0 = 0.0%)
1  ------------------------------------------------------------------------O (92 = 100.0%) {0.0%}
2  ... 

Histogram: Variations.Headers.HasLowEntropySourceValue recorded 92 samples, mean = 1.0 (flags = 0x41)
0  O                                                                         (0 = 0.0%)
1  ------------------------------------------------------------------------O (92 = 100.0%) {0.0%}
2  O                                                                         (0 = 0.0%) {100.0%}

Histogram: Variations.Headers.RequestContextCategory recorded 51 samples, mean = 3.8 (flags = 0x41)
0  --O                                                                       (2 = 3.9%)
1  ... 
4  -------------------------------------------------O                        (49 = 96.1%) {3.9%}
5  ... 

Histogram: Variations.Headers.URLValidationResult.Append recorded 51 samples, mean = 2.0 (flags = 0x41)
0  ... 
2  --------------------------------------------------O                       (50 = 98.0%) {0.0%}
3  -O                                                                        (1 = 2.0%) {98.0%}
4  ... 

Histogram: Variations.Headers.URLValidationResult.Remove recorded 3 samples, mean = 2.0 (flags = 0x41)
0  ... 
2  ---O                                                                      (3 = 100.0%) {0.0%}
3  ... 

Histogram: Variations.Limits.VariationKeySize.Default recorded 23 samples, mean = 0.0 (flags = 0x41)
0  -----------------------O                                                  (23 = 100.0%)
1  ... 

Histogram: Variations.LoadPermanentConsistencyCountryResult recorded 1 samples, mean = 0.0 (flags = 0x41)
0  -O                                                                        (1 = 100.0%)
1  ... 

Histogram: Variations.PolicyRestriction recorded 1 samples, mean = 0.0 (flags = 0x41)
0  -O                                                                        (1 = 100.0%)
1  ... 

Histogram: Variations.SafeMode.Streak.Crashes recorded 1 samples (flags = 0x41)
0  -O                                                                        (1 = 100.0%)

Histogram: Variations.SafeMode.Streak.FetchFailures recorded 1 samples (flags = 0x41)
0  -O                                                                        (1 = 100.0%)

Histogram: Variations.SeedLoadResult recorded 1 samples, mean = 1.0 (flags = 0x41)
0  O                                                                         (0 = 0.0%)
1  -O                                                                        (1 = 100.0%) {0.0%}
2  ... 

Histogram: Variations.SeedUsage recorded 1 samples, mean = 2.0 (flags = 0x41)
0  ... 
2  -O                                                                        (1 = 100.0%) {0.0%}
3  ... 

Histogram: Variations.UserChannel recorded 1 samples (flags = 0x41)
-1 -O                                                                        (1 = 100.0%)

Histogram: Views.Browser.NumColorProvidersInitializedDuringOnNativeThemeUpdated recorded 3 samples, mean = 0.0 (flags = 0x41)
0  ---O                                                                      (3 = 100.0%)
1  ... 

Histogram: Views.Browser.TimeSpentInitializingColorProvider recorded 3 samples, mean = 0.7 (flags = 0x41)
0  --O                                                                       (2 = 66.7%)
1  O                                                                         (0 = 0.0%) {66.7%}
2  -O                                                                        (1 = 33.3%) {66.7%}
3  ... 

Histogram: Views.Browser.TimeSpentProcessingOnNativeThemeUpdatedEvent recorded 3 samples, mean = 0.0 (flags = 0x41)
0  ---O                                                                      (3 = 100.0%)
1  ... 

Histogram: Views.ColorProviderCacheSize recorded 3 samples, mean = 2.0 (flags = 0x41)
0  O                                                                         (0 = 0.0%)
1  -O                                                                        (1 = 33.3%) {0.0%}
2  -O                                                                        (1 = 33.3%) {33.3%}
3  -O                                                                        (1 = 33.3%) {66.7%}
4  ... 

Histogram: Viz.FrameSink.GpuBusyDuration recorded 1 samples, mean = 47834.0 (flags = 0x41)
0      ... 
45259  -O                                                                        (1 = 100.0%) {0.0%}
52427  ... 

Histogram: Viz.FrameSinkVideoCapturer.CaptureDuration recorded 3 samples, mean = 120.7 (flags = 0x41)
0    O                                                                         (0 = 0.0%)
1    --O                                                                       (2 = 66.7%) {0.0%}
2    ... 
345  -O                                                                        (1 = 33.3%) {66.7%}
388  ... 

Histogram: Viz.FrameSinkVideoCapturer.CaptureSucceeded recorded 3 samples, mean = 1.0 (flags = 0x41)
0  O                                                                         (0 = 0.0%)
1  ---O                                                                      (3 = 100.0%) {0.0%}
2  O                                                                         (0 = 0.0%) {100.0%}

Histogram: Viz.FrameSinkVideoCapturer.FrameResurrected recorded 3 samples, mean = 0.0 (flags = 0x41)
0  ---O                                                                      (3 = 100.0%)
1  ... 

Histogram: Viz.FrameSinkVideoCapturer.RGBA.CaptureDuration recorded 3 samples, mean = 120.7 (flags = 0x41)
0    O                                                                         (0 = 0.0%)
1    --O                                                                       (2 = 66.7%) {0.0%}
2    ... 
345  -O                                                                        (1 = 33.3%) {66.7%}
388  ... 

Histogram: Viz.FrameSinkVideoCapturer.RGBA.CaptureSucceeded recorded 3 samples, mean = 1.0 (flags = 0x41)
0  O                                                                         (0 = 0.0%)
1  ---O                                                                      (3 = 100.0%) {0.0%}
2  O                                                                         (0 = 0.0%) {100.0%}

Histogram: Viz.FrameSinkVideoCapturer.ReserveFrameDuration recorded 3 samples, mean = 115.3 (flags = 0x41)
0    --O                                                                       (2 = 66.7%)
1    ... 
250  -O                                                                        (1 = 33.3%) {66.7%}

Histogram: Viz.FrameSinkVideoCapturer.TotalDuration recorded 3 samples, mean = 120.7 (flags = 0x41)
0    O                                                                         (0 = 0.0%)
1    --O                                                                       (2 = 66.7%) {0.0%}
2    ... 
345  -O                                                                        (1 = 33.3%) {66.7%}
388  ... 

Histogram: WebApp.DiyAppsInstalledCount.ByUser recorded 1 samples, mean = 0.0 (flags = 0x41)
0  -O                                                                        (1 = 100.0%)
1  ... 

Histogram: WebApp.GeneratedIconFix.StartUpAttemptCount recorded 1 samples, mean = 0.0 (flags = 0x41)
0  -O                                                                        (1 = 100.0%)
1  ... 

Histogram: WebApp.Icon.AppsWithEmptyDownloadedIconSizes recorded 1 samples, mean = 0.0 (flags = 0x41)
0  -O                                                                        (1 = 100.0%)
1  ... 

Histogram: WebApp.Icon.AppsWithEmptyIconBitmap recorded 1 samples, mean = 0.0 (flags = 0x41)
0  -O                                                                        (1 = 100.0%)
1  ... 

Histogram: WebApp.Icon.AppsWithEmptyIconFile recorded 1 samples, mean = 0.0 (flags = 0x41)
0  -O                                                                        (1 = 100.0%)
1  ... 

Histogram: WebApp.Icon.AppsWithGeneratedIconBitmap recorded 1 samples, mean = 0.0 (flags = 0x41)
0  -O                                                                        (1 = 100.0%)
1  ... 

Histogram: WebApp.Icon.AppsWithGeneratedIconFlag recorded 1 samples, mean = 0.0 (flags = 0x41)
0  -O                                                                        (1 = 100.0%)
1  ... 

Histogram: WebApp.Icon.AppsWithGeneratedIconFlagFalseNegative recorded 1 samples, mean = 0.0 (flags = 0x41)
0  -O                                                                        (1 = 100.0%)
1  ... 

Histogram: WebApp.Icon.AppsWithMissingIconFile recorded 1 samples, mean = 0.0 (flags = 0x41)
0  -O                                                                        (1 = 100.0%)
1  ... 

Histogram: WebApp.InstalledCount.ByUser recorded 1 samples, mean = 0.0 (flags = 0x41)
0  -O                                                                        (1 = 100.0%)
1  ... 

Histogram: WebApp.InstalledCount.ByUserNotLocallyInstalled recorded 1 samples, mean = 0.0 (flags = 0x41)
0  -O                                                                        (1 = 100.0%)
1  ... 

Histogram: WebApp.Preinstalled.AppToReplaceStillDefaultInstalledCount recorded 1 samples, mean = 0.0 (flags = 0x41)
0  -O                                                                        (1 = 100.0%)
1  ... 

Histogram: WebApp.Preinstalled.AppToReplaceStillInstalledCount recorded 1 samples, mean = 0.0 (flags = 0x41)
0  -O                                                                        (1 = 100.0%)
1  ... 

Histogram: WebApp.Preinstalled.AppToReplaceStillInstalledInShelfCount recorded 1 samples, mean = 0.0 (flags = 0x41)
0  -O                                                                        (1 = 100.0%)
1  ... 

Histogram: WebApp.Preinstalled.ConfigErrorCount recorded 1 samples, mean = 0.0 (flags = 0x41)
0  -O                                                                        (1 = 100.0%)
1  ... 

Histogram: WebApp.Preinstalled.CorruptUserUninstallPrefsCount recorded 1 samples, mean = 0.0 (flags = 0x41)
0  -O                                                                        (1 = 100.0%)
1  ... 

Histogram: WebApp.Preinstalled.DisabledCount recorded 1 samples, mean = 0.0 (flags = 0x41)
0  -O                                                                        (1 = 100.0%)
1  ... 

Histogram: WebApp.Preinstalled.EnabledCount recorded 1 samples, mean = 0.0 (flags = 0x41)
0  -O                                                                        (1 = 100.0%)
1  ... 

Histogram: WebApp.Preinstalled.InstallCount recorded 1 samples, mean = 0.0 (flags = 0x41)
0  -O                                                                        (1 = 100.0%)
1  ... 

Histogram: WebApp.Preinstalled.UninstallAndReplaceCount recorded 1 samples, mean = 0.0 (flags = 0x41)
0  -O                                                                        (1 = 100.0%)
1  ... 

Histogram: WebApp.Preinstalled.UninstallAppRemovedCount recorded 1 samples, mean = 0.0 (flags = 0x41)
0  -O                                                                        (1 = 100.0%)
1  ... 

Histogram: WebApp.Preinstalled.UninstallSourceRemovedCount recorded 1 samples, mean = 0.0 (flags = 0x41)
0  -O                                                                        (1 = 100.0%)
1  ... 

Histogram: WebApp.Preinstalled.UninstallTotalCount recorded 1 samples, mean = 0.0 (flags = 0x41)
0  -O                                                                        (1 = 100.0%)
1  ... 

Histogram: WebApp.Uninstall.NonSyncIncompleteCount recorded 1 samples, mean = 0.0 (flags = 0x41)
0  -O                                                                        (1 = 100.0%)
1  ... 

Histogram: WebAuthentication.Windows.KeyCredentialManagerSupported recorded 1 samples, mean = 0.0 (flags = 0x41)
0  -O                                                                        (1 = 100.0%)
1  ... 

Histogram: WebContentsObserver.DOMContentLoaded recorded 3 samples, mean = 0.0 (flags = 0x41)
0  ---O                                                                      (3 = 100.0%)
1  ... 

Histogram: WebContentsObserver.DidChangeVisibleSecurityState recorded 2 samples, mean = 0.0 (flags = 0x41)
0  --O                                                                       (2 = 100.0%)
1  ... 

Histogram: WebContentsObserver.DidFinishLoad recorded 3 samples, mean = 0.3 (flags = 0x41)
0  --O                                                                       (2 = 66.7%)
1  -O                                                                        (1 = 33.3%) {66.7%}
2  ... 

Histogram: WebContentsObserver.DidFinishNavigation recorded 5 samples, mean = 0.8 (flags = 0x41)
0  ----O                                                                     (4 = 80.0%)
1  ... 
4  -O                                                                        (1 = 20.0%) {80.0%}
5  ... 

Histogram: WebContentsObserver.DidFirstVisuallyNonEmptyPaint recorded 1 samples, mean = 0.0 (flags = 0x41)
0  -O                                                                        (1 = 100.0%)
1  ... 

Histogram: WebContentsObserver.DidStartLoading recorded 3 samples, mean = 0.0 (flags = 0x41)
0  ---O                                                                      (3 = 100.0%)
1  ... 

Histogram: WebContentsObserver.DidStartNavigation recorded 5 samples, mean = 0.2 (flags = 0x41)
0  ----O                                                                     (4 = 80.0%)
1  -O                                                                        (1 = 20.0%) {80.0%}
2  ... 

Histogram: WebContentsObserver.DidStartNavigation.MainFrame recorded 3 samples, mean = 0.3 (flags = 0x41)
0  --O                                                                       (2 = 66.7%)
1  -O                                                                        (1 = 33.3%) {66.7%}
2  ... 

Histogram: WebContentsObserver.DidStartNavigation.Subframe recorded 2 samples, mean = 0.0 (flags = 0x41)
0  --O                                                                       (2 = 100.0%)
1  ... 

Histogram: WebContentsObserver.DidStopLoading recorded 3 samples, mean = 0.0 (flags = 0x41)
0  ---O                                                                      (3 = 100.0%)
1  ... 

Histogram: WebContentsObserver.DidUpdateNavigationHandleTiming recorded 4 samples, mean = 0.0 (flags = 0x41)
0  ----O                                                                     (4 = 100.0%)
1  ... 

Histogram: WebContentsObserver.LoadProgressChanged recorded 11 samples, mean = 0.0 (flags = 0x41)
0  -----------O                                                              (11 = 100.0%)
1  ... 

Histogram: WebContentsObserver.NavigationEntryChanged recorded 3 samples, mean = 0.0 (flags = 0x41)
0  ---O                                                                      (3 = 100.0%)
1  ... 

Histogram: WebContentsObserver.NavigationEntryCommitted recorded 2 samples, mean = 0.0 (flags = 0x41)
0  --O                                                                       (2 = 100.0%)
1  ... 

Histogram: WebContentsObserver.PrimaryMainDocumentElementAvailable recorded 1 samples, mean = 0.0 (flags = 0x41)
0  -O                                                                        (1 = 100.0%)
1  ... 

Histogram: WebContentsObserver.RenderFrameCreated recorded 4 samples, mean = 0.2 (flags = 0x41)
0  ---O                                                                      (3 = 75.0%)
1  -O                                                                        (1 = 25.0%) {75.0%}
2  ... 

Histogram: WebContentsObserver.RenderFrameDeleted recorded 4 samples, mean = 0.0 (flags = 0x41)
0  ----O                                                                     (4 = 100.0%)
1  ... 

Histogram: WebContentsObserver.RenderViewReady recorded 2 samples, mean = 0.0 (flags = 0x41)
0  --O                                                                       (2 = 100.0%)
1  ... 

Histogram: WebContentsObserver.TitleWasSet recorded 1 samples, mean = 0.0 (flags = 0x41)
0  -O                                                                        (1 = 100.0%)
1  ... 

Histogram: WebCore.Scripts.Async.NotStreamingReason recorded 20 samples, mean = 9.0 (flags = 0x41)
0  ... 
9  --------------------O                                                     (20 = 100.0%) {0.0%}
10 ... 

Histogram: WebCore.Scripts.Async.StartedStreaming recorded 26 samples, mean = 0.2 (flags = 0x41)
0  --------------------O                                                     (20 = 76.9%)
1  ------O                                                                   (6 = 23.1%) {76.9%}
2  O                                                                         (0 = 0.0%) {100.0%}

Histogram: WebCore.Scripts.Other.NotStreamingReason recorded 17 samples, mean = 11.0 (flags = 0x41)
0   ... 
11  -----------------O                                                        (17 = 100.0%) {0.0%}
12  ... 

Histogram: WebCore.Scripts.Other.StartedStreaming recorded 17 samples, mean = 0.0 (flags = 0x41)
0  -----------------O                                                        (17 = 100.0%)
1  ... 

Histogram: WebCore.Scripts.V8CodeCacheMetadata.Get recorded 49 samples, mean = 4.1 (flags = 0x41)
0  ---------O                                                                (9 = 18.4%)
1  ... 
5  ----------------------------------------O                                 (40 = 81.6%) {18.4%}
6  O                                                                         (0 = 0.0%) {100.0%}

Histogram: WebCore.Scripts.V8CodeCacheMetadata.Set recorded 3 samples, mean = 0.0 (flags = 0x41)
0  ---O                                                                      (3 = 100.0%)
1  ... 

Histogram: WebCore.Scripts.V8CompileHintsStatus recorded 46 samples, mean = 8.7 (flags = 0x41)
0   ... 
6   --------------------O                                                     (20 = 43.5%) {0.0%}
7   ... 
10  ------O                                                                   (6 = 13.0%) {43.5%}
11  --------------------O                                                     (20 = 43.5%) {56.5%}
12  ... 

Histogram: WebCore.Scripts.V8CrowdsourcedCompileHints.ModelQuality recorded 1 samples, mean = 0.0 (flags = 0x41)
0  -O                                                                        (1 = 100.0%)
1  ... 

Histogram: WebDatabase.InitResult recorded 2 samples, mean = 0.0 (flags = 0x41)
0  --O                                                                       (2 = 100.0%)
1  ... 

Histogram: WebFont.CacheHit recorded 5 samples, mean = 1.4 (flags = 0x41)
0  O                                                                         (0 = 0.0%)
1  ----O                                                                     (4 = 80.0%) {0.0%}
2  O                                                                         (0 = 0.0%) {80.0%}
3  -O                                                                        (1 = 20.0%) {80.0%}
4  O                                                                         (0 = 0.0%) {100.0%}

Histogram: WebFont.Clients.RenderBlockingFonts.ExpiredFonts recorded 1 samples, mean = 1.0 (flags = 0x41)
0  O                                                                         (0 = 0.0%)
1  -O                                                                        (1 = 100.0%) {0.0%}
2  O                                                                         (0 = 0.0%) {100.0%}

Histogram: WebFont.HadBlankText recorded 1 samples, mean = 0.0 (flags = 0x41)
0  -O                                                                        (1 = 100.0%)
1  ... 

Histogram: WebFont.LocalFontUsed recorded 1 samples, mean = 1.0 (flags = 0x41)
0  O                                                                         (0 = 0.0%)
1  -O                                                                        (1 = 100.0%) {0.0%}
2  O                                                                         (0 = 0.0%) {100.0%}

Histogram: Windows.AcLayersLoaded recorded 1 samples, mean = 0.0 (flags = 0x41)
0  -O                                                                        (1 = 100.0%)
1  ... 

Histogram: Windows.CetAvailable recorded 1 samples, mean = 1.0 (flags = 0x41)
0  O                                                                         (0 = 0.0%)
1  -O                                                                        (1 = 100.0%) {0.0%}
2  O                                                                         (0 = 0.0%) {100.0%}

Histogram: Windows.CetEnabled recorded 1 samples, mean = 0.0 (flags = 0x41)
0  -O                                                                        (1 = 100.0%)
1  ... 

Histogram: Windows.DisplayIdFromDeviceId recorded 10 samples, mean = 3.0 (flags = 0x41)
0  ... 
3  ----------O                                                               (10 = 100.0%) {0.0%}
4  O                                                                         (0 = 0.0%) {100.0%}

Histogram: Windows.DisplayIdFromDeviceKey recorded 10 samples, mean = 3.0 (flags = 0x41)
0  ... 
3  ----------O                                                               (10 = 100.0%) {0.0%}
4  O                                                                         (0 = 0.0%) {100.0%}

Histogram: Windows.Enclave.SGX.Available recorded 1 samples, mean = 0.0 (flags = 0x41)
0  -O                                                                        (1 = 100.0%)
1  ... 

Histogram: Windows.Enclave.SGX2.Available recorded 1 samples, mean = 0.0 (flags = 0x41)
0  -O                                                                        (1 = 100.0%)
1  ... 

Histogram: Windows.Enclave.VBS.Available recorded 1 samples, mean = 1.0 (flags = 0x41)
0  O                                                                         (0 = 0.0%)
1  -O                                                                        (1 = 100.0%) {0.0%}
2  O                                                                         (0 = 0.0%) {100.0%}

Histogram: Windows.Enclave.VBSBasic.Available recorded 1 samples, mean = 0.0 (flags = 0x41)
0  -O                                                                        (1 = 100.0%)
1  ... 

Histogram: Windows.HasHighResolutionTimeTicks recorded 1 samples, mean = 1.0 (flags = 0x41)
0  O                                                                         (0 = 0.0%)
1  -O                                                                        (1 = 100.0%) {0.0%}
2  O                                                                         (0 = 0.0%) {100.0%}

Histogram: Windows.HasThreadTicks recorded 1 samples, mean = 1.0 (flags = 0x41)
0  O                                                                         (0 = 0.0%)
1  -O                                                                        (1 = 100.0%) {0.0%}
2  O                                                                         (0 = 0.0%) {100.0%}

Histogram: Windows.HypervPresent recorded 1 samples, mean = 1.0 (flags = 0x41)
0  O                                                                         (0 = 0.0%)
1  -O                                                                        (1 = 100.0%) {0.0%}
2  O                                                                         (0 = 0.0%) {100.0%}

Histogram: Windows.LegacyDisplayIdAlgorithm recorded 22 samples, mean = 0.0 (flags = 0x41)
0  ----------------------O                                                   (22 = 100.0%)
1  ... 

Histogram: Windows.ParallelDllLoadingEnabled recorded 1 samples, mean = 1.0 (flags = 0x41)
0  O                                                                         (0 = 0.0%)
1  -O                                                                        (1 = 100.0%) {0.0%}
2  O                                                                         (0 = 0.0%) {100.0%}

Histogram: Windows.PatchLevel recorded 1 samples (flags = 0x41)
1717051657  -O                                                                        (1 = 100.0%)

Histogram: Windows.PatchLevelKernel32 recorded 1 samples (flags = 0x41)
1710497928  -O                                                                        (1 = 100.0%)

Histogram: Windows.ProcessorFamily recorded 1 samples (flags = 0x41)
774  -O                                                                        (1 = 100.0%)

Histogram: Windows.ProcessorVirtualizationFirmwareEnabled recorded 1 samples, mean = 0.0 (flags = 0x41)
0  -O                                                                        (1 = 100.0%)
1  ... 


