[44940:7264:0527/140148.367:WARNING:chrome_main_delegate.cc(745)] This is Chrome version 128.0.6613.138 (not a warning)
[44940:56360:0527/140148.457:ERROR:google_update_settings.cc(265)] Failed opening key Software\Chromium to set usagestats; result: 5
[44940:7264:0527/140148.469:WARNING:account_consistency_mode_manager.cc(77)] Desktop Identity Consistency cannot be enabled as no OAuth client ID and client secret have been configured.
[58568:59420:0527/140155.380:WARNING:frame_impl.cc(430)] virtual CefFrameImpl::SendProcessMessage sent to detached frame 5-516CE73819F5A974F3BF6838A7B5494C will be ignored
[30864:37320:0527/140155.381:VERBOSE1:video_capture_oracle.cc(91)] Capture size auto-throttling is now enabled.
[30864:37320:0527/140155.381:VERBOSE1:video_capture_oracle.cc(120)] Capture size auto-throttling is now disabled.
[30864:37320:0527/140155.381:VERBOSE1:capture_resolution_chooser.cc(205)] Recomputed snapped frame sizes: 2x2
[30864:37320:0527/140155.381:VERBOSE1:capture_resolution_chooser.cc(157)] Recomputed capture size from 640x360 to 2x2 (100% of ideal size)
[30864:37320:0527/140156.721:VERBOSE1:capture_resolution_chooser.cc(205)] Recomputed snapped frame sizes: 2x2
[44940:49352:0527/140250.722:VERBOSE1:media_stream_manager.cc(1533)] MSPL::OnSpeedLimitChange({this=0000395400166D40}, {new_limit=27})
[45360:55956:0527/140254.725:VERBOSE1:tls_handshaker.cc(105)] TlsClient: Continuing handshake
[45360:55956:0527/140254.726:VERBOSE1:tls_handshaker.cc(126)] TlsClient: SSL_do_handshake returned when entering early data. After retry, rv=-1, SSL_in_early_data=1
[45360:55956:0527/140254.794:VERBOSE1:tls_handshaker.cc(105)] TlsClient: Continuing handshake
[45360:55956:0527/140254.796:VERBOSE1:tls_handshaker.cc(105)] TlsClient: Continuing handshake
[45360:55956:0527/140254.796:VERBOSE1:tls_client_handshaker.cc(528)] Client: handshake finished
[44940:7264:0527/140255.723:VERBOSE1:model_executor_impl.cc(177)] Segmentation model input:  feature 0: 1 feature 1: 0 feature 2: 0 feature 3: 0 feature 4: 0 feature 5: 0 feature 6: 0 feature 7: 0 feature 8: 0 feature 9: 0 for segment OPTIMIZATION_TARGET_SEGMENTATION_DEVICE_SWITCHER
[44940:7264:0527/140255.723:VERBOSE1:model_executor_impl.cc(205)] Segmentation model result:  output 0: 0 output 1: 0 output 2: 0 output 3: 0 output 4: 0 output 5: 0 output 6: 0 output 7: 1 for segment OPTIMIZATION_TARGET_SEGMENTATION_DEVICE_SWITCHER
[44940:7264:0527/140255.723:VERBOSE1:segment_result_provider.cc(29)] ComputeDiscreteMapping: segment=: result=0, rank=0
[44940:7264:0527/140255.723:VERBOSE1:segment_result_provider.cc(357)] OnModelExecuted: Default model executed successfully. Result: PredictionResult: timestamp: 13424331775724400 result 0: 0 result 1: 0 result 2: 0 result 3: 0 result 4: 0 result 5: 0 result 6: 0 result 7: 1 for segment OPTIMIZATION_TARGET_SEGMENTATION_DEVICE_SWITCHER
[44940:7264:0527/140255.723:VERBOSE1:request_dispatcher.cc(146)] Computed result for device_switcher: Status: Succeeded output 0: NotSynced
[44940:49352:0527/140308.729:VERBOSE1:media_stream_manager.cc(1533)] MSPL::OnSpeedLimitChange({this=0000395400166D40}, {new_limit=28})
[44940:49352:0527/140317.729:VERBOSE1:media_stream_manager.cc(1533)] MSPL::OnSpeedLimitChange({this=0000395400166D40}, {new_limit=26})
[44940:49352:0527/140327.731:VERBOSE1:media_stream_manager.cc(1533)] MSPL::OnSpeedLimitChange({this=0000395400166D40}, {new_limit=28})
[44940:49352:0527/140349.733:VERBOSE1:media_stream_manager.cc(1533)] MSPL::OnSpeedLimitChange({this=0000395400166D40}, {new_limit=27})
[44940:7264:0527/140350.411:VERBOSE1:device_event_log_impl.cc(198)] [14:03:50.410] Display: EVENT: screen_win.cc:893 Displays updated, count: 2
[44940:7264:0527/140350.411:VERBOSE1:device_event_log_impl.cc(198)] [14:03:50.410] Display: EVENT: screen_win.cc:895 Display[2848582967] bounds=[0,0 1440x900], workarea=[0,0 1440x852], scale=2, rotation=0, panel_rotation=0 external detected
[44940:7264:0527/140350.411:VERBOSE1:device_event_log_impl.cc(198)] [14:03:50.410] Display: EVENT: screen_win.cc:895 Display[1487107518] bounds=[-283,-1440 3440x1440], workarea=[-283,-1440 3440x1392], scale=1, rotation=0, panel_rotation=0 external detected
[44940:49352:0527/140350.747:VERBOSE1:media_stream_manager.cc(1533)] MSPL::OnSpeedLimitChange({this=0000395400166D40}, {new_limit=26})
[44940:49352:0527/140352.671:VERBOSE1:media_stream_manager.cc(1533)] MSPL::OnSpeedLimitChange({this=0000395400166D40}, {new_limit=25})
[44940:49352:0527/140353.599:VERBOSE1:media_stream_manager.cc(1533)] MSPL::OnSpeedLimitChange({this=0000395400166D40}, {new_limit=24})
[44940:49352:0527/140357.517:VERBOSE1:media_stream_manager.cc(1533)] MSPL::OnSpeedLimitChange({this=0000395400166D40}, {new_limit=23})
[44940:49352:0527/140357.517:VERBOSE1:media_stream_manager.cc(1533)] MSPL::OnSpeedLimitChange({this=0000395400166D40}, {new_limit=22})
[44940:49352:0527/140358.081:VERBOSE1:media_stream_manager.cc(1533)] MSPL::OnSpeedLimitChange({this=0000395400166D40}, {new_limit=21})
[44940:49352:0527/140400.081:VERBOSE1:media_stream_manager.cc(1533)] MSPL::OnSpeedLimitChange({this=0000395400166D40}, {new_limit=20})
[44940:49352:0527/140401.082:VERBOSE1:media_stream_manager.cc(1533)] MSPL::OnSpeedLimitChange({this=0000395400166D40}, {new_limit=21})
[44940:49352:0527/140405.435:VERBOSE1:media_stream_manager.cc(1533)] MSPL::OnSpeedLimitChange({this=0000395400166D40}, {new_limit=22})
[44940:49352:0527/140407.183:VERBOSE1:media_stream_manager.cc(1533)] MSPL::OnSpeedLimitChange({this=0000395400166D40}, {new_limit=21})
[44940:49352:0527/140408.180:VERBOSE1:media_stream_manager.cc(1533)] MSPL::OnSpeedLimitChange({this=0000395400166D40}, {new_limit=23})
[44940:49352:0527/140410.179:VERBOSE1:media_stream_manager.cc(1533)] MSPL::OnSpeedLimitChange({this=0000395400166D40}, {new_limit=24})
[44940:49352:0527/140412.187:VERBOSE1:media_stream_manager.cc(1533)] MSPL::OnSpeedLimitChange({this=0000395400166D40}, {new_limit=25})
[44940:49352:0527/140414.182:VERBOSE1:media_stream_manager.cc(1533)] MSPL::OnSpeedLimitChange({this=0000395400166D40}, {new_limit=26})
[44940:49352:0527/140417.183:VERBOSE1:media_stream_manager.cc(1533)] MSPL::OnSpeedLimitChange({this=0000395400166D40}, {new_limit=28})
[44940:49352:0527/140437.194:VERBOSE1:media_stream_manager.cc(1533)] MSPL::OnSpeedLimitChange({this=0000395400166D40}, {new_limit=26})
[44940:49352:0527/140438.198:VERBOSE1:media_stream_manager.cc(1533)] MSPL::OnSpeedLimitChange({this=0000395400166D40}, {new_limit=24})
[44940:49352:0527/140439.194:VERBOSE1:media_stream_manager.cc(1533)] MSPL::OnSpeedLimitChange({this=0000395400166D40}, {new_limit=23})
[44940:49352:0527/140443.200:VERBOSE1:media_stream_manager.cc(1533)] MSPL::OnSpeedLimitChange({this=0000395400166D40}, {new_limit=21})
[44940:49352:0527/140444.195:VERBOSE1:media_stream_manager.cc(1533)] MSPL::OnSpeedLimitChange({this=0000395400166D40}, {new_limit=20})
[44940:49352:0527/140447.197:VERBOSE1:media_stream_manager.cc(1533)] MSPL::OnSpeedLimitChange({this=0000395400166D40}, {new_limit=22})
[44940:49352:0527/140448.197:VERBOSE1:media_stream_manager.cc(1533)] MSPL::OnSpeedLimitChange({this=0000395400166D40}, {new_limit=24})
[44940:49352:0527/140453.196:VERBOSE1:media_stream_manager.cc(1533)] MSPL::OnSpeedLimitChange({this=0000395400166D40}, {new_limit=26})
[45360:55956:0527/140453.531:VERBOSE1:network_delegate.cc(36)] NetworkDelegate::NotifyBeforeURLRequest: https://optimizationguide-pa.googleapis.com/v1:GetModels?key=dummytoken
[45360:55956:0527/140453.532:VERBOSE1:network_delegate.cc(36)] NetworkDelegate::NotifyBeforeURLRequest: https://dns.google/dns-query?dns=AAABAAABAAAAAAABFG9wdGltaXphdGlvbmd1aWRlLXBhCmdvb2dsZWFwaXMDY29tAAABAAEAACkQAAAAAAAAQAAMADwAAAAAAAAAAAAAAAAAAAAAAAAAAAAAAAAAAAAAAAAAAAAAAAAAAAAAAAAAAAAAAAAAAAAAAAAAAAAAAAA
[45360:55956:0527/140453.533:VERBOSE1:network_delegate.cc(36)] NetworkDelegate::NotifyBeforeURLRequest: https://dns.google/dns-query?dns=AAABAAABAAAAAAABFG9wdGltaXphdGlvbmd1aWRlLXBhCmdvb2dsZWFwaXMDY29tAABBAAEAACkQAAAAAAAAQAAMADwAAAAAAAAAAAAAAAAAAAAAAAAAAAAAAAAAAAAAAAAAAAAAAAAAAAAAAAAAAAAAAAAAAAAAAAAAAAAAAAA
[45360:55956:0527/140453.540:VERBOSE1:tls_handshaker.cc(105)] TlsClient: Continuing handshake
[45360:55956:0527/140453.541:VERBOSE1:tls_handshaker.cc(126)] TlsClient: SSL_do_handshake returned when entering early data. After retry, rv=-1, SSL_in_early_data=1
[45360:55956:0527/140453.604:VERBOSE1:tls_handshaker.cc(105)] TlsClient: Continuing handshake
[45360:55956:0527/140453.604:VERBOSE1:tls_handshaker.cc(105)] TlsClient: Continuing handshake
[45360:55956:0527/140453.604:VERBOSE1:tls_client_handshaker.cc(528)] Client: handshake finished
[45360:55956:0527/140453.652:VERBOSE1:tls_handshaker.cc(105)] TlsClient: Continuing handshake
[45360:55956:0527/140453.653:VERBOSE1:tls_handshaker.cc(126)] TlsClient: SSL_do_handshake returned when entering early data. After retry, rv=-1, SSL_in_early_data=1
[45360:55956:0527/140453.719:VERBOSE1:tls_handshaker.cc(105)] TlsClient: Continuing handshake
[45360:55956:0527/140453.719:VERBOSE1:tls_handshaker.cc(105)] TlsClient: Continuing handshake
[45360:55956:0527/140453.719:VERBOSE1:tls_client_handshaker.cc(528)] Client: handshake finished
[44940:49352:0527/140454.198:VERBOSE1:media_stream_manager.cc(1533)] MSPL::OnSpeedLimitChange({this=0000395400166D40}, {new_limit=27})
[44940:7264:0527/140457.498:VERBOSE1:device_event_log_impl.cc(198)] [14:04:57.498] Display: EVENT: screen_win.cc:893 Displays updated, count: 2
[44940:7264:0527/140457.498:VERBOSE1:device_event_log_impl.cc(198)] [14:04:57.498] Display: EVENT: screen_win.cc:895 Display[2848582967] bounds=[0,0 1440x900], workarea=[0,0 1440x852], scale=2, rotation=0, panel_rotation=0 external detected
[44940:7264:0527/140457.498:VERBOSE1:device_event_log_impl.cc(198)] [14:04:57.498] Display: EVENT: screen_win.cc:895 Display[1487107518] bounds=[-283,-1440 3440x1440], workarea=[-283,-1440 3440x1392], scale=1, rotation=0, panel_rotation=0 external detected
[44940:49352:0527/140458.637:VERBOSE1:media_stream_manager.cc(1533)] MSPL::OnSpeedLimitChange({this=0000395400166D40}, {new_limit=26})
[44940:49352:0527/140459.237:VERBOSE1:media_stream_manager.cc(1533)] MSPL::OnSpeedLimitChange({this=0000395400166D40}, {new_limit=25})
[44940:49352:0527/140501.249:VERBOSE1:media_stream_manager.cc(1533)] MSPL::OnSpeedLimitChange({this=0000395400166D40}, {new_limit=24})
[44940:7264:0527/140502.898:VERBOSE1:device_event_log_impl.cc(198)] [14:05:02.898] Display: EVENT: screen_win.cc:893 Displays updated, count: 2
[44940:7264:0527/140502.899:VERBOSE1:device_event_log_impl.cc(198)] [14:05:02.898] Display: EVENT: screen_win.cc:895 Display[2848582967] bounds=[0,0 1440x900], workarea=[0,0 1440x852], scale=2, rotation=0, panel_rotation=0 external detected
[44940:7264:0527/140502.899:VERBOSE1:device_event_log_impl.cc(198)] [14:05:02.898] Display: EVENT: screen_win.cc:895 Display[1487107518] bounds=[-283,-1440 3440x1440], workarea=[-283,-1440 3440x1392], scale=1, rotation=0, panel_rotation=0 external detected
[44940:49352:0527/140504.122:VERBOSE1:media_stream_manager.cc(1533)] MSPL::OnSpeedLimitChange({this=0000395400166D40}, {new_limit=23})
[44940:49352:0527/140506.127:VERBOSE1:media_stream_manager.cc(1533)] MSPL::OnSpeedLimitChange({this=0000395400166D40}, {new_limit=22})
[44940:49352:0527/140509.121:VERBOSE1:media_stream_manager.cc(1533)] MSPL::OnSpeedLimitChange({this=0000395400166D40}, {new_limit=23})
[44940:49352:0527/140510.117:VERBOSE1:media_stream_manager.cc(1533)] MSPL::OnSpeedLimitChange({this=0000395400166D40}, {new_limit=22})
[44940:49352:0527/140511.132:VERBOSE1:media_stream_manager.cc(1533)] MSPL::OnSpeedLimitChange({this=0000395400166D40}, {new_limit=23})
[44940:49352:0527/140512.128:VERBOSE1:media_stream_manager.cc(1533)] MSPL::OnSpeedLimitChange({this=0000395400166D40}, {new_limit=22})
[44940:49352:0527/140515.121:VERBOSE1:media_stream_manager.cc(1533)] MSPL::OnSpeedLimitChange({this=0000395400166D40}, {new_limit=21})
[44940:49352:0527/140518.137:VERBOSE1:media_stream_manager.cc(1533)] MSPL::OnSpeedLimitChange({this=0000395400166D40}, {new_limit=20})
[44940:49352:0527/140530.249:VERBOSE1:media_stream_manager.cc(1533)] MSPL::OnSpeedLimitChange({this=0000395400166D40}, {new_limit=21})
[44940:49352:0527/140539.142:VERBOSE1:media_stream_manager.cc(1533)] MSPL::OnSpeedLimitChange({this=0000395400166D40}, {new_limit=22})
[44940:49352:0527/140541.140:VERBOSE1:media_stream_manager.cc(1533)] MSPL::OnSpeedLimitChange({this=0000395400166D40}, {new_limit=21})
[44940:49352:0527/140546.143:VERBOSE1:media_stream_manager.cc(1533)] MSPL::OnSpeedLimitChange({this=0000395400166D40}, {new_limit=20})
[44940:49352:0527/140550.160:VERBOSE1:media_stream_manager.cc(1533)] MSPL::OnSpeedLimitChange({this=0000395400166D40}, {new_limit=19})
[44940:49352:0527/140554.153:VERBOSE1:media_stream_manager.cc(1533)] MSPL::OnSpeedLimitChange({this=0000395400166D40}, {new_limit=20})
[44940:49352:0527/140557.155:VERBOSE1:media_stream_manager.cc(1533)] MSPL::OnSpeedLimitChange({this=0000395400166D40}, {new_limit=21})
[44940:49352:0527/140601.173:VERBOSE1:media_stream_manager.cc(1533)] MSPL::OnSpeedLimitChange({this=0000395400166D40}, {new_limit=22})
[44940:49352:0527/140603.151:VERBOSE1:media_stream_manager.cc(1533)] MSPL::OnSpeedLimitChange({this=0000395400166D40}, {new_limit=20})
[44940:49352:0527/140604.153:VERBOSE1:media_stream_manager.cc(1533)] MSPL::OnSpeedLimitChange({this=0000395400166D40}, {new_limit=19})
[44940:49352:0527/140611.165:VERBOSE1:media_stream_manager.cc(1533)] MSPL::OnSpeedLimitChange({this=0000395400166D40}, {new_limit=18})
[44940:49352:0527/140613.163:VERBOSE1:media_stream_manager.cc(1533)] MSPL::OnSpeedLimitChange({this=0000395400166D40}, {new_limit=19})
[44940:49352:0527/140614.165:VERBOSE1:media_stream_manager.cc(1533)] MSPL::OnSpeedLimitChange({this=0000395400166D40}, {new_limit=20})
[44940:49352:0527/140616.170:VERBOSE1:media_stream_manager.cc(1533)] MSPL::OnSpeedLimitChange({this=0000395400166D40}, {new_limit=21})
[44940:49352:0527/140617.270:VERBOSE1:media_stream_manager.cc(1533)] MSPL::OnSpeedLimitChange({this=0000395400166D40}, {new_limit=20})
[44940:49352:0527/140618.158:VERBOSE1:media_stream_manager.cc(1533)] MSPL::OnSpeedLimitChange({this=0000395400166D40}, {new_limit=21})
[44940:49352:0527/140621.176:VERBOSE1:media_stream_manager.cc(1533)] MSPL::OnSpeedLimitChange({this=0000395400166D40}, {new_limit=22})
[44940:49352:0527/140624.173:VERBOSE1:media_stream_manager.cc(1533)] MSPL::OnSpeedLimitChange({this=0000395400166D40}, {new_limit=23})
[44940:49352:0527/140625.169:VERBOSE1:media_stream_manager.cc(1533)] MSPL::OnSpeedLimitChange({this=0000395400166D40}, {new_limit=22})
[44940:49352:0527/140636.181:VERBOSE1:media_stream_manager.cc(1533)] MSPL::OnSpeedLimitChange({this=0000395400166D40}, {new_limit=23})
[44940:49352:0527/140641.256:VERBOSE1:media_stream_manager.cc(1533)] MSPL::OnSpeedLimitChange({this=0000395400166D40}, {new_limit=22})
[44940:49352:0527/140644.186:VERBOSE1:media_stream_manager.cc(1533)] MSPL::OnSpeedLimitChange({this=0000395400166D40}, {new_limit=21})
[44940:49352:0527/140646.187:VERBOSE1:media_stream_manager.cc(1533)] MSPL::OnSpeedLimitChange({this=0000395400166D40}, {new_limit=20})
[44940:49352:0527/140650.185:VERBOSE1:media_stream_manager.cc(1533)] MSPL::OnSpeedLimitChange({this=0000395400166D40}, {new_limit=19})
[44940:49352:0527/140651.187:VERBOSE1:media_stream_manager.cc(1533)] MSPL::OnSpeedLimitChange({this=0000395400166D40}, {new_limit=18})
[44940:49352:0527/140653.195:VERBOSE1:media_stream_manager.cc(1533)] MSPL::OnSpeedLimitChange({this=0000395400166D40}, {new_limit=17})
[44940:49352:0527/140655.195:VERBOSE1:media_stream_manager.cc(1533)] MSPL::OnSpeedLimitChange({this=0000395400166D40}, {new_limit=18})
[44940:49352:0527/140700.201:VERBOSE1:media_stream_manager.cc(1533)] MSPL::OnSpeedLimitChange({this=0000395400166D40}, {new_limit=19})
[44940:49352:0527/140701.198:VERBOSE1:media_stream_manager.cc(1533)] MSPL::OnSpeedLimitChange({this=0000395400166D40}, {new_limit=20})
[44940:49352:0527/140714.205:VERBOSE1:media_stream_manager.cc(1533)] MSPL::OnSpeedLimitChange({this=0000395400166D40}, {new_limit=19})
[44940:49352:0527/140717.207:VERBOSE1:media_stream_manager.cc(1533)] MSPL::OnSpeedLimitChange({this=0000395400166D40}, {new_limit=20})
[44940:49352:0527/140722.206:VERBOSE1:media_stream_manager.cc(1533)] MSPL::OnSpeedLimitChange({this=0000395400166D40}, {new_limit=21})
[44940:49352:0527/140723.203:VERBOSE1:media_stream_manager.cc(1533)] MSPL::OnSpeedLimitChange({this=0000395400166D40}, {new_limit=20})
[44940:49352:0527/140726.212:VERBOSE1:media_stream_manager.cc(1533)] MSPL::OnSpeedLimitChange({this=0000395400166D40}, {new_limit=19})
[44940:49352:0527/140727.210:VERBOSE1:media_stream_manager.cc(1533)] MSPL::OnSpeedLimitChange({this=0000395400166D40}, {new_limit=20})
[45360:55956:0527/140730.490:VERBOSE1:network_delegate.cc(36)] NetworkDelegate::NotifyBeforeURLRequest: https://optimizationguide-pa.googleapis.com/v1:GetModels?key=dummytoken
[45360:55956:0527/140730.491:VERBOSE1:network_delegate.cc(36)] NetworkDelegate::NotifyBeforeURLRequest: https://dns.google/dns-query?dns=AAABAAABAAAAAAABFG9wdGltaXphdGlvbmd1aWRlLXBhCmdvb2dsZWFwaXMDY29tAAABAAEAACkQAAAAAAAAQAAMADwAAAAAAAAAAAAAAAAAAAAAAAAAAAAAAAAAAAAAAAAAAAAAAAAAAAAAAAAAAAAAAAAAAAAAAAAAAAAAAAA
[45360:55956:0527/140730.492:VERBOSE1:network_delegate.cc(36)] NetworkDelegate::NotifyBeforeURLRequest: https://dns.google/dns-query?dns=AAABAAABAAAAAAABFG9wdGltaXphdGlvbmd1aWRlLXBhCmdvb2dsZWFwaXMDY29tAABBAAEAACkQAAAAAAAAQAAMADwAAAAAAAAAAAAAAAAAAAAAAAAAAAAAAAAAAAAAAAAAAAAAAAAAAAAAAAAAAAAAAAAAAAAAAAAAAAAAAAA
[45360:55956:0527/140730.501:VERBOSE1:tls_handshaker.cc(105)] TlsClient: Continuing handshake
[45360:55956:0527/140730.502:VERBOSE1:tls_handshaker.cc(126)] TlsClient: SSL_do_handshake returned when entering early data. After retry, rv=-1, SSL_in_early_data=1
[45360:55956:0527/140730.560:VERBOSE1:tls_handshaker.cc(105)] TlsClient: Continuing handshake
[45360:55956:0527/140730.560:VERBOSE1:tls_handshaker.cc(105)] TlsClient: Continuing handshake
[45360:55956:0527/140730.560:VERBOSE1:tls_client_handshaker.cc(528)] Client: handshake finished
[45360:55956:0527/140730.606:VERBOSE1:tls_handshaker.cc(105)] TlsClient: Continuing handshake
[45360:55956:0527/140730.606:VERBOSE1:tls_handshaker.cc(126)] TlsClient: SSL_do_handshake returned when entering early data. After retry, rv=-1, SSL_in_early_data=1
[45360:55956:0527/140730.678:VERBOSE1:tls_handshaker.cc(105)] TlsClient: Continuing handshake
[45360:55956:0527/140730.679:VERBOSE1:tls_handshaker.cc(105)] TlsClient: Continuing handshake
[45360:55956:0527/140730.679:VERBOSE1:tls_client_handshaker.cc(528)] Client: handshake finished
[44940:49352:0527/140733.207:VERBOSE1:media_stream_manager.cc(1533)] MSPL::OnSpeedLimitChange({this=0000395400166D40}, {new_limit=21})
[44940:49352:0527/140741.212:VERBOSE1:media_stream_manager.cc(1533)] MSPL::OnSpeedLimitChange({this=0000395400166D40}, {new_limit=20})
[44940:49352:0527/140744.218:VERBOSE1:media_stream_manager.cc(1533)] MSPL::OnSpeedLimitChange({this=0000395400166D40}, {new_limit=19})
[44940:49352:0527/140745.218:VERBOSE1:media_stream_manager.cc(1533)] MSPL::OnSpeedLimitChange({this=0000395400166D40}, {new_limit=18})
[44940:49352:0527/140746.228:VERBOSE1:media_stream_manager.cc(1533)] MSPL::OnSpeedLimitChange({this=0000395400166D40}, {new_limit=17})
[44940:49352:0527/140747.214:VERBOSE1:media_stream_manager.cc(1533)] MSPL::OnSpeedLimitChange({this=0000395400166D40}, {new_limit=16})
[44940:49352:0527/140750.230:VERBOSE1:media_stream_manager.cc(1533)] MSPL::OnSpeedLimitChange({this=0000395400166D40}, {new_limit=15})
[44940:49352:0527/140754.226:VERBOSE1:media_stream_manager.cc(1533)] MSPL::OnSpeedLimitChange({this=0000395400166D40}, {new_limit=16})
[44940:49352:0527/140755.227:VERBOSE1:media_stream_manager.cc(1533)] MSPL::OnSpeedLimitChange({this=0000395400166D40}, {new_limit=17})
[44940:49352:0527/140756.227:VERBOSE1:media_stream_manager.cc(1533)] MSPL::OnSpeedLimitChange({this=0000395400166D40}, {new_limit=18})
[44940:49352:0527/140757.228:VERBOSE1:media_stream_manager.cc(1533)] MSPL::OnSpeedLimitChange({this=0000395400166D40}, {new_limit=19})
[44940:49352:0527/140758.223:VERBOSE1:media_stream_manager.cc(1533)] MSPL::OnSpeedLimitChange({this=0000395400166D40}, {new_limit=20})
[44940:49352:0527/140800.237:VERBOSE1:media_stream_manager.cc(1533)] MSPL::OnSpeedLimitChange({this=0000395400166D40}, {new_limit=21})
[44940:49352:0527/140802.237:VERBOSE1:media_stream_manager.cc(1533)] MSPL::OnSpeedLimitChange({this=0000395400166D40}, {new_limit=20})
[44940:49352:0527/140804.232:VERBOSE1:media_stream_manager.cc(1533)] MSPL::OnSpeedLimitChange({this=0000395400166D40}, {new_limit=19})
[44940:49352:0527/140806.227:VERBOSE1:media_stream_manager.cc(1533)] MSPL::OnSpeedLimitChange({this=0000395400166D40}, {new_limit=18})
[44940:49352:0527/140811.238:VERBOSE1:media_stream_manager.cc(1533)] MSPL::OnSpeedLimitChange({this=0000395400166D40}, {new_limit=19})
[44940:49352:0527/140813.256:VERBOSE1:media_stream_manager.cc(1533)] MSPL::OnSpeedLimitChange({this=0000395400166D40}, {new_limit=20})
[44940:49352:0527/140815.246:VERBOSE1:media_stream_manager.cc(1533)] MSPL::OnSpeedLimitChange({this=0000395400166D40}, {new_limit=21})
[44940:49352:0527/140822.254:VERBOSE1:media_stream_manager.cc(1533)] MSPL::OnSpeedLimitChange({this=0000395400166D40}, {new_limit=20})
[44940:49352:0527/140835.254:VERBOSE1:media_stream_manager.cc(1533)] MSPL::OnSpeedLimitChange({this=0000395400166D40}, {new_limit=21})
[44940:49352:0527/140836.251:VERBOSE1:media_stream_manager.cc(1533)] MSPL::OnSpeedLimitChange({this=0000395400166D40}, {new_limit=20})
[44940:49352:0527/140850.270:VERBOSE1:media_stream_manager.cc(1533)] MSPL::OnSpeedLimitChange({this=0000395400166D40}, {new_limit=19})
[44940:49352:0527/140851.270:VERBOSE1:media_stream_manager.cc(1533)] MSPL::OnSpeedLimitChange({this=0000395400166D40}, {new_limit=18})
[44940:49352:0527/140854.270:VERBOSE1:media_stream_manager.cc(1533)] MSPL::OnSpeedLimitChange({this=0000395400166D40}, {new_limit=19})
[44940:49352:0527/140900.274:VERBOSE1:media_stream_manager.cc(1533)] MSPL::OnSpeedLimitChange({this=0000395400166D40}, {new_limit=20})
[44940:49352:0527/140901.275:VERBOSE1:media_stream_manager.cc(1533)] MSPL::OnSpeedLimitChange({this=0000395400166D40}, {new_limit=21})
[44940:49352:0527/140904.275:VERBOSE1:media_stream_manager.cc(1533)] MSPL::OnSpeedLimitChange({this=0000395400166D40}, {new_limit=20})
[44940:49352:0527/140907.276:VERBOSE1:media_stream_manager.cc(1533)] MSPL::OnSpeedLimitChange({this=0000395400166D40}, {new_limit=19})
[44940:49352:0527/140915.285:VERBOSE1:media_stream_manager.cc(1533)] MSPL::OnSpeedLimitChange({this=0000395400166D40}, {new_limit=20})
[44940:49352:0527/140942.297:VERBOSE1:media_stream_manager.cc(1533)] MSPL::OnSpeedLimitChange({this=0000395400166D40}, {new_limit=21})
[44940:49352:0527/140947.297:VERBOSE1:media_stream_manager.cc(1533)] MSPL::OnSpeedLimitChange({this=0000395400166D40}, {new_limit=20})
[44940:49352:0527/140949.295:VERBOSE1:media_stream_manager.cc(1533)] MSPL::OnSpeedLimitChange({this=0000395400166D40}, {new_limit=19})
[44940:49352:0527/140950.314:VERBOSE1:media_stream_manager.cc(1533)] MSPL::OnSpeedLimitChange({this=0000395400166D40}, {new_limit=18})
[44940:49352:0527/140951.312:VERBOSE1:media_stream_manager.cc(1533)] MSPL::OnSpeedLimitChange({this=0000395400166D40}, {new_limit=17})
[44940:49352:0527/140953.314:VERBOSE1:media_stream_manager.cc(1533)] MSPL::OnSpeedLimitChange({this=0000395400166D40}, {new_limit=16})
[44940:49352:0527/141000.339:VERBOSE1:media_stream_manager.cc(1533)] MSPL::OnSpeedLimitChange({this=0000395400166D40}, {new_limit=18})
[44940:49352:0527/141001.306:VERBOSE1:media_stream_manager.cc(1533)] MSPL::OnSpeedLimitChange({this=0000395400166D40}, {new_limit=19})
[44940:49352:0527/141005.310:VERBOSE1:media_stream_manager.cc(1533)] MSPL::OnSpeedLimitChange({this=0000395400166D40}, {new_limit=20})
[44940:49352:0527/141009.311:VERBOSE1:media_stream_manager.cc(1533)] MSPL::OnSpeedLimitChange({this=0000395400166D40}, {new_limit=21})
[44940:49352:0527/141010.313:VERBOSE1:media_stream_manager.cc(1533)] MSPL::OnSpeedLimitChange({this=0000395400166D40}, {new_limit=20})
[44940:49352:0527/141014.316:VERBOSE1:media_stream_manager.cc(1533)] MSPL::OnSpeedLimitChange({this=0000395400166D40}, {new_limit=19})
[45360:55956:0527/141019.424:VERBOSE1:network_delegate.cc(36)] NetworkDelegate::NotifyBeforeURLRequest: https://optimizationguide-pa.googleapis.com/v1:GetModels?key=dummytoken
[45360:55956:0527/141019.424:VERBOSE1:network_delegate.cc(36)] NetworkDelegate::NotifyBeforeURLRequest: https://dns.google/dns-query?dns=AAABAAABAAAAAAABFG9wdGltaXphdGlvbmd1aWRlLXBhCmdvb2dsZWFwaXMDY29tAAABAAEAACkQAAAAAAAAQAAMADwAAAAAAAAAAAAAAAAAAAAAAAAAAAAAAAAAAAAAAAAAAAAAAAAAAAAAAAAAAAAAAAAAAAAAAAAAAAAAAAA
[45360:55956:0527/141019.425:VERBOSE1:network_delegate.cc(36)] NetworkDelegate::NotifyBeforeURLRequest: https://dns.google/dns-query?dns=AAABAAABAAAAAAABFG9wdGltaXphdGlvbmd1aWRlLXBhCmdvb2dsZWFwaXMDY29tAABBAAEAACkQAAAAAAAAQAAMADwAAAAAAAAAAAAAAAAAAAAAAAAAAAAAAAAAAAAAAAAAAAAAAAAAAAAAAAAAAAAAAAAAAAAAAAAAAAAAAAA
[45360:55956:0527/141019.425:VERBOSE1:tls_handshaker.cc(105)] TlsClient: Continuing handshake
[45360:55956:0527/141019.425:VERBOSE1:tls_handshaker.cc(126)] TlsClient: SSL_do_handshake returned when entering early data. After retry, rv=-1, SSL_in_early_data=1
[45360:55956:0527/141019.492:VERBOSE1:tls_handshaker.cc(105)] TlsClient: Continuing handshake
[45360:55956:0527/141019.492:VERBOSE1:tls_handshaker.cc(105)] TlsClient: Continuing handshake
[45360:55956:0527/141019.492:VERBOSE1:tls_client_handshaker.cc(528)] Client: handshake finished
[45360:55956:0527/141019.544:VERBOSE1:tls_handshaker.cc(105)] TlsClient: Continuing handshake
[45360:55956:0527/141019.545:VERBOSE1:tls_handshaker.cc(126)] TlsClient: SSL_do_handshake returned when entering early data. After retry, rv=-1, SSL_in_early_data=1
[45360:55956:0527/141019.641:VERBOSE1:tls_handshaker.cc(105)] TlsClient: Continuing handshake
[45360:55956:0527/141019.641:VERBOSE1:tls_handshaker.cc(105)] TlsClient: Continuing handshake
[45360:55956:0527/141019.641:VERBOSE1:tls_client_handshaker.cc(528)] Client: handshake finished
[44940:49352:0527/141021.324:VERBOSE1:media_stream_manager.cc(1533)] MSPL::OnSpeedLimitChange({this=0000395400166D40}, {new_limit=20})
[44940:49352:0527/141034.497:VERBOSE1:media_stream_manager.cc(1533)] MSPL::OnSpeedLimitChange({this=0000395400166D40}, {new_limit=21})
[44940:49352:0527/141036.498:VERBOSE1:media_stream_manager.cc(1533)] MSPL::OnSpeedLimitChange({this=0000395400166D40}, {new_limit=22})
[44940:49352:0527/141037.498:VERBOSE1:media_stream_manager.cc(1533)] MSPL::OnSpeedLimitChange({this=0000395400166D40}, {new_limit=23})
[44940:7264:0527/141037.686:VERBOSE1:device_event_log_impl.cc(198)] [14:10:37.686] Display: EVENT: screen_win.cc:893 Displays updated, count: 2
[44940:7264:0527/141037.686:VERBOSE1:device_event_log_impl.cc(198)] [14:10:37.686] Display: EVENT: screen_win.cc:895 Display[2848582967] bounds=[0,0 1440x900], workarea=[0,0 1440x852], scale=2, rotation=0, panel_rotation=0 external detected
[44940:7264:0527/141037.686:VERBOSE1:device_event_log_impl.cc(198)] [14:10:37.686] Display: EVENT: screen_win.cc:895 Display[1487107518] bounds=[-283,-1440 3440x1440], workarea=[-283,-1440 3440x1392], scale=1, rotation=0, panel_rotation=0 external detected
[44940:49352:0527/141040.346:VERBOSE1:media_stream_manager.cc(1533)] MSPL::OnSpeedLimitChange({this=0000395400166D40}, {new_limit=22})
[44940:49352:0527/141044.347:VERBOSE1:media_stream_manager.cc(1533)] MSPL::OnSpeedLimitChange({this=0000395400166D40}, {new_limit=21})
[44940:49352:0527/141045.347:VERBOSE1:media_stream_manager.cc(1533)] MSPL::OnSpeedLimitChange({this=0000395400166D40}, {new_limit=20})
[44940:49352:0527/141046.347:VERBOSE1:media_stream_manager.cc(1533)] MSPL::OnSpeedLimitChange({this=0000395400166D40}, {new_limit=19})
[44940:49352:0527/141054.350:VERBOSE1:media_stream_manager.cc(1533)] MSPL::OnSpeedLimitChange({this=0000395400166D40}, {new_limit=18})
[44940:49352:0527/141101.351:VERBOSE1:media_stream_manager.cc(1533)] MSPL::OnSpeedLimitChange({this=0000395400166D40}, {new_limit=19})
[44940:49352:0527/141106.352:VERBOSE1:media_stream_manager.cc(1533)] MSPL::OnSpeedLimitChange({this=0000395400166D40}, {new_limit=18})
[44940:49352:0527/141107.353:VERBOSE1:media_stream_manager.cc(1533)] MSPL::OnSpeedLimitChange({this=0000395400166D40}, {new_limit=17})
[44940:49352:0527/141108.370:VERBOSE1:media_stream_manager.cc(1533)] MSPL::OnSpeedLimitChange({this=0000395400166D40}, {new_limit=16})
[44940:49352:0527/141109.370:VERBOSE1:media_stream_manager.cc(1533)] MSPL::OnSpeedLimitChange({this=0000395400166D40}, {new_limit=15})
[44940:49352:0527/141110.558:VERBOSE1:media_stream_manager.cc(1533)] MSPL::OnSpeedLimitChange({this=0000395400166D40}, {new_limit=14})
[44940:49352:0527/141111.555:VERBOSE1:media_stream_manager.cc(1533)] MSPL::OnSpeedLimitChange({this=0000395400166D40}, {new_limit=13})
[44940:49352:0527/141112.559:VERBOSE1:media_stream_manager.cc(1533)] MSPL::OnSpeedLimitChange({this=0000395400166D40}, {new_limit=12})
[44940:49352:0527/141113.556:VERBOSE1:media_stream_manager.cc(1533)] MSPL::OnSpeedLimitChange({this=0000395400166D40}, {new_limit=11})
[44940:49352:0527/141114.556:VERBOSE1:media_stream_manager.cc(1533)] MSPL::OnSpeedLimitChange({this=0000395400166D40}, {new_limit=10})
[44940:49352:0527/141122.556:VERBOSE1:media_stream_manager.cc(1533)] MSPL::OnSpeedLimitChange({this=0000395400166D40}, {new_limit=11})
[44940:49352:0527/141123.557:VERBOSE1:media_stream_manager.cc(1533)] MSPL::OnSpeedLimitChange({this=0000395400166D40}, {new_limit=13})
[44940:49352:0527/141124.557:VERBOSE1:media_stream_manager.cc(1533)] MSPL::OnSpeedLimitChange({this=0000395400166D40}, {new_limit=14})
[44940:49352:0527/141125.558:VERBOSE1:media_stream_manager.cc(1533)] MSPL::OnSpeedLimitChange({this=0000395400166D40}, {new_limit=16})
[44940:49352:0527/141127.558:VERBOSE1:media_stream_manager.cc(1533)] MSPL::OnSpeedLimitChange({this=0000395400166D40}, {new_limit=17})
[44940:49352:0527/141128.557:VERBOSE1:media_stream_manager.cc(1533)] MSPL::OnSpeedLimitChange({this=0000395400166D40}, {new_limit=18})
[44940:49352:0527/141129.557:VERBOSE1:media_stream_manager.cc(1533)] MSPL::OnSpeedLimitChange({this=0000395400166D40}, {new_limit=19})
[44940:49352:0527/141130.558:VERBOSE1:media_stream_manager.cc(1533)] MSPL::OnSpeedLimitChange({this=0000395400166D40}, {new_limit=21})
[44940:49352:0527/141131.558:VERBOSE1:media_stream_manager.cc(1533)] MSPL::OnSpeedLimitChange({this=0000395400166D40}, {new_limit=23})
[44940:49352:0527/141135.559:VERBOSE1:media_stream_manager.cc(1533)] MSPL::OnSpeedLimitChange({this=0000395400166D40}, {new_limit=24})
[44940:49352:0527/141136.559:VERBOSE1:media_stream_manager.cc(1533)] MSPL::OnSpeedLimitChange({this=0000395400166D40}, {new_limit=26})
[44940:49352:0527/141137.560:VERBOSE1:media_stream_manager.cc(1533)] MSPL::OnSpeedLimitChange({this=0000395400166D40}, {new_limit=27})
[44940:49352:0527/141139.562:VERBOSE1:media_stream_manager.cc(1533)] MSPL::OnSpeedLimitChange({this=0000395400166D40}, {new_limit=28})
[44940:49352:0527/141150.565:VERBOSE1:media_stream_manager.cc(1533)] MSPL::OnSpeedLimitChange({this=0000395400166D40}, {new_limit=26})
[44940:49352:0527/141152.578:VERBOSE1:media_stream_manager.cc(1533)] MSPL::OnSpeedLimitChange({this=0000395400166D40}, {new_limit=24})
[44940:49352:0527/141200.572:VERBOSE1:media_stream_manager.cc(1533)] MSPL::OnSpeedLimitChange({this=0000395400166D40}, {new_limit=26})
[44940:49352:0527/141202.576:VERBOSE1:media_stream_manager.cc(1533)] MSPL::OnSpeedLimitChange({this=0000395400166D40}, {new_limit=27})
[44940:49352:0527/141214.577:VERBOSE1:media_stream_manager.cc(1533)] MSPL::OnSpeedLimitChange({this=0000395400166D40}, {new_limit=28})
[44940:49352:0527/141237.584:VERBOSE1:media_stream_manager.cc(1533)] MSPL::OnSpeedLimitChange({this=0000395400166D40}, {new_limit=27})
[44940:49352:0527/141238.584:VERBOSE1:media_stream_manager.cc(1533)] MSPL::OnSpeedLimitChange({this=0000395400166D40}, {new_limit=26})
[44940:49352:0527/141239.583:VERBOSE1:media_stream_manager.cc(1533)] MSPL::OnSpeedLimitChange({this=0000395400166D40}, {new_limit=25})
[44940:49352:0527/141248.587:VERBOSE1:media_stream_manager.cc(1533)] MSPL::OnSpeedLimitChange({this=0000395400166D40}, {new_limit=27})
[44940:49352:0527/141300.589:VERBOSE1:media_stream_manager.cc(1533)] MSPL::OnSpeedLimitChange({this=0000395400166D40}, {new_limit=28})
[44940:49352:0527/141304.590:VERBOSE1:media_stream_manager.cc(1533)] MSPL::OnSpeedLimitChange({this=0000395400166D40}, {new_limit=27})
[45360:55956:0527/141310.590:VERBOSE1:network_delegate.cc(36)] NetworkDelegate::NotifyBeforeURLRequest: https://optimizationguide-pa.googleapis.com/v1:GetModels?key=dummytoken
[45360:55956:0527/141310.591:VERBOSE1:network_delegate.cc(36)] NetworkDelegate::NotifyBeforeURLRequest: https://dns.google/dns-query?dns=AAABAAABAAAAAAABFG9wdGltaXphdGlvbmd1aWRlLXBhCmdvb2dsZWFwaXMDY29tAAABAAEAACkQAAAAAAAAQAAMADwAAAAAAAAAAAAAAAAAAAAAAAAAAAAAAAAAAAAAAAAAAAAAAAAAAAAAAAAAAAAAAAAAAAAAAAAAAAAAAAA
[45360:55956:0527/141310.592:VERBOSE1:network_delegate.cc(36)] NetworkDelegate::NotifyBeforeURLRequest: https://dns.google/dns-query?dns=AAABAAABAAAAAAABFG9wdGltaXphdGlvbmd1aWRlLXBhCmdvb2dsZWFwaXMDY29tAABBAAEAACkQAAAAAAAAQAAMADwAAAAAAAAAAAAAAAAAAAAAAAAAAAAAAAAAAAAAAAAAAAAAAAAAAAAAAAAAAAAAAAAAAAAAAAAAAAAAAAA
[45360:55956:0527/141310.604:VERBOSE1:tls_handshaker.cc(105)] TlsClient: Continuing handshake
[45360:55956:0527/141310.605:VERBOSE1:tls_handshaker.cc(126)] TlsClient: SSL_do_handshake returned when entering early data. After retry, rv=-1, SSL_in_early_data=1
[45360:55956:0527/141310.669:VERBOSE1:tls_handshaker.cc(105)] TlsClient: Continuing handshake
[45360:55956:0527/141310.669:VERBOSE1:tls_handshaker.cc(105)] TlsClient: Continuing handshake
[45360:55956:0527/141310.669:VERBOSE1:tls_client_handshaker.cc(528)] Client: handshake finished
[45360:55956:0527/141310.719:VERBOSE1:tls_handshaker.cc(105)] TlsClient: Continuing handshake
[45360:55956:0527/141310.720:VERBOSE1:tls_handshaker.cc(126)] TlsClient: SSL_do_handshake returned when entering early data. After retry, rv=-1, SSL_in_early_data=1
[45360:55956:0527/141310.784:VERBOSE1:tls_handshaker.cc(105)] TlsClient: Continuing handshake
[45360:55956:0527/141310.785:VERBOSE1:tls_handshaker.cc(105)] TlsClient: Continuing handshake
[45360:55956:0527/141310.785:VERBOSE1:tls_client_handshaker.cc(528)] Client: handshake finished
[44940:7264:0527/141315.552:VERBOSE1:device_event_log_impl.cc(198)] [14:13:15.553] Display: EVENT: screen_win.cc:893 Displays updated, count: 2
[44940:7264:0527/141315.552:VERBOSE1:device_event_log_impl.cc(198)] [14:13:15.553] Display: EVENT: screen_win.cc:895 Display[2848582967] bounds=[0,0 1440x900], workarea=[0,0 1440x852], scale=2, rotation=0, panel_rotation=0 external detected
[44940:7264:0527/141315.552:VERBOSE1:device_event_log_impl.cc(198)] [14:13:15.553] Display: EVENT: screen_win.cc:895 Display[1487107518] bounds=[-283,-1440 3440x1440], workarea=[-283,-1440 3440x1392], scale=1, rotation=0, panel_rotation=0 external detected
[44940:49352:0527/141317.467:VERBOSE1:media_stream_manager.cc(1533)] MSPL::OnSpeedLimitChange({this=0000395400166D40}, {new_limit=26})
[44940:49352:0527/141318.466:VERBOSE1:media_stream_manager.cc(1533)] MSPL::OnSpeedLimitChange({this=0000395400166D40}, {new_limit=24})
[44940:49352:0527/141319.467:VERBOSE1:media_stream_manager.cc(1533)] MSPL::OnSpeedLimitChange({this=0000395400166D40}, {new_limit=22})
[44940:49352:0527/141320.468:VERBOSE1:media_stream_manager.cc(1533)] MSPL::OnSpeedLimitChange({this=0000395400166D40}, {new_limit=21})
[44940:49352:0527/141322.467:VERBOSE1:media_stream_manager.cc(1533)] MSPL::OnSpeedLimitChange({this=0000395400166D40}, {new_limit=20})
[44940:49352:0527/141323.467:VERBOSE1:media_stream_manager.cc(1533)] MSPL::OnSpeedLimitChange({this=0000395400166D40}, {new_limit=19})
[44940:49352:0527/141324.467:VERBOSE1:media_stream_manager.cc(1533)] MSPL::OnSpeedLimitChange({this=0000395400166D40}, {new_limit=18})
[44940:49352:0527/141325.470:VERBOSE1:media_stream_manager.cc(1533)] MSPL::OnSpeedLimitChange({this=0000395400166D40}, {new_limit=17})
[44940:49352:0527/141328.471:VERBOSE1:media_stream_manager.cc(1533)] MSPL::OnSpeedLimitChange({this=0000395400166D40}, {new_limit=18})
[44940:49352:0527/141330.477:VERBOSE1:media_stream_manager.cc(1533)] MSPL::OnSpeedLimitChange({this=0000395400166D40}, {new_limit=19})
[44940:49352:0527/141331.477:VERBOSE1:media_stream_manager.cc(1533)] MSPL::OnSpeedLimitChange({this=0000395400166D40}, {new_limit=20})
[44940:49352:0527/141332.478:VERBOSE1:media_stream_manager.cc(1533)] MSPL::OnSpeedLimitChange({this=0000395400166D40}, {new_limit=21})
[44940:49352:0527/141333.478:VERBOSE1:media_stream_manager.cc(1533)] MSPL::OnSpeedLimitChange({this=0000395400166D40}, {new_limit=22})
[44940:49352:0527/141334.478:VERBOSE1:media_stream_manager.cc(1533)] MSPL::OnSpeedLimitChange({this=0000395400166D40}, {new_limit=23})
[44940:49352:0527/141336.477:VERBOSE1:media_stream_manager.cc(1533)] MSPL::OnSpeedLimitChange({this=0000395400166D40}, {new_limit=24})
[44940:49352:0527/141337.477:VERBOSE1:media_stream_manager.cc(1533)] MSPL::OnSpeedLimitChange({this=0000395400166D40}, {new_limit=25})
[44940:49352:0527/141338.479:VERBOSE1:media_stream_manager.cc(1533)] MSPL::OnSpeedLimitChange({this=0000395400166D40}, {new_limit=26})
[44940:49352:0527/141339.478:VERBOSE1:media_stream_manager.cc(1533)] MSPL::OnSpeedLimitChange({this=0000395400166D40}, {new_limit=27})
[44940:49352:0527/141344.481:VERBOSE1:media_stream_manager.cc(1533)] MSPL::OnSpeedLimitChange({this=0000395400166D40}, {new_limit=26})
[44940:49352:0527/141346.480:VERBOSE1:media_stream_manager.cc(1533)] MSPL::OnSpeedLimitChange({this=0000395400166D40}, {new_limit=25})
[44940:49352:0527/141349.480:VERBOSE1:media_stream_manager.cc(1533)] MSPL::OnSpeedLimitChange({this=0000395400166D40}, {new_limit=26})
[44940:49352:0527/141355.816:VERBOSE1:media_stream_manager.cc(1533)] MSPL::OnSpeedLimitChange({this=0000395400166D40}, {new_limit=27})
[44940:49352:0527/141400.814:VERBOSE1:media_stream_manager.cc(1533)] MSPL::OnSpeedLimitChange({this=0000395400166D40}, {new_limit=28})
[44940:49352:0527/141407.817:VERBOSE1:media_stream_manager.cc(1533)] MSPL::OnSpeedLimitChange({this=0000395400166D40}, {new_limit=27})
[44940:49352:0527/141417.818:VERBOSE1:media_stream_manager.cc(1533)] MSPL::OnSpeedLimitChange({this=0000395400166D40}, {new_limit=28})
[44940:49352:0527/141424.820:VERBOSE1:media_stream_manager.cc(1533)] MSPL::OnSpeedLimitChange({this=0000395400166D40}, {new_limit=26})
[44940:49352:0527/141425.820:VERBOSE1:media_stream_manager.cc(1533)] MSPL::OnSpeedLimitChange({this=0000395400166D40}, {new_limit=24})
[44940:49352:0527/141431.821:VERBOSE1:media_stream_manager.cc(1533)] MSPL::OnSpeedLimitChange({this=0000395400166D40}, {new_limit=23})
[44940:49352:0527/141434.821:VERBOSE1:media_stream_manager.cc(1533)] MSPL::OnSpeedLimitChange({this=0000395400166D40}, {new_limit=25})
[44940:49352:0527/141435.822:VERBOSE1:media_stream_manager.cc(1533)] MSPL::OnSpeedLimitChange({this=0000395400166D40}, {new_limit=27})
[44940:49352:0527/141456.823:VERBOSE1:media_stream_manager.cc(1533)] MSPL::OnSpeedLimitChange({this=0000395400166D40}, {new_limit=26})
[44940:49352:0527/141500.825:VERBOSE1:media_stream_manager.cc(1533)] MSPL::OnSpeedLimitChange({this=0000395400166D40}, {new_limit=27})
[44940:49352:0527/141515.825:VERBOSE1:media_stream_manager.cc(1533)] MSPL::OnSpeedLimitChange({this=0000395400166D40}, {new_limit=28})
[44940:49352:0527/141523.830:VERBOSE1:media_stream_manager.cc(1533)] MSPL::OnSpeedLimitChange({this=0000395400166D40}, {new_limit=27})
[44940:49352:0527/141533.828:VERBOSE1:media_stream_manager.cc(1533)] MSPL::OnSpeedLimitChange({this=0000395400166D40}, {new_limit=28})
[44940:49352:0527/141547.832:VERBOSE1:media_stream_manager.cc(1533)] MSPL::OnSpeedLimitChange({this=0000395400166D40}, {new_limit=27})
[44940:49352:0527/141600.834:VERBOSE1:media_stream_manager.cc(1533)] MSPL::OnSpeedLimitChange({this=0000395400166D40}, {new_limit=28})
[44940:49352:0527/141603.837:VERBOSE1:media_stream_manager.cc(1533)] MSPL::OnSpeedLimitChange({this=0000395400166D40}, {new_limit=27})
[44940:49352:0527/141605.836:VERBOSE1:media_stream_manager.cc(1533)] MSPL::OnSpeedLimitChange({this=0000395400166D40}, {new_limit=25})
[44940:49352:0527/141606.836:VERBOSE1:media_stream_manager.cc(1533)] MSPL::OnSpeedLimitChange({this=0000395400166D40}, {new_limit=24})
[44940:49352:0527/141607.837:VERBOSE1:media_stream_manager.cc(1533)] MSPL::OnSpeedLimitChange({this=0000395400166D40}, {new_limit=23})
[44940:7264:0527/141609.905:VERBOSE1:device_event_log_impl.cc(198)] [14:16:09.905] Display: EVENT: screen_win.cc:893 Displays updated, count: 2
[44940:7264:0527/141609.906:VERBOSE1:device_event_log_impl.cc(198)] [14:16:09.905] Display: EVENT: screen_win.cc:895 Display[2848582967] bounds=[0,0 1440x900], workarea=[0,0 1440x852], scale=2, rotation=0, panel_rotation=0 external detected
[44940:7264:0527/141609.906:VERBOSE1:device_event_log_impl.cc(198)] [14:16:09.905] Display: EVENT: screen_win.cc:895 Display[1487107518] bounds=[-283,-1440 3440x1440], workarea=[-283,-1440 3440x1392], scale=1, rotation=0, panel_rotation=0 external detected
[45360:55956:0527/141610.175:VERBOSE1:network_delegate.cc(36)] NetworkDelegate::NotifyBeforeURLRequest: https://optimizationguide-pa.googleapis.com/v1:GetModels?key=dummytoken
[45360:55956:0527/141610.176:VERBOSE1:network_delegate.cc(36)] NetworkDelegate::NotifyBeforeURLRequest: https://dns.google/dns-query?dns=AAABAAABAAAAAAABFG9wdGltaXphdGlvbmd1aWRlLXBhCmdvb2dsZWFwaXMDY29tAAABAAEAACkQAAAAAAAAQAAMADwAAAAAAAAAAAAAAAAAAAAAAAAAAAAAAAAAAAAAAAAAAAAAAAAAAAAAAAAAAAAAAAAAAAAAAAAAAAAAAAA
[45360:55956:0527/141610.177:VERBOSE1:network_delegate.cc(36)] NetworkDelegate::NotifyBeforeURLRequest: https://dns.google/dns-query?dns=AAABAAABAAAAAAABFG9wdGltaXphdGlvbmd1aWRlLXBhCmdvb2dsZWFwaXMDY29tAABBAAEAACkQAAAAAAAAQAAMADwAAAAAAAAAAAAAAAAAAAAAAAAAAAAAAAAAAAAAAAAAAAAAAAAAAAAAAAAAAAAAAAAAAAAAAAAAAAAAAAA
[45360:55956:0527/141610.190:VERBOSE1:tls_handshaker.cc(105)] TlsClient: Continuing handshake
[45360:55956:0527/141610.191:VERBOSE1:tls_handshaker.cc(126)] TlsClient: SSL_do_handshake returned when entering early data. After retry, rv=-1, SSL_in_early_data=1
[45360:55956:0527/141610.258:VERBOSE1:tls_handshaker.cc(105)] TlsClient: Continuing handshake
[45360:55956:0527/141610.258:VERBOSE1:tls_handshaker.cc(105)] TlsClient: Continuing handshake
[45360:55956:0527/141610.259:VERBOSE1:tls_client_handshaker.cc(528)] Client: handshake finished
[45360:55956:0527/141610.306:VERBOSE1:tls_handshaker.cc(105)] TlsClient: Continuing handshake
[45360:55956:0527/141610.307:VERBOSE1:tls_handshaker.cc(126)] TlsClient: SSL_do_handshake returned when entering early data. After retry, rv=-1, SSL_in_early_data=1
[45360:55956:0527/141610.374:VERBOSE1:tls_handshaker.cc(105)] TlsClient: Continuing handshake
[45360:55956:0527/141610.374:VERBOSE1:tls_handshaker.cc(105)] TlsClient: Continuing handshake
[45360:55956:0527/141610.374:VERBOSE1:tls_client_handshaker.cc(528)] Client: handshake finished
[44940:49352:0527/141610.907:VERBOSE1:media_stream_manager.cc(1533)] MSPL::OnSpeedLimitChange({this=0000395400166D40}, {new_limit=22})
[44940:49352:0527/141611.566:VERBOSE1:media_stream_manager.cc(1533)] MSPL::OnSpeedLimitChange({this=0000395400166D40}, {new_limit=21})
[44940:49352:0527/141612.583:VERBOSE1:media_stream_manager.cc(1533)] MSPL::OnSpeedLimitChange({this=0000395400166D40}, {new_limit=19})
[44940:49352:0527/141616.581:VERBOSE1:media_stream_manager.cc(1533)] MSPL::OnSpeedLimitChange({this=0000395400166D40}, {new_limit=20})
[44940:49352:0527/141617.584:VERBOSE1:media_stream_manager.cc(1533)] MSPL::OnSpeedLimitChange({this=0000395400166D40}, {new_limit=19})
[44940:49352:0527/141619.584:VERBOSE1:media_stream_manager.cc(1533)] MSPL::OnSpeedLimitChange({this=0000395400166D40}, {new_limit=18})
[44940:49352:0527/141626.587:VERBOSE1:media_stream_manager.cc(1533)] MSPL::OnSpeedLimitChange({this=0000395400166D40}, {new_limit=19})
[44940:49352:0527/141628.588:VERBOSE1:media_stream_manager.cc(1533)] MSPL::OnSpeedLimitChange({this=0000395400166D40}, {new_limit=18})
[44940:49352:0527/141635.587:VERBOSE1:media_stream_manager.cc(1533)] MSPL::OnSpeedLimitChange({this=0000395400166D40}, {new_limit=19})
[44940:49352:0527/141638.596:VERBOSE1:media_stream_manager.cc(1533)] MSPL::OnSpeedLimitChange({this=0000395400166D40}, {new_limit=20})
[44940:49352:0527/141650.698:VERBOSE1:media_stream_manager.cc(1533)] MSPL::OnSpeedLimitChange({this=0000395400166D40}, {new_limit=19})
[44940:49352:0527/141700.611:VERBOSE1:media_stream_manager.cc(1533)] MSPL::OnSpeedLimitChange({this=0000395400166D40}, {new_limit=20})
[44940:49352:0527/141702.614:VERBOSE1:media_stream_manager.cc(1533)] MSPL::OnSpeedLimitChange({this=0000395400166D40}, {new_limit=19})
[44940:49352:0527/141709.605:VERBOSE1:media_stream_manager.cc(1533)] MSPL::OnSpeedLimitChange({this=0000395400166D40}, {new_limit=18})
[44940:49352:0527/141710.621:VERBOSE1:media_stream_manager.cc(1533)] MSPL::OnSpeedLimitChange({this=0000395400166D40}, {new_limit=19})
[44940:49352:0527/141711.619:VERBOSE1:media_stream_manager.cc(1533)] MSPL::OnSpeedLimitChange({this=0000395400166D40}, {new_limit=20})
[44940:49352:0527/141712.620:VERBOSE1:media_stream_manager.cc(1533)] MSPL::OnSpeedLimitChange({this=0000395400166D40}, {new_limit=21})
[44940:49352:0527/141713.621:VERBOSE1:media_stream_manager.cc(1533)] MSPL::OnSpeedLimitChange({this=0000395400166D40}, {new_limit=22})
[44940:49352:0527/141714.621:VERBOSE1:media_stream_manager.cc(1533)] MSPL::OnSpeedLimitChange({this=0000395400166D40}, {new_limit=23})
[44940:49352:0527/141715.622:VERBOSE1:media_stream_manager.cc(1533)] MSPL::OnSpeedLimitChange({this=0000395400166D40}, {new_limit=24})
[44940:49352:0527/141717.620:VERBOSE1:media_stream_manager.cc(1533)] MSPL::OnSpeedLimitChange({this=0000395400166D40}, {new_limit=25})
[44940:49352:0527/141718.622:VERBOSE1:media_stream_manager.cc(1533)] MSPL::OnSpeedLimitChange({this=0000395400166D40}, {new_limit=26})
[44940:49352:0527/141719.622:VERBOSE1:media_stream_manager.cc(1533)] MSPL::OnSpeedLimitChange({this=0000395400166D40}, {new_limit=27})
[44940:49352:0527/141728.624:VERBOSE1:media_stream_manager.cc(1533)] MSPL::OnSpeedLimitChange({this=0000395400166D40}, {new_limit=28})
[44940:49352:0527/141729.625:VERBOSE1:media_stream_manager.cc(1533)] MSPL::OnSpeedLimitChange({this=0000395400166D40}, {new_limit=26})
[44940:49352:0527/141730.636:VERBOSE1:media_stream_manager.cc(1533)] MSPL::OnSpeedLimitChange({this=0000395400166D40}, {new_limit=24})
[44940:49352:0527/141735.624:VERBOSE1:media_stream_manager.cc(1533)] MSPL::OnSpeedLimitChange({this=0000395400166D40}, {new_limit=23})
[44940:49352:0527/141739.625:VERBOSE1:media_stream_manager.cc(1533)] MSPL::OnSpeedLimitChange({this=0000395400166D40}, {new_limit=25})
[44940:49352:0527/141740.624:VERBOSE1:media_stream_manager.cc(1533)] MSPL::OnSpeedLimitChange({this=0000395400166D40}, {new_limit=27})
[44940:7264:0527/141743.494:VERBOSE1:device_event_log_impl.cc(198)] [14:17:43.494] Display: EVENT: screen_win.cc:893 Displays updated, count: 2
[44940:7264:0527/141743.494:VERBOSE1:device_event_log_impl.cc(198)] [14:17:43.494] Display: EVENT: screen_win.cc:895 Display[2848582967] bounds=[0,0 1440x900], workarea=[0,0 1440x852], scale=2, rotation=0, panel_rotation=0 external detected
[44940:7264:0527/141743.494:VERBOSE1:device_event_log_impl.cc(198)] [14:17:43.494] Display: EVENT: screen_win.cc:895 Display[1487107518] bounds=[-283,-1440 3440x1440], workarea=[-283,-1440 3440x1392], scale=1, rotation=0, panel_rotation=0 external detected
[44940:49352:0527/141743.635:VERBOSE1:media_stream_manager.cc(1533)] MSPL::OnSpeedLimitChange({this=0000395400166D40}, {new_limit=26})
[44940:49352:0527/141746.629:VERBOSE1:media_stream_manager.cc(1533)] MSPL::OnSpeedLimitChange({this=0000395400166D40}, {new_limit=24})
[44940:49352:0527/141747.630:VERBOSE1:media_stream_manager.cc(1533)] MSPL::OnSpeedLimitChange({this=0000395400166D40}, {new_limit=22})
[44940:49352:0527/141748.630:VERBOSE1:media_stream_manager.cc(1533)] MSPL::OnSpeedLimitChange({this=0000395400166D40}, {new_limit=21})
[44940:49352:0527/141749.631:VERBOSE1:media_stream_manager.cc(1533)] MSPL::OnSpeedLimitChange({this=0000395400166D40}, {new_limit=20})
[44940:49352:0527/141750.655:VERBOSE1:media_stream_manager.cc(1533)] MSPL::OnSpeedLimitChange({this=0000395400166D40}, {new_limit=18})
[44940:49352:0527/141752.645:VERBOSE1:media_stream_manager.cc(1533)] MSPL::OnSpeedLimitChange({this=0000395400166D40}, {new_limit=17})
[44940:49352:0527/141753.644:VERBOSE1:media_stream_manager.cc(1533)] MSPL::OnSpeedLimitChange({this=0000395400166D40}, {new_limit=16})
[44940:49352:0527/141756.646:VERBOSE1:media_stream_manager.cc(1533)] MSPL::OnSpeedLimitChange({this=0000395400166D40}, {new_limit=17})
[44940:49352:0527/141757.649:VERBOSE1:media_stream_manager.cc(1533)] MSPL::OnSpeedLimitChange({this=0000395400166D40}, {new_limit=18})
[44940:49352:0527/141759.777:VERBOSE1:media_stream_manager.cc(1533)] MSPL::OnSpeedLimitChange({this=0000395400166D40}, {new_limit=19})
[44940:49352:0527/141802.642:VERBOSE1:media_stream_manager.cc(1533)] MSPL::OnSpeedLimitChange({this=0000395400166D40}, {new_limit=20})
[44940:49352:0527/141807.643:VERBOSE1:media_stream_manager.cc(1533)] MSPL::OnSpeedLimitChange({this=0000395400166D40}, {new_limit=19})
[44940:49352:0527/141809.656:VERBOSE1:media_stream_manager.cc(1533)] MSPL::OnSpeedLimitChange({this=0000395400166D40}, {new_limit=18})
[44940:49352:0527/141810.657:VERBOSE1:media_stream_manager.cc(1533)] MSPL::OnSpeedLimitChange({this=0000395400166D40}, {new_limit=17})
[44940:49352:0527/141817.664:VERBOSE1:media_stream_manager.cc(1533)] MSPL::OnSpeedLimitChange({this=0000395400166D40}, {new_limit=18})
[44940:49352:0527/141819.664:VERBOSE1:media_stream_manager.cc(1533)] MSPL::OnSpeedLimitChange({this=0000395400166D40}, {new_limit=19})
[44940:49352:0527/141820.672:VERBOSE1:media_stream_manager.cc(1533)] MSPL::OnSpeedLimitChange({this=0000395400166D40}, {new_limit=20})
[44940:49352:0527/141830.658:VERBOSE1:media_stream_manager.cc(1533)] MSPL::OnSpeedLimitChange({this=0000395400166D40}, {new_limit=21})
[44940:49352:0527/141838.673:VERBOSE1:media_stream_manager.cc(1533)] MSPL::OnSpeedLimitChange({this=0000395400166D40}, {new_limit=20})
[44940:49352:0527/141841.665:VERBOSE1:media_stream_manager.cc(1533)] MSPL::OnSpeedLimitChange({this=0000395400166D40}, {new_limit=19})
[44940:49352:0527/141844.775:VERBOSE1:media_stream_manager.cc(1533)] MSPL::OnSpeedLimitChange({this=0000395400166D40}, {new_limit=20})
[44940:49352:0527/141846.667:VERBOSE1:media_stream_manager.cc(1533)] MSPL::OnSpeedLimitChange({this=0000395400166D40}, {new_limit=18})
[44940:49352:0527/141850.683:VERBOSE1:media_stream_manager.cc(1533)] MSPL::OnSpeedLimitChange({this=0000395400166D40}, {new_limit=17})
[44940:49352:0527/141851.682:VERBOSE1:media_stream_manager.cc(1533)] MSPL::OnSpeedLimitChange({this=0000395400166D40}, {new_limit=18})
[44940:49352:0527/141856.674:VERBOSE1:media_stream_manager.cc(1533)] MSPL::OnSpeedLimitChange({this=0000395400166D40}, {new_limit=19})
[44940:49352:0527/141900.687:VERBOSE1:media_stream_manager.cc(1533)] MSPL::OnSpeedLimitChange({this=0000395400166D40}, {new_limit=20})
[45360:55956:0527/141907.992:VERBOSE1:network_delegate.cc(36)] NetworkDelegate::NotifyBeforeURLRequest: https://optimizationguide-pa.googleapis.com/v1:GetModels?key=dummytoken
[45360:55956:0527/141907.993:VERBOSE1:network_delegate.cc(36)] NetworkDelegate::NotifyBeforeURLRequest: https://dns.google/dns-query?dns=AAABAAABAAAAAAABFG9wdGltaXphdGlvbmd1aWRlLXBhCmdvb2dsZWFwaXMDY29tAAABAAEAACkQAAAAAAAAQAAMADwAAAAAAAAAAAAAAAAAAAAAAAAAAAAAAAAAAAAAAAAAAAAAAAAAAAAAAAAAAAAAAAAAAAAAAAAAAAAAAAA
[45360:55956:0527/141907.994:VERBOSE1:network_delegate.cc(36)] NetworkDelegate::NotifyBeforeURLRequest: https://dns.google/dns-query?dns=AAABAAABAAAAAAABFG9wdGltaXphdGlvbmd1aWRlLXBhCmdvb2dsZWFwaXMDY29tAABBAAEAACkQAAAAAAAAQAAMADwAAAAAAAAAAAAAAAAAAAAAAAAAAAAAAAAAAAAAAAAAAAAAAAAAAAAAAAAAAAAAAAAAAAAAAAAAAAAAAAA
[45360:55956:0527/141907.994:VERBOSE1:tls_handshaker.cc(105)] TlsClient: Continuing handshake
[45360:55956:0527/141907.995:VERBOSE1:tls_handshaker.cc(126)] TlsClient: SSL_do_handshake returned when entering early data. After retry, rv=-1, SSL_in_early_data=1
[45360:55956:0527/141908.062:VERBOSE1:tls_handshaker.cc(105)] TlsClient: Continuing handshake
[45360:55956:0527/141908.062:VERBOSE1:tls_handshaker.cc(105)] TlsClient: Continuing handshake
[45360:55956:0527/141908.062:VERBOSE1:tls_client_handshaker.cc(528)] Client: handshake finished
[45360:55956:0527/141908.110:VERBOSE1:tls_handshaker.cc(105)] TlsClient: Continuing handshake
[45360:55956:0527/141908.110:VERBOSE1:tls_handshaker.cc(126)] TlsClient: SSL_do_handshake returned when entering early data. After retry, rv=-1, SSL_in_early_data=1
[45360:55956:0527/141908.169:VERBOSE1:tls_handshaker.cc(105)] TlsClient: Continuing handshake
[45360:55956:0527/141908.169:VERBOSE1:tls_handshaker.cc(105)] TlsClient: Continuing handshake
[45360:55956:0527/141908.169:VERBOSE1:tls_client_handshaker.cc(528)] Client: handshake finished
[44940:49352:0527/141917.688:VERBOSE1:media_stream_manager.cc(1533)] MSPL::OnSpeedLimitChange({this=0000395400166D40}, {new_limit=19})
[44940:49352:0527/141918.685:VERBOSE1:media_stream_manager.cc(1533)] MSPL::OnSpeedLimitChange({this=0000395400166D40}, {new_limit=20})
[44940:49352:0527/141934.704:VERBOSE1:media_stream_manager.cc(1533)] MSPL::OnSpeedLimitChange({this=0000395400166D40}, {new_limit=19})
[44940:49352:0527/141935.704:VERBOSE1:media_stream_manager.cc(1533)] MSPL::OnSpeedLimitChange({this=0000395400166D40}, {new_limit=20})
[44940:49352:0527/141938.705:VERBOSE1:media_stream_manager.cc(1533)] MSPL::OnSpeedLimitChange({this=0000395400166D40}, {new_limit=19})
[44940:49352:0527/141942.701:VERBOSE1:media_stream_manager.cc(1533)] MSPL::OnSpeedLimitChange({this=0000395400166D40}, {new_limit=20})
[44940:49352:0527/141943.701:VERBOSE1:media_stream_manager.cc(1533)] MSPL::OnSpeedLimitChange({this=0000395400166D40}, {new_limit=19})
[44940:49352:0527/141944.700:VERBOSE1:media_stream_manager.cc(1533)] MSPL::OnSpeedLimitChange({this=0000395400166D40}, {new_limit=20})
[44940:49352:0527/141949.707:VERBOSE1:media_stream_manager.cc(1533)] MSPL::OnSpeedLimitChange({this=0000395400166D40}, {new_limit=19})
[44940:49352:0527/141950.704:VERBOSE1:media_stream_manager.cc(1533)] MSPL::OnSpeedLimitChange({this=0000395400166D40}, {new_limit=18})
[44940:49352:0527/141954.707:VERBOSE1:media_stream_manager.cc(1533)] MSPL::OnSpeedLimitChange({this=0000395400166D40}, {new_limit=17})
[44940:49352:0527/141956.038:VERBOSE1:media_stream_manager.cc(1533)] MSPL::OnSpeedLimitChange({this=0000395400166D40}, {new_limit=18})
[44940:49352:0527/141957.038:VERBOSE1:media_stream_manager.cc(1533)] MSPL::OnSpeedLimitChange({this=0000395400166D40}, {new_limit=19})
[44940:49352:0527/141959.039:VERBOSE1:media_stream_manager.cc(1533)] MSPL::OnSpeedLimitChange({this=0000395400166D40}, {new_limit=20})
[44940:49352:0527/142000.038:VERBOSE1:media_stream_manager.cc(1533)] MSPL::OnSpeedLimitChange({this=0000395400166D40}, {new_limit=22})
[44940:49352:0527/142001.038:VERBOSE1:media_stream_manager.cc(1533)] MSPL::OnSpeedLimitChange({this=0000395400166D40}, {new_limit=24})
[44940:49352:0527/142002.037:VERBOSE1:media_stream_manager.cc(1533)] MSPL::OnSpeedLimitChange({this=0000395400166D40}, {new_limit=25})
[44940:49352:0527/142003.038:VERBOSE1:media_stream_manager.cc(1533)] MSPL::OnSpeedLimitChange({this=0000395400166D40}, {new_limit=26})
[44940:49352:0527/142005.038:VERBOSE1:media_stream_manager.cc(1533)] MSPL::OnSpeedLimitChange({this=0000395400166D40}, {new_limit=27})
[44940:49352:0527/142008.038:VERBOSE1:media_stream_manager.cc(1533)] MSPL::OnSpeedLimitChange({this=0000395400166D40}, {new_limit=28})
[44940:7264:0527/142026.308:VERBOSE1:device_event_log_impl.cc(198)] [14:20:26.308] Display: EVENT: screen_win.cc:893 Displays updated, count: 2
[44940:7264:0527/142026.309:VERBOSE1:device_event_log_impl.cc(198)] [14:20:26.308] Display: EVENT: screen_win.cc:895 Display[2848582967] bounds=[0,0 1440x900], workarea=[0,0 1440x852], scale=2, rotation=0, panel_rotation=0 external detected
[44940:7264:0527/142026.309:VERBOSE1:device_event_log_impl.cc(198)] [14:20:26.308] Display: EVENT: screen_win.cc:895 Display[1487107518] bounds=[-283,-1440 3440x1440], workarea=[-283,-1440 3440x1392], scale=1, rotation=0, panel_rotation=0 external detected
[44940:49352:0527/142026.746:VERBOSE1:media_stream_manager.cc(1533)] MSPL::OnSpeedLimitChange({this=0000395400166D40}, {new_limit=27})
[44940:49352:0527/142028.745:VERBOSE1:media_stream_manager.cc(1533)] MSPL::OnSpeedLimitChange({this=0000395400166D40}, {new_limit=26})
[44940:49352:0527/142030.747:VERBOSE1:media_stream_manager.cc(1533)] MSPL::OnSpeedLimitChange({this=0000395400166D40}, {new_limit=25})
[44940:49352:0527/142032.946:VERBOSE1:media_stream_manager.cc(1533)] MSPL::OnSpeedLimitChange({this=0000395400166D40}, {new_limit=24})
[44940:49352:0527/142037.946:VERBOSE1:media_stream_manager.cc(1533)] MSPL::OnSpeedLimitChange({this=0000395400166D40}, {new_limit=25})
[44940:49352:0527/142039.945:VERBOSE1:media_stream_manager.cc(1533)] MSPL::OnSpeedLimitChange({this=0000395400166D40}, {new_limit=26})
[44940:49352:0527/142041.948:VERBOSE1:media_stream_manager.cc(1533)] MSPL::OnSpeedLimitChange({this=0000395400166D40}, {new_limit=27})
[44940:49352:0527/142046.947:VERBOSE1:media_stream_manager.cc(1533)] MSPL::OnSpeedLimitChange({this=0000395400166D40}, {new_limit=26})
[44940:49352:0527/142050.949:VERBOSE1:media_stream_manager.cc(1533)] MSPL::OnSpeedLimitChange({this=0000395400166D40}, {new_limit=25})
[44940:49352:0527/142052.948:VERBOSE1:media_stream_manager.cc(1533)] MSPL::OnSpeedLimitChange({this=0000395400166D40}, {new_limit=26})
[44940:49352:0527/142057.949:VERBOSE1:media_stream_manager.cc(1533)] MSPL::OnSpeedLimitChange({this=0000395400166D40}, {new_limit=27})
[44940:49352:0527/142106.950:VERBOSE1:media_stream_manager.cc(1533)] MSPL::OnSpeedLimitChange({this=0000395400166D40}, {new_limit=25})
[44940:49352:0527/142108.950:VERBOSE1:media_stream_manager.cc(1533)] MSPL::OnSpeedLimitChange({this=0000395400166D40}, {new_limit=24})
[44940:49352:0527/142116.951:VERBOSE1:media_stream_manager.cc(1533)] MSPL::OnSpeedLimitChange({this=0000395400166D40}, {new_limit=26})
[44940:49352:0527/142118.950:VERBOSE1:media_stream_manager.cc(1533)] MSPL::OnSpeedLimitChange({this=0000395400166D40}, {new_limit=27})
[44940:49352:0527/142126.952:VERBOSE1:media_stream_manager.cc(1533)] MSPL::OnSpeedLimitChange({this=0000395400166D40}, {new_limit=26})
[44940:49352:0527/142131.953:VERBOSE1:media_stream_manager.cc(1533)] MSPL::OnSpeedLimitChange({this=0000395400166D40}, {new_limit=25})
[44940:49352:0527/142136.954:VERBOSE1:media_stream_manager.cc(1533)] MSPL::OnSpeedLimitChange({this=0000395400166D40}, {new_limit=27})
[44940:49352:0527/142141.956:VERBOSE1:media_stream_manager.cc(1533)] MSPL::OnSpeedLimitChange({this=0000395400166D40}, {new_limit=28})
[44940:49352:0527/142146.957:VERBOSE1:media_stream_manager.cc(1533)] MSPL::OnSpeedLimitChange({this=0000395400166D40}, {new_limit=27})
[44940:49352:0527/142156.959:VERBOSE1:media_stream_manager.cc(1533)] MSPL::OnSpeedLimitChange({this=0000395400166D40}, {new_limit=28})
[45360:55956:0527/142207.961:VERBOSE1:network_delegate.cc(36)] NetworkDelegate::NotifyBeforeURLRequest: https://optimizationguide-pa.googleapis.com/v1:GetModels?key=dummytoken
[45360:55956:0527/142207.962:VERBOSE1:network_delegate.cc(36)] NetworkDelegate::NotifyBeforeURLRequest: https://dns.google/dns-query?dns=AAABAAABAAAAAAABFG9wdGltaXphdGlvbmd1aWRlLXBhCmdvb2dsZWFwaXMDY29tAAABAAEAACkQAAAAAAAAQAAMADwAAAAAAAAAAAAAAAAAAAAAAAAAAAAAAAAAAAAAAAAAAAAAAAAAAAAAAAAAAAAAAAAAAAAAAAAAAAAAAAA
[45360:55956:0527/142207.963:VERBOSE1:network_delegate.cc(36)] NetworkDelegate::NotifyBeforeURLRequest: https://dns.google/dns-query?dns=AAABAAABAAAAAAABFG9wdGltaXphdGlvbmd1aWRlLXBhCmdvb2dsZWFwaXMDY29tAABBAAEAACkQAAAAAAAAQAAMADwAAAAAAAAAAAAAAAAAAAAAAAAAAAAAAAAAAAAAAAAAAAAAAAAAAAAAAAAAAAAAAAAAAAAAAAAAAAAAAAA
[45360:55956:0527/142207.973:VERBOSE1:tls_handshaker.cc(105)] TlsClient: Continuing handshake
[45360:55956:0527/142207.973:VERBOSE1:tls_handshaker.cc(126)] TlsClient: SSL_do_handshake returned when entering early data. After retry, rv=-1, SSL_in_early_data=1
[45360:55956:0527/142208.040:VERBOSE1:tls_handshaker.cc(105)] TlsClient: Continuing handshake
[45360:55956:0527/142208.040:VERBOSE1:tls_handshaker.cc(105)] TlsClient: Continuing handshake
[45360:55956:0527/142208.040:VERBOSE1:tls_client_handshaker.cc(528)] Client: handshake finished
[45360:55956:0527/142208.089:VERBOSE1:tls_handshaker.cc(105)] TlsClient: Continuing handshake
[45360:55956:0527/142208.090:VERBOSE1:tls_handshaker.cc(126)] TlsClient: SSL_do_handshake returned when entering early data. After retry, rv=-1, SSL_in_early_data=1
[45360:55956:0527/142208.159:VERBOSE1:tls_handshaker.cc(105)] TlsClient: Continuing handshake
[45360:55956:0527/142208.159:VERBOSE1:tls_handshaker.cc(105)] TlsClient: Continuing handshake
[45360:55956:0527/142208.159:VERBOSE1:tls_client_handshaker.cc(528)] Client: handshake finished
[44940:49352:0527/142215.961:VERBOSE1:media_stream_manager.cc(1533)] MSPL::OnSpeedLimitChange({this=0000395400166D40}, {new_limit=27})
[44940:49352:0527/142231.962:VERBOSE1:media_stream_manager.cc(1533)] MSPL::OnSpeedLimitChange({this=0000395400166D40}, {new_limit=28})
[44940:49352:0527/142234.963:VERBOSE1:media_stream_manager.cc(1533)] MSPL::OnSpeedLimitChange({this=0000395400166D40}, {new_limit=27})
[44940:49352:0527/142238.964:VERBOSE1:media_stream_manager.cc(1533)] MSPL::OnSpeedLimitChange({this=0000395400166D40}, {new_limit=26})
[44940:49352:0527/142239.964:VERBOSE1:media_stream_manager.cc(1533)] MSPL::OnSpeedLimitChange({this=0000395400166D40}, {new_limit=25})
[44940:49352:0527/142245.966:VERBOSE1:media_stream_manager.cc(1533)] MSPL::OnSpeedLimitChange({this=0000395400166D40}, {new_limit=24})
[44940:49352:0527/142248.967:VERBOSE1:media_stream_manager.cc(1533)] MSPL::OnSpeedLimitChange({this=0000395400166D40}, {new_limit=25})
[44940:49352:0527/142249.967:VERBOSE1:media_stream_manager.cc(1533)] MSPL::OnSpeedLimitChange({this=0000395400166D40}, {new_limit=26})
[44940:49352:0527/142251.966:VERBOSE1:media_stream_manager.cc(1533)] MSPL::OnSpeedLimitChange({this=0000395400166D40}, {new_limit=25})
[44940:49352:0527/142255.967:VERBOSE1:media_stream_manager.cc(1533)] MSPL::OnSpeedLimitChange({this=0000395400166D40}, {new_limit=27})
[44940:49352:0527/142301.967:VERBOSE1:media_stream_manager.cc(1533)] MSPL::OnSpeedLimitChange({this=0000395400166D40}, {new_limit=28})
[44940:49352:0527/142303.967:VERBOSE1:media_stream_manager.cc(1533)] MSPL::OnSpeedLimitChange({this=0000395400166D40}, {new_limit=27})
[44940:49352:0527/142337.976:VERBOSE1:media_stream_manager.cc(1533)] MSPL::OnSpeedLimitChange({this=0000395400166D40}, {new_limit=28})
[44940:49352:0527/142345.019:VERBOSE1:media_stream_manager.cc(1533)] MSPL::OnSpeedLimitChange({this=0000395400166D40}, {new_limit=27})
[44940:49352:0527/142345.979:VERBOSE1:media_stream_manager.cc(1533)] MSPL::OnSpeedLimitChange({this=0000395400166D40}, {new_limit=26})
[44940:49352:0527/142355.941:VERBOSE1:media_stream_manager.cc(1533)] MSPL::OnSpeedLimitChange({this=0000395400166D40}, {new_limit=27})
[44940:49352:0527/142357.941:VERBOSE1:media_stream_manager.cc(1533)] MSPL::OnSpeedLimitChange({this=0000395400166D40}, {new_limit=28})
[44940:49352:0527/142404.944:VERBOSE1:media_stream_manager.cc(1533)] MSPL::OnSpeedLimitChange({this=0000395400166D40}, {new_limit=27})
[44940:49352:0527/142423.947:VERBOSE1:media_stream_manager.cc(1533)] MSPL::OnSpeedLimitChange({this=0000395400166D40}, {new_limit=28})
[44940:49352:0527/142444.952:VERBOSE1:media_stream_manager.cc(1533)] MSPL::OnSpeedLimitChange({this=0000395400166D40}, {new_limit=27})
[45360:55956:0527/142455.952:VERBOSE1:network_delegate.cc(36)] NetworkDelegate::NotifyBeforeURLRequest: https://optimizationguide-pa.googleapis.com/v1:GetModels?key=dummytoken
[45360:55956:0527/142455.953:VERBOSE1:network_delegate.cc(36)] NetworkDelegate::NotifyBeforeURLRequest: https://dns.google/dns-query?dns=AAABAAABAAAAAAABFG9wdGltaXphdGlvbmd1aWRlLXBhCmdvb2dsZWFwaXMDY29tAAABAAEAACkQAAAAAAAAQAAMADwAAAAAAAAAAAAAAAAAAAAAAAAAAAAAAAAAAAAAAAAAAAAAAAAAAAAAAAAAAAAAAAAAAAAAAAAAAAAAAAA
[45360:55956:0527/142455.954:VERBOSE1:network_delegate.cc(36)] NetworkDelegate::NotifyBeforeURLRequest: https://dns.google/dns-query?dns=AAABAAABAAAAAAABFG9wdGltaXphdGlvbmd1aWRlLXBhCmdvb2dsZWFwaXMDY29tAABBAAEAACkQAAAAAAAAQAAMADwAAAAAAAAAAAAAAAAAAAAAAAAAAAAAAAAAAAAAAAAAAAAAAAAAAAAAAAAAAAAAAAAAAAAAAAAAAAAAAAA
[45360:55956:0527/142455.963:VERBOSE1:tls_handshaker.cc(105)] TlsClient: Continuing handshake
[45360:55956:0527/142455.963:VERBOSE1:tls_handshaker.cc(126)] TlsClient: SSL_do_handshake returned when entering early data. After retry, rv=-1, SSL_in_early_data=1
[45360:55956:0527/142456.037:VERBOSE1:tls_handshaker.cc(105)] TlsClient: Continuing handshake
[45360:55956:0527/142456.037:VERBOSE1:tls_handshaker.cc(105)] TlsClient: Continuing handshake
[45360:55956:0527/142456.037:VERBOSE1:tls_client_handshaker.cc(528)] Client: handshake finished
[45360:55956:0527/142456.092:VERBOSE1:tls_handshaker.cc(105)] TlsClient: Continuing handshake
[45360:55956:0527/142456.092:VERBOSE1:tls_handshaker.cc(126)] TlsClient: SSL_do_handshake returned when entering early data. After retry, rv=-1, SSL_in_early_data=1
[45360:55956:0527/142456.166:VERBOSE1:tls_handshaker.cc(105)] TlsClient: Continuing handshake
[45360:55956:0527/142456.166:VERBOSE1:tls_handshaker.cc(105)] TlsClient: Continuing handshake
[45360:55956:0527/142456.166:VERBOSE1:tls_client_handshaker.cc(528)] Client: handshake finished
[44940:49352:0527/142502.953:VERBOSE1:media_stream_manager.cc(1533)] MSPL::OnSpeedLimitChange({this=0000395400166D40}, {new_limit=28})
[44940:49352:0527/142504.953:VERBOSE1:media_stream_manager.cc(1533)] MSPL::OnSpeedLimitChange({this=0000395400166D40}, {new_limit=26})
[44940:49352:0527/142505.954:VERBOSE1:media_stream_manager.cc(1533)] MSPL::OnSpeedLimitChange({this=0000395400166D40}, {new_limit=25})
[44940:49352:0527/142507.954:VERBOSE1:media_stream_manager.cc(1533)] MSPL::OnSpeedLimitChange({this=0000395400166D40}, {new_limit=24})
[44940:49352:0527/142514.954:VERBOSE1:media_stream_manager.cc(1533)] MSPL::OnSpeedLimitChange({this=0000395400166D40}, {new_limit=25})
[44940:49352:0527/142515.954:VERBOSE1:media_stream_manager.cc(1533)] MSPL::OnSpeedLimitChange({this=0000395400166D40}, {new_limit=26})
[44940:49352:0527/142517.954:VERBOSE1:media_stream_manager.cc(1533)] MSPL::OnSpeedLimitChange({this=0000395400166D40}, {new_limit=27})
[44940:49352:0527/142519.957:VERBOSE1:media_stream_manager.cc(1533)] MSPL::OnSpeedLimitChange({this=0000395400166D40}, {new_limit=28})
[44940:49352:0527/142549.961:VERBOSE1:media_stream_manager.cc(1533)] MSPL::OnSpeedLimitChange({this=0000395400166D40}, {new_limit=27})
[44940:49352:0527/142559.963:VERBOSE1:media_stream_manager.cc(1533)] MSPL::OnSpeedLimitChange({this=0000395400166D40}, {new_limit=28})
[44940:49352:0527/142609.964:VERBOSE1:media_stream_manager.cc(1533)] MSPL::OnSpeedLimitChange({this=0000395400166D40}, {new_limit=27})
[44940:49352:0527/142627.301:VERBOSE1:media_stream_manager.cc(1533)] MSPL::OnSpeedLimitChange({this=0000395400166D40}, {new_limit=28})
[44940:49352:0527/142642.303:VERBOSE1:media_stream_manager.cc(1533)] MSPL::OnSpeedLimitChange({this=0000395400166D40}, {new_limit=27})
[44940:49352:0527/142652.303:VERBOSE1:media_stream_manager.cc(1533)] MSPL::OnSpeedLimitChange({this=0000395400166D40}, {new_limit=28})
[44940:49352:0527/142707.306:VERBOSE1:media_stream_manager.cc(1533)] MSPL::OnSpeedLimitChange({this=0000395400166D40}, {new_limit=27})
[44940:49352:0527/142717.308:VERBOSE1:media_stream_manager.cc(1533)] MSPL::OnSpeedLimitChange({this=0000395400166D40}, {new_limit=28})
[44940:49352:0527/142746.310:VERBOSE1:media_stream_manager.cc(1533)] MSPL::OnSpeedLimitChange({this=0000395400166D40}, {new_limit=27})
[44940:49352:0527/142748.310:VERBOSE1:media_stream_manager.cc(1533)] MSPL::OnSpeedLimitChange({this=0000395400166D40}, {new_limit=26})
[45360:55956:0527/142748.644:VERBOSE1:network_delegate.cc(36)] NetworkDelegate::NotifyBeforeURLRequest: https://optimizationguide-pa.googleapis.com/v1:GetModels?key=dummytoken
[45360:55956:0527/142748.645:VERBOSE1:network_delegate.cc(36)] NetworkDelegate::NotifyBeforeURLRequest: https://dns.google/dns-query?dns=AAABAAABAAAAAAABFG9wdGltaXphdGlvbmd1aWRlLXBhCmdvb2dsZWFwaXMDY29tAAABAAEAACkQAAAAAAAAQAAMADwAAAAAAAAAAAAAAAAAAAAAAAAAAAAAAAAAAAAAAAAAAAAAAAAAAAAAAAAAAAAAAAAAAAAAAAAAAAAAAAA
[45360:55956:0527/142748.646:VERBOSE1:network_delegate.cc(36)] NetworkDelegate::NotifyBeforeURLRequest: https://dns.google/dns-query?dns=AAABAAABAAAAAAABFG9wdGltaXphdGlvbmd1aWRlLXBhCmdvb2dsZWFwaXMDY29tAABBAAEAACkQAAAAAAAAQAAMADwAAAAAAAAAAAAAAAAAAAAAAAAAAAAAAAAAAAAAAAAAAAAAAAAAAAAAAAAAAAAAAAAAAAAAAAAAAAAAAAA
[45360:55956:0527/142748.656:VERBOSE1:tls_handshaker.cc(105)] TlsClient: Continuing handshake
[45360:55956:0527/142748.656:VERBOSE1:tls_handshaker.cc(126)] TlsClient: SSL_do_handshake returned when entering early data. After retry, rv=-1, SSL_in_early_data=1
[45360:55956:0527/142748.747:VERBOSE1:tls_handshaker.cc(105)] TlsClient: Continuing handshake
[45360:55956:0527/142748.747:VERBOSE1:tls_handshaker.cc(105)] TlsClient: Continuing handshake
[45360:55956:0527/142748.747:VERBOSE1:tls_client_handshaker.cc(528)] Client: handshake finished
[45360:55956:0527/142748.818:VERBOSE1:tls_handshaker.cc(105)] TlsClient: Continuing handshake
[45360:55956:0527/142748.819:VERBOSE1:tls_handshaker.cc(126)] TlsClient: SSL_do_handshake returned when entering early data. After retry, rv=-1, SSL_in_early_data=1
[45360:55956:0527/142748.882:VERBOSE1:tls_handshaker.cc(105)] TlsClient: Continuing handshake
[45360:55956:0527/142748.882:VERBOSE1:tls_handshaker.cc(105)] TlsClient: Continuing handshake
[45360:55956:0527/142748.882:VERBOSE1:tls_client_handshaker.cc(528)] Client: handshake finished
[44940:49352:0527/142749.311:VERBOSE1:media_stream_manager.cc(1533)] MSPL::OnSpeedLimitChange({this=0000395400166D40}, {new_limit=25})
[44940:49352:0527/142751.311:VERBOSE1:media_stream_manager.cc(1533)] MSPL::OnSpeedLimitChange({this=0000395400166D40}, {new_limit=23})
[44940:49352:0527/142756.312:VERBOSE1:media_stream_manager.cc(1533)] MSPL::OnSpeedLimitChange({this=0000395400166D40}, {new_limit=24})
[44940:49352:0527/142758.312:VERBOSE1:media_stream_manager.cc(1533)] MSPL::OnSpeedLimitChange({this=0000395400166D40}, {new_limit=25})
[44940:49352:0527/142759.312:VERBOSE1:media_stream_manager.cc(1533)] MSPL::OnSpeedLimitChange({this=0000395400166D40}, {new_limit=26})
[44940:49352:0527/142800.314:VERBOSE1:media_stream_manager.cc(1533)] MSPL::OnSpeedLimitChange({this=0000395400166D40}, {new_limit=25})
[44940:49352:0527/142801.317:VERBOSE1:media_stream_manager.cc(1533)] MSPL::OnSpeedLimitChange({this=0000395400166D40}, {new_limit=27})
[44940:49352:0527/142814.319:VERBOSE1:media_stream_manager.cc(1533)] MSPL::OnSpeedLimitChange({this=0000395400166D40}, {new_limit=28})
[44940:7264:0527/142820.743:VERBOSE1:device_event_log_impl.cc(198)] [14:28:20.743] Display: EVENT: screen_win.cc:893 Displays updated, count: 2
[44940:7264:0527/142820.743:VERBOSE1:device_event_log_impl.cc(198)] [14:28:20.743] Display: EVENT: screen_win.cc:895 Display[2848582967] bounds=[0,0 1440x900], workarea=[0,0 1440x852], scale=2, rotation=0, panel_rotation=0 external detected
[44940:7264:0527/142820.743:VERBOSE1:device_event_log_impl.cc(198)] [14:28:20.743] Display: EVENT: screen_win.cc:895 Display[1487107518] bounds=[-283,-1440 3440x1440], workarea=[-283,-1440 3440x1392], scale=1, rotation=0, panel_rotation=0 external detected
[44940:49352:0527/142821.053:VERBOSE1:media_stream_manager.cc(1533)] MSPL::OnSpeedLimitChange({this=0000395400166D40}, {new_limit=27})
[44940:49352:0527/142823.052:VERBOSE1:media_stream_manager.cc(1533)] MSPL::OnSpeedLimitChange({this=0000395400166D40}, {new_limit=26})
[44940:49352:0527/142825.051:VERBOSE1:media_stream_manager.cc(1533)] MSPL::OnSpeedLimitChange({this=0000395400166D40}, {new_limit=25})
[44940:49352:0527/142827.052:VERBOSE1:media_stream_manager.cc(1533)] MSPL::OnSpeedLimitChange({this=0000395400166D40}, {new_limit=24})
[44940:49352:0527/142829.053:VERBOSE1:media_stream_manager.cc(1533)] MSPL::OnSpeedLimitChange({this=0000395400166D40}, {new_limit=23})
[44940:49352:0527/142831.057:VERBOSE1:media_stream_manager.cc(1533)] MSPL::OnSpeedLimitChange({this=0000395400166D40}, {new_limit=22})
[44940:49352:0527/142835.053:VERBOSE1:media_stream_manager.cc(1533)] MSPL::OnSpeedLimitChange({this=0000395400166D40}, {new_limit=23})
[44940:49352:0527/142838.051:VERBOSE1:media_stream_manager.cc(1533)] MSPL::OnSpeedLimitChange({this=0000395400166D40}, {new_limit=22})
[44940:49352:0527/142843.066:VERBOSE1:media_stream_manager.cc(1533)] MSPL::OnSpeedLimitChange({this=0000395400166D40}, {new_limit=23})
[44940:49352:0527/142845.055:VERBOSE1:media_stream_manager.cc(1533)] MSPL::OnSpeedLimitChange({this=0000395400166D40}, {new_limit=22})
[44940:49352:0527/142848.057:VERBOSE1:media_stream_manager.cc(1533)] MSPL::OnSpeedLimitChange({this=0000395400166D40}, {new_limit=23})
[44940:49352:0527/142855.075:VERBOSE1:media_stream_manager.cc(1533)] MSPL::OnSpeedLimitChange({this=0000395400166D40}, {new_limit=24})
[44940:49352:0527/142903.077:VERBOSE1:media_stream_manager.cc(1533)] MSPL::OnSpeedLimitChange({this=0000395400166D40}, {new_limit=23})
[44940:49352:0527/142909.081:VERBOSE1:media_stream_manager.cc(1533)] MSPL::OnSpeedLimitChange({this=0000395400166D40}, {new_limit=22})
[44940:49352:0527/142912.088:VERBOSE1:media_stream_manager.cc(1533)] MSPL::OnSpeedLimitChange({this=0000395400166D40}, {new_limit=23})
[44940:49352:0527/143041.124:VERBOSE1:media_stream_manager.cc(1533)] MSPL::OnSpeedLimitChange({this=0000395400166D40}, {new_limit=22})
[44940:49352:0527/143043.127:VERBOSE1:media_stream_manager.cc(1533)] MSPL::OnSpeedLimitChange({this=0000395400166D40}, {new_limit=23})
[45360:55956:0527/143043.729:VERBOSE1:network_delegate.cc(36)] NetworkDelegate::NotifyBeforeURLRequest: https://optimizationguide-pa.googleapis.com/v1:GetModels?key=dummytoken
[45360:55956:0527/143043.731:VERBOSE1:network_delegate.cc(36)] NetworkDelegate::NotifyBeforeURLRequest: https://dns.google/dns-query?dns=AAABAAABAAAAAAABFG9wdGltaXphdGlvbmd1aWRlLXBhCmdvb2dsZWFwaXMDY29tAAABAAEAACkQAAAAAAAAQAAMADwAAAAAAAAAAAAAAAAAAAAAAAAAAAAAAAAAAAAAAAAAAAAAAAAAAAAAAAAAAAAAAAAAAAAAAAAAAAAAAAA
[45360:55956:0527/143043.732:VERBOSE1:network_delegate.cc(36)] NetworkDelegate::NotifyBeforeURLRequest: https://dns.google/dns-query?dns=AAABAAABAAAAAAABFG9wdGltaXphdGlvbmd1aWRlLXBhCmdvb2dsZWFwaXMDY29tAABBAAEAACkQAAAAAAAAQAAMADwAAAAAAAAAAAAAAAAAAAAAAAAAAAAAAAAAAAAAAAAAAAAAAAAAAAAAAAAAAAAAAAAAAAAAAAAAAAAAAAA
[45360:55956:0527/143043.740:VERBOSE1:tls_handshaker.cc(105)] TlsClient: Continuing handshake
[45360:55956:0527/143043.741:VERBOSE1:tls_handshaker.cc(126)] TlsClient: SSL_do_handshake returned when entering early data. After retry, rv=-1, SSL_in_early_data=1
[45360:55956:0527/143043.826:VERBOSE1:tls_handshaker.cc(105)] TlsClient: Continuing handshake
[45360:55956:0527/143043.826:VERBOSE1:tls_handshaker.cc(105)] TlsClient: Continuing handshake
[45360:55956:0527/143043.826:VERBOSE1:tls_client_handshaker.cc(528)] Client: handshake finished
[45360:55956:0527/143043.897:VERBOSE1:tls_handshaker.cc(105)] TlsClient: Continuing handshake
[45360:55956:0527/143043.898:VERBOSE1:tls_handshaker.cc(126)] TlsClient: SSL_do_handshake returned when entering early data. After retry, rv=-1, SSL_in_early_data=1
[45360:55956:0527/143043.955:VERBOSE1:tls_handshaker.cc(105)] TlsClient: Continuing handshake
[45360:55956:0527/143043.955:VERBOSE1:tls_handshaker.cc(105)] TlsClient: Continuing handshake
[45360:55956:0527/143043.955:VERBOSE1:tls_client_handshaker.cc(528)] Client: handshake finished
[44940:49352:0527/143056.144:VERBOSE1:media_stream_manager.cc(1533)] MSPL::OnSpeedLimitChange({this=0000395400166D40}, {new_limit=22})
[44940:49352:0527/143101.148:VERBOSE1:media_stream_manager.cc(1533)] MSPL::OnSpeedLimitChange({this=0000395400166D40}, {new_limit=21})
[44940:49352:0527/143103.396:VERBOSE1:media_stream_manager.cc(1533)] MSPL::OnSpeedLimitChange({this=0000395400166D40}, {new_limit=22})
[44940:7264:0527/143104.269:VERBOSE1:device_event_log_impl.cc(198)] [14:31:04.269] Display: EVENT: screen_win.cc:893 Displays updated, count: 2
[44940:7264:0527/143104.269:VERBOSE1:device_event_log_impl.cc(198)] [14:31:04.269] Display: EVENT: screen_win.cc:895 Display[2848582967] bounds=[0,0 1440x900], workarea=[0,0 1440x852], scale=2, rotation=0, panel_rotation=0 external detected
[44940:7264:0527/143104.269:VERBOSE1:device_event_log_impl.cc(198)] [14:31:04.269] Display: EVENT: screen_win.cc:895 Display[1487107518] bounds=[-283,-1440 3440x1440], workarea=[-283,-1440 3440x1392], scale=1, rotation=0, panel_rotation=0 external detected
[44940:49352:0527/143105.146:VERBOSE1:media_stream_manager.cc(1533)] MSPL::OnSpeedLimitChange({this=0000395400166D40}, {new_limit=21})
[44940:49352:0527/143106.264:VERBOSE1:media_stream_manager.cc(1533)] MSPL::OnSpeedLimitChange({this=0000395400166D40}, {new_limit=20})
[44940:49352:0527/143110.264:VERBOSE1:media_stream_manager.cc(1533)] MSPL::OnSpeedLimitChange({this=0000395400166D40}, {new_limit=21})
[44940:49352:0527/143111.265:VERBOSE1:media_stream_manager.cc(1533)] MSPL::OnSpeedLimitChange({this=0000395400166D40}, {new_limit=22})
[44940:49352:0527/143112.264:VERBOSE1:media_stream_manager.cc(1533)] MSPL::OnSpeedLimitChange({this=0000395400166D40}, {new_limit=23})
[44940:49352:0527/143115.265:VERBOSE1:media_stream_manager.cc(1533)] MSPL::OnSpeedLimitChange({this=0000395400166D40}, {new_limit=25})
[44940:49352:0527/143116.265:VERBOSE1:media_stream_manager.cc(1533)] MSPL::OnSpeedLimitChange({this=0000395400166D40}, {new_limit=26})
[44940:49352:0527/143117.266:VERBOSE1:media_stream_manager.cc(1533)] MSPL::OnSpeedLimitChange({this=0000395400166D40}, {new_limit=27})
[44940:49352:0527/143120.266:VERBOSE1:media_stream_manager.cc(1533)] MSPL::OnSpeedLimitChange({this=0000395400166D40}, {new_limit=28})
[44940:49352:0527/143121.266:VERBOSE1:media_stream_manager.cc(1533)] MSPL::OnSpeedLimitChange({this=0000395400166D40}, {new_limit=27})
[44940:49352:0527/143124.266:VERBOSE1:media_stream_manager.cc(1533)] MSPL::OnSpeedLimitChange({this=0000395400166D40}, {new_limit=26})
[44940:49352:0527/143128.267:VERBOSE1:media_stream_manager.cc(1533)] MSPL::OnSpeedLimitChange({this=0000395400166D40}, {new_limit=25})
[44940:49352:0527/143131.267:VERBOSE1:media_stream_manager.cc(1533)] MSPL::OnSpeedLimitChange({this=0000395400166D40}, {new_limit=26})
[44940:49352:0527/143134.268:VERBOSE1:media_stream_manager.cc(1533)] MSPL::OnSpeedLimitChange({this=0000395400166D40}, {new_limit=27})
[44940:49352:0527/143141.270:VERBOSE1:media_stream_manager.cc(1533)] MSPL::OnSpeedLimitChange({this=0000395400166D40}, {new_limit=25})
[44940:49352:0527/143151.275:VERBOSE1:media_stream_manager.cc(1533)] MSPL::OnSpeedLimitChange({this=0000395400166D40}, {new_limit=27})
[44940:49352:0527/143200.274:VERBOSE1:media_stream_manager.cc(1533)] MSPL::OnSpeedLimitChange({this=0000395400166D40}, {new_limit=28})
[44940:49352:0527/143205.275:VERBOSE1:media_stream_manager.cc(1533)] MSPL::OnSpeedLimitChange({this=0000395400166D40}, {new_limit=27})
[44940:49352:0527/143215.277:VERBOSE1:media_stream_manager.cc(1533)] MSPL::OnSpeedLimitChange({this=0000395400166D40}, {new_limit=28})
[44940:7264:0527/143229.203:VERBOSE1:device_event_log_impl.cc(198)] [14:32:29.203] Display: EVENT: screen_win.cc:893 Displays updated, count: 2
[44940:7264:0527/143229.203:VERBOSE1:device_event_log_impl.cc(198)] [14:32:29.203] Display: EVENT: screen_win.cc:895 Display[2848582967] bounds=[0,0 1440x900], workarea=[0,0 1440x852], scale=2, rotation=0, panel_rotation=0 external detected
[44940:7264:0527/143229.203:VERBOSE1:device_event_log_impl.cc(198)] [14:32:29.203] Display: EVENT: screen_win.cc:895 Display[1487107518] bounds=[-283,-1440 3440x1440], workarea=[-283,-1440 3440x1392], scale=1, rotation=0, panel_rotation=0 external detected
[44940:49352:0527/143230.202:VERBOSE1:media_stream_manager.cc(1533)] MSPL::OnSpeedLimitChange({this=0000395400166D40}, {new_limit=27})
[44940:49352:0527/143232.202:VERBOSE1:media_stream_manager.cc(1533)] MSPL::OnSpeedLimitChange({this=0000395400166D40}, {new_limit=26})
[44940:49352:0527/143234.202:VERBOSE1:media_stream_manager.cc(1533)] MSPL::OnSpeedLimitChange({this=0000395400166D40}, {new_limit=25})
[44940:49352:0527/143236.202:VERBOSE1:media_stream_manager.cc(1533)] MSPL::OnSpeedLimitChange({this=0000395400166D40}, {new_limit=24})
[44940:49352:0527/143238.215:VERBOSE1:media_stream_manager.cc(1533)] MSPL::OnSpeedLimitChange({this=0000395400166D40}, {new_limit=23})
[44940:49352:0527/143250.222:VERBOSE1:media_stream_manager.cc(1533)] MSPL::OnSpeedLimitChange({this=0000395400166D40}, {new_limit=22})
[44940:49352:0527/143300.233:VERBOSE1:media_stream_manager.cc(1533)] MSPL::OnSpeedLimitChange({this=0000395400166D40}, {new_limit=23})
[44940:49352:0527/143304.232:VERBOSE1:media_stream_manager.cc(1533)] MSPL::OnSpeedLimitChange({this=0000395400166D40}, {new_limit=22})
[44940:49352:0527/143309.236:VERBOSE1:media_stream_manager.cc(1533)] MSPL::OnSpeedLimitChange({this=0000395400166D40}, {new_limit=21})
[44940:49352:0527/143310.234:VERBOSE1:media_stream_manager.cc(1533)] MSPL::OnSpeedLimitChange({this=0000395400166D40}, {new_limit=20})
[44940:49352:0527/143318.236:VERBOSE1:media_stream_manager.cc(1533)] MSPL::OnSpeedLimitChange({this=0000395400166D40}, {new_limit=21})
[44940:49352:0527/143319.246:VERBOSE1:media_stream_manager.cc(1533)] MSPL::OnSpeedLimitChange({this=0000395400166D40}, {new_limit=22})
[44940:49352:0527/143325.480:VERBOSE1:media_stream_manager.cc(1533)] MSPL::OnSpeedLimitChange({this=0000395400166D40}, {new_limit=23})
[44940:49352:0527/143326.482:VERBOSE1:media_stream_manager.cc(1533)] MSPL::OnSpeedLimitChange({this=0000395400166D40}, {new_limit=24})
[44940:49352:0527/143328.481:VERBOSE1:media_stream_manager.cc(1533)] MSPL::OnSpeedLimitChange({this=0000395400166D40}, {new_limit=25})
[44940:49352:0527/143330.481:VERBOSE1:media_stream_manager.cc(1533)] MSPL::OnSpeedLimitChange({this=0000395400166D40}, {new_limit=26})
[44940:49352:0527/143331.482:VERBOSE1:media_stream_manager.cc(1533)] MSPL::OnSpeedLimitChange({this=0000395400166D40}, {new_limit=25})
[44940:49352:0527/143333.481:VERBOSE1:media_stream_manager.cc(1533)] MSPL::OnSpeedLimitChange({this=0000395400166D40}, {new_limit=26})
[45360:55956:0527/143341.151:VERBOSE1:network_delegate.cc(36)] NetworkDelegate::NotifyBeforeURLRequest: https://optimizationguide-pa.googleapis.com/v1:GetModels?key=dummytoken
[45360:55956:0527/143341.151:VERBOSE1:network_delegate.cc(36)] NetworkDelegate::NotifyBeforeURLRequest: https://dns.google/dns-query?dns=AAABAAABAAAAAAABFG9wdGltaXphdGlvbmd1aWRlLXBhCmdvb2dsZWFwaXMDY29tAAABAAEAACkQAAAAAAAAQAAMADwAAAAAAAAAAAAAAAAAAAAAAAAAAAAAAAAAAAAAAAAAAAAAAAAAAAAAAAAAAAAAAAAAAAAAAAAAAAAAAAA
[45360:55956:0527/143341.152:VERBOSE1:network_delegate.cc(36)] NetworkDelegate::NotifyBeforeURLRequest: https://dns.google/dns-query?dns=AAABAAABAAAAAAABFG9wdGltaXphdGlvbmd1aWRlLXBhCmdvb2dsZWFwaXMDY29tAABBAAEAACkQAAAAAAAAQAAMADwAAAAAAAAAAAAAAAAAAAAAAAAAAAAAAAAAAAAAAAAAAAAAAAAAAAAAAAAAAAAAAAAAAAAAAAAAAAAAAAA
[45360:55956:0527/143341.160:VERBOSE1:tls_handshaker.cc(105)] TlsClient: Continuing handshake
[45360:55956:0527/143341.223:VERBOSE1:tls_handshaker.cc(105)] TlsClient: Continuing handshake
[44940:49352:0527/143341.483:VERBOSE1:media_stream_manager.cc(1533)] MSPL::OnSpeedLimitChange({this=0000395400166D40}, {new_limit=27})
[45360:55956:0527/143341.816:VERBOSE1:tls_handshaker.cc(105)] TlsClient: Continuing handshake
[45360:55956:0527/143341.816:VERBOSE1:tls_handshaker.cc(126)] TlsClient: SSL_do_handshake returned when entering early data. After retry, rv=-1, SSL_in_early_data=1
[45360:55956:0527/143341.817:VERBOSE1:tls_handshaker.cc(105)] TlsClient: Continuing handshake
[45360:55956:0527/143341.817:VERBOSE1:tls_client_handshaker.cc(528)] Client: handshake finished
[45360:55956:0527/143341.865:VERBOSE1:tls_handshaker.cc(105)] TlsClient: Continuing handshake
[45360:55956:0527/143341.953:VERBOSE1:tls_handshaker.cc(105)] TlsClient: Continuing handshake
[45360:55956:0527/143342.483:VERBOSE1:tls_handshaker.cc(105)] TlsClient: Continuing handshake
[45360:55956:0527/143342.484:VERBOSE1:tls_handshaker.cc(126)] TlsClient: SSL_do_handshake returned when entering early data. After retry, rv=-1, SSL_in_early_data=1
[45360:55956:0527/143342.484:VERBOSE1:tls_handshaker.cc(105)] TlsClient: Continuing handshake
[45360:55956:0527/143342.484:VERBOSE1:tls_client_handshaker.cc(528)] Client: handshake finished
[44940:49352:0527/143350.486:VERBOSE1:media_stream_manager.cc(1533)] MSPL::OnSpeedLimitChange({this=0000395400166D40}, {new_limit=26})
[44940:7264:0527/143351.251:VERBOSE1:device_event_log_impl.cc(198)] [14:33:51.251] Display: EVENT: screen_win.cc:893 Displays updated, count: 2
[44940:7264:0527/143351.251:VERBOSE1:device_event_log_impl.cc(198)] [14:33:51.251] Display: EVENT: screen_win.cc:895 Display[2848582967] bounds=[0,0 1440x900], workarea=[0,0 1440x852], scale=2, rotation=0, panel_rotation=0 external detected
[44940:7264:0527/143351.251:VERBOSE1:device_event_log_impl.cc(198)] [14:33:51.251] Display: EVENT: screen_win.cc:895 Display[1487107518] bounds=[-283,-1440 3440x1440], workarea=[-283,-1440 3440x1392], scale=1, rotation=0, panel_rotation=0 external detected
[44940:49352:0527/143354.261:VERBOSE1:media_stream_manager.cc(1533)] MSPL::OnSpeedLimitChange({this=0000395400166D40}, {new_limit=25})
[44940:49352:0527/143356.263:VERBOSE1:media_stream_manager.cc(1533)] MSPL::OnSpeedLimitChange({this=0000395400166D40}, {new_limit=24})
[44940:49352:0527/143358.264:VERBOSE1:media_stream_manager.cc(1533)] MSPL::OnSpeedLimitChange({this=0000395400166D40}, {new_limit=23})
[44940:49352:0527/143412.277:VERBOSE1:media_stream_manager.cc(1533)] MSPL::OnSpeedLimitChange({this=0000395400166D40}, {new_limit=22})
[44940:49352:0527/143420.286:VERBOSE1:media_stream_manager.cc(1533)] MSPL::OnSpeedLimitChange({this=0000395400166D40}, {new_limit=23})
[44940:49352:0527/143422.280:VERBOSE1:media_stream_manager.cc(1533)] MSPL::OnSpeedLimitChange({this=0000395400166D40}, {new_limit=22})
[44940:49352:0527/143424.306:VERBOSE1:media_stream_manager.cc(1533)] MSPL::OnSpeedLimitChange({this=0000395400166D40}, {new_limit=23})
[44940:49352:0527/143434.285:VERBOSE1:media_stream_manager.cc(1533)] MSPL::OnSpeedLimitChange({this=0000395400166D40}, {new_limit=22})
[44940:49352:0527/143435.285:VERBOSE1:media_stream_manager.cc(1533)] MSPL::OnSpeedLimitChange({this=0000395400166D40}, {new_limit=23})
[44940:49352:0527/143450.301:VERBOSE1:media_stream_manager.cc(1533)] MSPL::OnSpeedLimitChange({this=0000395400166D40}, {new_limit=22})
[44940:49352:0527/143505.315:VERBOSE1:media_stream_manager.cc(1533)] MSPL::OnSpeedLimitChange({this=0000395400166D40}, {new_limit=23})
[44940:49352:0527/143515.333:VERBOSE1:media_stream_manager.cc(1533)] MSPL::OnSpeedLimitChange({this=0000395400166D40}, {new_limit=22})
[44940:49352:0527/143516.332:VERBOSE1:media_stream_manager.cc(1533)] MSPL::OnSpeedLimitChange({this=0000395400166D40}, {new_limit=23})
[44940:49352:0527/143517.333:VERBOSE1:media_stream_manager.cc(1533)] MSPL::OnSpeedLimitChange({this=0000395400166D40}, {new_limit=22})
[44940:49352:0527/143518.332:VERBOSE1:media_stream_manager.cc(1533)] MSPL::OnSpeedLimitChange({this=0000395400166D40}, {new_limit=23})
[44940:49352:0527/143519.334:VERBOSE1:media_stream_manager.cc(1533)] MSPL::OnSpeedLimitChange({this=0000395400166D40}, {new_limit=24})
[44940:49352:0527/143521.334:VERBOSE1:media_stream_manager.cc(1533)] MSPL::OnSpeedLimitChange({this=0000395400166D40}, {new_limit=25})
[44940:49352:0527/143523.334:VERBOSE1:media_stream_manager.cc(1533)] MSPL::OnSpeedLimitChange({this=0000395400166D40}, {new_limit=26})
[44940:49352:0527/143525.335:VERBOSE1:media_stream_manager.cc(1533)] MSPL::OnSpeedLimitChange({this=0000395400166D40}, {new_limit=27})
[44940:49352:0527/143527.336:VERBOSE1:media_stream_manager.cc(1533)] MSPL::OnSpeedLimitChange({this=0000395400166D40}, {new_limit=28})
[44940:7264:0527/143534.049:VERBOSE1:device_event_log_impl.cc(198)] [14:35:34.049] Display: EVENT: screen_win.cc:893 Displays updated, count: 2
[44940:7264:0527/143534.049:VERBOSE1:device_event_log_impl.cc(198)] [14:35:34.049] Display: EVENT: screen_win.cc:895 Display[2848582967] bounds=[0,0 1440x900], workarea=[0,0 1440x852], scale=2, rotation=0, panel_rotation=0 external detected
[44940:7264:0527/143534.049:VERBOSE1:device_event_log_impl.cc(198)] [14:35:34.049] Display: EVENT: screen_win.cc:895 Display[1487107518] bounds=[-283,-1440 3440x1440], workarea=[-283,-1440 3440x1392], scale=1, rotation=0, panel_rotation=0 external detected
[44940:49352:0527/143534.341:VERBOSE1:media_stream_manager.cc(1533)] MSPL::OnSpeedLimitChange({this=0000395400166D40}, {new_limit=27})
[44940:49352:0527/143535.339:VERBOSE1:media_stream_manager.cc(1533)] MSPL::OnSpeedLimitChange({this=0000395400166D40}, {new_limit=26})
[44940:49352:0527/143537.344:VERBOSE1:media_stream_manager.cc(1533)] MSPL::OnSpeedLimitChange({this=0000395400166D40}, {new_limit=25})
[44940:49352:0527/143539.343:VERBOSE1:media_stream_manager.cc(1533)] MSPL::OnSpeedLimitChange({this=0000395400166D40}, {new_limit=24})
[44940:49352:0527/143542.341:VERBOSE1:media_stream_manager.cc(1533)] MSPL::OnSpeedLimitChange({this=0000395400166D40}, {new_limit=23})
[44940:49352:0527/143550.354:VERBOSE1:media_stream_manager.cc(1533)] MSPL::OnSpeedLimitChange({this=0000395400166D40}, {new_limit=22})
[44940:49352:0527/143555.355:VERBOSE1:media_stream_manager.cc(1533)] MSPL::OnSpeedLimitChange({this=0000395400166D40}, {new_limit=21})
[44940:49352:0527/143557.356:VERBOSE1:media_stream_manager.cc(1533)] MSPL::OnSpeedLimitChange({this=0000395400166D40}, {new_limit=22})
[44940:49352:0527/143558.355:VERBOSE1:media_stream_manager.cc(1533)] MSPL::OnSpeedLimitChange({this=0000395400166D40}, {new_limit=21})
[44940:49352:0527/143600.354:VERBOSE1:media_stream_manager.cc(1533)] MSPL::OnSpeedLimitChange({this=0000395400166D40}, {new_limit=22})
[44940:49352:0527/143608.361:VERBOSE1:media_stream_manager.cc(1533)] MSPL::OnSpeedLimitChange({this=0000395400166D40}, {new_limit=23})
[44940:49352:0527/143609.366:VERBOSE1:media_stream_manager.cc(1533)] MSPL::OnSpeedLimitChange({this=0000395400166D40}, {new_limit=22})
[45360:55956:0527/143620.988:VERBOSE1:network_delegate.cc(36)] NetworkDelegate::NotifyBeforeURLRequest: https://optimizationguide-pa.googleapis.com/v1:GetModels?key=dummytoken
[45360:55956:0527/143620.989:VERBOSE1:network_delegate.cc(36)] NetworkDelegate::NotifyBeforeURLRequest: https://dns.google/dns-query?dns=AAABAAABAAAAAAABFG9wdGltaXphdGlvbmd1aWRlLXBhCmdvb2dsZWFwaXMDY29tAAABAAEAACkQAAAAAAAAQAAMADwAAAAAAAAAAAAAAAAAAAAAAAAAAAAAAAAAAAAAAAAAAAAAAAAAAAAAAAAAAAAAAAAAAAAAAAAAAAAAAAA
[45360:55956:0527/143620.990:VERBOSE1:network_delegate.cc(36)] NetworkDelegate::NotifyBeforeURLRequest: https://dns.google/dns-query?dns=AAABAAABAAAAAAABFG9wdGltaXphdGlvbmd1aWRlLXBhCmdvb2dsZWFwaXMDY29tAABBAAEAACkQAAAAAAAAQAAMADwAAAAAAAAAAAAAAAAAAAAAAAAAAAAAAAAAAAAAAAAAAAAAAAAAAAAAAAAAAAAAAAAAAAAAAAAAAAAAAAA
[45360:55956:0527/143620.999:VERBOSE1:tls_handshaker.cc(105)] TlsClient: Continuing handshake
[45360:55956:0527/143620.999:VERBOSE1:tls_handshaker.cc(126)] TlsClient: SSL_do_handshake returned when entering early data. After retry, rv=-1, SSL_in_early_data=1
[45360:55956:0527/143621.062:VERBOSE1:tls_handshaker.cc(105)] TlsClient: Continuing handshake
[45360:55956:0527/143621.062:VERBOSE1:tls_handshaker.cc(105)] TlsClient: Continuing handshake
[45360:55956:0527/143621.062:VERBOSE1:tls_client_handshaker.cc(528)] Client: handshake finished
[45360:55956:0527/143621.109:VERBOSE1:tls_handshaker.cc(105)] TlsClient: Continuing handshake
[45360:55956:0527/143621.110:VERBOSE1:tls_handshaker.cc(126)] TlsClient: SSL_do_handshake returned when entering early data. After retry, rv=-1, SSL_in_early_data=1
[45360:55956:0527/143621.169:VERBOSE1:tls_handshaker.cc(105)] TlsClient: Continuing handshake
[45360:55956:0527/143621.169:VERBOSE1:tls_handshaker.cc(105)] TlsClient: Continuing handshake
[45360:55956:0527/143621.169:VERBOSE1:tls_client_handshaker.cc(528)] Client: handshake finished
[44940:49352:0527/143621.371:VERBOSE1:media_stream_manager.cc(1533)] MSPL::OnSpeedLimitChange({this=0000395400166D40}, {new_limit=23})
[44940:49352:0527/143635.374:VERBOSE1:media_stream_manager.cc(1533)] MSPL::OnSpeedLimitChange({this=0000395400166D40}, {new_limit=22})
[44940:49352:0527/143637.373:VERBOSE1:media_stream_manager.cc(1533)] MSPL::OnSpeedLimitChange({this=0000395400166D40}, {new_limit=23})
[44940:49352:0527/143650.523:VERBOSE1:media_stream_manager.cc(1533)] MSPL::OnSpeedLimitChange({this=0000395400166D40}, {new_limit=21})
[44940:49352:0527/143651.385:VERBOSE1:media_stream_manager.cc(1533)] MSPL::OnSpeedLimitChange({this=0000395400166D40}, {new_limit=20})
[44940:49352:0527/143652.684:VERBOSE1:media_stream_manager.cc(1533)] MSPL::OnSpeedLimitChange({this=0000395400166D40}, {new_limit=19})
[44940:49352:0527/143700.393:VERBOSE1:media_stream_manager.cc(1533)] MSPL::OnSpeedLimitChange({this=0000395400166D40}, {new_limit=20})
[44940:49352:0527/143701.393:VERBOSE1:media_stream_manager.cc(1533)] MSPL::OnSpeedLimitChange({this=0000395400166D40}, {new_limit=21})
[44940:49352:0527/143702.392:VERBOSE1:media_stream_manager.cc(1533)] MSPL::OnSpeedLimitChange({this=0000395400166D40}, {new_limit=22})
[44940:49352:0527/143707.387:VERBOSE1:media_stream_manager.cc(1533)] MSPL::OnSpeedLimitChange({this=0000395400166D40}, {new_limit=21})
[44940:49352:0527/143717.398:VERBOSE1:media_stream_manager.cc(1533)] MSPL::OnSpeedLimitChange({this=0000395400166D40}, {new_limit=22})
[44940:49352:0527/143718.390:VERBOSE1:media_stream_manager.cc(1533)] MSPL::OnSpeedLimitChange({this=0000395400166D40}, {new_limit=23})
[44940:49352:0527/143750.423:VERBOSE1:media_stream_manager.cc(1533)] MSPL::OnSpeedLimitChange({this=0000395400166D40}, {new_limit=22})
[44940:49352:0527/143759.422:VERBOSE1:media_stream_manager.cc(1533)] MSPL::OnSpeedLimitChange({this=0000395400166D40}, {new_limit=23})
[44940:49352:0527/143815.463:VERBOSE1:media_stream_manager.cc(1533)] MSPL::OnSpeedLimitChange({this=0000395400166D40}, {new_limit=22})
[44940:49352:0527/143816.444:VERBOSE1:media_stream_manager.cc(1533)] MSPL::OnSpeedLimitChange({this=0000395400166D40}, {new_limit=23})
[44940:49352:0527/143834.452:VERBOSE1:media_stream_manager.cc(1533)] MSPL::OnSpeedLimitChange({this=0000395400166D40}, {new_limit=22})
[44940:49352:0527/143835.452:VERBOSE1:media_stream_manager.cc(1533)] MSPL::OnSpeedLimitChange({this=0000395400166D40}, {new_limit=23})
[44940:49352:0527/143839.453:VERBOSE1:media_stream_manager.cc(1533)] MSPL::OnSpeedLimitChange({this=0000395400166D40}, {new_limit=24})
[44940:49352:0527/143841.452:VERBOSE1:media_stream_manager.cc(1533)] MSPL::OnSpeedLimitChange({this=0000395400166D40}, {new_limit=25})
[44940:49352:0527/143843.454:VERBOSE1:media_stream_manager.cc(1533)] MSPL::OnSpeedLimitChange({this=0000395400166D40}, {new_limit=26})
[44940:49352:0527/143844.453:VERBOSE1:media_stream_manager.cc(1533)] MSPL::OnSpeedLimitChange({this=0000395400166D40}, {new_limit=27})
[44940:7264:0527/143846.867:VERBOSE1:device_event_log_impl.cc(198)] [14:38:46.867] Display: EVENT: screen_win.cc:893 Displays updated, count: 2
[44940:7264:0527/143846.867:VERBOSE1:device_event_log_impl.cc(198)] [14:38:46.867] Display: EVENT: screen_win.cc:895 Display[2848582967] bounds=[0,0 1440x900], workarea=[0,0 1440x852], scale=2, rotation=0, panel_rotation=0 external detected
[44940:7264:0527/143846.867:VERBOSE1:device_event_log_impl.cc(198)] [14:38:46.867] Display: EVENT: screen_win.cc:895 Display[1487107518] bounds=[-283,-1440 3440x1440], workarea=[-283,-1440 3440x1392], scale=1, rotation=0, panel_rotation=0 external detected
[44940:49352:0527/143848.454:VERBOSE1:media_stream_manager.cc(1533)] MSPL::OnSpeedLimitChange({this=0000395400166D40}, {new_limit=26})
[44940:49352:0527/143850.467:VERBOSE1:media_stream_manager.cc(1533)] MSPL::OnSpeedLimitChange({this=0000395400166D40}, {new_limit=25})
[44940:49352:0527/143852.466:VERBOSE1:media_stream_manager.cc(1533)] MSPL::OnSpeedLimitChange({this=0000395400166D40}, {new_limit=24})
[44940:49352:0527/143854.465:VERBOSE1:media_stream_manager.cc(1533)] MSPL::OnSpeedLimitChange({this=0000395400166D40}, {new_limit=23})
[44940:49352:0527/143856.465:VERBOSE1:media_stream_manager.cc(1533)] MSPL::OnSpeedLimitChange({this=0000395400166D40}, {new_limit=22})
[45360:55956:0527/143858.466:VERBOSE1:network_delegate.cc(36)] NetworkDelegate::NotifyBeforeURLRequest: https://optimizationguide-pa.googleapis.com/v1:GetModels?key=dummytoken
[45360:55956:0527/143858.466:VERBOSE1:network_delegate.cc(36)] NetworkDelegate::NotifyBeforeURLRequest: https://dns.google/dns-query?dns=AAABAAABAAAAAAABFG9wdGltaXphdGlvbmd1aWRlLXBhCmdvb2dsZWFwaXMDY29tAAABAAEAACkQAAAAAAAAQAAMADwAAAAAAAAAAAAAAAAAAAAAAAAAAAAAAAAAAAAAAAAAAAAAAAAAAAAAAAAAAAAAAAAAAAAAAAAAAAAAAAA
[45360:55956:0527/143858.466:VERBOSE1:network_delegate.cc(36)] NetworkDelegate::NotifyBeforeURLRequest: https://dns.google/dns-query?dns=AAABAAABAAAAAAABFG9wdGltaXphdGlvbmd1aWRlLXBhCmdvb2dsZWFwaXMDY29tAABBAAEAACkQAAAAAAAAQAAMADwAAAAAAAAAAAAAAAAAAAAAAAAAAAAAAAAAAAAAAAAAAAAAAAAAAAAAAAAAAAAAAAAAAAAAAAAAAAAAAAA
[45360:55956:0527/143858.467:VERBOSE1:tls_handshaker.cc(105)] TlsClient: Continuing handshake
[45360:55956:0527/143858.468:VERBOSE1:tls_handshaker.cc(126)] TlsClient: SSL_do_handshake returned when entering early data. After retry, rv=-1, SSL_in_early_data=1
[45360:55956:0527/143858.537:VERBOSE1:tls_handshaker.cc(105)] TlsClient: Continuing handshake
[45360:55956:0527/143858.537:VERBOSE1:tls_handshaker.cc(105)] TlsClient: Continuing handshake
[45360:55956:0527/143858.537:VERBOSE1:tls_client_handshaker.cc(528)] Client: handshake finished
[45360:55956:0527/143858.591:VERBOSE1:tls_handshaker.cc(105)] TlsClient: Continuing handshake
[45360:55956:0527/143858.592:VERBOSE1:tls_handshaker.cc(126)] TlsClient: SSL_do_handshake returned when entering early data. After retry, rv=-1, SSL_in_early_data=1
[45360:55956:0527/143858.656:VERBOSE1:tls_handshaker.cc(105)] TlsClient: Continuing handshake
[45360:55956:0527/143858.657:VERBOSE1:tls_handshaker.cc(105)] TlsClient: Continuing handshake
[45360:55956:0527/143858.657:VERBOSE1:tls_client_handshaker.cc(528)] Client: handshake finished
[44940:49352:0527/143920.483:VERBOSE1:media_stream_manager.cc(1533)] MSPL::OnSpeedLimitChange({this=0000395400166D40}, {new_limit=23})
[44940:49352:0527/143925.483:VERBOSE1:media_stream_manager.cc(1533)] MSPL::OnSpeedLimitChange({this=0000395400166D40}, {new_limit=24})
[44940:49352:0527/143931.483:VERBOSE1:media_stream_manager.cc(1533)] MSPL::OnSpeedLimitChange({this=0000395400166D40}, {new_limit=23})
[44940:49352:0527/143935.484:VERBOSE1:media_stream_manager.cc(1533)] MSPL::OnSpeedLimitChange({this=0000395400166D40}, {new_limit=22})
[44940:49352:0527/143938.484:VERBOSE1:media_stream_manager.cc(1533)] MSPL::OnSpeedLimitChange({this=0000395400166D40}, {new_limit=21})
[44940:49352:0527/143944.500:VERBOSE1:media_stream_manager.cc(1533)] MSPL::OnSpeedLimitChange({this=0000395400166D40}, {new_limit=22})
[44940:49352:0527/143948.501:VERBOSE1:media_stream_manager.cc(1533)] MSPL::OnSpeedLimitChange({this=0000395400166D40}, {new_limit=23})
[44940:49352:0527/143956.501:VERBOSE1:media_stream_manager.cc(1533)] MSPL::OnSpeedLimitChange({this=0000395400166D40}, {new_limit=22})
[44940:49352:0527/144000.501:VERBOSE1:media_stream_manager.cc(1533)] MSPL::OnSpeedLimitChange({this=0000395400166D40}, {new_limit=23})
[44940:49352:0527/144038.535:VERBOSE1:media_stream_manager.cc(1533)] MSPL::OnSpeedLimitChange({this=0000395400166D40}, {new_limit=24})
[44940:49352:0527/144050.535:VERBOSE1:media_stream_manager.cc(1533)] MSPL::OnSpeedLimitChange({this=0000395400166D40}, {new_limit=23})
[44940:49352:0527/144054.536:VERBOSE1:media_stream_manager.cc(1533)] MSPL::OnSpeedLimitChange({this=0000395400166D40}, {new_limit=22})
[44940:49352:0527/144056.535:VERBOSE1:media_stream_manager.cc(1533)] MSPL::OnSpeedLimitChange({this=0000395400166D40}, {new_limit=21})
[44940:49352:0527/144100.552:VERBOSE1:media_stream_manager.cc(1533)] MSPL::OnSpeedLimitChange({this=0000395400166D40}, {new_limit=22})
[44940:49352:0527/144105.604:VERBOSE1:media_stream_manager.cc(1533)] MSPL::OnSpeedLimitChange({this=0000395400166D40}, {new_limit=23})
[44940:49352:0527/144107.603:VERBOSE1:media_stream_manager.cc(1533)] MSPL::OnSpeedLimitChange({this=0000395400166D40}, {new_limit=24})
[44940:49352:0527/144108.603:VERBOSE1:media_stream_manager.cc(1533)] MSPL::OnSpeedLimitChange({this=0000395400166D40}, {new_limit=25})
[44940:49352:0527/144111.605:VERBOSE1:media_stream_manager.cc(1533)] MSPL::OnSpeedLimitChange({this=0000395400166D40}, {new_limit=26})
[44940:49352:0527/144124.604:VERBOSE1:media_stream_manager.cc(1533)] MSPL::OnSpeedLimitChange({this=0000395400166D40}, {new_limit=27})
[44940:49352:0527/144137.607:VERBOSE1:media_stream_manager.cc(1533)] MSPL::OnSpeedLimitChange({this=0000395400166D40}, {new_limit=26})
[44940:49352:0527/144138.607:VERBOSE1:media_stream_manager.cc(1533)] MSPL::OnSpeedLimitChange({this=0000395400166D40}, {new_limit=27})
[44940:49352:0527/144139.608:VERBOSE1:media_stream_manager.cc(1533)] MSPL::OnSpeedLimitChange({this=0000395400166D40}, {new_limit=26})
[44940:49352:0527/144142.608:VERBOSE1:media_stream_manager.cc(1533)] MSPL::OnSpeedLimitChange({this=0000395400166D40}, {new_limit=27})
[45360:55956:0527/144148.942:VERBOSE1:network_delegate.cc(36)] NetworkDelegate::NotifyBeforeURLRequest: https://optimizationguide-pa.googleapis.com/v1:GetModels?key=dummytoken
[45360:55956:0527/144148.942:VERBOSE1:network_delegate.cc(36)] NetworkDelegate::NotifyBeforeURLRequest: https://dns.google/dns-query?dns=AAABAAABAAAAAAABFG9wdGltaXphdGlvbmd1aWRlLXBhCmdvb2dsZWFwaXMDY29tAAABAAEAACkQAAAAAAAAQAAMADwAAAAAAAAAAAAAAAAAAAAAAAAAAAAAAAAAAAAAAAAAAAAAAAAAAAAAAAAAAAAAAAAAAAAAAAAAAAAAAAA
[45360:55956:0527/144148.945:VERBOSE1:network_delegate.cc(36)] NetworkDelegate::NotifyBeforeURLRequest: https://dns.google/dns-query?dns=AAABAAABAAAAAAABFG9wdGltaXphdGlvbmd1aWRlLXBhCmdvb2dsZWFwaXMDY29tAABBAAEAACkQAAAAAAAAQAAMADwAAAAAAAAAAAAAAAAAAAAAAAAAAAAAAAAAAAAAAAAAAAAAAAAAAAAAAAAAAAAAAAAAAAAAAAAAAAAAAAA
[45360:55956:0527/144148.959:VERBOSE1:tls_handshaker.cc(105)] TlsClient: Continuing handshake
[45360:55956:0527/144148.959:VERBOSE1:tls_handshaker.cc(126)] TlsClient: SSL_do_handshake returned when entering early data. After retry, rv=-1, SSL_in_early_data=1
[45360:55956:0527/144149.019:VERBOSE1:tls_handshaker.cc(105)] TlsClient: Continuing handshake
[45360:55956:0527/144149.019:VERBOSE1:tls_handshaker.cc(105)] TlsClient: Continuing handshake
[45360:55956:0527/144149.019:VERBOSE1:tls_client_handshaker.cc(528)] Client: handshake finished
[45360:55956:0527/144149.066:VERBOSE1:tls_handshaker.cc(105)] TlsClient: Continuing handshake
[45360:55956:0527/144149.067:VERBOSE1:tls_handshaker.cc(126)] TlsClient: SSL_do_handshake returned when entering early data. After retry, rv=-1, SSL_in_early_data=1
[45360:55956:0527/144149.168:VERBOSE1:tls_handshaker.cc(105)] TlsClient: Continuing handshake
[45360:55956:0527/144149.168:VERBOSE1:tls_handshaker.cc(105)] TlsClient: Continuing handshake
[45360:55956:0527/144149.168:VERBOSE1:tls_client_handshaker.cc(528)] Client: handshake finished
[44940:49352:0527/144149.609:VERBOSE1:media_stream_manager.cc(1533)] MSPL::OnSpeedLimitChange({this=0000395400166D40}, {new_limit=28})
[44940:49352:0527/144150.609:VERBOSE1:media_stream_manager.cc(1533)] MSPL::OnSpeedLimitChange({this=0000395400166D40}, {new_limit=27})
[44940:7264:0527/144151.082:VERBOSE1:device_event_log_impl.cc(198)] [14:41:51.081] Display: EVENT: screen_win.cc:893 Displays updated, count: 2
[44940:7264:0527/144151.082:VERBOSE1:device_event_log_impl.cc(198)] [14:41:51.081] Display: EVENT: screen_win.cc:895 Display[2848582967] bounds=[0,0 1440x900], workarea=[0,0 1440x852], scale=2, rotation=0, panel_rotation=0 external detected
[44940:7264:0527/144151.082:VERBOSE1:device_event_log_impl.cc(198)] [14:41:51.081] Display: EVENT: screen_win.cc:895 Display[1487107518] bounds=[-283,-1440 3440x1440], workarea=[-283,-1440 3440x1392], scale=1, rotation=0, panel_rotation=0 external detected
[44940:49352:0527/144151.585:VERBOSE1:media_stream_manager.cc(1533)] MSPL::OnSpeedLimitChange({this=0000395400166D40}, {new_limit=26})
[44940:49352:0527/144153.591:VERBOSE1:media_stream_manager.cc(1533)] MSPL::OnSpeedLimitChange({this=0000395400166D40}, {new_limit=25})
[44940:49352:0527/144156.587:VERBOSE1:media_stream_manager.cc(1533)] MSPL::OnSpeedLimitChange({this=0000395400166D40}, {new_limit=24})
[44940:49352:0527/144200.588:VERBOSE1:media_stream_manager.cc(1533)] MSPL::OnSpeedLimitChange({this=0000395400166D40}, {new_limit=25})
[44940:49352:0527/144202.590:VERBOSE1:media_stream_manager.cc(1533)] MSPL::OnSpeedLimitChange({this=0000395400166D40}, {new_limit=26})
[44940:49352:0527/144204.588:VERBOSE1:media_stream_manager.cc(1533)] MSPL::OnSpeedLimitChange({this=0000395400166D40}, {new_limit=27})
[44940:49352:0527/144205.588:VERBOSE1:media_stream_manager.cc(1533)] MSPL::OnSpeedLimitChange({this=0000395400166D40}, {new_limit=26})
[44940:49352:0527/144206.588:VERBOSE1:media_stream_manager.cc(1533)] MSPL::OnSpeedLimitChange({this=0000395400166D40}, {new_limit=27})
[44940:49352:0527/144215.921:VERBOSE1:media_stream_manager.cc(1533)] MSPL::OnSpeedLimitChange({this=0000395400166D40}, {new_limit=28})
[44940:49352:0527/144218.922:VERBOSE1:media_stream_manager.cc(1533)] MSPL::OnSpeedLimitChange({this=0000395400166D40}, {new_limit=27})
[44940:49352:0527/144228.924:VERBOSE1:media_stream_manager.cc(1533)] MSPL::OnSpeedLimitChange({this=0000395400166D40}, {new_limit=28})
[44940:49352:0527/144250.930:VERBOSE1:media_stream_manager.cc(1533)] MSPL::OnSpeedLimitChange({this=0000395400166D40}, {new_limit=27})
[44940:49352:0527/144257.930:VERBOSE1:media_stream_manager.cc(1533)] MSPL::OnSpeedLimitChange({this=0000395400166D40}, {new_limit=26})
[44940:49352:0527/144258.933:VERBOSE1:media_stream_manager.cc(1533)] MSPL::OnSpeedLimitChange({this=0000395400166D40}, {new_limit=25})
[44940:49352:0527/144304.931:VERBOSE1:media_stream_manager.cc(1533)] MSPL::OnSpeedLimitChange({this=0000395400166D40}, {new_limit=24})
[44940:49352:0527/144307.932:VERBOSE1:media_stream_manager.cc(1533)] MSPL::OnSpeedLimitChange({this=0000395400166D40}, {new_limit=25})
[44940:49352:0527/144308.931:VERBOSE1:media_stream_manager.cc(1533)] MSPL::OnSpeedLimitChange({this=0000395400166D40}, {new_limit=26})
[44940:49352:0527/144312.931:VERBOSE1:media_stream_manager.cc(1533)] MSPL::OnSpeedLimitChange({this=0000395400166D40}, {new_limit=24})
[44940:49352:0527/144313.931:VERBOSE1:media_stream_manager.cc(1533)] MSPL::OnSpeedLimitChange({this=0000395400166D40}, {new_limit=23})
[44940:49352:0527/144314.933:VERBOSE1:media_stream_manager.cc(1533)] MSPL::OnSpeedLimitChange({this=0000395400166D40}, {new_limit=24})
[44940:49352:0527/144322.937:VERBOSE1:media_stream_manager.cc(1533)] MSPL::OnSpeedLimitChange({this=0000395400166D40}, {new_limit=25})
[44940:49352:0527/144323.937:VERBOSE1:media_stream_manager.cc(1533)] MSPL::OnSpeedLimitChange({this=0000395400166D40}, {new_limit=27})
[44940:49352:0527/144327.938:VERBOSE1:media_stream_manager.cc(1533)] MSPL::OnSpeedLimitChange({this=0000395400166D40}, {new_limit=26})
[44940:49352:0527/144334.940:VERBOSE1:media_stream_manager.cc(1533)] MSPL::OnSpeedLimitChange({this=0000395400166D40}, {new_limit=25})
[44940:49352:0527/144336.942:VERBOSE1:media_stream_manager.cc(1533)] MSPL::OnSpeedLimitChange({this=0000395400166D40}, {new_limit=26})
[44940:49352:0527/144344.941:VERBOSE1:media_stream_manager.cc(1533)] MSPL::OnSpeedLimitChange({this=0000395400166D40}, {new_limit=25})
[44940:49352:0527/144352.945:VERBOSE1:media_stream_manager.cc(1533)] MSPL::OnSpeedLimitChange({this=0000395400166D40}, {new_limit=26})
[44940:49352:0527/144354.943:VERBOSE1:media_stream_manager.cc(1533)] MSPL::OnSpeedLimitChange({this=0000395400166D40}, {new_limit=27})
[44940:49352:0527/144359.810:VERBOSE1:media_stream_manager.cc(1533)] MSPL::OnSpeedLimitChange({this=0000395400166D40}, {new_limit=28})
[44940:49352:0527/144401.810:VERBOSE1:media_stream_manager.cc(1533)] MSPL::OnSpeedLimitChange({this=0000395400166D40}, {new_limit=27})
[44940:49352:0527/144411.813:VERBOSE1:media_stream_manager.cc(1533)] MSPL::OnSpeedLimitChange({this=0000395400166D40}, {new_limit=28})
[44940:49352:0527/144412.814:VERBOSE1:media_stream_manager.cc(1533)] MSPL::OnSpeedLimitChange({this=0000395400166D40}, {new_limit=27})
[44940:49352:0527/144423.814:VERBOSE1:media_stream_manager.cc(1533)] MSPL::OnSpeedLimitChange({this=0000395400166D40}, {new_limit=28})
[45360:55956:0527/144429.481:VERBOSE1:network_delegate.cc(36)] NetworkDelegate::NotifyBeforeURLRequest: https://optimizationguide-pa.googleapis.com/v1:GetModels?key=dummytoken
[45360:55956:0527/144429.482:VERBOSE1:network_delegate.cc(36)] NetworkDelegate::NotifyBeforeURLRequest: https://dns.google/dns-query?dns=AAABAAABAAAAAAABFG9wdGltaXphdGlvbmd1aWRlLXBhCmdvb2dsZWFwaXMDY29tAAABAAEAACkQAAAAAAAAQAAMADwAAAAAAAAAAAAAAAAAAAAAAAAAAAAAAAAAAAAAAAAAAAAAAAAAAAAAAAAAAAAAAAAAAAAAAAAAAAAAAAA
[45360:55956:0527/144429.482:VERBOSE1:network_delegate.cc(36)] NetworkDelegate::NotifyBeforeURLRequest: https://dns.google/dns-query?dns=AAABAAABAAAAAAABFG9wdGltaXphdGlvbmd1aWRlLXBhCmdvb2dsZWFwaXMDY29tAABBAAEAACkQAAAAAAAAQAAMADwAAAAAAAAAAAAAAAAAAAAAAAAAAAAAAAAAAAAAAAAAAAAAAAAAAAAAAAAAAAAAAAAAAAAAAAAAAAAAAAA
[45360:55956:0527/144429.482:VERBOSE1:tls_handshaker.cc(105)] TlsClient: Continuing handshake
[45360:55956:0527/144429.483:VERBOSE1:tls_handshaker.cc(126)] TlsClient: SSL_do_handshake returned when entering early data. After retry, rv=-1, SSL_in_early_data=1
[45360:55956:0527/144429.873:VERBOSE1:tls_handshaker.cc(105)] TlsClient: Continuing handshake
[45360:55956:0527/144429.873:VERBOSE1:tls_handshaker.cc(105)] TlsClient: Continuing handshake
[45360:55956:0527/144429.873:VERBOSE1:tls_client_handshaker.cc(528)] Client: handshake finished
[45360:55956:0527/144430.005:VERBOSE1:tls_handshaker.cc(105)] TlsClient: Continuing handshake
[45360:55956:0527/144430.006:VERBOSE1:tls_handshaker.cc(126)] TlsClient: SSL_do_handshake returned when entering early data. After retry, rv=-1, SSL_in_early_data=1
[45360:55956:0527/144430.192:VERBOSE1:tls_handshaker.cc(105)] TlsClient: Continuing handshake
[45360:55956:0527/144430.192:VERBOSE1:tls_handshaker.cc(105)] TlsClient: Continuing handshake
[45360:55956:0527/144430.192:VERBOSE1:tls_client_handshaker.cc(528)] Client: handshake finished
[44940:49352:0527/144443.816:VERBOSE1:media_stream_manager.cc(1533)] MSPL::OnSpeedLimitChange({this=0000395400166D40}, {new_limit=27})
[44940:49352:0527/144453.819:VERBOSE1:media_stream_manager.cc(1533)] MSPL::OnSpeedLimitChange({this=0000395400166D40}, {new_limit=28})
[44940:49352:0527/144510.823:VERBOSE1:media_stream_manager.cc(1533)] MSPL::OnSpeedLimitChange({this=0000395400166D40}, {new_limit=27})
[44940:49352:0527/144529.826:VERBOSE1:media_stream_manager.cc(1533)] MSPL::OnSpeedLimitChange({this=0000395400166D40}, {new_limit=28})
[44940:49352:0527/144549.828:VERBOSE1:media_stream_manager.cc(1533)] MSPL::OnSpeedLimitChange({this=0000395400166D40}, {new_limit=27})
[44940:49352:0527/144609.832:VERBOSE1:media_stream_manager.cc(1533)] MSPL::OnSpeedLimitChange({this=0000395400166D40}, {new_limit=28})
[44940:49352:0527/144613.831:VERBOSE1:media_stream_manager.cc(1533)] MSPL::OnSpeedLimitChange({this=0000395400166D40}, {new_limit=27})
[44940:49352:0527/144623.831:VERBOSE1:media_stream_manager.cc(1533)] MSPL::OnSpeedLimitChange({this=0000395400166D40}, {new_limit=28})
[44940:49352:0527/144649.834:VERBOSE1:media_stream_manager.cc(1533)] MSPL::OnSpeedLimitChange({this=0000395400166D40}, {new_limit=27})
[44940:49352:0527/144659.839:VERBOSE1:media_stream_manager.cc(1533)] MSPL::OnSpeedLimitChange({this=0000395400166D40}, {new_limit=28})
[44940:7264:0527/144708.924:VERBOSE1:device_event_log_impl.cc(198)] [14:47:08.924] Display: EVENT: screen_win.cc:893 Displays updated, count: 2
[44940:7264:0527/144708.924:VERBOSE1:device_event_log_impl.cc(198)] [14:47:08.924] Display: EVENT: screen_win.cc:895 Display[2848582967] bounds=[0,0 1440x900], workarea=[0,0 1440x852], scale=2, rotation=0, panel_rotation=0 external detected
[44940:7264:0527/144708.924:VERBOSE1:device_event_log_impl.cc(198)] [14:47:08.924] Display: EVENT: screen_win.cc:895 Display[1487107518] bounds=[-283,-1440 3440x1440], workarea=[-283,-1440 3440x1392], scale=1, rotation=0, panel_rotation=0 external detected
[44940:49352:0527/144709.795:VERBOSE1:media_stream_manager.cc(1533)] MSPL::OnSpeedLimitChange({this=0000395400166D40}, {new_limit=27})
[44940:49352:0527/144710.795:VERBOSE1:media_stream_manager.cc(1533)] MSPL::OnSpeedLimitChange({this=0000395400166D40}, {new_limit=26})
[44940:49352:0527/144712.795:VERBOSE1:media_stream_manager.cc(1533)] MSPL::OnSpeedLimitChange({this=0000395400166D40}, {new_limit=25})
[44940:49352:0527/144714.795:VERBOSE1:media_stream_manager.cc(1533)] MSPL::OnSpeedLimitChange({this=0000395400166D40}, {new_limit=24})
[44940:49352:0527/144717.811:VERBOSE1:media_stream_manager.cc(1533)] MSPL::OnSpeedLimitChange({this=0000395400166D40}, {new_limit=23})
[44940:49352:0527/144722.811:VERBOSE1:media_stream_manager.cc(1533)] MSPL::OnSpeedLimitChange({this=0000395400166D40}, {new_limit=24})
[45360:55956:0527/144725.612:VERBOSE1:network_delegate.cc(36)] NetworkDelegate::NotifyBeforeURLRequest: https://optimizationguide-pa.googleapis.com/v1:GetModels?key=dummytoken
[45360:55956:0527/144725.612:VERBOSE1:network_delegate.cc(36)] NetworkDelegate::NotifyBeforeURLRequest: https://dns.google/dns-query?dns=AAABAAABAAAAAAABFG9wdGltaXphdGlvbmd1aWRlLXBhCmdvb2dsZWFwaXMDY29tAAABAAEAACkQAAAAAAAAQAAMADwAAAAAAAAAAAAAAAAAAAAAAAAAAAAAAAAAAAAAAAAAAAAAAAAAAAAAAAAAAAAAAAAAAAAAAAAAAAAAAAA
[45360:55956:0527/144725.613:VERBOSE1:network_delegate.cc(36)] NetworkDelegate::NotifyBeforeURLRequest: https://dns.google/dns-query?dns=AAABAAABAAAAAAABFG9wdGltaXphdGlvbmd1aWRlLXBhCmdvb2dsZWFwaXMDY29tAABBAAEAACkQAAAAAAAAQAAMADwAAAAAAAAAAAAAAAAAAAAAAAAAAAAAAAAAAAAAAAAAAAAAAAAAAAAAAAAAAAAAAAAAAAAAAAAAAAAAAAA
[45360:55956:0527/144725.625:VERBOSE1:tls_handshaker.cc(105)] TlsClient: Continuing handshake
[45360:55956:0527/144725.625:VERBOSE1:tls_handshaker.cc(126)] TlsClient: SSL_do_handshake returned when entering early data. After retry, rv=-1, SSL_in_early_data=1
[45360:55956:0527/144725.710:VERBOSE1:tls_handshaker.cc(105)] TlsClient: Continuing handshake
[45360:55956:0527/144725.710:VERBOSE1:tls_handshaker.cc(105)] TlsClient: Continuing handshake
[45360:55956:0527/144725.710:VERBOSE1:tls_client_handshaker.cc(528)] Client: handshake finished
[45360:55956:0527/144725.777:VERBOSE1:tls_handshaker.cc(105)] TlsClient: Continuing handshake
[45360:55956:0527/144725.777:VERBOSE1:tls_handshaker.cc(126)] TlsClient: SSL_do_handshake returned when entering early data. After retry, rv=-1, SSL_in_early_data=1
[45360:55956:0527/144725.866:VERBOSE1:tls_handshaker.cc(105)] TlsClient: Continuing handshake
[45360:55956:0527/144725.867:VERBOSE1:tls_handshaker.cc(105)] TlsClient: Continuing handshake
[45360:55956:0527/144725.867:VERBOSE1:tls_client_handshaker.cc(528)] Client: handshake finished
[44940:49352:0527/144732.813:VERBOSE1:media_stream_manager.cc(1533)] MSPL::OnSpeedLimitChange({this=0000395400166D40}, {new_limit=23})
[44940:49352:0527/144749.818:VERBOSE1:media_stream_manager.cc(1533)] MSPL::OnSpeedLimitChange({this=0000395400166D40}, {new_limit=22})
[44940:49352:0527/144800.822:VERBOSE1:media_stream_manager.cc(1533)] MSPL::OnSpeedLimitChange({this=0000395400166D40}, {new_limit=23})
[44940:49352:0527/144808.833:VERBOSE1:media_stream_manager.cc(1533)] MSPL::OnSpeedLimitChange({this=0000395400166D40}, {new_limit=22})
[44940:49352:0527/144814.920:VERBOSE1:media_stream_manager.cc(1533)] MSPL::OnSpeedLimitChange({this=0000395400166D40}, {new_limit=21})
[44940:49352:0527/144815.845:VERBOSE1:media_stream_manager.cc(1533)] MSPL::OnSpeedLimitChange({this=0000395400166D40}, {new_limit=19})
[44940:49352:0527/144818.843:VERBOSE1:media_stream_manager.cc(1533)] MSPL::OnSpeedLimitChange({this=0000395400166D40}, {new_limit=20})
[44940:49352:0527/144820.844:VERBOSE1:media_stream_manager.cc(1533)] MSPL::OnSpeedLimitChange({this=0000395400166D40}, {new_limit=19})
[44940:49352:0527/144824.846:VERBOSE1:media_stream_manager.cc(1533)] MSPL::OnSpeedLimitChange({this=0000395400166D40}, {new_limit=20})
[44940:49352:0527/144825.854:VERBOSE1:media_stream_manager.cc(1533)] MSPL::OnSpeedLimitChange({this=0000395400166D40}, {new_limit=22})
[44940:49352:0527/144832.841:VERBOSE1:media_stream_manager.cc(1533)] MSPL::OnSpeedLimitChange({this=0000395400166D40}, {new_limit=21})
[44940:49352:0527/144845.860:VERBOSE1:media_stream_manager.cc(1533)] MSPL::OnSpeedLimitChange({this=0000395400166D40}, {new_limit=20})
[44940:49352:0527/144847.859:VERBOSE1:media_stream_manager.cc(1533)] MSPL::OnSpeedLimitChange({this=0000395400166D40}, {new_limit=21})
[44940:49352:0527/144849.861:VERBOSE1:media_stream_manager.cc(1533)] MSPL::OnSpeedLimitChange({this=0000395400166D40}, {new_limit=20})
[44940:49352:0527/144851.161:VERBOSE1:media_stream_manager.cc(1533)] MSPL::OnSpeedLimitChange({this=0000395400166D40}, {new_limit=19})
[44940:49352:0527/144852.162:VERBOSE1:media_stream_manager.cc(1533)] MSPL::OnSpeedLimitChange({this=0000395400166D40}, {new_limit=20})
[44940:49352:0527/144854.161:VERBOSE1:media_stream_manager.cc(1533)] MSPL::OnSpeedLimitChange({this=0000395400166D40}, {new_limit=21})
[44940:49352:0527/144855.161:VERBOSE1:media_stream_manager.cc(1533)] MSPL::OnSpeedLimitChange({this=0000395400166D40}, {new_limit=22})
[44940:7264:0527/144855.265:VERBOSE1:device_event_log_impl.cc(198)] [14:48:55.265] Display: EVENT: screen_win.cc:893 Displays updated, count: 2
[44940:7264:0527/144855.266:VERBOSE1:device_event_log_impl.cc(198)] [14:48:55.265] Display: EVENT: screen_win.cc:895 Display[2848582967] bounds=[0,0 1440x900], workarea=[0,0 1440x852], scale=2, rotation=0, panel_rotation=0 external detected
[44940:7264:0527/144855.266:VERBOSE1:device_event_log_impl.cc(198)] [14:48:55.265] Display: EVENT: screen_win.cc:895 Display[1487107518] bounds=[-283,-1440 3440x1440], workarea=[-283,-1440 3440x1392], scale=1, rotation=0, panel_rotation=0 external detected
[44940:7264:0527/144855.320:VERBOSE1:device_event_log_impl.cc(198)] [14:48:55.320] Display: EVENT: screen_win.cc:893 Displays updated, count: 2
[44940:7264:0527/144855.320:VERBOSE1:device_event_log_impl.cc(198)] [14:48:55.320] Display: EVENT: screen_win.cc:895 Display[2848582967] bounds=[0,0 1440x900], workarea=[0,0 1440x852], scale=2, rotation=0, panel_rotation=0 external detected
[44940:7264:0527/144855.320:VERBOSE1:device_event_log_impl.cc(198)] [14:48:55.320] Display: EVENT: screen_win.cc:895 Display[1487107518] bounds=[-283,-1440 3440x1440], workarea=[-283,-1440 3440x1392], scale=1, rotation=0, panel_rotation=0 external detected
[44940:49352:0527/144855.863:VERBOSE1:media_stream_manager.cc(1533)] MSPL::OnSpeedLimitChange({this=0000395400166D40}, {new_limit=21})
[44940:49352:0527/144858.863:VERBOSE1:media_stream_manager.cc(1533)] MSPL::OnSpeedLimitChange({this=0000395400166D40}, {new_limit=20})
[44940:49352:0527/144859.862:VERBOSE1:media_stream_manager.cc(1533)] MSPL::OnSpeedLimitChange({this=0000395400166D40}, {new_limit=21})
[44940:49352:0527/144900.946:VERBOSE1:media_stream_manager.cc(1533)] MSPL::OnSpeedLimitChange({this=0000395400166D40}, {new_limit=23})
[44940:7264:0527/144902.123:VERBOSE1:device_event_log_impl.cc(198)] [14:49:02.123] Display: EVENT: screen_win.cc:893 Displays updated, count: 2
[44940:7264:0527/144902.123:VERBOSE1:device_event_log_impl.cc(198)] [14:49:02.123] Display: EVENT: screen_win.cc:895 Display[2848582967] bounds=[0,0 1440x900], workarea=[0,0 1440x852], scale=2, rotation=0, panel_rotation=0 external detected
[44940:7264:0527/144902.123:VERBOSE1:device_event_log_impl.cc(198)] [14:49:02.123] Display: EVENT: screen_win.cc:895 Display[1487107518] bounds=[-283,-1440 3440x1440], workarea=[-283,-1440 3440x1392], scale=1, rotation=0, panel_rotation=0 external detected
[44940:49352:0527/144902.864:VERBOSE1:media_stream_manager.cc(1533)] MSPL::OnSpeedLimitChange({this=0000395400166D40}, {new_limit=22})
[44940:49352:0527/144903.863:VERBOSE1:media_stream_manager.cc(1533)] MSPL::OnSpeedLimitChange({this=0000395400166D40}, {new_limit=21})
[44940:49352:0527/144906.143:VERBOSE1:media_stream_manager.cc(1533)] MSPL::OnSpeedLimitChange({this=0000395400166D40}, {new_limit=22})
[44940:7264:0527/144908.119:VERBOSE1:device_event_log_impl.cc(198)] [14:49:08.118] Display: EVENT: screen_win.cc:893 Displays updated, count: 2
[44940:7264:0527/144908.119:VERBOSE1:device_event_log_impl.cc(198)] [14:49:08.118] Display: EVENT: screen_win.cc:895 Display[2848582967] bounds=[0,0 1440x900], workarea=[0,0 1440x852], scale=2, rotation=0, panel_rotation=0 external detected
[44940:7264:0527/144908.119:VERBOSE1:device_event_log_impl.cc(198)] [14:49:08.118] Display: EVENT: screen_win.cc:895 Display[1487107518] bounds=[-283,-1440 3440x1440], workarea=[-283,-1440 3440x1392], scale=1, rotation=0, panel_rotation=0 external detected
[44940:49352:0527/144908.177:VERBOSE1:media_stream_manager.cc(1533)] MSPL::OnSpeedLimitChange({this=0000395400166D40}, {new_limit=23})
[44940:49352:0527/144909.872:VERBOSE1:media_stream_manager.cc(1533)] MSPL::OnSpeedLimitChange({this=0000395400166D40}, {new_limit=21})
[44940:49352:0527/144911.137:VERBOSE1:media_stream_manager.cc(1533)] MSPL::OnSpeedLimitChange({this=0000395400166D40}, {new_limit=22})
[44940:7264:0527/144912.701:VERBOSE1:device_event_log_impl.cc(198)] [14:49:12.700] Display: EVENT: screen_win.cc:893 Displays updated, count: 2
[44940:7264:0527/144912.701:VERBOSE1:device_event_log_impl.cc(198)] [14:49:12.701] Display: EVENT: screen_win.cc:895 Display[2848582967] bounds=[0,0 1440x900], workarea=[0,0 1440x852], scale=2, rotation=0, panel_rotation=0 external detected
[44940:7264:0527/144912.701:VERBOSE1:device_event_log_impl.cc(198)] [14:49:12.701] Display: EVENT: screen_win.cc:895 Display[1487107518] bounds=[-283,-1440 3440x1440], workarea=[-283,-1440 3440x1392], scale=1, rotation=0, panel_rotation=0 external detected
[44940:7264:0527/144912.761:VERBOSE1:device_event_log_impl.cc(198)] [14:49:12.760] Display: EVENT: screen_win.cc:893 Displays updated, count: 2
[44940:7264:0527/144912.761:VERBOSE1:device_event_log_impl.cc(198)] [14:49:12.761] Display: EVENT: screen_win.cc:895 Display[2848582967] bounds=[0,0 1440x900], workarea=[0,0 1440x852], scale=2, rotation=0, panel_rotation=0 external detected
[44940:7264:0527/144912.761:VERBOSE1:device_event_log_impl.cc(198)] [14:49:12.761] Display: EVENT: screen_win.cc:895 Display[1487107518] bounds=[-283,-1440 3440x1440], workarea=[-283,-1440 3440x1392], scale=1, rotation=0, panel_rotation=0 external detected
[44940:49352:0527/144918.073:VERBOSE1:media_stream_manager.cc(1533)] MSPL::OnSpeedLimitChange({this=0000395400166D40}, {new_limit=23})
[44940:49352:0527/144920.071:VERBOSE1:media_stream_manager.cc(1533)] MSPL::OnSpeedLimitChange({this=0000395400166D40}, {new_limit=25})
[44940:49352:0527/144923.071:VERBOSE1:media_stream_manager.cc(1533)] MSPL::OnSpeedLimitChange({this=0000395400166D40}, {new_limit=26})
[44940:49352:0527/144925.071:VERBOSE1:media_stream_manager.cc(1533)] MSPL::OnSpeedLimitChange({this=0000395400166D40}, {new_limit=25})
[44940:49352:0527/144929.071:VERBOSE1:media_stream_manager.cc(1533)] MSPL::OnSpeedLimitChange({this=0000395400166D40}, {new_limit=24})
[44940:49352:0527/144934.071:VERBOSE1:media_stream_manager.cc(1533)] MSPL::OnSpeedLimitChange({this=0000395400166D40}, {new_limit=25})
[44940:49352:0527/144935.071:VERBOSE1:media_stream_manager.cc(1533)] MSPL::OnSpeedLimitChange({this=0000395400166D40}, {new_limit=26})
[44940:49352:0527/144936.071:VERBOSE1:media_stream_manager.cc(1533)] MSPL::OnSpeedLimitChange({this=0000395400166D40}, {new_limit=27})
[44940:49352:0527/144937.071:VERBOSE1:media_stream_manager.cc(1533)] MSPL::OnSpeedLimitChange({this=0000395400166D40}, {new_limit=26})
[44940:49352:0527/144947.079:VERBOSE1:media_stream_manager.cc(1533)] MSPL::OnSpeedLimitChange({this=0000395400166D40}, {new_limit=28})
[44940:49352:0527/144949.082:VERBOSE1:media_stream_manager.cc(1533)] MSPL::OnSpeedLimitChange({this=0000395400166D40}, {new_limit=27})
[44940:49352:0527/145000.085:VERBOSE1:media_stream_manager.cc(1533)] MSPL::OnSpeedLimitChange({this=0000395400166D40}, {new_limit=28})
[44940:49352:0527/145020.087:VERBOSE1:media_stream_manager.cc(1533)] MSPL::OnSpeedLimitChange({this=0000395400166D40}, {new_limit=27})
[45360:55956:0527/145025.088:VERBOSE1:network_delegate.cc(36)] NetworkDelegate::NotifyBeforeURLRequest: https://optimizationguide-pa.googleapis.com/v1:GetModels?key=dummytoken
[45360:55956:0527/145025.089:VERBOSE1:network_delegate.cc(36)] NetworkDelegate::NotifyBeforeURLRequest: https://dns.google/dns-query?dns=AAABAAABAAAAAAABFG9wdGltaXphdGlvbmd1aWRlLXBhCmdvb2dsZWFwaXMDY29tAAABAAEAACkQAAAAAAAAQAAMADwAAAAAAAAAAAAAAAAAAAAAAAAAAAAAAAAAAAAAAAAAAAAAAAAAAAAAAAAAAAAAAAAAAAAAAAAAAAAAAAA
[45360:55956:0527/145025.090:VERBOSE1:network_delegate.cc(36)] NetworkDelegate::NotifyBeforeURLRequest: https://dns.google/dns-query?dns=AAABAAABAAAAAAABFG9wdGltaXphdGlvbmd1aWRlLXBhCmdvb2dsZWFwaXMDY29tAABBAAEAACkQAAAAAAAAQAAMADwAAAAAAAAAAAAAAAAAAAAAAAAAAAAAAAAAAAAAAAAAAAAAAAAAAAAAAAAAAAAAAAAAAAAAAAAAAAAAAAA
[45360:55956:0527/145025.103:VERBOSE1:tls_handshaker.cc(105)] TlsClient: Continuing handshake
[45360:55956:0527/145025.103:VERBOSE1:tls_handshaker.cc(126)] TlsClient: SSL_do_handshake returned when entering early data. After retry, rv=-1, SSL_in_early_data=1
[45360:55956:0527/145025.162:VERBOSE1:tls_handshaker.cc(105)] TlsClient: Continuing handshake
[45360:55956:0527/145025.162:VERBOSE1:tls_handshaker.cc(105)] TlsClient: Continuing handshake
[45360:55956:0527/145025.162:VERBOSE1:tls_client_handshaker.cc(528)] Client: handshake finished
[45360:55956:0527/145025.211:VERBOSE1:tls_handshaker.cc(105)] TlsClient: Continuing handshake
[45360:55956:0527/145025.212:VERBOSE1:tls_handshaker.cc(126)] TlsClient: SSL_do_handshake returned when entering early data. After retry, rv=-1, SSL_in_early_data=1
[45360:55956:0527/145025.273:VERBOSE1:tls_handshaker.cc(105)] TlsClient: Continuing handshake
[45360:55956:0527/145025.273:VERBOSE1:tls_handshaker.cc(105)] TlsClient: Continuing handshake
[45360:55956:0527/145025.274:VERBOSE1:tls_client_handshaker.cc(528)] Client: handshake finished
[44940:49352:0527/145030.088:VERBOSE1:media_stream_manager.cc(1533)] MSPL::OnSpeedLimitChange({this=0000395400166D40}, {new_limit=28})
[44940:49352:0527/145052.091:VERBOSE1:media_stream_manager.cc(1533)] MSPL::OnSpeedLimitChange({this=0000395400166D40}, {new_limit=27})
[44940:49352:0527/145102.093:VERBOSE1:media_stream_manager.cc(1533)] MSPL::OnSpeedLimitChange({this=0000395400166D40}, {new_limit=28})
[44940:49352:0527/145109.094:VERBOSE1:media_stream_manager.cc(1533)] MSPL::OnSpeedLimitChange({this=0000395400166D40}, {new_limit=27})
[44940:49352:0527/145119.095:VERBOSE1:media_stream_manager.cc(1533)] MSPL::OnSpeedLimitChange({this=0000395400166D40}, {new_limit=28})
[44940:7264:0527/145126.974:VERBOSE1:device_event_log_impl.cc(198)] [14:51:26.974] Display: EVENT: screen_win.cc:893 Displays updated, count: 2
[44940:7264:0527/145126.975:VERBOSE1:device_event_log_impl.cc(198)] [14:51:26.974] Display: EVENT: screen_win.cc:895 Display[2848582967] bounds=[0,0 1440x900], workarea=[0,0 1440x852], scale=2, rotation=0, panel_rotation=0 external detected
[44940:7264:0527/145126.975:VERBOSE1:device_event_log_impl.cc(198)] [14:51:26.974] Display: EVENT: screen_win.cc:895 Display[1487107518] bounds=[-283,-1440 3440x1440], workarea=[-283,-1440 3440x1392], scale=1, rotation=0, panel_rotation=0 external detected
[44940:49352:0527/145127.963:VERBOSE1:media_stream_manager.cc(1533)] MSPL::OnSpeedLimitChange({this=0000395400166D40}, {new_limit=27})
[44940:49352:0527/145129.962:VERBOSE1:media_stream_manager.cc(1533)] MSPL::OnSpeedLimitChange({this=0000395400166D40}, {new_limit=26})
[44940:49352:0527/145131.212:VERBOSE1:media_stream_manager.cc(1533)] MSPL::OnSpeedLimitChange({this=0000395400166D40}, {new_limit=25})
[44940:49352:0527/145138.213:VERBOSE1:media_stream_manager.cc(1533)] MSPL::OnSpeedLimitChange({this=0000395400166D40}, {new_limit=26})
[44940:7264:0527/145138.447:VERBOSE1:device_event_log_impl.cc(198)] [14:51:38.447] Display: EVENT: screen_win.cc:893 Displays updated, count: 2
[44940:7264:0527/145138.447:VERBOSE1:device_event_log_impl.cc(198)] [14:51:38.447] Display: EVENT: screen_win.cc:895 Display[2848582967] bounds=[0,0 1440x900], workarea=[0,0 1440x852], scale=2, rotation=0, panel_rotation=0 external detected
[44940:7264:0527/145138.447:VERBOSE1:device_event_log_impl.cc(198)] [14:51:38.447] Display: EVENT: screen_win.cc:895 Display[1487107518] bounds=[-283,-1440 3440x1440], workarea=[-283,-1440 3440x1392], scale=1, rotation=0, panel_rotation=0 external detected
[44940:49352:0527/145140.983:VERBOSE1:media_stream_manager.cc(1533)] MSPL::OnSpeedLimitChange({this=0000395400166D40}, {new_limit=25})
[44940:49352:0527/145142.985:VERBOSE1:media_stream_manager.cc(1533)] MSPL::OnSpeedLimitChange({this=0000395400166D40}, {new_limit=24})
[44940:49352:0527/145143.983:VERBOSE1:media_stream_manager.cc(1533)] MSPL::OnSpeedLimitChange({this=0000395400166D40}, {new_limit=23})
[44940:49352:0527/145145.984:VERBOSE1:media_stream_manager.cc(1533)] MSPL::OnSpeedLimitChange({this=0000395400166D40}, {new_limit=22})
[44940:49352:0527/145146.983:VERBOSE1:media_stream_manager.cc(1533)] MSPL::OnSpeedLimitChange({this=0000395400166D40}, {new_limit=21})
[44940:49352:0527/145147.984:VERBOSE1:media_stream_manager.cc(1533)] MSPL::OnSpeedLimitChange({this=0000395400166D40}, {new_limit=20})
[44940:49352:0527/145151.984:VERBOSE1:media_stream_manager.cc(1533)] MSPL::OnSpeedLimitChange({this=0000395400166D40}, {new_limit=21})
[44940:49352:0527/145156.984:VERBOSE1:media_stream_manager.cc(1533)] MSPL::OnSpeedLimitChange({this=0000395400166D40}, {new_limit=22})
[44940:49352:0527/145204.985:VERBOSE1:media_stream_manager.cc(1533)] MSPL::OnSpeedLimitChange({this=0000395400166D40}, {new_limit=23})
[44940:49352:0527/145215.002:VERBOSE1:media_stream_manager.cc(1533)] MSPL::OnSpeedLimitChange({this=0000395400166D40}, {new_limit=21})
[44940:49352:0527/145218.002:VERBOSE1:media_stream_manager.cc(1533)] MSPL::OnSpeedLimitChange({this=0000395400166D40}, {new_limit=20})
[44940:49352:0527/145219.002:VERBOSE1:media_stream_manager.cc(1533)] MSPL::OnSpeedLimitChange({this=0000395400166D40}, {new_limit=21})
[44940:49352:0527/145223.002:VERBOSE1:media_stream_manager.cc(1533)] MSPL::OnSpeedLimitChange({this=0000395400166D40}, {new_limit=22})
[44940:49352:0527/145225.002:VERBOSE1:media_stream_manager.cc(1533)] MSPL::OnSpeedLimitChange({this=0000395400166D40}, {new_limit=23})
[44940:49352:0527/145226.002:VERBOSE1:media_stream_manager.cc(1533)] MSPL::OnSpeedLimitChange({this=0000395400166D40}, {new_limit=24})
[44940:49352:0527/145228.002:VERBOSE1:media_stream_manager.cc(1533)] MSPL::OnSpeedLimitChange({this=0000395400166D40}, {new_limit=25})
[44940:49352:0527/145231.002:VERBOSE1:media_stream_manager.cc(1533)] MSPL::OnSpeedLimitChange({this=0000395400166D40}, {new_limit=24})
[44940:49352:0527/145236.002:VERBOSE1:media_stream_manager.cc(1533)] MSPL::OnSpeedLimitChange({this=0000395400166D40}, {new_limit=23})
[44940:49352:0527/145239.020:VERBOSE1:media_stream_manager.cc(1533)] MSPL::OnSpeedLimitChange({this=0000395400166D40}, {new_limit=22})
[44940:49352:0527/145254.020:VERBOSE1:media_stream_manager.cc(1533)] MSPL::OnSpeedLimitChange({this=0000395400166D40}, {new_limit=21})
[44940:49352:0527/145313.038:VERBOSE1:media_stream_manager.cc(1533)] MSPL::OnSpeedLimitChange({this=0000395400166D40}, {new_limit=22})
[45360:55956:0527/145316.571:VERBOSE1:network_delegate.cc(36)] NetworkDelegate::NotifyBeforeURLRequest: https://optimizationguide-pa.googleapis.com/v1:GetModels?key=dummytoken
[45360:55956:0527/145316.572:VERBOSE1:network_delegate.cc(36)] NetworkDelegate::NotifyBeforeURLRequest: https://dns.google/dns-query?dns=AAABAAABAAAAAAABFG9wdGltaXphdGlvbmd1aWRlLXBhCmdvb2dsZWFwaXMDY29tAAABAAEAACkQAAAAAAAAQAAMADwAAAAAAAAAAAAAAAAAAAAAAAAAAAAAAAAAAAAAAAAAAAAAAAAAAAAAAAAAAAAAAAAAAAAAAAAAAAAAAAA
[45360:55956:0527/145316.573:VERBOSE1:network_delegate.cc(36)] NetworkDelegate::NotifyBeforeURLRequest: https://dns.google/dns-query?dns=AAABAAABAAAAAAABFG9wdGltaXphdGlvbmd1aWRlLXBhCmdvb2dsZWFwaXMDY29tAABBAAEAACkQAAAAAAAAQAAMADwAAAAAAAAAAAAAAAAAAAAAAAAAAAAAAAAAAAAAAAAAAAAAAAAAAAAAAAAAAAAAAAAAAAAAAAAAAAAAAAA
[45360:55956:0527/145316.585:VERBOSE1:tls_handshaker.cc(105)] TlsClient: Continuing handshake
[45360:55956:0527/145316.585:VERBOSE1:tls_handshaker.cc(126)] TlsClient: SSL_do_handshake returned when entering early data. After retry, rv=-1, SSL_in_early_data=1
[45360:55956:0527/145316.663:VERBOSE1:tls_handshaker.cc(105)] TlsClient: Continuing handshake
[45360:55956:0527/145316.663:VERBOSE1:tls_handshaker.cc(105)] TlsClient: Continuing handshake
[45360:55956:0527/145316.663:VERBOSE1:tls_client_handshaker.cc(528)] Client: handshake finished
[45360:55956:0527/145316.728:VERBOSE1:tls_handshaker.cc(105)] TlsClient: Continuing handshake
[45360:55956:0527/145316.729:VERBOSE1:tls_handshaker.cc(126)] TlsClient: SSL_do_handshake returned when entering early data. After retry, rv=-1, SSL_in_early_data=1
[45360:55956:0527/145316.790:VERBOSE1:tls_handshaker.cc(105)] TlsClient: Continuing handshake
[45360:55956:0527/145316.790:VERBOSE1:tls_handshaker.cc(105)] TlsClient: Continuing handshake
[45360:55956:0527/145316.790:VERBOSE1:tls_client_handshaker.cc(528)] Client: handshake finished
[44940:49352:0527/145320.038:VERBOSE1:media_stream_manager.cc(1533)] MSPL::OnSpeedLimitChange({this=0000395400166D40}, {new_limit=23})
[44940:49352:0527/145328.038:VERBOSE1:media_stream_manager.cc(1533)] MSPL::OnSpeedLimitChange({this=0000395400166D40}, {new_limit=22})
[44940:49352:0527/145348.055:VERBOSE1:media_stream_manager.cc(1533)] MSPL::OnSpeedLimitChange({this=0000395400166D40}, {new_limit=21})
[44940:49352:0527/145400.057:VERBOSE1:media_stream_manager.cc(1533)] MSPL::OnSpeedLimitChange({this=0000395400166D40}, {new_limit=22})
[44940:49352:0527/145416.073:VERBOSE1:media_stream_manager.cc(1533)] MSPL::OnSpeedLimitChange({this=0000395400166D40}, {new_limit=23})
[44940:49352:0527/145437.089:VERBOSE1:media_stream_manager.cc(1533)] MSPL::OnSpeedLimitChange({this=0000395400166D40}, {new_limit=24})
[44940:49352:0527/145443.090:VERBOSE1:media_stream_manager.cc(1533)] MSPL::OnSpeedLimitChange({this=0000395400166D40}, {new_limit=23})
[44940:49352:0527/145446.090:VERBOSE1:media_stream_manager.cc(1533)] MSPL::OnSpeedLimitChange({this=0000395400166D40}, {new_limit=22})
[44940:49352:0527/145449.090:VERBOSE1:media_stream_manager.cc(1533)] MSPL::OnSpeedLimitChange({this=0000395400166D40}, {new_limit=21})
[44940:49352:0527/145454.091:VERBOSE1:media_stream_manager.cc(1533)] MSPL::OnSpeedLimitChange({this=0000395400166D40}, {new_limit=20})
[44940:49352:0527/145456.090:VERBOSE1:media_stream_manager.cc(1533)] MSPL::OnSpeedLimitChange({this=0000395400166D40}, {new_limit=21})
[44940:49352:0527/145500.107:VERBOSE1:media_stream_manager.cc(1533)] MSPL::OnSpeedLimitChange({this=0000395400166D40}, {new_limit=22})
[44940:49352:0527/145504.107:VERBOSE1:media_stream_manager.cc(1533)] MSPL::OnSpeedLimitChange({this=0000395400166D40}, {new_limit=23})
[44940:49352:0527/145513.108:VERBOSE1:media_stream_manager.cc(1533)] MSPL::OnSpeedLimitChange({this=0000395400166D40}, {new_limit=22})
[44940:49352:0527/145517.109:VERBOSE1:media_stream_manager.cc(1533)] MSPL::OnSpeedLimitChange({this=0000395400166D40}, {new_limit=21})
[44940:49352:0527/145524.125:VERBOSE1:media_stream_manager.cc(1533)] MSPL::OnSpeedLimitChange({this=0000395400166D40}, {new_limit=22})
[44940:49352:0527/145528.125:VERBOSE1:media_stream_manager.cc(1533)] MSPL::OnSpeedLimitChange({this=0000395400166D40}, {new_limit=23})
[44940:49352:0527/145534.125:VERBOSE1:media_stream_manager.cc(1533)] MSPL::OnSpeedLimitChange({this=0000395400166D40}, {new_limit=22})
[44940:49352:0527/145542.126:VERBOSE1:media_stream_manager.cc(1533)] MSPL::OnSpeedLimitChange({this=0000395400166D40}, {new_limit=21})
[45360:55956:0527/145556.326:VERBOSE1:network_delegate.cc(36)] NetworkDelegate::NotifyBeforeURLRequest: https://optimizationguide-pa.googleapis.com/v1:GetModels?key=dummytoken
[45360:55956:0527/145556.327:VERBOSE1:network_delegate.cc(36)] NetworkDelegate::NotifyBeforeURLRequest: https://dns.google/dns-query?dns=AAABAAABAAAAAAABFG9wdGltaXphdGlvbmd1aWRlLXBhCmdvb2dsZWFwaXMDY29tAAABAAEAACkQAAAAAAAAQAAMADwAAAAAAAAAAAAAAAAAAAAAAAAAAAAAAAAAAAAAAAAAAAAAAAAAAAAAAAAAAAAAAAAAAAAAAAAAAAAAAAA
[45360:55956:0527/145556.328:VERBOSE1:network_delegate.cc(36)] NetworkDelegate::NotifyBeforeURLRequest: https://dns.google/dns-query?dns=AAABAAABAAAAAAABFG9wdGltaXphdGlvbmd1aWRlLXBhCmdvb2dsZWFwaXMDY29tAABBAAEAACkQAAAAAAAAQAAMADwAAAAAAAAAAAAAAAAAAAAAAAAAAAAAAAAAAAAAAAAAAAAAAAAAAAAAAAAAAAAAAAAAAAAAAAAAAAAAAAA
[45360:55956:0527/145556.339:VERBOSE1:tls_handshaker.cc(105)] TlsClient: Continuing handshake
[45360:55956:0527/145556.340:VERBOSE1:tls_handshaker.cc(126)] TlsClient: SSL_do_handshake returned when entering early data. After retry, rv=-1, SSL_in_early_data=1
[45360:55956:0527/145556.402:VERBOSE1:tls_handshaker.cc(105)] TlsClient: Continuing handshake
[45360:55956:0527/145556.402:VERBOSE1:tls_handshaker.cc(105)] TlsClient: Continuing handshake
[45360:55956:0527/145556.402:VERBOSE1:tls_client_handshaker.cc(528)] Client: handshake finished
[45360:55956:0527/145556.450:VERBOSE1:tls_handshaker.cc(105)] TlsClient: Continuing handshake
[45360:55956:0527/145556.451:VERBOSE1:tls_handshaker.cc(126)] TlsClient: SSL_do_handshake returned when entering early data. After retry, rv=-1, SSL_in_early_data=1
[45360:55956:0527/145556.514:VERBOSE1:tls_handshaker.cc(105)] TlsClient: Continuing handshake
[45360:55956:0527/145556.514:VERBOSE1:tls_handshaker.cc(105)] TlsClient: Continuing handshake
[45360:55956:0527/145556.514:VERBOSE1:tls_client_handshaker.cc(528)] Client: handshake finished
[44940:49352:0527/145600.143:VERBOSE1:media_stream_manager.cc(1533)] MSPL::OnSpeedLimitChange({this=0000395400166D40}, {new_limit=22})
[44940:49352:0527/145605.143:VERBOSE1:media_stream_manager.cc(1533)] MSPL::OnSpeedLimitChange({this=0000395400166D40}, {new_limit=23})
[44940:49352:0527/145606.143:VERBOSE1:media_stream_manager.cc(1533)] MSPL::OnSpeedLimitChange({this=0000395400166D40}, {new_limit=22})
[44940:49352:0527/145614.144:VERBOSE1:media_stream_manager.cc(1533)] MSPL::OnSpeedLimitChange({this=0000395400166D40}, {new_limit=21})
[44940:49352:0527/145623.144:VERBOSE1:media_stream_manager.cc(1533)] MSPL::OnSpeedLimitChange({this=0000395400166D40}, {new_limit=22})
[44940:49352:0527/145624.144:VERBOSE1:media_stream_manager.cc(1533)] MSPL::OnSpeedLimitChange({this=0000395400166D40}, {new_limit=23})
[44940:49352:0527/145629.161:VERBOSE1:media_stream_manager.cc(1533)] MSPL::OnSpeedLimitChange({this=0000395400166D40}, {new_limit=24})
[44940:49352:0527/145642.161:VERBOSE1:media_stream_manager.cc(1533)] MSPL::OnSpeedLimitChange({this=0000395400166D40}, {new_limit=23})
[44940:49352:0527/145648.163:VERBOSE1:media_stream_manager.cc(1533)] MSPL::OnSpeedLimitChange({this=0000395400166D40}, {new_limit=24})
[44940:49352:0527/145652.179:VERBOSE1:media_stream_manager.cc(1533)] MSPL::OnSpeedLimitChange({this=0000395400166D40}, {new_limit=23})
[44940:49352:0527/145655.180:VERBOSE1:media_stream_manager.cc(1533)] MSPL::OnSpeedLimitChange({this=0000395400166D40}, {new_limit=22})
[44940:49352:0527/145657.179:VERBOSE1:media_stream_manager.cc(1533)] MSPL::OnSpeedLimitChange({this=0000395400166D40}, {new_limit=21})
[44940:49352:0527/145700.179:VERBOSE1:media_stream_manager.cc(1533)] MSPL::OnSpeedLimitChange({this=0000395400166D40}, {new_limit=20})
[44940:49352:0527/145704.179:VERBOSE1:media_stream_manager.cc(1533)] MSPL::OnSpeedLimitChange({this=0000395400166D40}, {new_limit=21})
[44940:49352:0527/145708.179:VERBOSE1:media_stream_manager.cc(1533)] MSPL::OnSpeedLimitChange({this=0000395400166D40}, {new_limit=22})
[44940:49352:0527/145712.179:VERBOSE1:media_stream_manager.cc(1533)] MSPL::OnSpeedLimitChange({this=0000395400166D40}, {new_limit=23})
[44940:49352:0527/145714.179:VERBOSE1:media_stream_manager.cc(1533)] MSPL::OnSpeedLimitChange({this=0000395400166D40}, {new_limit=22})
[44940:49352:0527/145716.196:VERBOSE1:media_stream_manager.cc(1533)] MSPL::OnSpeedLimitChange({this=0000395400166D40}, {new_limit=23})
[44940:49352:0527/145734.197:VERBOSE1:media_stream_manager.cc(1533)] MSPL::OnSpeedLimitChange({this=0000395400166D40}, {new_limit=22})
[44940:49352:0527/145737.197:VERBOSE1:media_stream_manager.cc(1533)] MSPL::OnSpeedLimitChange({this=0000395400166D40}, {new_limit=23})
[44940:49352:0527/145743.214:VERBOSE1:media_stream_manager.cc(1533)] MSPL::OnSpeedLimitChange({this=0000395400166D40}, {new_limit=22})
[44940:49352:0527/145748.213:VERBOSE1:media_stream_manager.cc(1533)] MSPL::OnSpeedLimitChange({this=0000395400166D40}, {new_limit=21})
[44940:49352:0527/145750.214:VERBOSE1:media_stream_manager.cc(1533)] MSPL::OnSpeedLimitChange({this=0000395400166D40}, {new_limit=20})
[44940:49352:0527/145754.214:VERBOSE1:media_stream_manager.cc(1533)] MSPL::OnSpeedLimitChange({this=0000395400166D40}, {new_limit=21})
[44940:49352:0527/145803.214:VERBOSE1:media_stream_manager.cc(1533)] MSPL::OnSpeedLimitChange({this=0000395400166D40}, {new_limit=22})
[44940:49352:0527/145806.214:VERBOSE1:media_stream_manager.cc(1533)] MSPL::OnSpeedLimitChange({this=0000395400166D40}, {new_limit=21})
[44940:49352:0527/145808.215:VERBOSE1:media_stream_manager.cc(1533)] MSPL::OnSpeedLimitChange({this=0000395400166D40}, {new_limit=22})
[44940:49352:0527/145818.217:VERBOSE1:media_stream_manager.cc(1533)] MSPL::OnSpeedLimitChange({this=0000395400166D40}, {new_limit=23})
[44940:49352:0527/145832.232:VERBOSE1:media_stream_manager.cc(1533)] MSPL::OnSpeedLimitChange({this=0000395400166D40}, {new_limit=22})
[44940:49352:0527/145833.232:VERBOSE1:media_stream_manager.cc(1533)] MSPL::OnSpeedLimitChange({this=0000395400166D40}, {new_limit=23})
[44940:49352:0527/145845.233:VERBOSE1:media_stream_manager.cc(1533)] MSPL::OnSpeedLimitChange({this=0000395400166D40}, {new_limit=22})
[44940:49352:0527/145846.234:VERBOSE1:media_stream_manager.cc(1533)] MSPL::OnSpeedLimitChange({this=0000395400166D40}, {new_limit=23})
[44940:49352:0527/145850.235:VERBOSE1:media_stream_manager.cc(1533)] MSPL::OnSpeedLimitChange({this=0000395400166D40}, {new_limit=22})
[45360:55956:0527/145853.883:VERBOSE1:network_delegate.cc(36)] NetworkDelegate::NotifyBeforeURLRequest: https://optimizationguide-pa.googleapis.com/v1:GetModels?key=dummytoken
[45360:55956:0527/145853.884:VERBOSE1:network_delegate.cc(36)] NetworkDelegate::NotifyBeforeURLRequest: https://dns.google/dns-query?dns=AAABAAABAAAAAAABFG9wdGltaXphdGlvbmd1aWRlLXBhCmdvb2dsZWFwaXMDY29tAAABAAEAACkQAAAAAAAAQAAMADwAAAAAAAAAAAAAAAAAAAAAAAAAAAAAAAAAAAAAAAAAAAAAAAAAAAAAAAAAAAAAAAAAAAAAAAAAAAAAAAA
[45360:55956:0527/145853.885:VERBOSE1:network_delegate.cc(36)] NetworkDelegate::NotifyBeforeURLRequest: https://dns.google/dns-query?dns=AAABAAABAAAAAAABFG9wdGltaXphdGlvbmd1aWRlLXBhCmdvb2dsZWFwaXMDY29tAABBAAEAACkQAAAAAAAAQAAMADwAAAAAAAAAAAAAAAAAAAAAAAAAAAAAAAAAAAAAAAAAAAAAAAAAAAAAAAAAAAAAAAAAAAAAAAAAAAAAAAA
[45360:55956:0527/145853.885:VERBOSE1:tls_handshaker.cc(105)] TlsClient: Continuing handshake
[45360:55956:0527/145853.886:VERBOSE1:tls_handshaker.cc(126)] TlsClient: SSL_do_handshake returned when entering early data. After retry, rv=-1, SSL_in_early_data=1
[45360:55956:0527/145853.949:VERBOSE1:tls_handshaker.cc(105)] TlsClient: Continuing handshake
[45360:55956:0527/145853.949:VERBOSE1:tls_handshaker.cc(105)] TlsClient: Continuing handshake
[45360:55956:0527/145853.949:VERBOSE1:tls_client_handshaker.cc(528)] Client: handshake finished
[45360:55956:0527/145854.007:VERBOSE1:tls_handshaker.cc(105)] TlsClient: Continuing handshake
[45360:55956:0527/145854.007:VERBOSE1:tls_handshaker.cc(126)] TlsClient: SSL_do_handshake returned when entering early data. After retry, rv=-1, SSL_in_early_data=1
[45360:55956:0527/145854.064:VERBOSE1:tls_handshaker.cc(105)] TlsClient: Continuing handshake
[45360:55956:0527/145854.064:VERBOSE1:tls_handshaker.cc(105)] TlsClient: Continuing handshake
[45360:55956:0527/145854.064:VERBOSE1:tls_client_handshaker.cc(528)] Client: handshake finished
[44940:49352:0527/145902.250:VERBOSE1:media_stream_manager.cc(1533)] MSPL::OnSpeedLimitChange({this=0000395400166D40}, {new_limit=21})
[44940:49352:0527/145907.267:VERBOSE1:media_stream_manager.cc(1533)] MSPL::OnSpeedLimitChange({this=0000395400166D40}, {new_limit=20})
[44940:49352:0527/145912.267:VERBOSE1:media_stream_manager.cc(1533)] MSPL::OnSpeedLimitChange({this=0000395400166D40}, {new_limit=21})
[44940:49352:0527/145915.267:VERBOSE1:media_stream_manager.cc(1533)] MSPL::OnSpeedLimitChange({this=0000395400166D40}, {new_limit=22})
[44940:49352:0527/145919.266:VERBOSE1:media_stream_manager.cc(1533)] MSPL::OnSpeedLimitChange({this=0000395400166D40}, {new_limit=23})
[44940:49352:0527/145925.267:VERBOSE1:media_stream_manager.cc(1533)] MSPL::OnSpeedLimitChange({this=0000395400166D40}, {new_limit=22})
[44940:49352:0527/145952.286:VERBOSE1:media_stream_manager.cc(1533)] MSPL::OnSpeedLimitChange({this=0000395400166D40}, {new_limit=21})
[44940:49352:0527/145953.285:VERBOSE1:media_stream_manager.cc(1533)] MSPL::OnSpeedLimitChange({this=0000395400166D40}, {new_limit=22})
[44940:49352:0527/145957.302:VERBOSE1:media_stream_manager.cc(1533)] MSPL::OnSpeedLimitChange({this=0000395400166D40}, {new_limit=21})
[44940:49352:0527/150008.302:VERBOSE1:media_stream_manager.cc(1533)] MSPL::OnSpeedLimitChange({this=0000395400166D40}, {new_limit=22})
[44940:49352:0527/150013.303:VERBOSE1:media_stream_manager.cc(1533)] MSPL::OnSpeedLimitChange({this=0000395400166D40}, {new_limit=23})
[44940:49352:0527/150021.302:VERBOSE1:media_stream_manager.cc(1533)] MSPL::OnSpeedLimitChange({this=0000395400166D40}, {new_limit=22})
[44940:49352:0527/150031.319:VERBOSE1:media_stream_manager.cc(1533)] MSPL::OnSpeedLimitChange({this=0000395400166D40}, {new_limit=23})
[44940:49352:0527/150039.319:VERBOSE1:media_stream_manager.cc(1533)] MSPL::OnSpeedLimitChange({this=0000395400166D40}, {new_limit=24})
[44940:49352:0527/150040.320:VERBOSE1:media_stream_manager.cc(1533)] MSPL::OnSpeedLimitChange({this=0000395400166D40}, {new_limit=23})
[44940:49352:0527/150044.320:VERBOSE1:media_stream_manager.cc(1533)] MSPL::OnSpeedLimitChange({this=0000395400166D40}, {new_limit=22})
[44940:49352:0527/150046.321:VERBOSE1:media_stream_manager.cc(1533)] MSPL::OnSpeedLimitChange({this=0000395400166D40}, {new_limit=23})
[44940:49352:0527/150056.337:VERBOSE1:media_stream_manager.cc(1533)] MSPL::OnSpeedLimitChange({this=0000395400166D40}, {new_limit=22})
[44940:49352:0527/150058.337:VERBOSE1:media_stream_manager.cc(1533)] MSPL::OnSpeedLimitChange({this=0000395400166D40}, {new_limit=21})
[44940:49352:0527/150100.338:VERBOSE1:media_stream_manager.cc(1533)] MSPL::OnSpeedLimitChange({this=0000395400166D40}, {new_limit=22})
[44940:49352:0527/150108.338:VERBOSE1:media_stream_manager.cc(1533)] MSPL::OnSpeedLimitChange({this=0000395400166D40}, {new_limit=23})
[44940:49352:0527/150111.339:VERBOSE1:media_stream_manager.cc(1533)] MSPL::OnSpeedLimitChange({this=0000395400166D40}, {new_limit=22})
[44940:49352:0527/150114.355:VERBOSE1:media_stream_manager.cc(1533)] MSPL::OnSpeedLimitChange({this=0000395400166D40}, {new_limit=21})
[44940:49352:0527/150118.355:VERBOSE1:media_stream_manager.cc(1533)] MSPL::OnSpeedLimitChange({this=0000395400166D40}, {new_limit=20})
[44940:49352:0527/150123.355:VERBOSE1:media_stream_manager.cc(1533)] MSPL::OnSpeedLimitChange({this=0000395400166D40}, {new_limit=21})
[44940:49352:0527/150124.355:VERBOSE1:media_stream_manager.cc(1533)] MSPL::OnSpeedLimitChange({this=0000395400166D40}, {new_limit=22})
[45360:55956:0527/150125.156:VERBOSE1:network_delegate.cc(36)] NetworkDelegate::NotifyBeforeURLRequest: https://optimizationguide-pa.googleapis.com/v1:GetModels?key=dummytoken
[45360:55956:0527/150125.157:VERBOSE1:network_delegate.cc(36)] NetworkDelegate::NotifyBeforeURLRequest: https://dns.google/dns-query?dns=AAABAAABAAAAAAABFG9wdGltaXphdGlvbmd1aWRlLXBhCmdvb2dsZWFwaXMDY29tAAABAAEAACkQAAAAAAAAQAAMADwAAAAAAAAAAAAAAAAAAAAAAAAAAAAAAAAAAAAAAAAAAAAAAAAAAAAAAAAAAAAAAAAAAAAAAAAAAAAAAAA
[45360:55956:0527/150125.157:VERBOSE1:network_delegate.cc(36)] NetworkDelegate::NotifyBeforeURLRequest: https://dns.google/dns-query?dns=AAABAAABAAAAAAABFG9wdGltaXphdGlvbmd1aWRlLXBhCmdvb2dsZWFwaXMDY29tAABBAAEAACkQAAAAAAAAQAAMADwAAAAAAAAAAAAAAAAAAAAAAAAAAAAAAAAAAAAAAAAAAAAAAAAAAAAAAAAAAAAAAAAAAAAAAAAAAAAAAAA
[45360:55956:0527/150125.167:VERBOSE1:tls_handshaker.cc(105)] TlsClient: Continuing handshake
[45360:55956:0527/150125.167:VERBOSE1:tls_handshaker.cc(126)] TlsClient: SSL_do_handshake returned when entering early data. After retry, rv=-1, SSL_in_early_data=1
[45360:55956:0527/150125.232:VERBOSE1:tls_handshaker.cc(105)] TlsClient: Continuing handshake
[45360:55956:0527/150125.232:VERBOSE1:tls_handshaker.cc(105)] TlsClient: Continuing handshake
[45360:55956:0527/150125.232:VERBOSE1:tls_client_handshaker.cc(528)] Client: handshake finished
[45360:55956:0527/150125.277:VERBOSE1:tls_handshaker.cc(105)] TlsClient: Continuing handshake
[45360:55956:0527/150125.278:VERBOSE1:tls_handshaker.cc(126)] TlsClient: SSL_do_handshake returned when entering early data. After retry, rv=-1, SSL_in_early_data=1
[45360:55956:0527/150125.336:VERBOSE1:tls_handshaker.cc(105)] TlsClient: Continuing handshake
[45360:55956:0527/150125.336:VERBOSE1:tls_handshaker.cc(105)] TlsClient: Continuing handshake
[45360:55956:0527/150125.336:VERBOSE1:tls_client_handshaker.cc(528)] Client: handshake finished
[44940:49352:0527/150127.355:VERBOSE1:media_stream_manager.cc(1533)] MSPL::OnSpeedLimitChange({this=0000395400166D40}, {new_limit=23})
[44940:49352:0527/150129.356:VERBOSE1:media_stream_manager.cc(1533)] MSPL::OnSpeedLimitChange({this=0000395400166D40}, {new_limit=24})
[44940:49352:0527/150136.373:VERBOSE1:media_stream_manager.cc(1533)] MSPL::OnSpeedLimitChange({this=0000395400166D40}, {new_limit=23})
[44940:49352:0527/150140.373:VERBOSE1:media_stream_manager.cc(1533)] MSPL::OnSpeedLimitChange({this=0000395400166D40}, {new_limit=22})
[44940:49352:0527/150145.374:VERBOSE1:media_stream_manager.cc(1533)] MSPL::OnSpeedLimitChange({this=0000395400166D40}, {new_limit=21})
[44940:49352:0527/150152.374:VERBOSE1:media_stream_manager.cc(1533)] MSPL::OnSpeedLimitChange({this=0000395400166D40}, {new_limit=20})
[44940:49352:0527/150153.373:VERBOSE1:media_stream_manager.cc(1533)] MSPL::OnSpeedLimitChange({this=0000395400166D40}, {new_limit=21})
[44940:49352:0527/150201.373:VERBOSE1:media_stream_manager.cc(1533)] MSPL::OnSpeedLimitChange({this=0000395400166D40}, {new_limit=22})
[44940:49352:0527/150208.380:VERBOSE1:media_stream_manager.cc(1533)] MSPL::OnSpeedLimitChange({this=0000395400166D40}, {new_limit=23})
[44940:49352:0527/150214.382:VERBOSE1:media_stream_manager.cc(1533)] MSPL::OnSpeedLimitChange({this=0000395400166D40}, {new_limit=22})
[44940:49352:0527/150218.389:VERBOSE1:media_stream_manager.cc(1533)] MSPL::OnSpeedLimitChange({this=0000395400166D40}, {new_limit=21})
[44940:49352:0527/150224.394:VERBOSE1:media_stream_manager.cc(1533)] MSPL::OnSpeedLimitChange({this=0000395400166D40}, {new_limit=22})
[44940:49352:0527/150227.393:VERBOSE1:media_stream_manager.cc(1533)] MSPL::OnSpeedLimitChange({this=0000395400166D40}, {new_limit=23})
[44940:7264:0527/150232.485:VERBOSE1:device_event_log_impl.cc(198)] [15:02:32.486] Display: EVENT: screen_win.cc:893 Displays updated, count: 2
[44940:7264:0527/150232.486:VERBOSE1:device_event_log_impl.cc(198)] [15:02:32.486] Display: EVENT: screen_win.cc:895 Display[2848582967] bounds=[0,0 1440x900], workarea=[0,0 1440x852], scale=2, rotation=0, panel_rotation=0 external detected
[44940:7264:0527/150232.486:VERBOSE1:device_event_log_impl.cc(198)] [15:02:32.486] Display: EVENT: screen_win.cc:895 Display[1487107518] bounds=[-283,-1440 3440x1440], workarea=[-283,-1440 3440x1392], scale=1, rotation=0, panel_rotation=0 external detected
[44940:49352:0527/150235.401:VERBOSE1:media_stream_manager.cc(1533)] MSPL::OnSpeedLimitChange({this=0000395400166D40}, {new_limit=22})
[44940:7264:0527/150238.376:VERBOSE1:device_event_log_impl.cc(198)] [15:02:38.376] Display: EVENT: screen_win.cc:893 Displays updated, count: 2
[44940:7264:0527/150238.376:VERBOSE1:device_event_log_impl.cc(198)] [15:02:38.376] Display: EVENT: screen_win.cc:895 Display[2848582967] bounds=[0,0 1440x900], workarea=[0,0 1440x852], scale=2, rotation=0, panel_rotation=0 external detected
[44940:7264:0527/150238.376:VERBOSE1:device_event_log_impl.cc(198)] [15:02:38.376] Display: EVENT: screen_win.cc:895 Display[1487107518] bounds=[-283,-1440 3440x1440], workarea=[-283,-1440 3440x1392], scale=1, rotation=0, panel_rotation=0 external detected
[44940:49352:0527/150240.417:VERBOSE1:media_stream_manager.cc(1533)] MSPL::OnSpeedLimitChange({this=0000395400166D40}, {new_limit=23})
[44940:7264:0527/150240.732:VERBOSE1:device_event_log_impl.cc(198)] [15:02:40.732] Display: EVENT: screen_win.cc:893 Displays updated, count: 2
[44940:7264:0527/150240.732:VERBOSE1:device_event_log_impl.cc(198)] [15:02:40.732] Display: EVENT: screen_win.cc:895 Display[2848582967] bounds=[0,0 1440x900], workarea=[0,0 1440x852], scale=2, rotation=0, panel_rotation=0 external detected
[44940:7264:0527/150240.732:VERBOSE1:device_event_log_impl.cc(198)] [15:02:40.732] Display: EVENT: screen_win.cc:895 Display[1487107518] bounds=[-283,-1440 3440x1440], workarea=[-283,-1440 3440x1392], scale=1, rotation=0, panel_rotation=0 external detected
[44940:49352:0527/150241.403:VERBOSE1:media_stream_manager.cc(1533)] MSPL::OnSpeedLimitChange({this=0000395400166D40}, {new_limit=22})
[44940:49352:0527/150246.402:VERBOSE1:media_stream_manager.cc(1533)] MSPL::OnSpeedLimitChange({this=0000395400166D40}, {new_limit=23})
[44940:49352:0527/150250.410:VERBOSE1:media_stream_manager.cc(1533)] MSPL::OnSpeedLimitChange({this=0000395400166D40}, {new_limit=22})
[44940:49352:0527/150251.399:VERBOSE1:media_stream_manager.cc(1533)] MSPL::OnSpeedLimitChange({this=0000395400166D40}, {new_limit=23})
[44940:49352:0527/150302.410:VERBOSE1:media_stream_manager.cc(1533)] MSPL::OnSpeedLimitChange({this=0000395400166D40}, {new_limit=22})
[44940:49352:0527/150306.424:VERBOSE1:media_stream_manager.cc(1533)] MSPL::OnSpeedLimitChange({this=0000395400166D40}, {new_limit=21})
[44940:7264:0527/150307.674:VERBOSE1:device_event_log_impl.cc(198)] [15:03:07.674] Display: EVENT: screen_win.cc:893 Displays updated, count: 2
[44940:7264:0527/150307.674:VERBOSE1:device_event_log_impl.cc(198)] [15:03:07.674] Display: EVENT: screen_win.cc:895 Display[2848582967] bounds=[0,0 1440x900], workarea=[0,0 1440x852], scale=2, rotation=0, panel_rotation=0 external detected
[44940:7264:0527/150307.674:VERBOSE1:device_event_log_impl.cc(198)] [15:03:07.674] Display: EVENT: screen_win.cc:895 Display[1487107518] bounds=[-283,-1440 3440x1440], workarea=[-283,-1440 3440x1392], scale=1, rotation=0, panel_rotation=0 external detected
[44940:49352:0527/150309.418:VERBOSE1:media_stream_manager.cc(1533)] MSPL::OnSpeedLimitChange({this=0000395400166D40}, {new_limit=20})
[44940:49352:0527/150313.428:VERBOSE1:media_stream_manager.cc(1533)] MSPL::OnSpeedLimitChange({this=0000395400166D40}, {new_limit=21})
[44940:49352:0527/150315.428:VERBOSE1:media_stream_manager.cc(1533)] MSPL::OnSpeedLimitChange({this=0000395400166D40}, {new_limit=20})
[44940:49352:0527/150316.429:VERBOSE1:media_stream_manager.cc(1533)] MSPL::OnSpeedLimitChange({this=0000395400166D40}, {new_limit=21})
[44940:49352:0527/150320.563:VERBOSE1:media_stream_manager.cc(1533)] MSPL::OnSpeedLimitChange({this=0000395400166D40}, {new_limit=22})
[44940:49352:0527/150321.562:VERBOSE1:media_stream_manager.cc(1533)] MSPL::OnSpeedLimitChange({this=0000395400166D40}, {new_limit=23})
[44940:7264:0527/150322.183:VERBOSE1:device_event_log_impl.cc(198)] [15:03:22.182] Display: EVENT: screen_win.cc:893 Displays updated, count: 2
[44940:7264:0527/150322.183:VERBOSE1:device_event_log_impl.cc(198)] [15:03:22.182] Display: EVENT: screen_win.cc:895 Display[2848582967] bounds=[0,0 1440x900], workarea=[0,0 1440x852], scale=2, rotation=0, panel_rotation=0 external detected
[44940:7264:0527/150322.183:VERBOSE1:device_event_log_impl.cc(198)] [15:03:22.182] Display: EVENT: screen_win.cc:895 Display[1487107518] bounds=[-283,-1440 3440x1440], workarea=[-283,-1440 3440x1392], scale=1, rotation=0, panel_rotation=0 external detected
[44940:49352:0527/150324.427:VERBOSE1:media_stream_manager.cc(1533)] MSPL::OnSpeedLimitChange({this=0000395400166D40}, {new_limit=22})
[44940:49352:0527/150329.687:VERBOSE1:media_stream_manager.cc(1533)] MSPL::OnSpeedLimitChange({this=0000395400166D40}, {new_limit=23})
[44940:49352:0527/150333.687:VERBOSE1:media_stream_manager.cc(1533)] MSPL::OnSpeedLimitChange({this=0000395400166D40}, {new_limit=24})
[44940:49352:0527/150334.687:VERBOSE1:media_stream_manager.cc(1533)] MSPL::OnSpeedLimitChange({this=0000395400166D40}, {new_limit=25})
[44940:49352:0527/150336.689:VERBOSE1:media_stream_manager.cc(1533)] MSPL::OnSpeedLimitChange({this=0000395400166D40}, {new_limit=26})
[44940:49352:0527/150337.689:VERBOSE1:media_stream_manager.cc(1533)] MSPL::OnSpeedLimitChange({this=0000395400166D40}, {new_limit=27})
[44940:49352:0527/150338.688:VERBOSE1:media_stream_manager.cc(1533)] MSPL::OnSpeedLimitChange({this=0000395400166D40}, {new_limit=28})
[44940:7264:0527/150341.876:VERBOSE1:device_event_log_impl.cc(198)] [15:03:41.876] Display: EVENT: screen_win.cc:893 Displays updated, count: 2
[44940:7264:0527/150341.877:VERBOSE1:device_event_log_impl.cc(198)] [15:03:41.876] Display: EVENT: screen_win.cc:895 Display[2848582967] bounds=[0,0 1440x900], workarea=[0,0 1440x852], scale=2, rotation=0, panel_rotation=0 external detected
[44940:7264:0527/150341.877:VERBOSE1:device_event_log_impl.cc(198)] [15:03:41.876] Display: EVENT: screen_win.cc:895 Display[1487107518] bounds=[-283,-1440 3440x1440], workarea=[-283,-1440 3440x1392], scale=1, rotation=0, panel_rotation=0 external detected
[44940:49352:0527/150342.437:VERBOSE1:media_stream_manager.cc(1533)] MSPL::OnSpeedLimitChange({this=0000395400166D40}, {new_limit=27})
[44940:49352:0527/150343.438:VERBOSE1:media_stream_manager.cc(1533)] MSPL::OnSpeedLimitChange({this=0000395400166D40}, {new_limit=26})
[44940:49352:0527/150345.640:VERBOSE1:media_stream_manager.cc(1533)] MSPL::OnSpeedLimitChange({this=0000395400166D40}, {new_limit=25})
[44940:7264:0527/150348.074:VERBOSE1:device_event_log_impl.cc(198)] [15:03:48.074] Display: EVENT: screen_win.cc:893 Displays updated, count: 2
[44940:7264:0527/150348.074:VERBOSE1:device_event_log_impl.cc(198)] [15:03:48.074] Display: EVENT: screen_win.cc:895 Display[2848582967] bounds=[0,0 1440x900], workarea=[0,0 1440x852], scale=2, rotation=0, panel_rotation=0 external detected
[44940:7264:0527/150348.074:VERBOSE1:device_event_log_impl.cc(198)] [15:03:48.075] Display: EVENT: screen_win.cc:895 Display[1487107518] bounds=[-283,-1440 3440x1440], workarea=[-283,-1440 3440x1392], scale=1, rotation=0, panel_rotation=0 external detected
[44940:49352:0527/150349.457:VERBOSE1:media_stream_manager.cc(1533)] MSPL::OnSpeedLimitChange({this=0000395400166D40}, {new_limit=24})
[44940:49352:0527/150350.448:VERBOSE1:media_stream_manager.cc(1533)] MSPL::OnSpeedLimitChange({this=0000395400166D40}, {new_limit=23})
[44940:49352:0527/150351.447:VERBOSE1:media_stream_manager.cc(1533)] MSPL::OnSpeedLimitChange({this=0000395400166D40}, {new_limit=22})
[44940:7264:0527/150358.239:VERBOSE1:device_event_log_impl.cc(198)] [15:03:58.239] Display: EVENT: screen_win.cc:893 Displays updated, count: 2
[44940:7264:0527/150358.240:VERBOSE1:device_event_log_impl.cc(198)] [15:03:58.240] Display: EVENT: screen_win.cc:895 Display[2848582967] bounds=[0,0 1440x900], workarea=[0,0 1440x852], scale=2, rotation=0, panel_rotation=0 external detected
[44940:7264:0527/150358.240:VERBOSE1:device_event_log_impl.cc(198)] [15:03:58.240] Display: EVENT: screen_win.cc:895 Display[1487107518] bounds=[-283,-1440 3440x1440], workarea=[-283,-1440 3440x1392], scale=1, rotation=0, panel_rotation=0 external detected
[44940:7264:0527/150358.291:VERBOSE1:device_event_log_impl.cc(198)] [15:03:58.291] Display: EVENT: screen_win.cc:893 Displays updated, count: 2
[44940:7264:0527/150358.291:VERBOSE1:device_event_log_impl.cc(198)] [15:03:58.291] Display: EVENT: screen_win.cc:895 Display[2848582967] bounds=[0,0 1440x900], workarea=[0,0 1440x852], scale=2, rotation=0, panel_rotation=0 external detected
[44940:7264:0527/150358.291:VERBOSE1:device_event_log_impl.cc(198)] [15:03:58.291] Display: EVENT: screen_win.cc:895 Display[1487107518] bounds=[-283,-1440 3440x1440], workarea=[-283,-1440 3440x1392], scale=1, rotation=0, panel_rotation=0 external detected
[44940:49352:0527/150358.515:VERBOSE1:media_stream_manager.cc(1533)] MSPL::OnSpeedLimitChange({this=0000395400166D40}, {new_limit=21})
[44940:49352:0527/150400.550:VERBOSE1:media_stream_manager.cc(1533)] MSPL::OnSpeedLimitChange({this=0000395400166D40}, {new_limit=22})
[44940:49352:0527/150401.549:VERBOSE1:media_stream_manager.cc(1533)] MSPL::OnSpeedLimitChange({this=0000395400166D40}, {new_limit=23})
[44940:49352:0527/150404.551:VERBOSE1:media_stream_manager.cc(1533)] MSPL::OnSpeedLimitChange({this=0000395400166D40}, {new_limit=24})
[44940:49352:0527/150406.565:VERBOSE1:media_stream_manager.cc(1533)] MSPL::OnSpeedLimitChange({this=0000395400166D40}, {new_limit=25})
[44940:49352:0527/150407.550:VERBOSE1:media_stream_manager.cc(1533)] MSPL::OnSpeedLimitChange({this=0000395400166D40}, {new_limit=23})
[44940:49352:0527/150408.550:VERBOSE1:media_stream_manager.cc(1533)] MSPL::OnSpeedLimitChange({this=0000395400166D40}, {new_limit=24})
[44940:49352:0527/150411.550:VERBOSE1:media_stream_manager.cc(1533)] MSPL::OnSpeedLimitChange({this=0000395400166D40}, {new_limit=25})
[45360:55956:0527/150413.217:VERBOSE1:network_delegate.cc(36)] NetworkDelegate::NotifyBeforeURLRequest: https://optimizationguide-pa.googleapis.com/v1:GetModels?key=dummytoken
[45360:55956:0527/150413.218:VERBOSE1:network_delegate.cc(36)] NetworkDelegate::NotifyBeforeURLRequest: https://dns.google/dns-query?dns=AAABAAABAAAAAAABFG9wdGltaXphdGlvbmd1aWRlLXBhCmdvb2dsZWFwaXMDY29tAAABAAEAACkQAAAAAAAAQAAMADwAAAAAAAAAAAAAAAAAAAAAAAAAAAAAAAAAAAAAAAAAAAAAAAAAAAAAAAAAAAAAAAAAAAAAAAAAAAAAAAA
[45360:55956:0527/150413.219:VERBOSE1:network_delegate.cc(36)] NetworkDelegate::NotifyBeforeURLRequest: https://dns.google/dns-query?dns=AAABAAABAAAAAAABFG9wdGltaXphdGlvbmd1aWRlLXBhCmdvb2dsZWFwaXMDY29tAABBAAEAACkQAAAAAAAAQAAMADwAAAAAAAAAAAAAAAAAAAAAAAAAAAAAAAAAAAAAAAAAAAAAAAAAAAAAAAAAAAAAAAAAAAAAAAAAAAAAAAA
[45360:55956:0527/150413.229:VERBOSE1:tls_handshaker.cc(105)] TlsClient: Continuing handshake
[45360:55956:0527/150413.290:VERBOSE1:tls_handshaker.cc(105)] TlsClient: Continuing handshake
[45360:55956:0527/150413.907:VERBOSE1:tls_handshaker.cc(105)] TlsClient: Continuing handshake
[45360:55956:0527/150413.908:VERBOSE1:tls_handshaker.cc(126)] TlsClient: SSL_do_handshake returned when entering early data. After retry, rv=-1, SSL_in_early_data=1
[45360:55956:0527/150413.909:VERBOSE1:tls_handshaker.cc(105)] TlsClient: Continuing handshake
[45360:55956:0527/150413.909:VERBOSE1:tls_client_handshaker.cc(528)] Client: handshake finished
[45360:55956:0527/150413.961:VERBOSE1:tls_handshaker.cc(105)] TlsClient: Continuing handshake
[45360:55956:0527/150414.051:VERBOSE1:tls_handshaker.cc(105)] TlsClient: Continuing handshake
[45360:55956:0527/150414.555:VERBOSE1:tls_handshaker.cc(105)] TlsClient: Continuing handshake
[45360:55956:0527/150414.555:VERBOSE1:tls_handshaker.cc(126)] TlsClient: SSL_do_handshake returned when entering early data. After retry, rv=-1, SSL_in_early_data=1
[45360:55956:0527/150414.556:VERBOSE1:tls_handshaker.cc(105)] TlsClient: Continuing handshake
[45360:55956:0527/150414.556:VERBOSE1:tls_client_handshaker.cc(528)] Client: handshake finished
[44940:49352:0527/150417.555:VERBOSE1:media_stream_manager.cc(1533)] MSPL::OnSpeedLimitChange({this=0000395400166D40}, {new_limit=27})
[44940:49352:0527/150419.555:VERBOSE1:media_stream_manager.cc(1533)] MSPL::OnSpeedLimitChange({this=0000395400166D40}, {new_limit=28})
[44940:49352:0527/150433.560:VERBOSE1:media_stream_manager.cc(1533)] MSPL::OnSpeedLimitChange({this=0000395400166D40}, {new_limit=27})
[44940:49352:0527/150443.562:VERBOSE1:media_stream_manager.cc(1533)] MSPL::OnSpeedLimitChange({this=0000395400166D40}, {new_limit=28})
[44940:7264:0527/150446.320:VERBOSE1:device_event_log_impl.cc(198)] [15:04:46.320] Display: EVENT: screen_win.cc:893 Displays updated, count: 2
[44940:7264:0527/150446.320:VERBOSE1:device_event_log_impl.cc(198)] [15:04:46.320] Display: EVENT: screen_win.cc:895 Display[2848582967] bounds=[0,0 1440x900], workarea=[0,0 1440x852], scale=2, rotation=0, panel_rotation=0 external detected
[44940:7264:0527/150446.320:VERBOSE1:device_event_log_impl.cc(198)] [15:04:46.320] Display: EVENT: screen_win.cc:895 Display[1487107518] bounds=[-283,-1440 3440x1440], workarea=[-283,-1440 3440x1392], scale=1, rotation=0, panel_rotation=0 external detected
[44940:49352:0527/150446.566:VERBOSE1:media_stream_manager.cc(1533)] MSPL::OnSpeedLimitChange({this=0000395400166D40}, {new_limit=27})
[44940:49352:0527/150448.480:VERBOSE1:media_stream_manager.cc(1533)] MSPL::OnSpeedLimitChange({this=0000395400166D40}, {new_limit=26})
[44940:49352:0527/150450.486:VERBOSE1:media_stream_manager.cc(1533)] MSPL::OnSpeedLimitChange({this=0000395400166D40}, {new_limit=24})
[44940:49352:0527/150452.487:VERBOSE1:media_stream_manager.cc(1533)] MSPL::OnSpeedLimitChange({this=0000395400166D40}, {new_limit=23})
[44940:49352:0527/150453.489:VERBOSE1:media_stream_manager.cc(1533)] MSPL::OnSpeedLimitChange({this=0000395400166D40}, {new_limit=22})
[44940:49352:0527/150454.489:VERBOSE1:media_stream_manager.cc(1533)] MSPL::OnSpeedLimitChange({this=0000395400166D40}, {new_limit=21})
[44940:49352:0527/150500.489:VERBOSE1:media_stream_manager.cc(1533)] MSPL::OnSpeedLimitChange({this=0000395400166D40}, {new_limit=22})
[44940:49352:0527/150504.506:VERBOSE1:media_stream_manager.cc(1533)] MSPL::OnSpeedLimitChange({this=0000395400166D40}, {new_limit=23})
[44940:49352:0527/150507.506:VERBOSE1:media_stream_manager.cc(1533)] MSPL::OnSpeedLimitChange({this=0000395400166D40}, {new_limit=22})
[44940:49352:0527/150512.507:VERBOSE1:media_stream_manager.cc(1533)] MSPL::OnSpeedLimitChange({this=0000395400166D40}, {new_limit=23})
[44940:49352:0527/150523.509:VERBOSE1:media_stream_manager.cc(1533)] MSPL::OnSpeedLimitChange({this=0000395400166D40}, {new_limit=22})
[44940:49352:0527/150526.507:VERBOSE1:media_stream_manager.cc(1533)] MSPL::OnSpeedLimitChange({this=0000395400166D40}, {new_limit=23})
[44940:49352:0527/150531.523:VERBOSE1:media_stream_manager.cc(1533)] MSPL::OnSpeedLimitChange({this=0000395400166D40}, {new_limit=22})
[44940:49352:0527/150532.515:VERBOSE1:media_stream_manager.cc(1533)] MSPL::OnSpeedLimitChange({this=0000395400166D40}, {new_limit=23})
[44940:7264:0527/150818.743:VERBOSE1:device_event_log_impl.cc(198)] [15:08:18.743] Display: EVENT: screen_win.cc:893 Displays updated, count: 2
[44940:7264:0527/150818.743:VERBOSE1:device_event_log_impl.cc(198)] [15:08:18.743] Display: EVENT: screen_win.cc:895 Display[2848582967] bounds=[0,0 1440x900], workarea=[0,0 1440x852], scale=2, rotation=0, panel_rotation=0 external detected
[44940:7264:0527/150818.743:VERBOSE1:device_event_log_impl.cc(198)] [15:08:18.743] Display: EVENT: screen_win.cc:895 Display[1487107518] bounds=[-283,-1440 3440x1440], workarea=[-283,-1440 3440x1392], scale=1, rotation=0, panel_rotation=0 external detected
[44940:49352:0527/150819.152:VERBOSE1:media_stream_manager.cc(1533)] MSPL::OnSpeedLimitChange({this=0000395400166D40}, {new_limit=24})
[44940:49352:0527/150819.152:VERBOSE1:media_stream_manager.cc(1533)] MSPL::OnSpeedLimitChange({this=0000395400166D40}, {new_limit=25})
[44940:49352:0527/150819.152:VERBOSE1:media_stream_manager.cc(1533)] MSPL::OnSpeedLimitChange({this=0000395400166D40}, {new_limit=26})
[44940:49352:0527/150819.152:VERBOSE1:media_stream_manager.cc(1533)] MSPL::OnSpeedLimitChange({this=0000395400166D40}, {new_limit=25})
[44940:49352:0527/150819.152:VERBOSE1:media_stream_manager.cc(1533)] MSPL::OnSpeedLimitChange({this=0000395400166D40}, {new_limit=24})
[44940:49352:0527/150819.152:VERBOSE1:media_stream_manager.cc(1533)] MSPL::OnSpeedLimitChange({this=0000395400166D40}, {new_limit=23})
[44940:49352:0527/150819.152:VERBOSE1:media_stream_manager.cc(1533)] MSPL::OnSpeedLimitChange({this=0000395400166D40}, {new_limit=21})
[44940:49352:0527/150819.152:VERBOSE1:media_stream_manager.cc(1533)] MSPL::OnSpeedLimitChange({this=0000395400166D40}, {new_limit=19})
[44940:49352:0527/150819.152:VERBOSE1:media_stream_manager.cc(1533)] MSPL::OnSpeedLimitChange({this=0000395400166D40}, {new_limit=17})
[44940:49352:0527/150819.152:VERBOSE1:media_stream_manager.cc(1533)] MSPL::OnSpeedLimitChange({this=0000395400166D40}, {new_limit=15})
[44940:49352:0527/150819.153:VERBOSE1:media_stream_manager.cc(1533)] MSPL::OnSpeedLimitChange({this=0000395400166D40}, {new_limit=14})
[44940:49352:0527/150819.153:VERBOSE1:media_stream_manager.cc(1533)] MSPL::OnSpeedLimitChange({this=0000395400166D40}, {new_limit=12})
[44940:49352:0527/150819.153:VERBOSE1:media_stream_manager.cc(1533)] MSPL::OnSpeedLimitChange({this=0000395400166D40}, {new_limit=10})
[44940:49352:0527/150819.153:VERBOSE1:media_stream_manager.cc(1533)] MSPL::OnSpeedLimitChange({this=0000395400166D40}, {new_limit=11})
[44940:49352:0527/150819.153:VERBOSE1:media_stream_manager.cc(1533)] MSPL::OnSpeedLimitChange({this=0000395400166D40}, {new_limit=12})
[44940:49352:0527/150819.153:VERBOSE1:media_stream_manager.cc(1533)] MSPL::OnSpeedLimitChange({this=0000395400166D40}, {new_limit=13})
[44940:49352:0527/150819.153:VERBOSE1:media_stream_manager.cc(1533)] MSPL::OnSpeedLimitChange({this=0000395400166D40}, {new_limit=14})
[44940:49352:0527/150819.153:VERBOSE1:media_stream_manager.cc(1533)] MSPL::OnSpeedLimitChange({this=0000395400166D40}, {new_limit=16})
[44940:49352:0527/150819.153:VERBOSE1:media_stream_manager.cc(1533)] MSPL::OnSpeedLimitChange({this=0000395400166D40}, {new_limit=17})
[44940:49352:0527/150819.153:VERBOSE1:media_stream_manager.cc(1533)] MSPL::OnSpeedLimitChange({this=0000395400166D40}, {new_limit=19})
[44940:49352:0527/150819.153:VERBOSE1:media_stream_manager.cc(1533)] MSPL::OnSpeedLimitChange({this=0000395400166D40}, {new_limit=20})
[44940:49352:0527/150819.153:VERBOSE1:media_stream_manager.cc(1533)] MSPL::OnSpeedLimitChange({this=0000395400166D40}, {new_limit=21})
[44940:49352:0527/150819.153:VERBOSE1:media_stream_manager.cc(1533)] MSPL::OnSpeedLimitChange({this=0000395400166D40}, {new_limit=22})
[44940:49352:0527/150819.153:VERBOSE1:media_stream_manager.cc(1533)] MSPL::OnSpeedLimitChange({this=0000395400166D40}, {new_limit=24})
[44940:49352:0527/150819.153:VERBOSE1:media_stream_manager.cc(1533)] MSPL::OnSpeedLimitChange({this=0000395400166D40}, {new_limit=25})
[44940:49352:0527/150819.153:VERBOSE1:media_stream_manager.cc(1533)] MSPL::OnSpeedLimitChange({this=0000395400166D40}, {new_limit=26})
[44940:49352:0527/150819.153:VERBOSE1:media_stream_manager.cc(1533)] MSPL::OnSpeedLimitChange({this=0000395400166D40}, {new_limit=28})
[44940:49352:0527/150819.153:VERBOSE1:media_stream_manager.cc(1533)] MSPL::OnSpeedLimitChange({this=0000395400166D40}, {new_limit=27})
[44940:49352:0527/150819.153:VERBOSE1:media_stream_manager.cc(1533)] MSPL::OnSpeedLimitChange({this=0000395400166D40}, {new_limit=28})
[44940:49352:0527/150819.153:VERBOSE1:media_stream_manager.cc(1533)] MSPL::OnSpeedLimitChange({this=0000395400166D40}, {new_limit=27})
[44940:49352:0527/150819.153:VERBOSE1:media_stream_manager.cc(1533)] MSPL::OnSpeedLimitChange({this=0000395400166D40}, {new_limit=26})
[44940:49352:0527/150819.153:VERBOSE1:media_stream_manager.cc(1533)] MSPL::OnSpeedLimitChange({this=0000395400166D40}, {new_limit=25})
[44940:49352:0527/150819.153:VERBOSE1:media_stream_manager.cc(1533)] MSPL::OnSpeedLimitChange({this=0000395400166D40}, {new_limit=24})
[44940:49352:0527/150819.153:VERBOSE1:media_stream_manager.cc(1533)] MSPL::OnSpeedLimitChange({this=0000395400166D40}, {new_limit=23})
[44940:49352:0527/150819.153:VERBOSE1:media_stream_manager.cc(1533)] MSPL::OnSpeedLimitChange({this=0000395400166D40}, {new_limit=24})
[44940:49352:0527/150819.153:VERBOSE1:media_stream_manager.cc(1533)] MSPL::OnSpeedLimitChange({this=0000395400166D40}, {new_limit=23})
[44940:49352:0527/150819.153:VERBOSE1:media_stream_manager.cc(1533)] MSPL::OnSpeedLimitChange({this=0000395400166D40}, {new_limit=24})
[44940:49352:0527/150819.153:VERBOSE1:media_stream_manager.cc(1533)] MSPL::OnSpeedLimitChange({this=0000395400166D40}, {new_limit=23})
[44940:49352:0527/150819.153:VERBOSE1:media_stream_manager.cc(1533)] MSPL::OnSpeedLimitChange({this=0000395400166D40}, {new_limit=25})
[44940:49352:0527/150819.153:VERBOSE1:media_stream_manager.cc(1533)] MSPL::OnSpeedLimitChange({this=0000395400166D40}, {new_limit=27})
[44940:49352:0527/150819.153:VERBOSE1:media_stream_manager.cc(1533)] MSPL::OnSpeedLimitChange({this=0000395400166D40}, {new_limit=26})
[44940:49352:0527/150819.153:VERBOSE1:media_stream_manager.cc(1533)] MSPL::OnSpeedLimitChange({this=0000395400166D40}, {new_limit=25})
[44940:49352:0527/150819.153:VERBOSE1:media_stream_manager.cc(1533)] MSPL::OnSpeedLimitChange({this=0000395400166D40}, {new_limit=24})
[44940:49352:0527/150819.153:VERBOSE1:media_stream_manager.cc(1533)] MSPL::OnSpeedLimitChange({this=0000395400166D40}, {new_limit=23})
[44940:49352:0527/150819.153:VERBOSE1:media_stream_manager.cc(1533)] MSPL::OnSpeedLimitChange({this=0000395400166D40}, {new_limit=21})
[44940:49352:0527/150819.153:VERBOSE1:media_stream_manager.cc(1533)] MSPL::OnSpeedLimitChange({this=0000395400166D40}, {new_limit=19})
[44940:49352:0527/150819.153:VERBOSE1:media_stream_manager.cc(1533)] MSPL::OnSpeedLimitChange({this=0000395400166D40}, {new_limit=18})
[44940:49352:0527/150819.153:VERBOSE1:media_stream_manager.cc(1533)] MSPL::OnSpeedLimitChange({this=0000395400166D40}, {new_limit=19})
[44940:49352:0527/150819.153:VERBOSE1:media_stream_manager.cc(1533)] MSPL::OnSpeedLimitChange({this=0000395400166D40}, {new_limit=20})
[44940:49352:0527/150819.153:VERBOSE1:media_stream_manager.cc(1533)] MSPL::OnSpeedLimitChange({this=0000395400166D40}, {new_limit=22})
[44940:49352:0527/150819.153:VERBOSE1:media_stream_manager.cc(1533)] MSPL::OnSpeedLimitChange({this=0000395400166D40}, {new_limit=24})
[44940:49352:0527/150819.153:VERBOSE1:media_stream_manager.cc(1533)] MSPL::OnSpeedLimitChange({this=0000395400166D40}, {new_limit=25})
[44940:49352:0527/150819.153:VERBOSE1:media_stream_manager.cc(1533)] MSPL::OnSpeedLimitChange({this=0000395400166D40}, {new_limit=26})
[44940:49352:0527/150819.153:VERBOSE1:media_stream_manager.cc(1533)] MSPL::OnSpeedLimitChange({this=0000395400166D40}, {new_limit=25})
[44940:49352:0527/150819.153:VERBOSE1:media_stream_manager.cc(1533)] MSPL::OnSpeedLimitChange({this=0000395400166D40}, {new_limit=26})
[44940:49352:0527/150819.153:VERBOSE1:media_stream_manager.cc(1533)] MSPL::OnSpeedLimitChange({this=0000395400166D40}, {new_limit=27})
[44940:49352:0527/150819.153:VERBOSE1:media_stream_manager.cc(1533)] MSPL::OnSpeedLimitChange({this=0000395400166D40}, {new_limit=26})
[44940:49352:0527/150819.153:VERBOSE1:media_stream_manager.cc(1533)] MSPL::OnSpeedLimitChange({this=0000395400166D40}, {new_limit=27})
[44940:49352:0527/150819.153:VERBOSE1:media_stream_manager.cc(1533)] MSPL::OnSpeedLimitChange({this=0000395400166D40}, {new_limit=28})
[44940:49352:0527/150819.153:VERBOSE1:media_stream_manager.cc(1533)] MSPL::OnSpeedLimitChange({this=0000395400166D40}, {new_limit=27})
[44940:49352:0527/150819.659:VERBOSE1:media_stream_manager.cc(1533)] MSPL::OnSpeedLimitChange({this=0000395400166D40}, {new_limit=26})
[44940:49352:0527/150820.659:VERBOSE1:media_stream_manager.cc(1533)] MSPL::OnSpeedLimitChange({this=0000395400166D40}, {new_limit=25})
[44940:49352:0527/150821.653:VERBOSE1:media_stream_manager.cc(1533)] MSPL::OnSpeedLimitChange({this=0000395400166D40}, {new_limit=24})
[44940:49352:0527/150823.659:VERBOSE1:media_stream_manager.cc(1533)] MSPL::OnSpeedLimitChange({this=0000395400166D40}, {new_limit=23})
[44940:49352:0527/150825.662:VERBOSE1:media_stream_manager.cc(1533)] MSPL::OnSpeedLimitChange({this=0000395400166D40}, {new_limit=22})
[44940:49352:0527/150827.663:VERBOSE1:media_stream_manager.cc(1533)] MSPL::OnSpeedLimitChange({this=0000395400166D40}, {new_limit=21})
[44940:49352:0527/150829.669:VERBOSE1:media_stream_manager.cc(1533)] MSPL::OnSpeedLimitChange({this=0000395400166D40}, {new_limit=22})
[44940:7264:0527/150854.569:VERBOSE1:device_event_log_impl.cc(198)] [15:08:54.570] Display: EVENT: screen_win.cc:893 Displays updated, count: 2
[44940:7264:0527/150854.569:VERBOSE1:device_event_log_impl.cc(198)] [15:08:54.570] Display: EVENT: screen_win.cc:895 Display[2848582967] bounds=[0,0 1440x900], workarea=[0,0 1440x852], scale=2, rotation=0, panel_rotation=0 external detected
[44940:7264:0527/150854.569:VERBOSE1:device_event_log_impl.cc(198)] [15:08:54.570] Display: EVENT: screen_win.cc:895 Display[1487107518] bounds=[-283,-1440 3440x1440], workarea=[-283,-1440 3440x1392], scale=1, rotation=0, panel_rotation=0 external detected
[44940:49352:0527/150854.673:VERBOSE1:media_stream_manager.cc(1533)] MSPL::OnSpeedLimitChange({this=0000395400166D40}, {new_limit=20})
[44940:49352:0527/150854.673:VERBOSE1:media_stream_manager.cc(1533)] MSPL::OnSpeedLimitChange({this=0000395400166D40}, {new_limit=19})
[44940:49352:0527/150854.673:VERBOSE1:media_stream_manager.cc(1533)] MSPL::OnSpeedLimitChange({this=0000395400166D40}, {new_limit=18})
[44940:49352:0527/150854.673:VERBOSE1:media_stream_manager.cc(1533)] MSPL::OnSpeedLimitChange({this=0000395400166D40}, {new_limit=17})
[44940:49352:0527/150854.673:VERBOSE1:media_stream_manager.cc(1533)] MSPL::OnSpeedLimitChange({this=0000395400166D40}, {new_limit=16})
[44940:49352:0527/150854.673:VERBOSE1:media_stream_manager.cc(1533)] MSPL::OnSpeedLimitChange({this=0000395400166D40}, {new_limit=15})
[44940:49352:0527/150854.673:VERBOSE1:media_stream_manager.cc(1533)] MSPL::OnSpeedLimitChange({this=0000395400166D40}, {new_limit=14})
[44940:49352:0527/150854.673:VERBOSE1:media_stream_manager.cc(1533)] MSPL::OnSpeedLimitChange({this=0000395400166D40}, {new_limit=12})
[44940:49352:0527/150854.673:VERBOSE1:media_stream_manager.cc(1533)] MSPL::OnSpeedLimitChange({this=0000395400166D40}, {new_limit=11})
[44940:49352:0527/150854.673:VERBOSE1:media_stream_manager.cc(1533)] MSPL::OnSpeedLimitChange({this=0000395400166D40}, {new_limit=12})
[44940:49352:0527/150854.674:VERBOSE1:media_stream_manager.cc(1533)] MSPL::OnSpeedLimitChange({this=0000395400166D40}, {new_limit=13})
[44940:49352:0527/150854.674:VERBOSE1:media_stream_manager.cc(1533)] MSPL::OnSpeedLimitChange({this=0000395400166D40}, {new_limit=14})
[44940:49352:0527/150854.674:VERBOSE1:media_stream_manager.cc(1533)] MSPL::OnSpeedLimitChange({this=0000395400166D40}, {new_limit=15})
[44940:49352:0527/150854.674:VERBOSE1:media_stream_manager.cc(1533)] MSPL::OnSpeedLimitChange({this=0000395400166D40}, {new_limit=17})
[44940:49352:0527/150854.674:VERBOSE1:media_stream_manager.cc(1533)] MSPL::OnSpeedLimitChange({this=0000395400166D40}, {new_limit=18})
[44940:49352:0527/150854.674:VERBOSE1:media_stream_manager.cc(1533)] MSPL::OnSpeedLimitChange({this=0000395400166D40}, {new_limit=20})
[44940:49352:0527/150854.674:VERBOSE1:media_stream_manager.cc(1533)] MSPL::OnSpeedLimitChange({this=0000395400166D40}, {new_limit=21})
[44940:49352:0527/150855.682:VERBOSE1:media_stream_manager.cc(1533)] MSPL::OnSpeedLimitChange({this=0000395400166D40}, {new_limit=22})
[44940:49352:0527/150856.682:VERBOSE1:media_stream_manager.cc(1533)] MSPL::OnSpeedLimitChange({this=0000395400166D40}, {new_limit=23})
[45360:55956:0527/150856.690:VERBOSE1:network_delegate.cc(36)] NetworkDelegate::NotifyBeforeURLRequest: https://optimizationguide-pa.googleapis.com/v1:GetModels?key=dummytoken
[45360:55956:0527/150856.690:VERBOSE1:network_delegate.cc(36)] NetworkDelegate::NotifyBeforeURLRequest: https://dns.google/dns-query?dns=AAABAAABAAAAAAABFG9wdGltaXphdGlvbmd1aWRlLXBhCmdvb2dsZWFwaXMDY29tAAABAAEAACkQAAAAAAAAQAAMADwAAAAAAAAAAAAAAAAAAAAAAAAAAAAAAAAAAAAAAAAAAAAAAAAAAAAAAAAAAAAAAAAAAAAAAAAAAAAAAAA
[45360:55956:0527/150856.692:VERBOSE1:network_delegate.cc(36)] NetworkDelegate::NotifyBeforeURLRequest: https://dns.google/dns-query?dns=AAABAAABAAAAAAABFG9wdGltaXphdGlvbmd1aWRlLXBhCmdvb2dsZWFwaXMDY29tAABBAAEAACkQAAAAAAAAQAAMADwAAAAAAAAAAAAAAAAAAAAAAAAAAAAAAAAAAAAAAAAAAAAAAAAAAAAAAAAAAAAAAAAAAAAAAAAAAAAAAAA
[45360:55956:0527/150856.702:VERBOSE1:tls_handshaker.cc(105)] TlsClient: Continuing handshake
[45360:55956:0527/150856.703:VERBOSE1:tls_handshaker.cc(126)] TlsClient: SSL_do_handshake returned when entering early data. After retry, rv=-1, SSL_in_early_data=1
[45360:55956:0527/150856.762:VERBOSE1:tls_handshaker.cc(105)] TlsClient: Continuing handshake
[45360:55956:0527/150856.762:VERBOSE1:tls_handshaker.cc(105)] TlsClient: Continuing handshake
[45360:55956:0527/150856.762:VERBOSE1:tls_client_handshaker.cc(528)] Client: handshake finished
[45360:55956:0527/150856.808:VERBOSE1:tls_handshaker.cc(105)] TlsClient: Continuing handshake
[45360:55956:0527/150856.809:VERBOSE1:tls_handshaker.cc(126)] TlsClient: SSL_do_handshake returned when entering early data. After retry, rv=-1, SSL_in_early_data=1
[45360:55956:0527/150856.868:VERBOSE1:tls_handshaker.cc(105)] TlsClient: Continuing handshake
[45360:55956:0527/150856.868:VERBOSE1:tls_handshaker.cc(105)] TlsClient: Continuing handshake
[45360:55956:0527/150856.869:VERBOSE1:tls_client_handshaker.cc(528)] Client: handshake finished
[44940:49352:0527/150858.682:VERBOSE1:media_stream_manager.cc(1533)] MSPL::OnSpeedLimitChange({this=0000395400166D40}, {new_limit=22})
[44940:49352:0527/150900.688:VERBOSE1:media_stream_manager.cc(1533)] MSPL::OnSpeedLimitChange({this=0000395400166D40}, {new_limit=23})
[44940:49352:0527/150901.684:VERBOSE1:media_stream_manager.cc(1533)] MSPL::OnSpeedLimitChange({this=0000395400166D40}, {new_limit=22})
[44940:49352:0527/150903.683:VERBOSE1:media_stream_manager.cc(1533)] MSPL::OnSpeedLimitChange({this=0000395400166D40}, {new_limit=21})
[44940:7264:0527/151059.334:VERBOSE1:device_event_log_impl.cc(198)] [15:10:59.335] Display: EVENT: screen_win.cc:893 Displays updated, count: 2
[44940:7264:0527/151059.335:VERBOSE1:device_event_log_impl.cc(198)] [15:10:59.335] Display: EVENT: screen_win.cc:895 Display[2848582967] bounds=[0,0 1440x900], workarea=[0,0 1440x852], scale=2, rotation=0, panel_rotation=0 external detected
[44940:7264:0527/151059.335:VERBOSE1:device_event_log_impl.cc(198)] [15:10:59.335] Display: EVENT: screen_win.cc:895 Display[1487107518] bounds=[-283,-1440 3440x1440], workarea=[-283,-1440 3440x1392], scale=1, rotation=0, panel_rotation=0 external detected
[44940:49352:0527/151118.954:VERBOSE1:media_stream_manager.cc(1533)] MSPL::OnSpeedLimitChange({this=0000395400166D40}, {new_limit=20})
[44940:49352:0527/151118.954:VERBOSE1:media_stream_manager.cc(1533)] MSPL::OnSpeedLimitChange({this=0000395400166D40}, {new_limit=19})
[44940:49352:0527/151118.954:VERBOSE1:media_stream_manager.cc(1533)] MSPL::OnSpeedLimitChange({this=0000395400166D40}, {new_limit=18})
[44940:49352:0527/151118.954:VERBOSE1:media_stream_manager.cc(1533)] MSPL::OnSpeedLimitChange({this=0000395400166D40}, {new_limit=16})
[44940:49352:0527/151118.954:VERBOSE1:media_stream_manager.cc(1533)] MSPL::OnSpeedLimitChange({this=0000395400166D40}, {new_limit=15})
[44940:49352:0527/151118.954:VERBOSE1:media_stream_manager.cc(1533)] MSPL::OnSpeedLimitChange({this=0000395400166D40}, {new_limit=14})
[44940:49352:0527/151118.954:VERBOSE1:media_stream_manager.cc(1533)] MSPL::OnSpeedLimitChange({this=0000395400166D40}, {new_limit=13})
[44940:49352:0527/151118.954:VERBOSE1:media_stream_manager.cc(1533)] MSPL::OnSpeedLimitChange({this=0000395400166D40}, {new_limit=12})
[44940:49352:0527/151118.954:VERBOSE1:media_stream_manager.cc(1533)] MSPL::OnSpeedLimitChange({this=0000395400166D40}, {new_limit=11})
[44940:49352:0527/151118.954:VERBOSE1:media_stream_manager.cc(1533)] MSPL::OnSpeedLimitChange({this=0000395400166D40}, {new_limit=10})
[44940:49352:0527/151118.954:VERBOSE1:media_stream_manager.cc(1533)] MSPL::OnSpeedLimitChange({this=0000395400166D40}, {new_limit=11})
[44940:49352:0527/151118.954:VERBOSE1:media_stream_manager.cc(1533)] MSPL::OnSpeedLimitChange({this=0000395400166D40}, {new_limit=13})
[44940:49352:0527/151118.954:VERBOSE1:media_stream_manager.cc(1533)] MSPL::OnSpeedLimitChange({this=0000395400166D40}, {new_limit=14})
[44940:49352:0527/151118.954:VERBOSE1:media_stream_manager.cc(1533)] MSPL::OnSpeedLimitChange({this=0000395400166D40}, {new_limit=16})
[44940:49352:0527/151118.954:VERBOSE1:media_stream_manager.cc(1533)] MSPL::OnSpeedLimitChange({this=0000395400166D40}, {new_limit=17})
[44940:49352:0527/151118.954:VERBOSE1:media_stream_manager.cc(1533)] MSPL::OnSpeedLimitChange({this=0000395400166D40}, {new_limit=19})
[44940:49352:0527/151118.954:VERBOSE1:media_stream_manager.cc(1533)] MSPL::OnSpeedLimitChange({this=0000395400166D40}, {new_limit=21})
[44940:49352:0527/151118.954:VERBOSE1:media_stream_manager.cc(1533)] MSPL::OnSpeedLimitChange({this=0000395400166D40}, {new_limit=23})
[44940:49352:0527/151118.954:VERBOSE1:media_stream_manager.cc(1533)] MSPL::OnSpeedLimitChange({this=0000395400166D40}, {new_limit=24})
[44940:49352:0527/151118.954:VERBOSE1:media_stream_manager.cc(1533)] MSPL::OnSpeedLimitChange({this=0000395400166D40}, {new_limit=26})
[44940:49352:0527/151118.954:VERBOSE1:media_stream_manager.cc(1533)] MSPL::OnSpeedLimitChange({this=0000395400166D40}, {new_limit=27})
[44940:49352:0527/151118.954:VERBOSE1:media_stream_manager.cc(1533)] MSPL::OnSpeedLimitChange({this=0000395400166D40}, {new_limit=26})
[44940:49352:0527/151118.954:VERBOSE1:media_stream_manager.cc(1533)] MSPL::OnSpeedLimitChange({this=0000395400166D40}, {new_limit=25})
[44940:49352:0527/151118.954:VERBOSE1:media_stream_manager.cc(1533)] MSPL::OnSpeedLimitChange({this=0000395400166D40}, {new_limit=24})
[44940:49352:0527/151118.954:VERBOSE1:media_stream_manager.cc(1533)] MSPL::OnSpeedLimitChange({this=0000395400166D40}, {new_limit=25})
[44940:49352:0527/151118.954:VERBOSE1:media_stream_manager.cc(1533)] MSPL::OnSpeedLimitChange({this=0000395400166D40}, {new_limit=26})
[44940:49352:0527/151118.954:VERBOSE1:media_stream_manager.cc(1533)] MSPL::OnSpeedLimitChange({this=0000395400166D40}, {new_limit=27})
[44940:49352:0527/151118.954:VERBOSE1:media_stream_manager.cc(1533)] MSPL::OnSpeedLimitChange({this=0000395400166D40}, {new_limit=25})
[44940:49352:0527/151118.954:VERBOSE1:media_stream_manager.cc(1533)] MSPL::OnSpeedLimitChange({this=0000395400166D40}, {new_limit=23})
[44940:49352:0527/151118.954:VERBOSE1:media_stream_manager.cc(1533)] MSPL::OnSpeedLimitChange({this=0000395400166D40}, {new_limit=21})
[44940:49352:0527/151118.954:VERBOSE1:media_stream_manager.cc(1533)] MSPL::OnSpeedLimitChange({this=0000395400166D40}, {new_limit=20})
[44940:49352:0527/151118.954:VERBOSE1:media_stream_manager.cc(1533)] MSPL::OnSpeedLimitChange({this=0000395400166D40}, {new_limit=21})
[44940:49352:0527/151118.954:VERBOSE1:media_stream_manager.cc(1533)] MSPL::OnSpeedLimitChange({this=0000395400166D40}, {new_limit=23})
[44940:49352:0527/151118.954:VERBOSE1:media_stream_manager.cc(1533)] MSPL::OnSpeedLimitChange({this=0000395400166D40}, {new_limit=24})
[44940:49352:0527/151118.954:VERBOSE1:media_stream_manager.cc(1533)] MSPL::OnSpeedLimitChange({this=0000395400166D40}, {new_limit=26})
[44940:49352:0527/151118.954:VERBOSE1:media_stream_manager.cc(1533)] MSPL::OnSpeedLimitChange({this=0000395400166D40}, {new_limit=27})
[44940:49352:0527/151118.954:VERBOSE1:media_stream_manager.cc(1533)] MSPL::OnSpeedLimitChange({this=0000395400166D40}, {new_limit=26})
[44940:49352:0527/151118.954:VERBOSE1:media_stream_manager.cc(1533)] MSPL::OnSpeedLimitChange({this=0000395400166D40}, {new_limit=27})
[44940:49352:0527/151118.955:VERBOSE1:media_stream_manager.cc(1533)] MSPL::OnSpeedLimitChange({this=0000395400166D40}, {new_limit=26})
[44940:49352:0527/151118.955:VERBOSE1:media_stream_manager.cc(1533)] MSPL::OnSpeedLimitChange({this=0000395400166D40}, {new_limit=27})
[44940:49352:0527/151118.955:VERBOSE1:media_stream_manager.cc(1533)] MSPL::OnSpeedLimitChange({this=0000395400166D40}, {new_limit=26})
[44940:49352:0527/151118.955:VERBOSE1:media_stream_manager.cc(1533)] MSPL::OnSpeedLimitChange({this=0000395400166D40}, {new_limit=25})
[44940:49352:0527/151118.955:VERBOSE1:media_stream_manager.cc(1533)] MSPL::OnSpeedLimitChange({this=0000395400166D40}, {new_limit=24})
[44940:49352:0527/151118.955:VERBOSE1:media_stream_manager.cc(1533)] MSPL::OnSpeedLimitChange({this=0000395400166D40}, {new_limit=25})
[44940:49352:0527/151118.955:VERBOSE1:media_stream_manager.cc(1533)] MSPL::OnSpeedLimitChange({this=0000395400166D40}, {new_limit=24})
[44940:49352:0527/151118.955:VERBOSE1:media_stream_manager.cc(1533)] MSPL::OnSpeedLimitChange({this=0000395400166D40}, {new_limit=25})
[44940:49352:0527/151118.955:VERBOSE1:media_stream_manager.cc(1533)] MSPL::OnSpeedLimitChange({this=0000395400166D40}, {new_limit=26})
[44940:49352:0527/151118.955:VERBOSE1:media_stream_manager.cc(1533)] MSPL::OnSpeedLimitChange({this=0000395400166D40}, {new_limit=27})
[44940:49352:0527/151118.955:VERBOSE1:media_stream_manager.cc(1533)] MSPL::OnSpeedLimitChange({this=0000395400166D40}, {new_limit=26})
[44940:49352:0527/151118.955:VERBOSE1:media_stream_manager.cc(1533)] MSPL::OnSpeedLimitChange({this=0000395400166D40}, {new_limit=27})
[44940:49352:0527/151118.955:VERBOSE1:media_stream_manager.cc(1533)] MSPL::OnSpeedLimitChange({this=0000395400166D40}, {new_limit=26})
[44940:49352:0527/151119.780:VERBOSE1:media_stream_manager.cc(1533)] MSPL::OnSpeedLimitChange({this=0000395400166D40}, {new_limit=25})
[44940:49352:0527/151121.781:VERBOSE1:media_stream_manager.cc(1533)] MSPL::OnSpeedLimitChange({this=0000395400166D40}, {new_limit=24})
[44940:49352:0527/151122.781:VERBOSE1:media_stream_manager.cc(1533)] MSPL::OnSpeedLimitChange({this=0000395400166D40}, {new_limit=23})
[44940:49352:0527/151123.782:VERBOSE1:media_stream_manager.cc(1533)] MSPL::OnSpeedLimitChange({this=0000395400166D40}, {new_limit=22})
[44940:49352:0527/151125.949:VERBOSE1:media_stream_manager.cc(1533)] MSPL::OnSpeedLimitChange({this=0000395400166D40}, {new_limit=21})
[44940:49352:0527/151126.948:VERBOSE1:media_stream_manager.cc(1533)] MSPL::OnSpeedLimitChange({this=0000395400166D40}, {new_limit=22})
[44940:49352:0527/151129.949:VERBOSE1:media_stream_manager.cc(1533)] MSPL::OnSpeedLimitChange({this=0000395400166D40}, {new_limit=23})
[44940:49352:0527/151130.949:VERBOSE1:media_stream_manager.cc(1533)] MSPL::OnSpeedLimitChange({this=0000395400166D40}, {new_limit=24})
[44940:49352:0527/151132.950:VERBOSE1:media_stream_manager.cc(1533)] MSPL::OnSpeedLimitChange({this=0000395400166D40}, {new_limit=25})
[44940:49352:0527/151133.948:VERBOSE1:media_stream_manager.cc(1533)] MSPL::OnSpeedLimitChange({this=0000395400166D40}, {new_limit=26})
[44940:49352:0527/151135.949:VERBOSE1:media_stream_manager.cc(1533)] MSPL::OnSpeedLimitChange({this=0000395400166D40}, {new_limit=27})
[44940:49352:0527/151146.952:VERBOSE1:media_stream_manager.cc(1533)] MSPL::OnSpeedLimitChange({this=0000395400166D40}, {new_limit=28})
[44940:49352:0527/151150.952:VERBOSE1:media_stream_manager.cc(1533)] MSPL::OnSpeedLimitChange({this=0000395400166D40}, {new_limit=27})
[44940:49352:0527/151200.953:VERBOSE1:media_stream_manager.cc(1533)] MSPL::OnSpeedLimitChange({this=0000395400166D40}, {new_limit=28})
[44940:49352:0527/151204.953:VERBOSE1:media_stream_manager.cc(1533)] MSPL::OnSpeedLimitChange({this=0000395400166D40}, {new_limit=27})
[44940:49352:0527/151205.955:VERBOSE1:media_stream_manager.cc(1533)] MSPL::OnSpeedLimitChange({this=0000395400166D40}, {new_limit=26})
[44940:49352:0527/151207.956:VERBOSE1:media_stream_manager.cc(1533)] MSPL::OnSpeedLimitChange({this=0000395400166D40}, {new_limit=25})
[45360:55956:0527/151215.624:VERBOSE1:network_delegate.cc(36)] NetworkDelegate::NotifyBeforeURLRequest: https://optimizationguide-pa.googleapis.com/v1:GetModels?key=dummytoken
[45360:55956:0527/151215.625:VERBOSE1:network_delegate.cc(36)] NetworkDelegate::NotifyBeforeURLRequest: https://dns.google/dns-query?dns=AAABAAABAAAAAAABFG9wdGltaXphdGlvbmd1aWRlLXBhCmdvb2dsZWFwaXMDY29tAAABAAEAACkQAAAAAAAAQAAMADwAAAAAAAAAAAAAAAAAAAAAAAAAAAAAAAAAAAAAAAAAAAAAAAAAAAAAAAAAAAAAAAAAAAAAAAAAAAAAAAA
[45360:55956:0527/151215.626:VERBOSE1:network_delegate.cc(36)] NetworkDelegate::NotifyBeforeURLRequest: https://dns.google/dns-query?dns=AAABAAABAAAAAAABFG9wdGltaXphdGlvbmd1aWRlLXBhCmdvb2dsZWFwaXMDY29tAABBAAEAACkQAAAAAAAAQAAMADwAAAAAAAAAAAAAAAAAAAAAAAAAAAAAAAAAAAAAAAAAAAAAAAAAAAAAAAAAAAAAAAAAAAAAAAAAAAAAAAA
[45360:55956:0527/151215.634:VERBOSE1:tls_handshaker.cc(105)] TlsClient: Continuing handshake
[45360:55956:0527/151215.635:VERBOSE1:tls_handshaker.cc(126)] TlsClient: SSL_do_handshake returned when entering early data. After retry, rv=-1, SSL_in_early_data=1
[45360:55956:0527/151215.722:VERBOSE1:tls_handshaker.cc(105)] TlsClient: Continuing handshake
[45360:55956:0527/151215.722:VERBOSE1:tls_handshaker.cc(105)] TlsClient: Continuing handshake
[45360:55956:0527/151215.722:VERBOSE1:tls_client_handshaker.cc(528)] Client: handshake finished
[45360:55956:0527/151215.795:VERBOSE1:tls_handshaker.cc(105)] TlsClient: Continuing handshake
[45360:55956:0527/151215.796:VERBOSE1:tls_handshaker.cc(126)] TlsClient: SSL_do_handshake returned when entering early data. After retry, rv=-1, SSL_in_early_data=1
[45360:55956:0527/151215.875:VERBOSE1:tls_handshaker.cc(105)] TlsClient: Continuing handshake
[45360:55956:0527/151215.875:VERBOSE1:tls_handshaker.cc(105)] TlsClient: Continuing handshake
[45360:55956:0527/151215.875:VERBOSE1:tls_client_handshaker.cc(528)] Client: handshake finished
[44940:49352:0527/151215.956:VERBOSE1:media_stream_manager.cc(1533)] MSPL::OnSpeedLimitChange({this=0000395400166D40}, {new_limit=26})
[44940:49352:0527/151227.958:VERBOSE1:media_stream_manager.cc(1533)] MSPL::OnSpeedLimitChange({this=0000395400166D40}, {new_limit=28})
[44940:49352:0527/151235.958:VERBOSE1:media_stream_manager.cc(1533)] MSPL::OnSpeedLimitChange({this=0000395400166D40}, {new_limit=27})
[44940:7264:0527/151243.894:VERBOSE1:device_event_log_impl.cc(198)] [15:12:43.894] Display: EVENT: screen_win.cc:893 Displays updated, count: 2
[44940:7264:0527/151243.894:VERBOSE1:device_event_log_impl.cc(198)] [15:12:43.894] Display: EVENT: screen_win.cc:895 Display[2848582967] bounds=[0,0 1440x900], workarea=[0,0 1440x852], scale=2, rotation=0, panel_rotation=0 external detected
[44940:7264:0527/151243.895:VERBOSE1:device_event_log_impl.cc(198)] [15:12:43.894] Display: EVENT: screen_win.cc:895 Display[1487107518] bounds=[-283,-1440 3440x1440], workarea=[-283,-1440 3440x1392], scale=1, rotation=0, panel_rotation=0 external detected
[44940:49352:0527/151246.836:VERBOSE1:media_stream_manager.cc(1533)] MSPL::OnSpeedLimitChange({this=0000395400166D40}, {new_limit=26})
[44940:49352:0527/151249.136:VERBOSE1:media_stream_manager.cc(1533)] MSPL::OnSpeedLimitChange({this=0000395400166D40}, {new_limit=25})
[44940:49352:0527/151250.139:VERBOSE1:media_stream_manager.cc(1533)] MSPL::OnSpeedLimitChange({this=0000395400166D40}, {new_limit=24})
[44940:49352:0527/151256.137:VERBOSE1:media_stream_manager.cc(1533)] MSPL::OnSpeedLimitChange({this=0000395400166D40}, {new_limit=25})
[44940:49352:0527/151258.136:VERBOSE1:media_stream_manager.cc(1533)] MSPL::OnSpeedLimitChange({this=0000395400166D40}, {new_limit=26})
[44940:49352:0527/151300.137:VERBOSE1:media_stream_manager.cc(1533)] MSPL::OnSpeedLimitChange({this=0000395400166D40}, {new_limit=27})
[44940:49352:0527/151315.140:VERBOSE1:media_stream_manager.cc(1533)] MSPL::OnSpeedLimitChange({this=0000395400166D40}, {new_limit=26})
[44940:49352:0527/151316.140:VERBOSE1:media_stream_manager.cc(1533)] MSPL::OnSpeedLimitChange({this=0000395400166D40}, {new_limit=25})
[44940:49352:0527/151325.142:VERBOSE1:media_stream_manager.cc(1533)] MSPL::OnSpeedLimitChange({this=0000395400166D40}, {new_limit=27})
[44940:7264:0527/151326.730:VERBOSE1:device_event_log_impl.cc(198)] [15:13:26.730] Display: EVENT: screen_win.cc:893 Displays updated, count: 2
[44940:7264:0527/151326.730:VERBOSE1:device_event_log_impl.cc(198)] [15:13:26.731] Display: EVENT: screen_win.cc:895 Display[2848582967] bounds=[0,0 1440x900], workarea=[0,0 1440x852], scale=2, rotation=0, panel_rotation=0 external detected
[44940:7264:0527/151326.730:VERBOSE1:device_event_log_impl.cc(198)] [15:13:26.731] Display: EVENT: screen_win.cc:895 Display[1487107518] bounds=[-283,-1440 3440x1440], workarea=[-283,-1440 3440x1392], scale=1, rotation=0, panel_rotation=0 external detected
[44940:49352:0527/151328.690:VERBOSE1:media_stream_manager.cc(1533)] MSPL::OnSpeedLimitChange({this=0000395400166D40}, {new_limit=26})
[44940:49352:0527/151329.864:VERBOSE1:media_stream_manager.cc(1533)] MSPL::OnSpeedLimitChange({this=0000395400166D40}, {new_limit=25})
[44940:49352:0527/151331.864:VERBOSE1:media_stream_manager.cc(1533)] MSPL::OnSpeedLimitChange({this=0000395400166D40}, {new_limit=24})
[44940:49352:0527/151332.881:VERBOSE1:media_stream_manager.cc(1533)] MSPL::OnSpeedLimitChange({this=0000395400166D40}, {new_limit=23})
[44940:49352:0527/151333.881:VERBOSE1:media_stream_manager.cc(1533)] MSPL::OnSpeedLimitChange({this=0000395400166D40}, {new_limit=22})
[44940:49352:0527/151335.881:VERBOSE1:media_stream_manager.cc(1533)] MSPL::OnSpeedLimitChange({this=0000395400166D40}, {new_limit=21})
[44940:49352:0527/151345.885:VERBOSE1:media_stream_manager.cc(1533)] MSPL::OnSpeedLimitChange({this=0000395400166D40}, {new_limit=20})
[44940:49352:0527/151349.885:VERBOSE1:media_stream_manager.cc(1533)] MSPL::OnSpeedLimitChange({this=0000395400166D40}, {new_limit=19})
[44940:49352:0527/151354.885:VERBOSE1:media_stream_manager.cc(1533)] MSPL::OnSpeedLimitChange({this=0000395400166D40}, {new_limit=20})
[44940:49352:0527/151355.887:VERBOSE1:media_stream_manager.cc(1533)] MSPL::OnSpeedLimitChange({this=0000395400166D40}, {new_limit=21})
[44940:49352:0527/151359.884:VERBOSE1:media_stream_manager.cc(1533)] MSPL::OnSpeedLimitChange({this=0000395400166D40}, {new_limit=22})
[44940:49352:0527/151406.897:VERBOSE1:media_stream_manager.cc(1533)] MSPL::OnSpeedLimitChange({this=0000395400166D40}, {new_limit=21})
[44940:49352:0527/151412.906:VERBOSE1:media_stream_manager.cc(1533)] MSPL::OnSpeedLimitChange({this=0000395400166D40}, {new_limit=22})
[44940:49352:0527/151427.903:VERBOSE1:media_stream_manager.cc(1533)] MSPL::OnSpeedLimitChange({this=0000395400166D40}, {new_limit=21})
[44940:49352:0527/151435.921:VERBOSE1:media_stream_manager.cc(1533)] MSPL::OnSpeedLimitChange({this=0000395400166D40}, {new_limit=22})
[44940:49352:0527/151444.923:VERBOSE1:media_stream_manager.cc(1533)] MSPL::OnSpeedLimitChange({this=0000395400166D40}, {new_limit=21})
[44940:49352:0527/151454.092:VERBOSE1:media_stream_manager.cc(1533)] MSPL::OnSpeedLimitChange({this=0000395400166D40}, {new_limit=22})
[44940:49352:0527/151455.092:VERBOSE1:media_stream_manager.cc(1533)] MSPL::OnSpeedLimitChange({this=0000395400166D40}, {new_limit=23})
[45360:55956:0527/151455.426:VERBOSE1:network_delegate.cc(36)] NetworkDelegate::NotifyBeforeURLRequest: https://optimizationguide-pa.googleapis.com/v1:GetModels?key=dummytoken
[45360:55956:0527/151455.427:VERBOSE1:network_delegate.cc(36)] NetworkDelegate::NotifyBeforeURLRequest: https://dns.google/dns-query?dns=AAABAAABAAAAAAABFG9wdGltaXphdGlvbmd1aWRlLXBhCmdvb2dsZWFwaXMDY29tAAABAAEAACkQAAAAAAAAQAAMADwAAAAAAAAAAAAAAAAAAAAAAAAAAAAAAAAAAAAAAAAAAAAAAAAAAAAAAAAAAAAAAAAAAAAAAAAAAAAAAAA
[45360:55956:0527/151455.427:VERBOSE1:network_delegate.cc(36)] NetworkDelegate::NotifyBeforeURLRequest: https://dns.google/dns-query?dns=AAABAAABAAAAAAABFG9wdGltaXphdGlvbmd1aWRlLXBhCmdvb2dsZWFwaXMDY29tAABBAAEAACkQAAAAAAAAQAAMADwAAAAAAAAAAAAAAAAAAAAAAAAAAAAAAAAAAAAAAAAAAAAAAAAAAAAAAAAAAAAAAAAAAAAAAAAAAAAAAAA
[45360:55956:0527/151455.428:VERBOSE1:tls_handshaker.cc(105)] TlsClient: Continuing handshake
[45360:55956:0527/151455.428:VERBOSE1:tls_handshaker.cc(126)] TlsClient: SSL_do_handshake returned when entering early data. After retry, rv=-1, SSL_in_early_data=1
[45360:55956:0527/151455.507:VERBOSE1:tls_handshaker.cc(105)] TlsClient: Continuing handshake
[45360:55956:0527/151455.507:VERBOSE1:tls_handshaker.cc(105)] TlsClient: Continuing handshake
[45360:55956:0527/151455.508:VERBOSE1:tls_client_handshaker.cc(528)] Client: handshake finished
[45360:55956:0527/151455.572:VERBOSE1:tls_handshaker.cc(105)] TlsClient: Continuing handshake
[45360:55956:0527/151455.573:VERBOSE1:tls_handshaker.cc(126)] TlsClient: SSL_do_handshake returned when entering early data. After retry, rv=-1, SSL_in_early_data=1
[45360:55956:0527/151455.632:VERBOSE1:tls_handshaker.cc(105)] TlsClient: Continuing handshake
[45360:55956:0527/151455.632:VERBOSE1:tls_handshaker.cc(105)] TlsClient: Continuing handshake
[45360:55956:0527/151455.632:VERBOSE1:tls_client_handshaker.cc(528)] Client: handshake finished
[44940:49352:0527/151457.093:VERBOSE1:media_stream_manager.cc(1533)] MSPL::OnSpeedLimitChange({this=0000395400166D40}, {new_limit=24})
[44940:49352:0527/151459.092:VERBOSE1:media_stream_manager.cc(1533)] MSPL::OnSpeedLimitChange({this=0000395400166D40}, {new_limit=25})
[44940:49352:0527/151500.091:VERBOSE1:media_stream_manager.cc(1533)] MSPL::OnSpeedLimitChange({this=0000395400166D40}, {new_limit=26})
[44940:49352:0527/151502.091:VERBOSE1:media_stream_manager.cc(1533)] MSPL::OnSpeedLimitChange({this=0000395400166D40}, {new_limit=27})
[44940:49352:0527/151503.092:VERBOSE1:media_stream_manager.cc(1533)] MSPL::OnSpeedLimitChange({this=0000395400166D40}, {new_limit=26})
[44940:49352:0527/151504.092:VERBOSE1:media_stream_manager.cc(1533)] MSPL::OnSpeedLimitChange({this=0000395400166D40}, {new_limit=25})
[44940:49352:0527/151507.092:VERBOSE1:media_stream_manager.cc(1533)] MSPL::OnSpeedLimitChange({this=0000395400166D40}, {new_limit=24})
[44940:49352:0527/151513.094:VERBOSE1:media_stream_manager.cc(1533)] MSPL::OnSpeedLimitChange({this=0000395400166D40}, {new_limit=25})
[44940:49352:0527/151514.093:VERBOSE1:media_stream_manager.cc(1533)] MSPL::OnSpeedLimitChange({this=0000395400166D40}, {new_limit=26})
[44940:49352:0527/151516.094:VERBOSE1:media_stream_manager.cc(1533)] MSPL::OnSpeedLimitChange({this=0000395400166D40}, {new_limit=27})
[44940:49352:0527/151519.094:VERBOSE1:media_stream_manager.cc(1533)] MSPL::OnSpeedLimitChange({this=0000395400166D40}, {new_limit=28})
[44940:49352:0527/151520.094:VERBOSE1:media_stream_manager.cc(1533)] MSPL::OnSpeedLimitChange({this=0000395400166D40}, {new_limit=27})
[44940:49352:0527/151530.097:VERBOSE1:media_stream_manager.cc(1533)] MSPL::OnSpeedLimitChange({this=0000395400166D40}, {new_limit=28})
[44940:49352:0527/151550.100:VERBOSE1:media_stream_manager.cc(1533)] MSPL::OnSpeedLimitChange({this=0000395400166D40}, {new_limit=27})
[44940:49352:0527/151600.103:VERBOSE1:media_stream_manager.cc(1533)] MSPL::OnSpeedLimitChange({this=0000395400166D40}, {new_limit=28})
[44940:49352:0527/151609.104:VERBOSE1:media_stream_manager.cc(1533)] MSPL::OnSpeedLimitChange({this=0000395400166D40}, {new_limit=27})
[44940:7264:0527/151610.725:VERBOSE1:device_event_log_impl.cc(198)] [15:16:10.725] Display: EVENT: screen_win.cc:893 Displays updated, count: 2
[44940:7264:0527/151610.725:VERBOSE1:device_event_log_impl.cc(198)] [15:16:10.725] Display: EVENT: screen_win.cc:895 Display[2848582967] bounds=[0,0 1440x900], workarea=[0,0 1440x852], scale=2, rotation=0, panel_rotation=0 external detected
[44940:7264:0527/151610.725:VERBOSE1:device_event_log_impl.cc(198)] [15:16:10.725] Display: EVENT: screen_win.cc:895 Display[1487107518] bounds=[-283,-1440 3440x1440], workarea=[-283,-1440 3440x1392], scale=1, rotation=0, panel_rotation=0 external detected
[44940:49352:0527/151611.963:VERBOSE1:media_stream_manager.cc(1533)] MSPL::OnSpeedLimitChange({this=0000395400166D40}, {new_limit=26})
[44940:49352:0527/151612.971:VERBOSE1:media_stream_manager.cc(1533)] MSPL::OnSpeedLimitChange({this=0000395400166D40}, {new_limit=25})
[44940:49352:0527/151614.971:VERBOSE1:media_stream_manager.cc(1533)] MSPL::OnSpeedLimitChange({this=0000395400166D40}, {new_limit=24})
[44940:49352:0527/151615.970:VERBOSE1:media_stream_manager.cc(1533)] MSPL::OnSpeedLimitChange({this=0000395400166D40}, {new_limit=23})
[44940:49352:0527/151616.972:VERBOSE1:media_stream_manager.cc(1533)] MSPL::OnSpeedLimitChange({this=0000395400166D40}, {new_limit=22})
[44940:49352:0527/151617.970:VERBOSE1:media_stream_manager.cc(1533)] MSPL::OnSpeedLimitChange({this=0000395400166D40}, {new_limit=21})
[44940:49352:0527/151619.984:VERBOSE1:media_stream_manager.cc(1533)] MSPL::OnSpeedLimitChange({this=0000395400166D40}, {new_limit=20})
[44940:49352:0527/151627.984:VERBOSE1:media_stream_manager.cc(1533)] MSPL::OnSpeedLimitChange({this=0000395400166D40}, {new_limit=21})
[44940:49352:0527/151650.993:VERBOSE1:media_stream_manager.cc(1533)] MSPL::OnSpeedLimitChange({this=0000395400166D40}, {new_limit=20})
[44940:49352:0527/151657.999:VERBOSE1:media_stream_manager.cc(1533)] MSPL::OnSpeedLimitChange({this=0000395400166D40}, {new_limit=21})
[44940:49352:0527/151709.005:VERBOSE1:media_stream_manager.cc(1533)] MSPL::OnSpeedLimitChange({this=0000395400166D40}, {new_limit=22})
[44940:49352:0527/151711.007:VERBOSE1:media_stream_manager.cc(1533)] MSPL::OnSpeedLimitChange({this=0000395400166D40}, {new_limit=23})
[44940:49352:0527/151712.007:VERBOSE1:media_stream_manager.cc(1533)] MSPL::OnSpeedLimitChange({this=0000395400166D40}, {new_limit=24})
[44940:49352:0527/151715.007:VERBOSE1:media_stream_manager.cc(1533)] MSPL::OnSpeedLimitChange({this=0000395400166D40}, {new_limit=23})
[44940:49352:0527/151717.006:VERBOSE1:media_stream_manager.cc(1533)] MSPL::OnSpeedLimitChange({this=0000395400166D40}, {new_limit=24})
[44940:49352:0527/151724.008:VERBOSE1:media_stream_manager.cc(1533)] MSPL::OnSpeedLimitChange({this=0000395400166D40}, {new_limit=25})
[44940:49352:0527/151725.008:VERBOSE1:media_stream_manager.cc(1533)] MSPL::OnSpeedLimitChange({this=0000395400166D40}, {new_limit=27})
[44940:49352:0527/151728.340:VERBOSE1:media_stream_manager.cc(1533)] MSPL::OnSpeedLimitChange({this=0000395400166D40}, {new_limit=28})
[44940:49352:0527/151729.342:VERBOSE1:media_stream_manager.cc(1533)] MSPL::OnSpeedLimitChange({this=0000395400166D40}, {new_limit=27})
[45360:55956:0527/151731.675:VERBOSE1:network_delegate.cc(36)] NetworkDelegate::NotifyBeforeURLRequest: https://optimizationguide-pa.googleapis.com/v1:GetModels?key=dummytoken
[45360:55956:0527/151731.676:VERBOSE1:network_delegate.cc(36)] NetworkDelegate::NotifyBeforeURLRequest: https://dns.google/dns-query?dns=AAABAAABAAAAAAABFG9wdGltaXphdGlvbmd1aWRlLXBhCmdvb2dsZWFwaXMDY29tAAABAAEAACkQAAAAAAAAQAAMADwAAAAAAAAAAAAAAAAAAAAAAAAAAAAAAAAAAAAAAAAAAAAAAAAAAAAAAAAAAAAAAAAAAAAAAAAAAAAAAAA
[45360:55956:0527/151731.677:VERBOSE1:network_delegate.cc(36)] NetworkDelegate::NotifyBeforeURLRequest: https://dns.google/dns-query?dns=AAABAAABAAAAAAABFG9wdGltaXphdGlvbmd1aWRlLXBhCmdvb2dsZWFwaXMDY29tAABBAAEAACkQAAAAAAAAQAAMADwAAAAAAAAAAAAAAAAAAAAAAAAAAAAAAAAAAAAAAAAAAAAAAAAAAAAAAAAAAAAAAAAAAAAAAAAAAAAAAAA
[45360:55956:0527/151731.686:VERBOSE1:tls_handshaker.cc(105)] TlsClient: Continuing handshake
[45360:55956:0527/151731.686:VERBOSE1:tls_handshaker.cc(126)] TlsClient: SSL_do_handshake returned when entering early data. After retry, rv=-1, SSL_in_early_data=1
[45360:55956:0527/151731.746:VERBOSE1:tls_handshaker.cc(105)] TlsClient: Continuing handshake
[45360:55956:0527/151731.746:VERBOSE1:tls_handshaker.cc(105)] TlsClient: Continuing handshake
[45360:55956:0527/151731.746:VERBOSE1:tls_client_handshaker.cc(528)] Client: handshake finished
[45360:55956:0527/151731.793:VERBOSE1:tls_handshaker.cc(105)] TlsClient: Continuing handshake
[45360:55956:0527/151731.793:VERBOSE1:tls_handshaker.cc(126)] TlsClient: SSL_do_handshake returned when entering early data. After retry, rv=-1, SSL_in_early_data=1
[45360:55956:0527/151731.862:VERBOSE1:tls_handshaker.cc(105)] TlsClient: Continuing handshake
[45360:55956:0527/151731.862:VERBOSE1:tls_handshaker.cc(105)] TlsClient: Continuing handshake
[45360:55956:0527/151731.862:VERBOSE1:tls_client_handshaker.cc(528)] Client: handshake finished
[44940:7264:0527/151824.359:VERBOSE1:device_event_log_impl.cc(198)] [15:18:24.358] Display: EVENT: screen_win.cc:893 Displays updated, count: 2
[44940:7264:0527/151824.359:VERBOSE1:device_event_log_impl.cc(198)] [15:18:24.358] Display: EVENT: screen_win.cc:895 Display[2848582967] bounds=[0,0 1440x900], workarea=[0,0 1440x852], scale=2, rotation=0, panel_rotation=0 external detected
[44940:7264:0527/151824.359:VERBOSE1:device_event_log_impl.cc(198)] [15:18:24.358] Display: EVENT: screen_win.cc:895 Display[1487107518] bounds=[-283,-1440 3440x1440], workarea=[-283,-1440 3440x1392], scale=1, rotation=0, panel_rotation=0 external detected
[44940:49352:0527/151826.065:VERBOSE1:media_stream_manager.cc(1533)] MSPL::OnSpeedLimitChange({this=0000395400166D40}, {new_limit=26})
[44940:49352:0527/151827.079:VERBOSE1:media_stream_manager.cc(1533)] MSPL::OnSpeedLimitChange({this=0000395400166D40}, {new_limit=25})
[44940:49352:0527/151829.076:VERBOSE1:media_stream_manager.cc(1533)] MSPL::OnSpeedLimitChange({this=0000395400166D40}, {new_limit=24})
[44940:49352:0527/151830.080:VERBOSE1:media_stream_manager.cc(1533)] MSPL::OnSpeedLimitChange({this=0000395400166D40}, {new_limit=23})
[44940:49352:0527/151832.085:VERBOSE1:media_stream_manager.cc(1533)] MSPL::OnSpeedLimitChange({this=0000395400166D40}, {new_limit=22})
[44940:49352:0527/151833.083:VERBOSE1:media_stream_manager.cc(1533)] MSPL::OnSpeedLimitChange({this=0000395400166D40}, {new_limit=21})
[44940:49352:0527/151835.085:VERBOSE1:media_stream_manager.cc(1533)] MSPL::OnSpeedLimitChange({this=0000395400166D40}, {new_limit=20})
[44940:49352:0527/151836.085:VERBOSE1:media_stream_manager.cc(1533)] MSPL::OnSpeedLimitChange({this=0000395400166D40}, {new_limit=21})
[44940:49352:0527/151839.084:VERBOSE1:media_stream_manager.cc(1533)] MSPL::OnSpeedLimitChange({this=0000395400166D40}, {new_limit=20})
[44940:49352:0527/151845.092:VERBOSE1:media_stream_manager.cc(1533)] MSPL::OnSpeedLimitChange({this=0000395400166D40}, {new_limit=21})
[44940:49352:0527/151851.086:VERBOSE1:media_stream_manager.cc(1533)] MSPL::OnSpeedLimitChange({this=0000395400166D40}, {new_limit=20})
[44940:7264:0527/151859.604:VERBOSE1:device_event_log_impl.cc(198)] [15:18:59.604] Display: EVENT: screen_win.cc:893 Displays updated, count: 2
[44940:7264:0527/151859.604:VERBOSE1:device_event_log_impl.cc(198)] [15:18:59.604] Display: EVENT: screen_win.cc:895 Display[2848582967] bounds=[0,0 1440x900], workarea=[0,0 1440x852], scale=2, rotation=0, panel_rotation=0 external detected
[44940:7264:0527/151859.604:VERBOSE1:device_event_log_impl.cc(198)] [15:18:59.604] Display: EVENT: screen_win.cc:895 Display[1487107518] bounds=[-283,-1440 3440x1440], workarea=[-283,-1440 3440x1392], scale=1, rotation=0, panel_rotation=0 external detected
[44940:49352:0527/151900.104:VERBOSE1:media_stream_manager.cc(1533)] MSPL::OnSpeedLimitChange({this=0000395400166D40}, {new_limit=19})
[44940:49352:0527/151901.103:VERBOSE1:media_stream_manager.cc(1533)] MSPL::OnSpeedLimitChange({this=0000395400166D40}, {new_limit=20})
[44940:49352:0527/151906.103:VERBOSE1:media_stream_manager.cc(1533)] MSPL::OnSpeedLimitChange({this=0000395400166D40}, {new_limit=21})
[44940:49352:0527/151911.104:VERBOSE1:media_stream_manager.cc(1533)] MSPL::OnSpeedLimitChange({this=0000395400166D40}, {new_limit=22})
[44940:49352:0527/151920.104:VERBOSE1:media_stream_manager.cc(1533)] MSPL::OnSpeedLimitChange({this=0000395400166D40}, {new_limit=23})
[44940:49352:0527/151929.104:VERBOSE1:media_stream_manager.cc(1533)] MSPL::OnSpeedLimitChange({this=0000395400166D40}, {new_limit=22})
[44940:49352:0527/151940.122:VERBOSE1:media_stream_manager.cc(1533)] MSPL::OnSpeedLimitChange({this=0000395400166D40}, {new_limit=23})
[44940:49352:0527/151946.123:VERBOSE1:media_stream_manager.cc(1533)] MSPL::OnSpeedLimitChange({this=0000395400166D40}, {new_limit=22})
[44940:49352:0527/151953.125:VERBOSE1:media_stream_manager.cc(1533)] MSPL::OnSpeedLimitChange({this=0000395400166D40}, {new_limit=21})
[44940:49352:0527/152001.142:VERBOSE1:media_stream_manager.cc(1533)] MSPL::OnSpeedLimitChange({this=0000395400166D40}, {new_limit=22})
[44940:49352:0527/152003.144:VERBOSE1:media_stream_manager.cc(1533)] MSPL::OnSpeedLimitChange({this=0000395400166D40}, {new_limit=23})
[44940:49352:0527/152004.144:VERBOSE1:media_stream_manager.cc(1533)] MSPL::OnSpeedLimitChange({this=0000395400166D40}, {new_limit=24})
[45360:55956:0527/152005.477:VERBOSE1:network_delegate.cc(36)] NetworkDelegate::NotifyBeforeURLRequest: https://optimizationguide-pa.googleapis.com/v1:GetModels?key=dummytoken
[45360:55956:0527/152005.478:VERBOSE1:network_delegate.cc(36)] NetworkDelegate::NotifyBeforeURLRequest: https://dns.google/dns-query?dns=AAABAAABAAAAAAABFG9wdGltaXphdGlvbmd1aWRlLXBhCmdvb2dsZWFwaXMDY29tAAABAAEAACkQAAAAAAAAQAAMADwAAAAAAAAAAAAAAAAAAAAAAAAAAAAAAAAAAAAAAAAAAAAAAAAAAAAAAAAAAAAAAAAAAAAAAAAAAAAAAAA
[45360:55956:0527/152005.478:VERBOSE1:network_delegate.cc(36)] NetworkDelegate::NotifyBeforeURLRequest: https://dns.google/dns-query?dns=AAABAAABAAAAAAABFG9wdGltaXphdGlvbmd1aWRlLXBhCmdvb2dsZWFwaXMDY29tAABBAAEAACkQAAAAAAAAQAAMADwAAAAAAAAAAAAAAAAAAAAAAAAAAAAAAAAAAAAAAAAAAAAAAAAAAAAAAAAAAAAAAAAAAAAAAAAAAAAAAAA
[45360:55956:0527/152005.478:VERBOSE1:tls_handshaker.cc(105)] TlsClient: Continuing handshake
[45360:55956:0527/152005.479:VERBOSE1:tls_handshaker.cc(126)] TlsClient: SSL_do_handshake returned when entering early data. After retry, rv=-1, SSL_in_early_data=1
[45360:55956:0527/152005.542:VERBOSE1:tls_handshaker.cc(105)] TlsClient: Continuing handshake
[45360:55956:0527/152005.542:VERBOSE1:tls_handshaker.cc(105)] TlsClient: Continuing handshake
[45360:55956:0527/152005.542:VERBOSE1:tls_client_handshaker.cc(528)] Client: handshake finished
[45360:55956:0527/152005.586:VERBOSE1:tls_handshaker.cc(105)] TlsClient: Continuing handshake
[45360:55956:0527/152005.588:VERBOSE1:tls_handshaker.cc(126)] TlsClient: SSL_do_handshake returned when entering early data. After retry, rv=-1, SSL_in_early_data=1
[45360:55956:0527/152005.643:VERBOSE1:tls_handshaker.cc(105)] TlsClient: Continuing handshake
[45360:55956:0527/152005.645:VERBOSE1:tls_handshaker.cc(105)] TlsClient: Continuing handshake
[45360:55956:0527/152005.645:VERBOSE1:tls_client_handshaker.cc(528)] Client: handshake finished
[44940:49352:0527/152007.144:VERBOSE1:media_stream_manager.cc(1533)] MSPL::OnSpeedLimitChange({this=0000395400166D40}, {new_limit=23})
[44940:49352:0527/152010.145:VERBOSE1:media_stream_manager.cc(1533)] MSPL::OnSpeedLimitChange({this=0000395400166D40}, {new_limit=24})
[44940:49352:0527/152016.145:VERBOSE1:media_stream_manager.cc(1533)] MSPL::OnSpeedLimitChange({this=0000395400166D40}, {new_limit=25})
[44940:49352:0527/152017.145:VERBOSE1:media_stream_manager.cc(1533)] MSPL::OnSpeedLimitChange({this=0000395400166D40}, {new_limit=27})
[44940:7264:0527/152025.933:VERBOSE1:device_event_log_impl.cc(198)] [15:20:25.933] Display: EVENT: screen_win.cc:893 Displays updated, count: 2
[44940:7264:0527/152025.933:VERBOSE1:device_event_log_impl.cc(198)] [15:20:25.933] Display: EVENT: screen_win.cc:895 Display[2848582967] bounds=[0,0 1440x900], workarea=[0,0 1440x852], scale=2, rotation=0, panel_rotation=0 external detected
[44940:7264:0527/152025.933:VERBOSE1:device_event_log_impl.cc(198)] [15:20:25.933] Display: EVENT: screen_win.cc:895 Display[1487107518] bounds=[-283,-1440 3440x1440], workarea=[-283,-1440 3440x1392], scale=1, rotation=0, panel_rotation=0 external detected
[44940:49352:0527/152027.148:VERBOSE1:media_stream_manager.cc(1533)] MSPL::OnSpeedLimitChange({this=0000395400166D40}, {new_limit=26})
[44940:7264:0527/152055.355:VERBOSE1:device_event_log_impl.cc(198)] [15:20:55.355] Display: EVENT: screen_win.cc:893 Displays updated, count: 2
[44940:7264:0527/152055.355:VERBOSE1:device_event_log_impl.cc(198)] [15:20:55.355] Display: EVENT: screen_win.cc:895 Display[2848582967] bounds=[0,0 1440x900], workarea=[0,0 1440x852], scale=2, rotation=0, panel_rotation=0 external detected
[44940:7264:0527/152055.355:VERBOSE1:device_event_log_impl.cc(198)] [15:20:55.355] Display: EVENT: screen_win.cc:895 Display[1487107518] bounds=[-283,-1440 3440x1440], workarea=[-283,-1440 3440x1392], scale=1, rotation=0, panel_rotation=0 external detected
[44940:49352:0527/152057.078:VERBOSE1:media_stream_manager.cc(1533)] MSPL::OnSpeedLimitChange({this=0000395400166D40}, {new_limit=27})
[44940:49352:0527/152057.078:VERBOSE1:media_stream_manager.cc(1533)] MSPL::OnSpeedLimitChange({this=0000395400166D40}, {new_limit=28})
[44940:49352:0527/152057.078:VERBOSE1:media_stream_manager.cc(1533)] MSPL::OnSpeedLimitChange({this=0000395400166D40}, {new_limit=27})
[44940:49352:0527/152057.078:VERBOSE1:media_stream_manager.cc(1533)] MSPL::OnSpeedLimitChange({this=0000395400166D40}, {new_limit=25})
[44940:49352:0527/152057.078:VERBOSE1:media_stream_manager.cc(1533)] MSPL::OnSpeedLimitChange({this=0000395400166D40}, {new_limit=23})
[44940:49352:0527/152057.078:VERBOSE1:media_stream_manager.cc(1533)] MSPL::OnSpeedLimitChange({this=0000395400166D40}, {new_limit=22})
[44940:49352:0527/152057.078:VERBOSE1:media_stream_manager.cc(1533)] MSPL::OnSpeedLimitChange({this=0000395400166D40}, {new_limit=21})
[44940:49352:0527/152057.078:VERBOSE1:media_stream_manager.cc(1533)] MSPL::OnSpeedLimitChange({this=0000395400166D40}, {new_limit=20})
[44940:49352:0527/152057.078:VERBOSE1:media_stream_manager.cc(1533)] MSPL::OnSpeedLimitChange({this=0000395400166D40}, {new_limit=21})
[44940:49352:0527/152057.078:VERBOSE1:media_stream_manager.cc(1533)] MSPL::OnSpeedLimitChange({this=0000395400166D40}, {new_limit=23})
[44940:49352:0527/152058.182:VERBOSE1:media_stream_manager.cc(1533)] MSPL::OnSpeedLimitChange({this=0000395400166D40}, {new_limit=21})
[44940:49352:0527/152059.168:VERBOSE1:media_stream_manager.cc(1533)] MSPL::OnSpeedLimitChange({this=0000395400166D40}, {new_limit=20})
[44940:49352:0527/152101.184:VERBOSE1:media_stream_manager.cc(1533)] MSPL::OnSpeedLimitChange({this=0000395400166D40}, {new_limit=19})
[44940:49352:0527/152103.168:VERBOSE1:media_stream_manager.cc(1533)] MSPL::OnSpeedLimitChange({this=0000395400166D40}, {new_limit=18})
[44940:49352:0527/152104.169:VERBOSE1:media_stream_manager.cc(1533)] MSPL::OnSpeedLimitChange({this=0000395400166D40}, {new_limit=19})
[44940:49352:0527/152105.167:VERBOSE1:media_stream_manager.cc(1533)] MSPL::OnSpeedLimitChange({this=0000395400166D40}, {new_limit=18})
[44940:49352:0527/152106.185:VERBOSE1:media_stream_manager.cc(1533)] MSPL::OnSpeedLimitChange({this=0000395400166D40}, {new_limit=17})
[44940:49352:0527/152108.182:VERBOSE1:media_stream_manager.cc(1533)] MSPL::OnSpeedLimitChange({this=0000395400166D40}, {new_limit=18})
[44940:49352:0527/152111.171:VERBOSE1:media_stream_manager.cc(1533)] MSPL::OnSpeedLimitChange({this=0000395400166D40}, {new_limit=19})
[44940:49352:0527/152116.359:VERBOSE1:media_stream_manager.cc(1533)] MSPL::OnSpeedLimitChange({this=0000395400166D40}, {new_limit=20})
[44940:49352:0527/152117.359:VERBOSE1:media_stream_manager.cc(1533)] MSPL::OnSpeedLimitChange({this=0000395400166D40}, {new_limit=19})
[44940:49352:0527/152118.360:VERBOSE1:media_stream_manager.cc(1533)] MSPL::OnSpeedLimitChange({this=0000395400166D40}, {new_limit=20})
[44940:49352:0527/152119.360:VERBOSE1:media_stream_manager.cc(1533)] MSPL::OnSpeedLimitChange({this=0000395400166D40}, {new_limit=21})
[44940:49352:0527/152120.358:VERBOSE1:media_stream_manager.cc(1533)] MSPL::OnSpeedLimitChange({this=0000395400166D40}, {new_limit=22})
[44940:49352:0527/152121.357:VERBOSE1:media_stream_manager.cc(1533)] MSPL::OnSpeedLimitChange({this=0000395400166D40}, {new_limit=23})
[44940:49352:0527/152122.358:VERBOSE1:media_stream_manager.cc(1533)] MSPL::OnSpeedLimitChange({this=0000395400166D40}, {new_limit=24})
[44940:49352:0527/152124.361:VERBOSE1:media_stream_manager.cc(1533)] MSPL::OnSpeedLimitChange({this=0000395400166D40}, {new_limit=25})
[44940:49352:0527/152125.359:VERBOSE1:media_stream_manager.cc(1533)] MSPL::OnSpeedLimitChange({this=0000395400166D40}, {new_limit=26})
[44940:49352:0527/152127.363:VERBOSE1:media_stream_manager.cc(1533)] MSPL::OnSpeedLimitChange({this=0000395400166D40}, {new_limit=27})
[44940:49352:0527/152128.360:VERBOSE1:media_stream_manager.cc(1533)] MSPL::OnSpeedLimitChange({this=0000395400166D40}, {new_limit=28})
[44940:7264:0527/152129.483:VERBOSE1:device_event_log_impl.cc(198)] [15:21:29.483] Display: EVENT: screen_win.cc:893 Displays updated, count: 2
[44940:7264:0527/152129.483:VERBOSE1:device_event_log_impl.cc(198)] [15:21:29.483] Display: EVENT: screen_win.cc:895 Display[2848582967] bounds=[0,0 1440x900], workarea=[0,0 1440x852], scale=2, rotation=0, panel_rotation=0 external detected
[44940:7264:0527/152129.483:VERBOSE1:device_event_log_impl.cc(198)] [15:21:29.483] Display: EVENT: screen_win.cc:895 Display[1487107518] bounds=[-283,-1440 3440x1440], workarea=[-283,-1440 3440x1392], scale=1, rotation=0, panel_rotation=0 external detected
[44940:49352:0527/152130.198:VERBOSE1:media_stream_manager.cc(1533)] MSPL::OnSpeedLimitChange({this=0000395400166D40}, {new_limit=27})
[44940:49352:0527/152131.210:VERBOSE1:media_stream_manager.cc(1533)] MSPL::OnSpeedLimitChange({this=0000395400166D40}, {new_limit=26})
[44940:49352:0527/152133.441:VERBOSE1:media_stream_manager.cc(1533)] MSPL::OnSpeedLimitChange({this=0000395400166D40}, {new_limit=24})
[44940:49352:0527/152134.445:VERBOSE1:media_stream_manager.cc(1533)] MSPL::OnSpeedLimitChange({this=0000395400166D40}, {new_limit=22})
[44940:49352:0527/152136.440:VERBOSE1:media_stream_manager.cc(1533)] MSPL::OnSpeedLimitChange({this=0000395400166D40}, {new_limit=21})
[44940:49352:0527/152140.443:VERBOSE1:media_stream_manager.cc(1533)] MSPL::OnSpeedLimitChange({this=0000395400166D40}, {new_limit=22})
[44940:49352:0527/152141.444:VERBOSE1:media_stream_manager.cc(1533)] MSPL::OnSpeedLimitChange({this=0000395400166D40}, {new_limit=23})
[44940:49352:0527/152143.443:VERBOSE1:media_stream_manager.cc(1533)] MSPL::OnSpeedLimitChange({this=0000395400166D40}, {new_limit=25})
[44940:49352:0527/152144.444:VERBOSE1:media_stream_manager.cc(1533)] MSPL::OnSpeedLimitChange({this=0000395400166D40}, {new_limit=27})
[44940:49352:0527/152146.443:VERBOSE1:media_stream_manager.cc(1533)] MSPL::OnSpeedLimitChange({this=0000395400166D40}, {new_limit=28})
[44940:49352:0527/152150.443:VERBOSE1:media_stream_manager.cc(1533)] MSPL::OnSpeedLimitChange({this=0000395400166D40}, {new_limit=27})
[44940:49352:0527/152200.445:VERBOSE1:media_stream_manager.cc(1533)] MSPL::OnSpeedLimitChange({this=0000395400166D40}, {new_limit=28})
[44940:7264:0527/152214.542:VERBOSE1:device_event_log_impl.cc(198)] [15:22:14.543] Display: EVENT: screen_win.cc:893 Displays updated, count: 2
[44940:7264:0527/152214.543:VERBOSE1:device_event_log_impl.cc(198)] [15:22:14.543] Display: EVENT: screen_win.cc:895 Display[2848582967] bounds=[0,0 1440x900], workarea=[0,0 1440x852], scale=2, rotation=0, panel_rotation=0 external detected
[44940:7264:0527/152214.543:VERBOSE1:device_event_log_impl.cc(198)] [15:22:14.543] Display: EVENT: screen_win.cc:895 Display[1487107518] bounds=[-283,-1440 3440x1440], workarea=[-283,-1440 3440x1392], scale=1, rotation=0, panel_rotation=0 external detected
[44940:49352:0527/152215.222:VERBOSE1:media_stream_manager.cc(1533)] MSPL::OnSpeedLimitChange({this=0000395400166D40}, {new_limit=27})
[44940:49352:0527/152216.214:VERBOSE1:media_stream_manager.cc(1533)] MSPL::OnSpeedLimitChange({this=0000395400166D40}, {new_limit=26})
[44940:49352:0527/152218.214:VERBOSE1:media_stream_manager.cc(1533)] MSPL::OnSpeedLimitChange({this=0000395400166D40}, {new_limit=25})
[44940:49352:0527/152225.802:VERBOSE1:media_stream_manager.cc(1533)] MSPL::OnSpeedLimitChange({this=0000395400166D40}, {new_limit=24})
[44940:49352:0527/152225.802:VERBOSE1:media_stream_manager.cc(1533)] MSPL::OnSpeedLimitChange({this=0000395400166D40}, {new_limit=23})
[44940:49352:0527/152225.802:VERBOSE1:media_stream_manager.cc(1533)] MSPL::OnSpeedLimitChange({this=0000395400166D40}, {new_limit=24})
[44940:49352:0527/152227.233:VERBOSE1:media_stream_manager.cc(1533)] MSPL::OnSpeedLimitChange({this=0000395400166D40}, {new_limit=23})
[44940:49352:0527/152230.231:VERBOSE1:media_stream_manager.cc(1533)] MSPL::OnSpeedLimitChange({this=0000395400166D40}, {new_limit=22})
