[808:14356:0527/124141.283:WARNING:chrome_main_delegate.cc(745)] This is Chrome version 128.0.6613.138 (not a warning)
[808:54660:0527/124141.376:ERROR:google_update_settings.cc(265)] Failed opening key Software\Chromium to set usagestats; result: 5
[808:14356:0527/124141.395:WARNING:account_consistency_mode_manager.cc(77)] Desktop Identity Consistency cannot be enabled as no OAuth client ID and client secret have been configured.
[49420:28488:0527/124147.545:WARNING:frame_impl.cc(430)] virtual CefFrameImpl::SendProcessMessage sent to detached frame 5-3B0D969842ED57B54970C986F0D24C99 will be ignored
[808:42536:0527/124252.023:VERBOSE1:media_stream_manager.cc(1533)] MSPL::OnSpeedLimitChange({this=0000156402366D40}, {new_limit=18})
[808:42536:0527/124301.004:VERBOSE1:media_stream_manager.cc(1533)] MSPL::OnSpeedLimitChange({this=0000156402366D40}, {new_limit=19})
[808:42536:0527/124302.017:VERBOSE1:media_stream_manager.cc(1533)] MSPL::OnSpeedLimitChange({this=0000156402366D40}, {new_limit=20})
[808:42536:0527/124306.028:VERBOSE1:media_stream_manager.cc(1533)] MSPL::OnSpeedLimitChange({this=0000156402366D40}, {new_limit=21})
[808:42536:0527/124308.018:VERBOSE1:media_stream_manager.cc(1533)] MSPL::OnSpeedLimitChange({this=0000156402366D40}, {new_limit=20})
[808:42536:0527/124309.017:VERBOSE1:media_stream_manager.cc(1533)] MSPL::OnSpeedLimitChange({this=0000156402366D40}, {new_limit=21})
[808:42536:0527/124313.014:VERBOSE1:media_stream_manager.cc(1533)] MSPL::OnSpeedLimitChange({this=0000156402366D40}, {new_limit=22})
[808:42536:0527/124317.010:VERBOSE1:media_stream_manager.cc(1533)] MSPL::OnSpeedLimitChange({this=0000156402366D40}, {new_limit=21})
[808:42536:0527/124319.022:VERBOSE1:media_stream_manager.cc(1533)] MSPL::OnSpeedLimitChange({this=0000156402366D40}, {new_limit=20})
[808:42536:0527/124326.016:VERBOSE1:media_stream_manager.cc(1533)] MSPL::OnSpeedLimitChange({this=0000156402366D40}, {new_limit=21})
[808:42536:0527/124329.020:VERBOSE1:media_stream_manager.cc(1533)] MSPL::OnSpeedLimitChange({this=0000156402366D40}, {new_limit=22})
[808:42536:0527/124330.021:VERBOSE1:media_stream_manager.cc(1533)] MSPL::OnSpeedLimitChange({this=0000156402366D40}, {new_limit=23})
[808:42536:0527/124333.020:VERBOSE1:media_stream_manager.cc(1533)] MSPL::OnSpeedLimitChange({this=0000156402366D40}, {new_limit=24})
[808:42536:0527/124335.037:VERBOSE1:media_stream_manager.cc(1533)] MSPL::OnSpeedLimitChange({this=0000156402366D40}, {new_limit=23})
[45968:54092:0527/124346.727:VERBOSE1:tls_handshaker.cc(105)] TlsClient: Continuing handshake
[45968:54092:0527/124346.727:VERBOSE1:tls_handshaker.cc(126)] TlsClient: SSL_do_handshake returned when entering early data. After retry, rv=-1, SSL_in_early_data=1
[45968:54092:0527/124346.813:VERBOSE1:tls_handshaker.cc(105)] TlsClient: Continuing handshake
[45968:54092:0527/124346.813:VERBOSE1:tls_handshaker.cc(105)] TlsClient: Continuing handshake
[45968:54092:0527/124346.813:VERBOSE1:tls_client_handshaker.cc(528)] Client: handshake finished
[808:42536:0527/124348.042:VERBOSE1:media_stream_manager.cc(1533)] MSPL::OnSpeedLimitChange({this=0000156402366D40}, {new_limit=24})
[808:42536:0527/124350.050:VERBOSE1:media_stream_manager.cc(1533)] MSPL::OnSpeedLimitChange({this=0000156402366D40}, {new_limit=23})
[808:42536:0527/124351.049:VERBOSE1:media_stream_manager.cc(1533)] MSPL::OnSpeedLimitChange({this=0000156402366D40}, {new_limit=22})
[808:42536:0527/124356.049:VERBOSE1:media_stream_manager.cc(1533)] MSPL::OnSpeedLimitChange({this=0000156402366D40}, {new_limit=23})
[808:42536:0527/124400.056:VERBOSE1:media_stream_manager.cc(1533)] MSPL::OnSpeedLimitChange({this=0000156402366D40}, {new_limit=22})
[808:42536:0527/124401.280:VERBOSE1:media_stream_manager.cc(1533)] MSPL::OnSpeedLimitChange({this=0000156402366D40}, {new_limit=23})
[808:42536:0527/124402.045:VERBOSE1:media_stream_manager.cc(1533)] MSPL::OnSpeedLimitChange({this=0000156402366D40}, {new_limit=22})
[808:42536:0527/124403.061:VERBOSE1:media_stream_manager.cc(1533)] MSPL::OnSpeedLimitChange({this=0000156402366D40}, {new_limit=21})
[808:42536:0527/124404.056:VERBOSE1:media_stream_manager.cc(1533)] MSPL::OnSpeedLimitChange({this=0000156402366D40}, {new_limit=20})
[808:42536:0527/124406.056:VERBOSE1:media_stream_manager.cc(1533)] MSPL::OnSpeedLimitChange({this=0000156402366D40}, {new_limit=19})
[808:42536:0527/124407.936:VERBOSE1:media_stream_manager.cc(1533)] MSPL::OnSpeedLimitChange({this=0000156402366D40}, {new_limit=18})
[808:42536:0527/124411.066:VERBOSE1:media_stream_manager.cc(1533)] MSPL::OnSpeedLimitChange({this=0000156402366D40}, {new_limit=19})
[808:42536:0527/124412.062:VERBOSE1:media_stream_manager.cc(1533)] MSPL::OnSpeedLimitChange({this=0000156402366D40}, {new_limit=20})
[808:42536:0527/124413.061:VERBOSE1:media_stream_manager.cc(1533)] MSPL::OnSpeedLimitChange({this=0000156402366D40}, {new_limit=21})
[808:42536:0527/124414.056:VERBOSE1:media_stream_manager.cc(1533)] MSPL::OnSpeedLimitChange({this=0000156402366D40}, {new_limit=22})
[808:42536:0527/124416.055:VERBOSE1:media_stream_manager.cc(1533)] MSPL::OnSpeedLimitChange({this=0000156402366D40}, {new_limit=23})
[808:42536:0527/124417.056:VERBOSE1:media_stream_manager.cc(1533)] MSPL::OnSpeedLimitChange({this=0000156402366D40}, {new_limit=22})
[808:42536:0527/124418.055:VERBOSE1:media_stream_manager.cc(1533)] MSPL::OnSpeedLimitChange({this=0000156402366D40}, {new_limit=23})
[808:42536:0527/124428.062:VERBOSE1:media_stream_manager.cc(1533)] MSPL::OnSpeedLimitChange({this=0000156402366D40}, {new_limit=24})
[808:42536:0527/124429.079:VERBOSE1:media_stream_manager.cc(1533)] MSPL::OnSpeedLimitChange({this=0000156402366D40}, {new_limit=23})
[808:42536:0527/124436.082:VERBOSE1:media_stream_manager.cc(1533)] MSPL::OnSpeedLimitChange({this=0000156402366D40}, {new_limit=24})
[808:42536:0527/124446.077:VERBOSE1:media_stream_manager.cc(1533)] MSPL::OnSpeedLimitChange({this=0000156402366D40}, {new_limit=23})
[45968:54092:0527/124448.096:VERBOSE1:network_delegate.cc(36)] NetworkDelegate::NotifyBeforeURLRequest: https://optimizationguide-pa.googleapis.com/v1:GetModels?key=dummytoken
[45968:54092:0527/124448.097:VERBOSE1:tls_handshaker.cc(105)] TlsClient: Continuing handshake
[45968:54092:0527/124448.098:VERBOSE1:tls_handshaker.cc(126)] TlsClient: SSL_do_handshake returned when entering early data. After retry, rv=-1, SSL_in_early_data=1
[45968:54092:0527/124448.193:VERBOSE1:tls_handshaker.cc(105)] TlsClient: Continuing handshake
[45968:54092:0527/124448.193:VERBOSE1:tls_handshaker.cc(105)] TlsClient: Continuing handshake
[45968:54092:0527/124448.193:VERBOSE1:tls_client_handshaker.cc(528)] Client: handshake finished
[808:42536:0527/124450.088:VERBOSE1:media_stream_manager.cc(1533)] MSPL::OnSpeedLimitChange({this=0000156402366D40}, {new_limit=22})
[808:42536:0527/124452.084:VERBOSE1:media_stream_manager.cc(1533)] MSPL::OnSpeedLimitChange({this=0000156402366D40}, {new_limit=21})
[808:42536:0527/124501.081:VERBOSE1:media_stream_manager.cc(1533)] MSPL::OnSpeedLimitChange({this=0000156402366D40}, {new_limit=22})
[808:42536:0527/124503.083:VERBOSE1:media_stream_manager.cc(1533)] MSPL::OnSpeedLimitChange({this=0000156402366D40}, {new_limit=21})
[808:42536:0527/124504.083:VERBOSE1:media_stream_manager.cc(1533)] MSPL::OnSpeedLimitChange({this=0000156402366D40}, {new_limit=22})
[808:42536:0527/124520.110:VERBOSE1:media_stream_manager.cc(1533)] MSPL::OnSpeedLimitChange({this=0000156402366D40}, {new_limit=21})
[808:42536:0527/124522.106:VERBOSE1:media_stream_manager.cc(1533)] MSPL::OnSpeedLimitChange({this=0000156402366D40}, {new_limit=22})
[808:42536:0527/124523.107:VERBOSE1:media_stream_manager.cc(1533)] MSPL::OnSpeedLimitChange({this=0000156402366D40}, {new_limit=21})
[808:42536:0527/124527.116:VERBOSE1:media_stream_manager.cc(1533)] MSPL::OnSpeedLimitChange({this=0000156402366D40}, {new_limit=22})
[808:42536:0527/124535.110:VERBOSE1:media_stream_manager.cc(1533)] MSPL::OnSpeedLimitChange({this=0000156402366D40}, {new_limit=23})
[808:42536:0527/124539.119:VERBOSE1:media_stream_manager.cc(1533)] MSPL::OnSpeedLimitChange({this=0000156402366D40}, {new_limit=22})
[808:42536:0527/124540.117:VERBOSE1:media_stream_manager.cc(1533)] MSPL::OnSpeedLimitChange({this=0000156402366D40}, {new_limit=21})
[808:42536:0527/124541.118:VERBOSE1:media_stream_manager.cc(1533)] MSPL::OnSpeedLimitChange({this=0000156402366D40}, {new_limit=20})
[808:42536:0527/124545.123:VERBOSE1:media_stream_manager.cc(1533)] MSPL::OnSpeedLimitChange({this=0000156402366D40}, {new_limit=19})
[808:42536:0527/124547.116:VERBOSE1:media_stream_manager.cc(1533)] MSPL::OnSpeedLimitChange({this=0000156402366D40}, {new_limit=18})
[808:42536:0527/124549.129:VERBOSE1:media_stream_manager.cc(1533)] MSPL::OnSpeedLimitChange({this=0000156402366D40}, {new_limit=19})
[808:42536:0527/124554.132:VERBOSE1:media_stream_manager.cc(1533)] MSPL::OnSpeedLimitChange({this=0000156402366D40}, {new_limit=20})
[808:42536:0527/124557.136:VERBOSE1:media_stream_manager.cc(1533)] MSPL::OnSpeedLimitChange({this=0000156402366D40}, {new_limit=21})
[808:42536:0527/124600.137:VERBOSE1:media_stream_manager.cc(1533)] MSPL::OnSpeedLimitChange({this=0000156402366D40}, {new_limit=22})
[808:42536:0527/124637.156:VERBOSE1:media_stream_manager.cc(1533)] MSPL::OnSpeedLimitChange({this=0000156402366D40}, {new_limit=23})
[808:42536:0527/124639.158:VERBOSE1:media_stream_manager.cc(1533)] MSPL::OnSpeedLimitChange({this=0000156402366D40}, {new_limit=22})
[808:42536:0527/124640.158:VERBOSE1:media_stream_manager.cc(1533)] MSPL::OnSpeedLimitChange({this=0000156402366D40}, {new_limit=23})
[808:42536:0527/124648.162:VERBOSE1:media_stream_manager.cc(1533)] MSPL::OnSpeedLimitChange({this=0000156402366D40}, {new_limit=24})
[808:42536:0527/124651.165:VERBOSE1:media_stream_manager.cc(1533)] MSPL::OnSpeedLimitChange({this=0000156402366D40}, {new_limit=23})
[808:42536:0527/124657.173:VERBOSE1:media_stream_manager.cc(1533)] MSPL::OnSpeedLimitChange({this=0000156402366D40}, {new_limit=22})
[808:42536:0527/124708.480:VERBOSE1:media_stream_manager.cc(1533)] MSPL::OnSpeedLimitChange({this=0000156402366D40}, {new_limit=23})
[808:42536:0527/124710.485:VERBOSE1:media_stream_manager.cc(1533)] MSPL::OnSpeedLimitChange({this=0000156402366D40}, {new_limit=24})
[808:42536:0527/124714.486:VERBOSE1:media_stream_manager.cc(1533)] MSPL::OnSpeedLimitChange({this=0000156402366D40}, {new_limit=25})
[808:42536:0527/124716.485:VERBOSE1:media_stream_manager.cc(1533)] MSPL::OnSpeedLimitChange({this=0000156402366D40}, {new_limit=26})
[45968:54092:0527/124719.818:VERBOSE1:network_delegate.cc(36)] NetworkDelegate::NotifyBeforeURLRequest: https://optimizationguide-pa.googleapis.com/v1:GetModels?key=dummytoken
[45968:54092:0527/124719.819:VERBOSE1:network_delegate.cc(36)] NetworkDelegate::NotifyBeforeURLRequest: https://dns.google/dns-query?dns=AAABAAABAAAAAAABFG9wdGltaXphdGlvbmd1aWRlLXBhCmdvb2dsZWFwaXMDY29tAAABAAEAACkQAAAAAAAAQAAMADwAAAAAAAAAAAAAAAAAAAAAAAAAAAAAAAAAAAAAAAAAAAAAAAAAAAAAAAAAAAAAAAAAAAAAAAAAAAAAAAA
[45968:54092:0527/124719.820:VERBOSE1:network_delegate.cc(36)] NetworkDelegate::NotifyBeforeURLRequest: https://dns.google/dns-query?dns=AAABAAABAAAAAAABFG9wdGltaXphdGlvbmd1aWRlLXBhCmdvb2dsZWFwaXMDY29tAABBAAEAACkQAAAAAAAAQAAMADwAAAAAAAAAAAAAAAAAAAAAAAAAAAAAAAAAAAAAAAAAAAAAAAAAAAAAAAAAAAAAAAAAAAAAAAAAAAAAAAA
[45968:54092:0527/124719.831:VERBOSE1:tls_handshaker.cc(105)] TlsClient: Continuing handshake
[45968:54092:0527/124719.831:VERBOSE1:tls_handshaker.cc(126)] TlsClient: SSL_do_handshake returned when entering early data. After retry, rv=-1, SSL_in_early_data=1
[45968:54092:0527/124719.890:VERBOSE1:tls_handshaker.cc(105)] TlsClient: Continuing handshake
[45968:54092:0527/124719.890:VERBOSE1:tls_handshaker.cc(105)] TlsClient: Continuing handshake
[45968:54092:0527/124719.890:VERBOSE1:tls_client_handshaker.cc(528)] Client: handshake finished
[45968:54092:0527/124719.944:VERBOSE1:tls_handshaker.cc(105)] TlsClient: Continuing handshake
[45968:54092:0527/124719.944:VERBOSE1:tls_handshaker.cc(126)] TlsClient: SSL_do_handshake returned when entering early data. After retry, rv=-1, SSL_in_early_data=1
[45968:54092:0527/124720.016:VERBOSE1:tls_handshaker.cc(105)] TlsClient: Continuing handshake
[45968:54092:0527/124720.016:VERBOSE1:tls_handshaker.cc(105)] TlsClient: Continuing handshake
[45968:54092:0527/124720.016:VERBOSE1:tls_client_handshaker.cc(528)] Client: handshake finished
[808:42536:0527/124721.483:VERBOSE1:media_stream_manager.cc(1533)] MSPL::OnSpeedLimitChange({this=0000156402366D40}, {new_limit=25})
[808:42536:0527/124723.487:VERBOSE1:media_stream_manager.cc(1533)] MSPL::OnSpeedLimitChange({this=0000156402366D40}, {new_limit=26})
[808:42536:0527/124725.484:VERBOSE1:media_stream_manager.cc(1533)] MSPL::OnSpeedLimitChange({this=0000156402366D40}, {new_limit=25})
[808:42536:0527/124728.487:VERBOSE1:media_stream_manager.cc(1533)] MSPL::OnSpeedLimitChange({this=0000156402366D40}, {new_limit=26})
[808:14356:0527/124734.059:VERBOSE1:device_event_log_impl.cc(198)] [12:47:34.058] Display: EVENT: screen_win.cc:893 Displays updated, count: 1
[808:14356:0527/124734.059:VERBOSE1:device_event_log_impl.cc(198)] [12:47:34.059] Display: EVENT: screen_win.cc:895 Display[2848582967] bounds=[0,0 1440x900], workarea=[0,0 1440x852], scale=2, rotation=0, panel_rotation=0 external detected
[808:42536:0527/124734.204:VERBOSE1:media_stream_manager.cc(1533)] MSPL::OnSpeedLimitChange({this=0000156402366D40}, {new_limit=25})
[808:42536:0527/124735.213:VERBOSE1:media_stream_manager.cc(1533)] MSPL::OnSpeedLimitChange({this=0000156402366D40}, {new_limit=24})
[808:42536:0527/124739.317:VERBOSE1:media_stream_manager.cc(1533)] MSPL::OnSpeedLimitChange({this=0000156402366D40}, {new_limit=23})
[808:42536:0527/124740.320:VERBOSE1:media_stream_manager.cc(1533)] MSPL::OnSpeedLimitChange({this=0000156402366D40}, {new_limit=24})
[808:42536:0527/124744.320:VERBOSE1:media_stream_manager.cc(1533)] MSPL::OnSpeedLimitChange({this=0000156402366D40}, {new_limit=26})
[808:42536:0527/124746.327:VERBOSE1:media_stream_manager.cc(1533)] MSPL::OnSpeedLimitChange({this=0000156402366D40}, {new_limit=27})
[808:42536:0527/124755.322:VERBOSE1:media_stream_manager.cc(1533)] MSPL::OnSpeedLimitChange({this=0000156402366D40}, {new_limit=26})
[808:42536:0527/124757.325:VERBOSE1:media_stream_manager.cc(1533)] MSPL::OnSpeedLimitChange({this=0000156402366D40}, {new_limit=27})
[808:42536:0527/124758.324:VERBOSE1:media_stream_manager.cc(1533)] MSPL::OnSpeedLimitChange({this=0000156402366D40}, {new_limit=26})
[808:42536:0527/124800.321:VERBOSE1:media_stream_manager.cc(1533)] MSPL::OnSpeedLimitChange({this=0000156402366D40}, {new_limit=27})
[808:42536:0527/124818.329:VERBOSE1:media_stream_manager.cc(1533)] MSPL::OnSpeedLimitChange({this=0000156402366D40}, {new_limit=26})
[808:42536:0527/124828.329:VERBOSE1:media_stream_manager.cc(1533)] MSPL::OnSpeedLimitChange({this=0000156402366D40}, {new_limit=27})
[808:42536:0527/124830.327:VERBOSE1:media_stream_manager.cc(1533)] MSPL::OnSpeedLimitChange({this=0000156402366D40}, {new_limit=26})
[808:42536:0527/124832.329:VERBOSE1:media_stream_manager.cc(1533)] MSPL::OnSpeedLimitChange({this=0000156402366D40}, {new_limit=27})
[808:42536:0527/124834.329:VERBOSE1:media_stream_manager.cc(1533)] MSPL::OnSpeedLimitChange({this=0000156402366D40}, {new_limit=26})
[808:42536:0527/124840.327:VERBOSE1:media_stream_manager.cc(1533)] MSPL::OnSpeedLimitChange({this=0000156402366D40}, {new_limit=27})
[808:42536:0527/124850.330:VERBOSE1:media_stream_manager.cc(1533)] MSPL::OnSpeedLimitChange({this=0000156402366D40}, {new_limit=25})
[808:42536:0527/124852.334:VERBOSE1:media_stream_manager.cc(1533)] MSPL::OnSpeedLimitChange({this=0000156402366D40}, {new_limit=24})
[808:42536:0527/124853.330:VERBOSE1:media_stream_manager.cc(1533)] MSPL::OnSpeedLimitChange({this=0000156402366D40}, {new_limit=23})
[808:42536:0527/124854.329:VERBOSE1:media_stream_manager.cc(1533)] MSPL::OnSpeedLimitChange({this=0000156402366D40}, {new_limit=24})
[808:42536:0527/124859.330:VERBOSE1:media_stream_manager.cc(1533)] MSPL::OnSpeedLimitChange({this=0000156402366D40}, {new_limit=23})
[808:42536:0527/124900.338:VERBOSE1:media_stream_manager.cc(1533)] MSPL::OnSpeedLimitChange({this=0000156402366D40}, {new_limit=25})
[808:42536:0527/124901.331:VERBOSE1:media_stream_manager.cc(1533)] MSPL::OnSpeedLimitChange({this=0000156402366D40}, {new_limit=26})
[808:42536:0527/124903.336:VERBOSE1:media_stream_manager.cc(1533)] MSPL::OnSpeedLimitChange({this=0000156402366D40}, {new_limit=27})
[808:42536:0527/124905.332:VERBOSE1:media_stream_manager.cc(1533)] MSPL::OnSpeedLimitChange({this=0000156402366D40}, {new_limit=26})
[808:42536:0527/124909.337:VERBOSE1:media_stream_manager.cc(1533)] MSPL::OnSpeedLimitChange({this=0000156402366D40}, {new_limit=27})
[808:14356:0527/124911.223:VERBOSE1:device_event_log_impl.cc(198)] [12:49:11.223] Display: EVENT: screen_win.cc:893 Displays updated, count: 1
[808:14356:0527/124911.223:VERBOSE1:device_event_log_impl.cc(198)] [12:49:11.224] Display: EVENT: screen_win.cc:895 Display[2848582967] bounds=[0,0 1440x900], workarea=[0,0 1440x852], scale=2, rotation=0, panel_rotation=0 external detected
[808:42536:0527/124911.336:VERBOSE1:media_stream_manager.cc(1533)] MSPL::OnSpeedLimitChange({this=0000156402366D40}, {new_limit=26})
[808:42536:0527/124912.283:VERBOSE1:media_stream_manager.cc(1533)] MSPL::OnSpeedLimitChange({this=0000156402366D40}, {new_limit=25})
[808:42536:0527/124914.284:VERBOSE1:media_stream_manager.cc(1533)] MSPL::OnSpeedLimitChange({this=0000156402366D40}, {new_limit=24})
[808:42536:0527/124915.587:VERBOSE1:media_stream_manager.cc(1533)] MSPL::OnSpeedLimitChange({this=0000156402366D40}, {new_limit=25})
[808:14356:0527/124916.042:VERBOSE1:device_event_log_impl.cc(198)] [12:49:16.042] Display: EVENT: screen_win.cc:893 Displays updated, count: 1
[808:14356:0527/124916.042:VERBOSE1:device_event_log_impl.cc(198)] [12:49:16.042] Display: EVENT: screen_win.cc:895 Display[2848582967] bounds=[0,0 1440x900], workarea=[0,0 1440x852], scale=2, rotation=0, panel_rotation=0 external detected
[808:42536:0527/124916.284:VERBOSE1:media_stream_manager.cc(1533)] MSPL::OnSpeedLimitChange({this=0000156402366D40}, {new_limit=24})
[808:42536:0527/124919.287:VERBOSE1:media_stream_manager.cc(1533)] MSPL::OnSpeedLimitChange({this=0000156402366D40}, {new_limit=23})
[808:42536:0527/124922.286:VERBOSE1:media_stream_manager.cc(1533)] MSPL::OnSpeedLimitChange({this=0000156402366D40}, {new_limit=24})
[808:14356:0527/124930.557:VERBOSE1:device_event_log_impl.cc(198)] [12:49:30.557] Display: EVENT: screen_win.cc:893 Displays updated, count: 1
[808:14356:0527/124930.557:VERBOSE1:device_event_log_impl.cc(198)] [12:49:30.557] Display: EVENT: screen_win.cc:895 Display[2848582967] bounds=[0,0 1440x900], workarea=[0,0 1440x852], scale=2, rotation=0, panel_rotation=0 external detected
[808:14356:0527/124931.710:VERBOSE1:device_event_log_impl.cc(198)] [12:49:31.710] Display: EVENT: screen_win.cc:893 Displays updated, count: 1
[808:14356:0527/124931.710:VERBOSE1:device_event_log_impl.cc(198)] [12:49:31.710] Display: EVENT: screen_win.cc:895 Display[2848582967] bounds=[0,0 1440x900], workarea=[0,0 1440x852], scale=2, rotation=0, panel_rotation=0 external detected
[808:42536:0527/124935.592:VERBOSE1:media_stream_manager.cc(1533)] MSPL::OnSpeedLimitChange({this=0000156402366D40}, {new_limit=25})
[808:14356:0527/124936.697:VERBOSE1:device_event_log_impl.cc(198)] [12:49:36.696] Display: EVENT: screen_win.cc:893 Displays updated, count: 1
[808:14356:0527/124936.697:VERBOSE1:device_event_log_impl.cc(198)] [12:49:36.696] Display: EVENT: screen_win.cc:895 Display[2848582967] bounds=[0,0 1440x900], workarea=[0,0 1440x852], scale=2, rotation=0, panel_rotation=0 external detected
[808:42536:0527/124940.297:VERBOSE1:media_stream_manager.cc(1533)] MSPL::OnSpeedLimitChange({this=0000156402366D40}, {new_limit=24})
[808:42536:0527/124942.316:VERBOSE1:media_stream_manager.cc(1533)] MSPL::OnSpeedLimitChange({this=0000156402366D40}, {new_limit=25})
[808:42536:0527/124944.300:VERBOSE1:media_stream_manager.cc(1533)] MSPL::OnSpeedLimitChange({this=0000156402366D40}, {new_limit=24})
[808:42536:0527/124947.303:VERBOSE1:media_stream_manager.cc(1533)] MSPL::OnSpeedLimitChange({this=0000156402366D40}, {new_limit=23})
[808:42536:0527/124948.317:VERBOSE1:media_stream_manager.cc(1533)] MSPL::OnSpeedLimitChange({this=0000156402366D40}, {new_limit=24})
[808:42536:0527/124950.317:VERBOSE1:media_stream_manager.cc(1533)] MSPL::OnSpeedLimitChange({this=0000156402366D40}, {new_limit=23})
[808:42536:0527/125000.319:VERBOSE1:media_stream_manager.cc(1533)] MSPL::OnSpeedLimitChange({this=0000156402366D40}, {new_limit=24})
[808:42536:0527/125010.326:VERBOSE1:media_stream_manager.cc(1533)] MSPL::OnSpeedLimitChange({this=0000156402366D40}, {new_limit=23})
[45968:54092:0527/125014.306:VERBOSE1:network_delegate.cc(36)] NetworkDelegate::NotifyBeforeURLRequest: https://optimizationguide-pa.googleapis.com/v1:GetModels?key=dummytoken
[45968:54092:0527/125014.307:VERBOSE1:network_delegate.cc(36)] NetworkDelegate::NotifyBeforeURLRequest: https://dns.google/dns-query?dns=AAABAAABAAAAAAABFG9wdGltaXphdGlvbmd1aWRlLXBhCmdvb2dsZWFwaXMDY29tAAABAAEAACkQAAAAAAAAQAAMADwAAAAAAAAAAAAAAAAAAAAAAAAAAAAAAAAAAAAAAAAAAAAAAAAAAAAAAAAAAAAAAAAAAAAAAAAAAAAAAAA
[45968:54092:0527/125014.307:VERBOSE1:network_delegate.cc(36)] NetworkDelegate::NotifyBeforeURLRequest: https://dns.google/dns-query?dns=AAABAAABAAAAAAABFG9wdGltaXphdGlvbmd1aWRlLXBhCmdvb2dsZWFwaXMDY29tAABBAAEAACkQAAAAAAAAQAAMADwAAAAAAAAAAAAAAAAAAAAAAAAAAAAAAAAAAAAAAAAAAAAAAAAAAAAAAAAAAAAAAAAAAAAAAAAAAAAAAAA
[45968:54092:0527/125014.307:VERBOSE1:tls_handshaker.cc(105)] TlsClient: Continuing handshake
[45968:54092:0527/125014.308:VERBOSE1:tls_handshaker.cc(126)] TlsClient: SSL_do_handshake returned when entering early data. After retry, rv=-1, SSL_in_early_data=1
[45968:54092:0527/125014.401:VERBOSE1:tls_handshaker.cc(105)] TlsClient: Continuing handshake
[45968:54092:0527/125014.401:VERBOSE1:tls_handshaker.cc(105)] TlsClient: Continuing handshake
[45968:54092:0527/125014.401:VERBOSE1:tls_client_handshaker.cc(528)] Client: handshake finished
[45968:54092:0527/125014.478:VERBOSE1:tls_handshaker.cc(105)] TlsClient: Continuing handshake
[45968:54092:0527/125014.478:VERBOSE1:tls_handshaker.cc(126)] TlsClient: SSL_do_handshake returned when entering early data. After retry, rv=-1, SSL_in_early_data=1
[45968:54092:0527/125014.537:VERBOSE1:tls_handshaker.cc(105)] TlsClient: Continuing handshake
[45968:54092:0527/125014.537:VERBOSE1:tls_handshaker.cc(105)] TlsClient: Continuing handshake
[45968:54092:0527/125014.537:VERBOSE1:tls_client_handshaker.cc(528)] Client: handshake finished
[808:42536:0527/125021.558:VERBOSE1:media_stream_manager.cc(1533)] MSPL::OnSpeedLimitChange({this=0000156402366D40}, {new_limit=24})
[808:42536:0527/125023.556:VERBOSE1:media_stream_manager.cc(1533)] MSPL::OnSpeedLimitChange({this=0000156402366D40}, {new_limit=25})
[808:14356:0527/125024.393:VERBOSE1:device_event_log_impl.cc(198)] [12:50:24.393] Display: EVENT: screen_win.cc:893 Displays updated, count: 1
[808:14356:0527/125024.393:VERBOSE1:device_event_log_impl.cc(198)] [12:50:24.394] Display: EVENT: screen_win.cc:895 Display[2848582967] bounds=[0,0 1440x900], workarea=[0,0 1440x852], scale=2, rotation=0, panel_rotation=0 external detected
[808:42536:0527/125025.342:VERBOSE1:media_stream_manager.cc(1533)] MSPL::OnSpeedLimitChange({this=0000156402366D40}, {new_limit=24})
[808:42536:0527/125026.339:VERBOSE1:media_stream_manager.cc(1533)] MSPL::OnSpeedLimitChange({this=0000156402366D40}, {new_limit=23})
[808:42536:0527/125029.648:VERBOSE1:media_stream_manager.cc(1533)] MSPL::OnSpeedLimitChange({this=0000156402366D40}, {new_limit=22})
[808:42536:0527/125030.655:VERBOSE1:media_stream_manager.cc(1533)] MSPL::OnSpeedLimitChange({this=0000156402366D40}, {new_limit=21})
[808:42536:0527/125031.657:VERBOSE1:media_stream_manager.cc(1533)] MSPL::OnSpeedLimitChange({this=0000156402366D40}, {new_limit=19})
[808:42536:0527/125032.656:VERBOSE1:media_stream_manager.cc(1533)] MSPL::OnSpeedLimitChange({this=0000156402366D40}, {new_limit=18})
[808:42536:0527/125034.661:VERBOSE1:media_stream_manager.cc(1533)] MSPL::OnSpeedLimitChange({this=0000156402366D40}, {new_limit=17})
[808:42536:0527/125035.655:VERBOSE1:media_stream_manager.cc(1533)] MSPL::OnSpeedLimitChange({this=0000156402366D40}, {new_limit=18})
[808:42536:0527/125037.657:VERBOSE1:media_stream_manager.cc(1533)] MSPL::OnSpeedLimitChange({this=0000156402366D40}, {new_limit=19})
[808:42536:0527/125038.656:VERBOSE1:media_stream_manager.cc(1533)] MSPL::OnSpeedLimitChange({this=0000156402366D40}, {new_limit=20})
[808:42536:0527/125040.657:VERBOSE1:media_stream_manager.cc(1533)] MSPL::OnSpeedLimitChange({this=0000156402366D40}, {new_limit=21})
[808:42536:0527/125041.376:VERBOSE1:media_stream_manager.cc(1533)] MSPL::OnSpeedLimitChange({this=0000156402366D40}, {new_limit=22})
[808:14356:0527/125041.415:VERBOSE1:device_event_log_impl.cc(198)] [12:50:41.416] Display: EVENT: screen_win.cc:893 Displays updated, count: 1
[808:14356:0527/125041.415:VERBOSE1:device_event_log_impl.cc(198)] [12:50:41.416] Display: EVENT: screen_win.cc:895 Display[2848582967] bounds=[0,0 1440x900], workarea=[0,0 1440x852], scale=2, rotation=0, panel_rotation=0 external detected
[45968:54092:0527/125042.015:VERBOSE1:network_delegate.cc(36)] NetworkDelegate::NotifyBeforeURLRequest: https://dns.google/dns-query?dns=AAABAAABAAAAAAABA3d3dwdnc3RhdGljA2NvbQAAAQABAAApEAAAAAAAAFQADABQAAAAAAAAAAAAAAAAAAAAAAAAAAAAAAAAAAAAAAAAAAAAAAAAAAAAAAAAAAAAAAAAAAAAAAAAAAAAAAAAAAAAAAAAAAAAAAAAAAAAAAAAAAA
[45968:54092:0527/125042.016:VERBOSE1:network_delegate.cc(36)] NetworkDelegate::NotifyBeforeURLRequest: https://dns.google/dns-query?dns=AAABAAABAAAAAAABA3d3dwdnc3RhdGljA2NvbQAAAQABAAApEAAAAAAAAFQADABQAAAAAAAAAAAAAAAAAAAAAAAAAAAAAAAAAAAAAAAAAAAAAAAAAAAAAAAAAAAAAAAAAAAAAAAAAAAAAAAAAAAAAAAAAAAAAAAAAAAAAAAAAAA
[45968:54092:0527/125042.017:VERBOSE1:network_delegate.cc(36)] NetworkDelegate::NotifyBeforeURLRequest: https://dns.google/dns-query?dns=AAABAAABAAAAAAABA3d3dwdnc3RhdGljA2NvbQAAAQABAAApEAAAAAAAAFQADABQAAAAAAAAAAAAAAAAAAAAAAAAAAAAAAAAAAAAAAAAAAAAAAAAAAAAAAAAAAAAAAAAAAAAAAAAAAAAAAAAAAAAAAAAAAAAAAAAAAAAAAAAAAA
[45968:54092:0527/125042.041:VERBOSE1:tls_handshaker.cc(105)] TlsClient: Continuing handshake
[45968:54092:0527/125042.041:VERBOSE1:tls_handshaker.cc(105)] TlsClient: Continuing handshake
[45968:54092:0527/125042.167:VERBOSE1:tls_handshaker.cc(105)] TlsClient: Continuing handshake
[45968:54092:0527/125042.167:VERBOSE1:tls_handshaker.cc(105)] TlsClient: Continuing handshake
[45968:54092:0527/125042.176:VERBOSE1:tls_handshaker.cc(105)] TlsClient: Continuing handshake
[45968:54092:0527/125042.176:VERBOSE1:tls_handshaker.cc(105)] TlsClient: Continuing handshake
[45968:54092:0527/125042.176:VERBOSE1:tls_client_handshaker.cc(528)] Client: handshake finished
[45968:54092:0527/125042.177:VERBOSE1:tls_handshaker.cc(105)] TlsClient: Continuing handshake
[45968:54092:0527/125042.177:VERBOSE1:tls_handshaker.cc(105)] TlsClient: Continuing handshake
[45968:54092:0527/125042.177:VERBOSE1:tls_client_handshaker.cc(528)] Client: handshake finished
[808:42536:0527/125042.358:VERBOSE1:media_stream_manager.cc(1533)] MSPL::OnSpeedLimitChange({this=0000156402366D40}, {new_limit=21})
[808:42536:0527/125043.358:VERBOSE1:media_stream_manager.cc(1533)] MSPL::OnSpeedLimitChange({this=0000156402366D40}, {new_limit=20})
[808:42536:0527/125044.360:VERBOSE1:media_stream_manager.cc(1533)] MSPL::OnSpeedLimitChange({this=0000156402366D40}, {new_limit=21})
[45968:54092:0527/125044.963:VERBOSE1:logging_network_change_observer.cc(90)] Observed a change to the network IP addresses
[45968:54092:0527/125046.001:VERBOSE1:logging_network_change_observer.cc(100)] Observed a change to network connectivity state CONNECTION_WIFI
[45968:54092:0527/125047.024:VERBOSE1:configured_proxy_resolution_service.cc(1162)] Failed configuring with PAC script, falling-back to manual proxy servers.
[45968:54092:0527/125047.028:VERBOSE1:configured_proxy_resolution_service.cc(1162)] Failed configuring with PAC script, falling-back to manual proxy servers.
[45968:54092:0527/125047.043:VERBOSE1:configured_proxy_resolution_service.cc(1162)] Failed configuring with PAC script, falling-back to manual proxy servers.
[45968:54092:0527/125047.517:VERBOSE1:logging_network_change_observer.cc(113)] Observed a network change to state CONNECTION_NONE
[45968:54092:0527/125047.517:VERBOSE1:logging_network_change_observer.cc(113)] Observed a network change to state CONNECTION_WIFI
[808:42536:0527/125049.366:VERBOSE1:media_stream_manager.cc(1533)] MSPL::OnSpeedLimitChange({this=0000156402366D40}, {new_limit=20})
[808:42536:0527/125050.351:VERBOSE1:media_stream_manager.cc(1533)] MSPL::OnSpeedLimitChange({this=0000156402366D40}, {new_limit=21})
[808:42536:0527/125050.561:VERBOSE1:mdns_client_impl.cc(201)] Sockets ready:2
[808:14356:0527/125050.579:VERBOSE1:service_discovery_device_lister.cc(54)] OnServiceUpdated: service_type: _googlecast._tcp.local, service_name: , update: 3
[808:14356:0527/125050.579:VERBOSE1:service_discovery_device_lister.cc(42)] DiscoverNewDevices: service_type: _googlecast._tcp.local
[808:14356:0527/125050.579:VERBOSE1:service_discovery_device_lister.cc(42)] DiscoverNewDevices: service_type: _googlecast._tcp.local
[808:42536:0527/125101.370:VERBOSE1:media_stream_manager.cc(1533)] MSPL::OnSpeedLimitChange({this=0000156402366D40}, {new_limit=22})
[808:42536:0527/125105.394:VERBOSE1:media_stream_manager.cc(1533)] MSPL::OnSpeedLimitChange({this=0000156402366D40}, {new_limit=21})
[808:42536:0527/125107.364:VERBOSE1:media_stream_manager.cc(1533)] MSPL::OnSpeedLimitChange({this=0000156402366D40}, {new_limit=19})
[808:42536:0527/125109.367:VERBOSE1:media_stream_manager.cc(1533)] MSPL::OnSpeedLimitChange({this=0000156402366D40}, {new_limit=18})
[808:42536:0527/125111.380:VERBOSE1:media_stream_manager.cc(1533)] MSPL::OnSpeedLimitChange({this=0000156402366D40}, {new_limit=17})
[808:42536:0527/125114.389:VERBOSE1:media_stream_manager.cc(1533)] MSPL::OnSpeedLimitChange({this=0000156402366D40}, {new_limit=16})
[808:42536:0527/125116.391:VERBOSE1:media_stream_manager.cc(1533)] MSPL::OnSpeedLimitChange({this=0000156402366D40}, {new_limit=17})
[808:42536:0527/125119.393:VERBOSE1:media_stream_manager.cc(1533)] MSPL::OnSpeedLimitChange({this=0000156402366D40}, {new_limit=18})
[808:42536:0527/125121.392:VERBOSE1:media_stream_manager.cc(1533)] MSPL::OnSpeedLimitChange({this=0000156402366D40}, {new_limit=19})
[808:42536:0527/125123.379:VERBOSE1:media_stream_manager.cc(1533)] MSPL::OnSpeedLimitChange({this=0000156402366D40}, {new_limit=18})
[808:42536:0527/125127.391:VERBOSE1:media_stream_manager.cc(1533)] MSPL::OnSpeedLimitChange({this=0000156402366D40}, {new_limit=17})
[808:42536:0527/125130.385:VERBOSE1:media_stream_manager.cc(1533)] MSPL::OnSpeedLimitChange({this=0000156402366D40}, {new_limit=16})
[808:42536:0527/125134.401:VERBOSE1:media_stream_manager.cc(1533)] MSPL::OnSpeedLimitChange({this=0000156402366D40}, {new_limit=17})
[808:42536:0527/125137.478:VERBOSE1:media_stream_manager.cc(1533)] MSPL::OnSpeedLimitChange({this=0000156402366D40}, {new_limit=18})
[808:42536:0527/125139.412:VERBOSE1:media_stream_manager.cc(1533)] MSPL::OnSpeedLimitChange({this=0000156402366D40}, {new_limit=17})
[808:42536:0527/125140.395:VERBOSE1:media_stream_manager.cc(1533)] MSPL::OnSpeedLimitChange({this=0000156402366D40}, {new_limit=18})
[808:42536:0527/125141.416:VERBOSE1:media_stream_manager.cc(1533)] MSPL::OnSpeedLimitChange({this=0000156402366D40}, {new_limit=17})
[808:42536:0527/125146.391:VERBOSE1:media_stream_manager.cc(1533)] MSPL::OnSpeedLimitChange({this=0000156402366D40}, {new_limit=18})
[808:42536:0527/125149.408:VERBOSE1:media_stream_manager.cc(1533)] MSPL::OnSpeedLimitChange({this=0000156402366D40}, {new_limit=19})
[808:42536:0527/125153.412:VERBOSE1:media_stream_manager.cc(1533)] MSPL::OnSpeedLimitChange({this=0000156402366D40}, {new_limit=20})
[808:42536:0527/125156.406:VERBOSE1:media_stream_manager.cc(1533)] MSPL::OnSpeedLimitChange({this=0000156402366D40}, {new_limit=19})
[808:42536:0527/125206.414:VERBOSE1:media_stream_manager.cc(1533)] MSPL::OnSpeedLimitChange({this=0000156402366D40}, {new_limit=18})
[808:42536:0527/125207.415:VERBOSE1:media_stream_manager.cc(1533)] MSPL::OnSpeedLimitChange({this=0000156402366D40}, {new_limit=19})
[808:42536:0527/125209.445:VERBOSE1:media_stream_manager.cc(1533)] MSPL::OnSpeedLimitChange({this=0000156402366D40}, {new_limit=18})
[808:42536:0527/125211.414:VERBOSE1:media_stream_manager.cc(1533)] MSPL::OnSpeedLimitChange({this=0000156402366D40}, {new_limit=17})
[808:42536:0527/125212.432:VERBOSE1:media_stream_manager.cc(1533)] MSPL::OnSpeedLimitChange({this=0000156402366D40}, {new_limit=16})
[808:42536:0527/125213.429:VERBOSE1:media_stream_manager.cc(1533)] MSPL::OnSpeedLimitChange({this=0000156402366D40}, {new_limit=15})
[808:42536:0527/125215.435:VERBOSE1:media_stream_manager.cc(1533)] MSPL::OnSpeedLimitChange({this=0000156402366D40}, {new_limit=14})
[808:42536:0527/125217.419:VERBOSE1:media_stream_manager.cc(1533)] MSPL::OnSpeedLimitChange({this=0000156402366D40}, {new_limit=13})
[808:42536:0527/125220.427:VERBOSE1:media_stream_manager.cc(1533)] MSPL::OnSpeedLimitChange({this=0000156402366D40}, {new_limit=14})
[808:42536:0527/125221.431:VERBOSE1:media_stream_manager.cc(1533)] MSPL::OnSpeedLimitChange({this=0000156402366D40}, {new_limit=15})
[808:42536:0527/125223.452:VERBOSE1:media_stream_manager.cc(1533)] MSPL::OnSpeedLimitChange({this=0000156402366D40}, {new_limit=16})
[808:42536:0527/125226.433:VERBOSE1:media_stream_manager.cc(1533)] MSPL::OnSpeedLimitChange({this=0000156402366D40}, {new_limit=17})
[808:42536:0527/125231.465:VERBOSE1:media_stream_manager.cc(1533)] MSPL::OnSpeedLimitChange({this=0000156402366D40}, {new_limit=16})
[808:42536:0527/125232.426:VERBOSE1:media_stream_manager.cc(1533)] MSPL::OnSpeedLimitChange({this=0000156402366D40}, {new_limit=17})
[808:42536:0527/125236.433:VERBOSE1:media_stream_manager.cc(1533)] MSPL::OnSpeedLimitChange({this=0000156402366D40}, {new_limit=18})
[808:42536:0527/125239.441:VERBOSE1:media_stream_manager.cc(1533)] MSPL::OnSpeedLimitChange({this=0000156402366D40}, {new_limit=17})
[808:42536:0527/125241.437:VERBOSE1:media_stream_manager.cc(1533)] MSPL::OnSpeedLimitChange({this=0000156402366D40}, {new_limit=18})
[808:42536:0527/125243.462:VERBOSE1:media_stream_manager.cc(1533)] MSPL::OnSpeedLimitChange({this=0000156402366D40}, {new_limit=19})
[808:42536:0527/125247.468:VERBOSE1:media_stream_manager.cc(1533)] MSPL::OnSpeedLimitChange({this=0000156402366D40}, {new_limit=20})
[808:42536:0527/125248.441:VERBOSE1:media_stream_manager.cc(1533)] MSPL::OnSpeedLimitChange({this=0000156402366D40}, {new_limit=21})
[808:42536:0527/125249.470:VERBOSE1:media_stream_manager.cc(1533)] MSPL::OnSpeedLimitChange({this=0000156402366D40}, {new_limit=22})
[808:42536:0527/125250.451:VERBOSE1:media_stream_manager.cc(1533)] MSPL::OnSpeedLimitChange({this=0000156402366D40}, {new_limit=21})
[808:42536:0527/125251.469:VERBOSE1:media_stream_manager.cc(1533)] MSPL::OnSpeedLimitChange({this=0000156402366D40}, {new_limit=20})
[808:42536:0527/125252.462:VERBOSE1:media_stream_manager.cc(1533)] MSPL::OnSpeedLimitChange({this=0000156402366D40}, {new_limit=21})
[45968:54092:0527/125253.067:VERBOSE1:network_delegate.cc(36)] NetworkDelegate::NotifyBeforeURLRequest: https://optimizationguide-pa.googleapis.com/v1:GetModels?key=dummytoken
[45968:54092:0527/125253.067:VERBOSE1:network_delegate.cc(36)] NetworkDelegate::NotifyBeforeURLRequest: https://dns.google/dns-query?dns=AAABAAABAAAAAAABFG9wdGltaXphdGlvbmd1aWRlLXBhCmdvb2dsZWFwaXMDY29tAAABAAEAACkQAAAAAAAAQAAMADwAAAAAAAAAAAAAAAAAAAAAAAAAAAAAAAAAAAAAAAAAAAAAAAAAAAAAAAAAAAAAAAAAAAAAAAAAAAAAAAA
[45968:54092:0527/125253.068:VERBOSE1:network_delegate.cc(36)] NetworkDelegate::NotifyBeforeURLRequest: https://dns.google/dns-query?dns=AAABAAABAAAAAAABFG9wdGltaXphdGlvbmd1aWRlLXBhCmdvb2dsZWFwaXMDY29tAABBAAEAACkQAAAAAAAAQAAMADwAAAAAAAAAAAAAAAAAAAAAAAAAAAAAAAAAAAAAAAAAAAAAAAAAAAAAAAAAAAAAAAAAAAAAAAAAAAAAAAA
[45968:54092:0527/125253.090:VERBOSE1:tls_handshaker.cc(105)] TlsClient: Continuing handshake
[45968:54092:0527/125253.091:VERBOSE1:tls_handshaker.cc(126)] TlsClient: SSL_do_handshake returned when entering early data. After retry, rv=-1, SSL_in_early_data=1
[45968:54092:0527/125253.150:VERBOSE1:tls_handshaker.cc(105)] TlsClient: Continuing handshake
[45968:54092:0527/125253.150:VERBOSE1:tls_handshaker.cc(105)] TlsClient: Continuing handshake
[45968:54092:0527/125253.150:VERBOSE1:tls_client_handshaker.cc(528)] Client: handshake finished
[45968:54092:0527/125253.199:VERBOSE1:tls_handshaker.cc(105)] TlsClient: Continuing handshake
[45968:54092:0527/125253.201:VERBOSE1:tls_handshaker.cc(126)] TlsClient: SSL_do_handshake returned when entering early data. After retry, rv=-1, SSL_in_early_data=1
[45968:54092:0527/125253.319:VERBOSE1:tls_handshaker.cc(105)] TlsClient: Continuing handshake
[45968:54092:0527/125253.319:VERBOSE1:tls_handshaker.cc(105)] TlsClient: Continuing handshake
[45968:54092:0527/125253.320:VERBOSE1:tls_client_handshaker.cc(528)] Client: handshake finished
[808:42536:0527/125253.459:VERBOSE1:media_stream_manager.cc(1533)] MSPL::OnSpeedLimitChange({this=0000156402366D40}, {new_limit=20})
[808:42536:0527/125300.456:VERBOSE1:media_stream_manager.cc(1533)] MSPL::OnSpeedLimitChange({this=0000156402366D40}, {new_limit=21})
[808:42536:0527/125303.480:VERBOSE1:media_stream_manager.cc(1533)] MSPL::OnSpeedLimitChange({this=0000156402366D40}, {new_limit=22})
[808:42536:0527/125326.471:VERBOSE1:media_stream_manager.cc(1533)] MSPL::OnSpeedLimitChange({this=0000156402366D40}, {new_limit=21})
[808:42536:0527/125345.503:VERBOSE1:media_stream_manager.cc(1533)] MSPL::OnSpeedLimitChange({this=0000156402366D40}, {new_limit=22})
[45968:54092:0527/125345.587:VERBOSE1:network_delegate.cc(36)] NetworkDelegate::NotifyBeforeURLRequest: https://dns.google/dns-query?dns=AAABAAABAAAAAAABA3d3dwdnc3RhdGljA2NvbQAAAQABAAApEAAAAAAAAFQADABQAAAAAAAAAAAAAAAAAAAAAAAAAAAAAAAAAAAAAAAAAAAAAAAAAAAAAAAAAAAAAAAAAAAAAAAAAAAAAAAAAAAAAAAAAAAAAAAAAAAAAAAAAAA
[45968:54092:0527/125345.588:VERBOSE1:network_delegate.cc(36)] NetworkDelegate::NotifyBeforeURLRequest: https://dns.google/dns-query?dns=AAABAAABAAAAAAABA3d3dwdnc3RhdGljA2NvbQAAAQABAAApEAAAAAAAAFQADABQAAAAAAAAAAAAAAAAAAAAAAAAAAAAAAAAAAAAAAAAAAAAAAAAAAAAAAAAAAAAAAAAAAAAAAAAAAAAAAAAAAAAAAAAAAAAAAAAAAAAAAAAAAA
[45968:54092:0527/125345.590:VERBOSE1:network_delegate.cc(36)] NetworkDelegate::NotifyBeforeURLRequest: https://dns.google/dns-query?dns=AAABAAABAAAAAAABA3d3dwdnc3RhdGljA2NvbQAAAQABAAApEAAAAAAAAFQADABQAAAAAAAAAAAAAAAAAAAAAAAAAAAAAAAAAAAAAAAAAAAAAAAAAAAAAAAAAAAAAAAAAAAAAAAAAAAAAAAAAAAAAAAAAAAAAAAAAAAAAAAAAAA
[45968:54092:0527/125345.602:VERBOSE1:tls_handshaker.cc(105)] TlsClient: Continuing handshake
[45968:54092:0527/125345.604:VERBOSE1:tls_handshaker.cc(126)] TlsClient: SSL_do_handshake returned when entering early data. After retry, rv=-1, SSL_in_early_data=1
[45968:54092:0527/125345.605:VERBOSE1:tls_handshaker.cc(105)] TlsClient: Continuing handshake
[45968:54092:0527/125345.606:VERBOSE1:tls_handshaker.cc(126)] TlsClient: SSL_do_handshake returned when entering early data. After retry, rv=-1, SSL_in_early_data=1
[45968:54092:0527/125345.606:VERBOSE1:tls_handshaker.cc(105)] TlsClient: Continuing handshake
[45968:54092:0527/125345.607:VERBOSE1:tls_handshaker.cc(126)] TlsClient: SSL_do_handshake returned when entering early data. After retry, rv=-1, SSL_in_early_data=1
[45968:54092:0527/125345.667:VERBOSE1:tls_handshaker.cc(105)] TlsClient: Continuing handshake
[45968:54092:0527/125345.667:VERBOSE1:tls_handshaker.cc(105)] TlsClient: Continuing handshake
[45968:54092:0527/125345.667:VERBOSE1:tls_client_handshaker.cc(528)] Client: handshake finished
[45968:54092:0527/125345.669:VERBOSE1:tls_handshaker.cc(105)] TlsClient: Continuing handshake
[45968:54092:0527/125345.670:VERBOSE1:tls_handshaker.cc(105)] TlsClient: Continuing handshake
[45968:54092:0527/125345.670:VERBOSE1:tls_client_handshaker.cc(528)] Client: handshake finished
[45968:54092:0527/125345.702:VERBOSE1:tls_handshaker.cc(105)] TlsClient: Continuing handshake
[45968:54092:0527/125345.702:VERBOSE1:tls_handshaker.cc(105)] TlsClient: Continuing handshake
[45968:54092:0527/125345.702:VERBOSE1:tls_client_handshaker.cc(528)] Client: handshake finished
[808:42536:0527/125346.518:VERBOSE1:media_stream_manager.cc(1533)] MSPL::OnSpeedLimitChange({this=0000156402366D40}, {new_limit=21})
[45968:54092:0527/125348.405:VERBOSE1:logging_network_change_observer.cc(90)] Observed a change to the network IP addresses
[45968:54092:0527/125349.415:VERBOSE1:logging_network_change_observer.cc(100)] Observed a change to network connectivity state CONNECTION_WIFI
[808:42536:0527/125349.503:VERBOSE1:media_stream_manager.cc(1533)] MSPL::OnSpeedLimitChange({this=0000156402366D40}, {new_limit=20})
[45968:54092:0527/125349.919:VERBOSE1:logging_network_change_observer.cc(113)] Observed a network change to state CONNECTION_NONE
[45968:54092:0527/125349.919:VERBOSE1:logging_network_change_observer.cc(113)] Observed a network change to state CONNECTION_WIFI
[45968:54092:0527/125350.430:VERBOSE1:configured_proxy_resolution_service.cc(1162)] Failed configuring with PAC script, falling-back to manual proxy servers.
[45968:54092:0527/125350.430:VERBOSE1:configured_proxy_resolution_service.cc(1162)] Failed configuring with PAC script, falling-back to manual proxy servers.
[45968:54092:0527/125350.431:VERBOSE1:configured_proxy_resolution_service.cc(1162)] Failed configuring with PAC script, falling-back to manual proxy servers.
[808:42536:0527/125350.491:VERBOSE1:media_stream_manager.cc(1533)] MSPL::OnSpeedLimitChange({this=0000156402366D40}, {new_limit=19})
[808:42536:0527/125351.506:VERBOSE1:media_stream_manager.cc(1533)] MSPL::OnSpeedLimitChange({this=0000156402366D40}, {new_limit=18})
[808:42536:0527/125352.988:VERBOSE1:mdns_client_impl.cc(201)] Sockets ready:2
[808:14356:0527/125353.014:VERBOSE1:service_discovery_device_lister.cc(54)] OnServiceUpdated: service_type: _googlecast._tcp.local, service_name: , update: 3
[808:14356:0527/125353.014:VERBOSE1:service_discovery_device_lister.cc(42)] DiscoverNewDevices: service_type: _googlecast._tcp.local
[808:14356:0527/125353.014:VERBOSE1:service_discovery_device_lister.cc(42)] DiscoverNewDevices: service_type: _googlecast._tcp.local
[808:42536:0527/125356.522:VERBOSE1:media_stream_manager.cc(1533)] MSPL::OnSpeedLimitChange({this=0000156402366D40}, {new_limit=19})
[808:42536:0527/125400.509:VERBOSE1:media_stream_manager.cc(1533)] MSPL::OnSpeedLimitChange({this=0000156402366D40}, {new_limit=20})
[808:42536:0527/125401.531:VERBOSE1:media_stream_manager.cc(1533)] MSPL::OnSpeedLimitChange({this=0000156402366D40}, {new_limit=21})
[808:42536:0527/125409.516:VERBOSE1:media_stream_manager.cc(1533)] MSPL::OnSpeedLimitChange({this=0000156402366D40}, {new_limit=20})
[808:42536:0527/125411.797:VERBOSE1:media_stream_manager.cc(1533)] MSPL::OnSpeedLimitChange({this=0000156402366D40}, {new_limit=19})
[808:42536:0527/125412.522:VERBOSE1:media_stream_manager.cc(1533)] MSPL::OnSpeedLimitChange({this=0000156402366D40}, {new_limit=18})
[808:42536:0527/125415.513:VERBOSE1:media_stream_manager.cc(1533)] MSPL::OnSpeedLimitChange({this=0000156402366D40}, {new_limit=17})
[808:42536:0527/125416.531:VERBOSE1:media_stream_manager.cc(1533)] MSPL::OnSpeedLimitChange({this=0000156402366D40}, {new_limit=18})
[808:42536:0527/125417.517:VERBOSE1:media_stream_manager.cc(1533)] MSPL::OnSpeedLimitChange({this=0000156402366D40}, {new_limit=17})
[808:42536:0527/125419.527:VERBOSE1:media_stream_manager.cc(1533)] MSPL::OnSpeedLimitChange({this=0000156402366D40}, {new_limit=18})
[808:42536:0527/125420.525:VERBOSE1:media_stream_manager.cc(1533)] MSPL::OnSpeedLimitChange({this=0000156402366D40}, {new_limit=19})
[808:42536:0527/125421.527:VERBOSE1:media_stream_manager.cc(1533)] MSPL::OnSpeedLimitChange({this=0000156402366D40}, {new_limit=20})
[808:42536:0527/125424.516:VERBOSE1:media_stream_manager.cc(1533)] MSPL::OnSpeedLimitChange({this=0000156402366D40}, {new_limit=21})
[808:42536:0527/125426.530:VERBOSE1:media_stream_manager.cc(1533)] MSPL::OnSpeedLimitChange({this=0000156402366D40}, {new_limit=20})
[808:42536:0527/125427.521:VERBOSE1:media_stream_manager.cc(1533)] MSPL::OnSpeedLimitChange({this=0000156402366D40}, {new_limit=19})
[808:42536:0527/125429.528:VERBOSE1:media_stream_manager.cc(1533)] MSPL::OnSpeedLimitChange({this=0000156402366D40}, {new_limit=20})
[808:42536:0527/125430.529:VERBOSE1:media_stream_manager.cc(1533)] MSPL::OnSpeedLimitChange({this=0000156402366D40}, {new_limit=19})
[808:42536:0527/125434.529:VERBOSE1:media_stream_manager.cc(1533)] MSPL::OnSpeedLimitChange({this=0000156402366D40}, {new_limit=18})
[808:42536:0527/125438.540:VERBOSE1:media_stream_manager.cc(1533)] MSPL::OnSpeedLimitChange({this=0000156402366D40}, {new_limit=17})
[808:42536:0527/125440.532:VERBOSE1:media_stream_manager.cc(1533)] MSPL::OnSpeedLimitChange({this=0000156402366D40}, {new_limit=16})
[808:42536:0527/125441.533:VERBOSE1:media_stream_manager.cc(1533)] MSPL::OnSpeedLimitChange({this=0000156402366D40}, {new_limit=15})
[808:42536:0527/125445.551:VERBOSE1:media_stream_manager.cc(1533)] MSPL::OnSpeedLimitChange({this=0000156402366D40}, {new_limit=14})
[808:42536:0527/125446.553:VERBOSE1:media_stream_manager.cc(1533)] MSPL::OnSpeedLimitChange({this=0000156402366D40}, {new_limit=15})
[808:42536:0527/125447.533:VERBOSE1:media_stream_manager.cc(1533)] MSPL::OnSpeedLimitChange({this=0000156402366D40}, {new_limit=16})
[808:42536:0527/125448.559:VERBOSE1:media_stream_manager.cc(1533)] MSPL::OnSpeedLimitChange({this=0000156402366D40}, {new_limit=17})
[808:42536:0527/125449.531:VERBOSE1:media_stream_manager.cc(1533)] MSPL::OnSpeedLimitChange({this=0000156402366D40}, {new_limit=18})
[808:42536:0527/125454.539:VERBOSE1:media_stream_manager.cc(1533)] MSPL::OnSpeedLimitChange({this=0000156402366D40}, {new_limit=19})
[808:42536:0527/125455.550:VERBOSE1:media_stream_manager.cc(1533)] MSPL::OnSpeedLimitChange({this=0000156402366D40}, {new_limit=20})
[808:42536:0527/125456.564:VERBOSE1:media_stream_manager.cc(1533)] MSPL::OnSpeedLimitChange({this=0000156402366D40}, {new_limit=19})
[808:42536:0527/125510.555:VERBOSE1:media_stream_manager.cc(1533)] MSPL::OnSpeedLimitChange({this=0000156402366D40}, {new_limit=20})
[808:42536:0527/125512.551:VERBOSE1:media_stream_manager.cc(1533)] MSPL::OnSpeedLimitChange({this=0000156402366D40}, {new_limit=21})
[808:42536:0527/125517.765:VERBOSE1:media_stream_manager.cc(1533)] MSPL::OnSpeedLimitChange({this=0000156402366D40}, {new_limit=22})
[808:42536:0527/125523.558:VERBOSE1:media_stream_manager.cc(1533)] MSPL::OnSpeedLimitChange({this=0000156402366D40}, {new_limit=23})
[45968:54092:0527/125524.165:VERBOSE1:network_delegate.cc(36)] NetworkDelegate::NotifyBeforeURLRequest: https://optimizationguide-pa.googleapis.com/v1:GetModels?key=dummytoken
[45968:54092:0527/125524.166:VERBOSE1:network_delegate.cc(36)] NetworkDelegate::NotifyBeforeURLRequest: https://dns.google/dns-query?dns=AAABAAABAAAAAAABFG9wdGltaXphdGlvbmd1aWRlLXBhCmdvb2dsZWFwaXMDY29tAAABAAEAACkQAAAAAAAAQAAMADwAAAAAAAAAAAAAAAAAAAAAAAAAAAAAAAAAAAAAAAAAAAAAAAAAAAAAAAAAAAAAAAAAAAAAAAAAAAAAAAA
[45968:54092:0527/125524.166:VERBOSE1:network_delegate.cc(36)] NetworkDelegate::NotifyBeforeURLRequest: https://dns.google/dns-query?dns=AAABAAABAAAAAAABFG9wdGltaXphdGlvbmd1aWRlLXBhCmdvb2dsZWFwaXMDY29tAABBAAEAACkQAAAAAAAAQAAMADwAAAAAAAAAAAAAAAAAAAAAAAAAAAAAAAAAAAAAAAAAAAAAAAAAAAAAAAAAAAAAAAAAAAAAAAAAAAAAAAA
[45968:54092:0527/125524.177:VERBOSE1:tls_handshaker.cc(105)] TlsClient: Continuing handshake
[45968:54092:0527/125524.178:VERBOSE1:tls_handshaker.cc(126)] TlsClient: SSL_do_handshake returned when entering early data. After retry, rv=-1, SSL_in_early_data=1
[45968:54092:0527/125524.245:VERBOSE1:tls_handshaker.cc(105)] TlsClient: Continuing handshake
[45968:54092:0527/125524.245:VERBOSE1:tls_handshaker.cc(105)] TlsClient: Continuing handshake
[45968:54092:0527/125524.245:VERBOSE1:tls_client_handshaker.cc(528)] Client: handshake finished
[45968:54092:0527/125524.294:VERBOSE1:tls_handshaker.cc(105)] TlsClient: Continuing handshake
[45968:54092:0527/125524.295:VERBOSE1:tls_handshaker.cc(126)] TlsClient: SSL_do_handshake returned when entering early data. After retry, rv=-1, SSL_in_early_data=1
[45968:54092:0527/125524.354:VERBOSE1:tls_handshaker.cc(105)] TlsClient: Continuing handshake
[45968:54092:0527/125524.354:VERBOSE1:tls_handshaker.cc(105)] TlsClient: Continuing handshake
[45968:54092:0527/125524.354:VERBOSE1:tls_client_handshaker.cc(528)] Client: handshake finished
[808:42536:0527/125527.563:VERBOSE1:media_stream_manager.cc(1533)] MSPL::OnSpeedLimitChange({this=0000156402366D40}, {new_limit=22})
[808:42536:0527/125528.576:VERBOSE1:media_stream_manager.cc(1533)] MSPL::OnSpeedLimitChange({this=0000156402366D40}, {new_limit=21})
[808:42536:0527/125530.578:VERBOSE1:media_stream_manager.cc(1533)] MSPL::OnSpeedLimitChange({this=0000156402366D40}, {new_limit=20})
[808:42536:0527/125531.572:VERBOSE1:media_stream_manager.cc(1533)] MSPL::OnSpeedLimitChange({this=0000156402366D40}, {new_limit=19})
[808:42536:0527/125536.567:VERBOSE1:media_stream_manager.cc(1533)] MSPL::OnSpeedLimitChange({this=0000156402366D40}, {new_limit=18})
[808:42536:0527/125537.579:VERBOSE1:media_stream_manager.cc(1533)] MSPL::OnSpeedLimitChange({this=0000156402366D40}, {new_limit=19})
[808:42536:0527/125539.718:VERBOSE1:media_stream_manager.cc(1533)] MSPL::OnSpeedLimitChange({this=0000156402366D40}, {new_limit=20})
[808:42536:0527/125540.579:VERBOSE1:media_stream_manager.cc(1533)] MSPL::OnSpeedLimitChange({this=0000156402366D40}, {new_limit=21})
[808:42536:0527/125544.578:VERBOSE1:media_stream_manager.cc(1533)] MSPL::OnSpeedLimitChange({this=0000156402366D40}, {new_limit=20})
[808:42536:0527/125545.590:VERBOSE1:media_stream_manager.cc(1533)] MSPL::OnSpeedLimitChange({this=0000156402366D40}, {new_limit=19})
[808:42536:0527/125547.585:VERBOSE1:media_stream_manager.cc(1533)] MSPL::OnSpeedLimitChange({this=0000156402366D40}, {new_limit=20})
[808:42536:0527/125551.578:VERBOSE1:media_stream_manager.cc(1533)] MSPL::OnSpeedLimitChange({this=0000156402366D40}, {new_limit=19})
[808:42536:0527/125553.592:VERBOSE1:media_stream_manager.cc(1533)] MSPL::OnSpeedLimitChange({this=0000156402366D40}, {new_limit=20})
[808:42536:0527/125554.593:VERBOSE1:media_stream_manager.cc(1533)] MSPL::OnSpeedLimitChange({this=0000156402366D40}, {new_limit=21})
[808:42536:0527/125555.596:VERBOSE1:media_stream_manager.cc(1533)] MSPL::OnSpeedLimitChange({this=0000156402366D40}, {new_limit=22})
[808:42536:0527/125557.590:VERBOSE1:media_stream_manager.cc(1533)] MSPL::OnSpeedLimitChange({this=0000156402366D40}, {new_limit=21})
[808:42536:0527/125559.590:VERBOSE1:media_stream_manager.cc(1533)] MSPL::OnSpeedLimitChange({this=0000156402366D40}, {new_limit=22})
[808:42536:0527/125608.593:VERBOSE1:media_stream_manager.cc(1533)] MSPL::OnSpeedLimitChange({this=0000156402366D40}, {new_limit=21})
[808:42536:0527/125618.724:VERBOSE1:media_stream_manager.cc(1533)] MSPL::OnSpeedLimitChange({this=0000156402366D40}, {new_limit=22})
[808:42536:0527/125619.610:VERBOSE1:media_stream_manager.cc(1533)] MSPL::OnSpeedLimitChange({this=0000156402366D40}, {new_limit=21})
[808:42536:0527/125624.611:VERBOSE1:media_stream_manager.cc(1533)] MSPL::OnSpeedLimitChange({this=0000156402366D40}, {new_limit=20})
[808:42536:0527/125630.612:VERBOSE1:media_stream_manager.cc(1533)] MSPL::OnSpeedLimitChange({this=0000156402366D40}, {new_limit=19})
[808:42536:0527/125631.610:VERBOSE1:media_stream_manager.cc(1533)] MSPL::OnSpeedLimitChange({this=0000156402366D40}, {new_limit=18})
[808:42536:0527/125632.619:VERBOSE1:media_stream_manager.cc(1533)] MSPL::OnSpeedLimitChange({this=0000156402366D40}, {new_limit=16})
[808:42536:0527/125633.610:VERBOSE1:media_stream_manager.cc(1533)] MSPL::OnSpeedLimitChange({this=0000156402366D40}, {new_limit=15})
[808:42536:0527/125637.615:VERBOSE1:media_stream_manager.cc(1533)] MSPL::OnSpeedLimitChange({this=0000156402366D40}, {new_limit=14})
[808:42536:0527/125639.611:VERBOSE1:media_stream_manager.cc(1533)] MSPL::OnSpeedLimitChange({this=0000156402366D40}, {new_limit=15})
[808:42536:0527/125640.618:VERBOSE1:media_stream_manager.cc(1533)] MSPL::OnSpeedLimitChange({this=0000156402366D40}, {new_limit=16})
[808:42536:0527/125641.619:VERBOSE1:media_stream_manager.cc(1533)] MSPL::OnSpeedLimitChange({this=0000156402366D40}, {new_limit=17})
[808:42536:0527/125642.618:VERBOSE1:media_stream_manager.cc(1533)] MSPL::OnSpeedLimitChange({this=0000156402366D40}, {new_limit=18})
[808:42536:0527/125643.620:VERBOSE1:media_stream_manager.cc(1533)] MSPL::OnSpeedLimitChange({this=0000156402366D40}, {new_limit=19})
[808:42536:0527/125644.619:VERBOSE1:media_stream_manager.cc(1533)] MSPL::OnSpeedLimitChange({this=0000156402366D40}, {new_limit=20})
[808:42536:0527/125648.621:VERBOSE1:media_stream_manager.cc(1533)] MSPL::OnSpeedLimitChange({this=0000156402366D40}, {new_limit=21})
[808:42536:0527/125655.639:VERBOSE1:media_stream_manager.cc(1533)] MSPL::OnSpeedLimitChange({this=0000156402366D40}, {new_limit=22})
[808:42536:0527/125700.634:VERBOSE1:media_stream_manager.cc(1533)] MSPL::OnSpeedLimitChange({this=0000156402366D40}, {new_limit=21})
[808:42536:0527/125701.675:VERBOSE1:media_stream_manager.cc(1533)] MSPL::OnSpeedLimitChange({this=0000156402366D40}, {new_limit=22})
[808:42536:0527/125702.638:VERBOSE1:media_stream_manager.cc(1533)] MSPL::OnSpeedLimitChange({this=0000156402366D40}, {new_limit=21})
[808:42536:0527/125711.649:VERBOSE1:media_stream_manager.cc(1533)] MSPL::OnSpeedLimitChange({this=0000156402366D40}, {new_limit=20})
[808:42536:0527/125712.647:VERBOSE1:media_stream_manager.cc(1533)] MSPL::OnSpeedLimitChange({this=0000156402366D40}, {new_limit=21})
[808:42536:0527/125713.638:VERBOSE1:media_stream_manager.cc(1533)] MSPL::OnSpeedLimitChange({this=0000156402366D40}, {new_limit=20})
[808:42536:0527/125719.641:VERBOSE1:media_stream_manager.cc(1533)] MSPL::OnSpeedLimitChange({this=0000156402366D40}, {new_limit=19})
[808:42536:0527/125721.657:VERBOSE1:media_stream_manager.cc(1533)] MSPL::OnSpeedLimitChange({this=0000156402366D40}, {new_limit=20})
[808:42536:0527/125724.651:VERBOSE1:media_stream_manager.cc(1533)] MSPL::OnSpeedLimitChange({this=0000156402366D40}, {new_limit=21})
[808:42536:0527/125729.649:VERBOSE1:media_stream_manager.cc(1533)] MSPL::OnSpeedLimitChange({this=0000156402366D40}, {new_limit=22})
[808:42536:0527/125735.651:VERBOSE1:media_stream_manager.cc(1533)] MSPL::OnSpeedLimitChange({this=0000156402366D40}, {new_limit=21})
[808:42536:0527/125744.667:VERBOSE1:media_stream_manager.cc(1533)] MSPL::OnSpeedLimitChange({this=0000156402366D40}, {new_limit=20})
[808:42536:0527/125750.668:VERBOSE1:media_stream_manager.cc(1533)] MSPL::OnSpeedLimitChange({this=0000156402366D40}, {new_limit=19})
[808:42536:0527/125751.666:VERBOSE1:media_stream_manager.cc(1533)] MSPL::OnSpeedLimitChange({this=0000156402366D40}, {new_limit=18})
[808:42536:0527/125759.672:VERBOSE1:media_stream_manager.cc(1533)] MSPL::OnSpeedLimitChange({this=0000156402366D40}, {new_limit=17})
[808:42536:0527/125800.665:VERBOSE1:media_stream_manager.cc(1533)] MSPL::OnSpeedLimitChange({this=0000156402366D40}, {new_limit=18})
[808:42536:0527/125801.666:VERBOSE1:media_stream_manager.cc(1533)] MSPL::OnSpeedLimitChange({this=0000156402366D40}, {new_limit=19})
[45968:54092:0527/125805.654:VERBOSE1:network_delegate.cc(36)] NetworkDelegate::NotifyBeforeURLRequest: https://optimizationguide-pa.googleapis.com/v1:GetModels?key=dummytoken
[45968:54092:0527/125805.655:VERBOSE1:network_delegate.cc(36)] NetworkDelegate::NotifyBeforeURLRequest: https://dns.google/dns-query?dns=AAABAAABAAAAAAABFG9wdGltaXphdGlvbmd1aWRlLXBhCmdvb2dsZWFwaXMDY29tAAABAAEAACkQAAAAAAAAQAAMADwAAAAAAAAAAAAAAAAAAAAAAAAAAAAAAAAAAAAAAAAAAAAAAAAAAAAAAAAAAAAAAAAAAAAAAAAAAAAAAAA
[45968:54092:0527/125805.655:VERBOSE1:network_delegate.cc(36)] NetworkDelegate::NotifyBeforeURLRequest: https://dns.google/dns-query?dns=AAABAAABAAAAAAABFG9wdGltaXphdGlvbmd1aWRlLXBhCmdvb2dsZWFwaXMDY29tAABBAAEAACkQAAAAAAAAQAAMADwAAAAAAAAAAAAAAAAAAAAAAAAAAAAAAAAAAAAAAAAAAAAAAAAAAAAAAAAAAAAAAAAAAAAAAAAAAAAAAAA
[45968:54092:0527/125805.655:VERBOSE1:tls_handshaker.cc(105)] TlsClient: Continuing handshake
[45968:54092:0527/125805.656:VERBOSE1:tls_handshaker.cc(126)] TlsClient: SSL_do_handshake returned when entering early data. After retry, rv=-1, SSL_in_early_data=1
[45968:54092:0527/125805.718:VERBOSE1:tls_handshaker.cc(105)] TlsClient: Continuing handshake
[45968:54092:0527/125805.718:VERBOSE1:tls_handshaker.cc(105)] TlsClient: Continuing handshake
[45968:54092:0527/125805.718:VERBOSE1:tls_client_handshaker.cc(528)] Client: handshake finished
[45968:54092:0527/125805.772:VERBOSE1:tls_handshaker.cc(105)] TlsClient: Continuing handshake
[45968:54092:0527/125805.773:VERBOSE1:tls_handshaker.cc(126)] TlsClient: SSL_do_handshake returned when entering early data. After retry, rv=-1, SSL_in_early_data=1
[45968:54092:0527/125805.847:VERBOSE1:tls_handshaker.cc(105)] TlsClient: Continuing handshake
[45968:54092:0527/125805.847:VERBOSE1:tls_handshaker.cc(105)] TlsClient: Continuing handshake
[45968:54092:0527/125805.847:VERBOSE1:tls_client_handshaker.cc(528)] Client: handshake finished
[808:42536:0527/125810.717:VERBOSE1:media_stream_manager.cc(1533)] MSPL::OnSpeedLimitChange({this=0000156402366D40}, {new_limit=20})
[808:42536:0527/125812.690:VERBOSE1:media_stream_manager.cc(1533)] MSPL::OnSpeedLimitChange({this=0000156402366D40}, {new_limit=19})
[808:42536:0527/125815.683:VERBOSE1:media_stream_manager.cc(1533)] MSPL::OnSpeedLimitChange({this=0000156402366D40}, {new_limit=20})
[808:42536:0527/125820.680:VERBOSE1:media_stream_manager.cc(1533)] MSPL::OnSpeedLimitChange({this=0000156402366D40}, {new_limit=21})
[808:42536:0527/125832.696:VERBOSE1:media_stream_manager.cc(1533)] MSPL::OnSpeedLimitChange({this=0000156402366D40}, {new_limit=20})
[808:42536:0527/125844.701:VERBOSE1:media_stream_manager.cc(1533)] MSPL::OnSpeedLimitChange({this=0000156402366D40}, {new_limit=19})
[808:42536:0527/125847.803:VERBOSE1:media_stream_manager.cc(1533)] MSPL::OnSpeedLimitChange({this=0000156402366D40}, {new_limit=20})
[808:42536:0527/125850.702:VERBOSE1:media_stream_manager.cc(1533)] MSPL::OnSpeedLimitChange({this=0000156402366D40}, {new_limit=19})
[808:42536:0527/125851.698:VERBOSE1:media_stream_manager.cc(1533)] MSPL::OnSpeedLimitChange({this=0000156402366D40}, {new_limit=18})
[808:42536:0527/125853.126:VERBOSE1:media_stream_manager.cc(1533)] MSPL::OnSpeedLimitChange({this=0000156402366D40}, {new_limit=19})
[808:14356:0527/125855.043:VERBOSE1:device_event_log_impl.cc(198)] [12:58:55.043] Display: EVENT: screen_win.cc:893 Displays updated, count: 1
[808:14356:0527/125855.043:VERBOSE1:device_event_log_impl.cc(198)] [12:58:55.043] Display: EVENT: screen_win.cc:895 Display[2848582967] bounds=[0,0 1440x900], workarea=[0,0 1440x852], scale=2, rotation=0, panel_rotation=0 external detected
[808:42536:0527/125857.716:VERBOSE1:media_stream_manager.cc(1533)] MSPL::OnSpeedLimitChange({this=0000156402366D40}, {new_limit=18})
[808:42536:0527/125859.710:VERBOSE1:media_stream_manager.cc(1533)] MSPL::OnSpeedLimitChange({this=0000156402366D40}, {new_limit=17})
[808:42536:0527/125900.722:VERBOSE1:media_stream_manager.cc(1533)] MSPL::OnSpeedLimitChange({this=0000156402366D40}, {new_limit=18})
[808:42536:0527/125901.704:VERBOSE1:media_stream_manager.cc(1533)] MSPL::OnSpeedLimitChange({this=0000156402366D40}, {new_limit=19})
[808:42536:0527/125903.708:VERBOSE1:media_stream_manager.cc(1533)] MSPL::OnSpeedLimitChange({this=0000156402366D40}, {new_limit=18})
[808:42536:0527/125909.968:VERBOSE1:media_stream_manager.cc(1533)] MSPL::OnSpeedLimitChange({this=0000156402366D40}, {new_limit=19})
[808:42536:0527/125910.797:VERBOSE1:media_stream_manager.cc(1533)] MSPL::OnSpeedLimitChange({this=0000156402366D40}, {new_limit=18})
[808:14356:0527/125911.298:VERBOSE1:device_event_log_impl.cc(198)] [12:59:11.297] Display: EVENT: screen_win.cc:893 Displays updated, count: 1
[808:14356:0527/125911.298:VERBOSE1:device_event_log_impl.cc(198)] [12:59:11.298] Display: EVENT: screen_win.cc:895 Display[2848582967] bounds=[0,0 1440x900], workarea=[0,0 1440x852], scale=2, rotation=0, panel_rotation=0 external detected
[808:14356:0527/125912.334:VERBOSE1:device_event_log_impl.cc(198)] [12:59:12.333] Display: EVENT: screen_win.cc:893 Displays updated, count: 1
[808:14356:0527/125912.334:VERBOSE1:device_event_log_impl.cc(198)] [12:59:12.333] Display: EVENT: screen_win.cc:895 Display[2848582967] bounds=[0,0 1440x900], workarea=[0,0 1440x852], scale=2, rotation=0, panel_rotation=0 external detected
[808:42536:0527/125912.789:VERBOSE1:media_stream_manager.cc(1533)] MSPL::OnSpeedLimitChange({this=0000156402366D40}, {new_limit=19})
[808:14356:0527/125913.780:VERBOSE1:device_event_log_impl.cc(198)] [12:59:13.780] Display: EVENT: screen_win.cc:893 Displays updated, count: 1
[808:14356:0527/125913.781:VERBOSE1:device_event_log_impl.cc(198)] [12:59:13.781] Display: EVENT: screen_win.cc:895 Display[2848582967] bounds=[0,0 1440x900], workarea=[0,0 1440x852], scale=2, rotation=0, panel_rotation=0 external detected
[808:14356:0527/125914.748:VERBOSE1:device_event_log_impl.cc(198)] [12:59:14.747] Display: EVENT: screen_win.cc:893 Displays updated, count: 1
[808:14356:0527/125914.748:VERBOSE1:device_event_log_impl.cc(198)] [12:59:14.747] Display: EVENT: screen_win.cc:895 Display[2848582967] bounds=[0,0 1440x900], workarea=[0,0 1440x852], scale=2, rotation=0, panel_rotation=0 external detected
[808:42536:0527/125914.842:VERBOSE1:media_stream_manager.cc(1533)] MSPL::OnSpeedLimitChange({this=0000156402366D40}, {new_limit=20})
[808:42536:0527/125915.897:VERBOSE1:media_stream_manager.cc(1533)] MSPL::OnSpeedLimitChange({this=0000156402366D40}, {new_limit=21})
[808:14356:0527/125916.173:VERBOSE1:device_event_log_impl.cc(198)] [12:59:16.173] Display: EVENT: screen_win.cc:893 Displays updated, count: 1
[808:14356:0527/125916.173:VERBOSE1:device_event_log_impl.cc(198)] [12:59:16.173] Display: EVENT: screen_win.cc:895 Display[2848582967] bounds=[0,0 1440x900], workarea=[0,0 1440x852], scale=2, rotation=0, panel_rotation=0 external detected
[808:42536:0527/125916.768:VERBOSE1:media_stream_manager.cc(1533)] MSPL::OnSpeedLimitChange({this=0000156402366D40}, {new_limit=23})
[808:14356:0527/125916.840:VERBOSE1:device_event_log_impl.cc(198)] [12:59:16.839] Display: EVENT: screen_win.cc:893 Displays updated, count: 1
[808:14356:0527/125916.840:VERBOSE1:device_event_log_impl.cc(198)] [12:59:16.839] Display: EVENT: screen_win.cc:895 Display[2848582967] bounds=[0,0 1440x900], workarea=[0,0 1440x852], scale=2, rotation=0, panel_rotation=0 external detected
[808:42536:0527/125917.810:VERBOSE1:media_stream_manager.cc(1533)] MSPL::OnSpeedLimitChange({this=0000156402366D40}, {new_limit=24})
[808:14356:0527/125918.398:VERBOSE1:device_event_log_impl.cc(198)] [12:59:18.397] Display: EVENT: screen_win.cc:893 Displays updated, count: 1
[808:14356:0527/125918.398:VERBOSE1:device_event_log_impl.cc(198)] [12:59:18.398] Display: EVENT: screen_win.cc:895 Display[2848582967] bounds=[0,0 1440x900], workarea=[0,0 1440x852], scale=2, rotation=0, panel_rotation=0 external detected
[808:14356:0527/125920.542:VERBOSE1:device_event_log_impl.cc(198)] [12:59:20.543] Display: EVENT: screen_win.cc:893 Displays updated, count: 1
[808:14356:0527/125920.542:VERBOSE1:device_event_log_impl.cc(198)] [12:59:20.543] Display: EVENT: screen_win.cc:895 Display[2848582967] bounds=[0,0 1440x900], workarea=[0,0 1440x852], scale=2, rotation=0, panel_rotation=0 external detected
[808:42536:0527/125920.825:VERBOSE1:media_stream_manager.cc(1533)] MSPL::OnSpeedLimitChange({this=0000156402366D40}, {new_limit=26})
[808:14356:0527/125922.574:VERBOSE1:device_event_log_impl.cc(198)] [12:59:22.573] Display: EVENT: screen_win.cc:893 Displays updated, count: 1
[808:14356:0527/125922.574:VERBOSE1:device_event_log_impl.cc(198)] [12:59:22.573] Display: EVENT: screen_win.cc:895 Display[2848582967] bounds=[0,0 1440x900], workarea=[0,0 1440x852], scale=2, rotation=0, panel_rotation=0 external detected
[808:42536:0527/125923.732:VERBOSE1:media_stream_manager.cc(1533)] MSPL::OnSpeedLimitChange({this=0000156402366D40}, {new_limit=25})
[808:14356:0527/125925.468:VERBOSE1:device_event_log_impl.cc(198)] [12:59:25.468] Display: EVENT: screen_win.cc:893 Displays updated, count: 1
[808:14356:0527/125925.468:VERBOSE1:device_event_log_impl.cc(198)] [12:59:25.468] Display: EVENT: screen_win.cc:895 Display[2848582967] bounds=[0,0 1440x900], workarea=[0,0 1440x852], scale=2, rotation=0, panel_rotation=0 external detected
[808:14356:0527/125926.936:VERBOSE1:device_event_log_impl.cc(198)] [12:59:26.936] Display: EVENT: screen_win.cc:893 Displays updated, count: 1
[808:14356:0527/125926.936:VERBOSE1:device_event_log_impl.cc(198)] [12:59:26.936] Display: EVENT: screen_win.cc:895 Display[2848582967] bounds=[0,0 1440x900], workarea=[0,0 1440x852], scale=2, rotation=0, panel_rotation=0 external detected
[808:42536:0527/125927.801:VERBOSE1:media_stream_manager.cc(1533)] MSPL::OnSpeedLimitChange({this=0000156402366D40}, {new_limit=24})
[808:14356:0527/125928.249:VERBOSE1:device_event_log_impl.cc(198)] [12:59:28.248] Display: EVENT: screen_win.cc:893 Displays updated, count: 1
[808:14356:0527/125928.249:VERBOSE1:device_event_log_impl.cc(198)] [12:59:28.249] Display: EVENT: screen_win.cc:895 Display[2848582967] bounds=[0,0 1440x900], workarea=[0,0 1440x852], scale=2, rotation=0, panel_rotation=0 external detected
[808:42536:0527/125930.743:VERBOSE1:media_stream_manager.cc(1533)] MSPL::OnSpeedLimitChange({this=0000156402366D40}, {new_limit=23})
[808:42536:0527/125931.743:VERBOSE1:media_stream_manager.cc(1533)] MSPL::OnSpeedLimitChange({this=0000156402366D40}, {new_limit=22})
[808:42536:0527/125933.738:VERBOSE1:media_stream_manager.cc(1533)] MSPL::OnSpeedLimitChange({this=0000156402366D40}, {new_limit=21})
[808:42536:0527/125935.753:VERBOSE1:media_stream_manager.cc(1533)] MSPL::OnSpeedLimitChange({this=0000156402366D40}, {new_limit=20})
[808:42536:0527/125936.749:VERBOSE1:media_stream_manager.cc(1533)] MSPL::OnSpeedLimitChange({this=0000156402366D40}, {new_limit=19})
[808:42536:0527/125937.747:VERBOSE1:media_stream_manager.cc(1533)] MSPL::OnSpeedLimitChange({this=0000156402366D40}, {new_limit=18})
[808:42536:0527/125941.745:VERBOSE1:media_stream_manager.cc(1533)] MSPL::OnSpeedLimitChange({this=0000156402366D40}, {new_limit=17})
[808:42536:0527/125943.758:VERBOSE1:media_stream_manager.cc(1533)] MSPL::OnSpeedLimitChange({this=0000156402366D40}, {new_limit=18})
[808:42536:0527/125944.741:VERBOSE1:media_stream_manager.cc(1533)] MSPL::OnSpeedLimitChange({this=0000156402366D40}, {new_limit=19})
[808:42536:0527/125948.840:VERBOSE1:media_stream_manager.cc(1533)] MSPL::OnSpeedLimitChange({this=0000156402366D40}, {new_limit=20})
[808:42536:0527/125950.756:VERBOSE1:media_stream_manager.cc(1533)] MSPL::OnSpeedLimitChange({this=0000156402366D40}, {new_limit=19})
[808:42536:0527/125951.803:VERBOSE1:media_stream_manager.cc(1533)] MSPL::OnSpeedLimitChange({this=0000156402366D40}, {new_limit=20})
[808:42536:0527/125952.763:VERBOSE1:media_stream_manager.cc(1533)] MSPL::OnSpeedLimitChange({this=0000156402366D40}, {new_limit=19})
[808:42536:0527/125955.752:VERBOSE1:media_stream_manager.cc(1533)] MSPL::OnSpeedLimitChange({this=0000156402366D40}, {new_limit=20})
[808:42536:0527/125956.752:VERBOSE1:media_stream_manager.cc(1533)] MSPL::OnSpeedLimitChange({this=0000156402366D40}, {new_limit=19})
[808:42536:0527/130000.758:VERBOSE1:media_stream_manager.cc(1533)] MSPL::OnSpeedLimitChange({this=0000156402366D40}, {new_limit=20})
[808:42536:0527/130015.778:VERBOSE1:media_stream_manager.cc(1533)] MSPL::OnSpeedLimitChange({this=0000156402366D40}, {new_limit=19})
[808:42536:0527/130021.782:VERBOSE1:media_stream_manager.cc(1533)] MSPL::OnSpeedLimitChange({this=0000156402366D40}, {new_limit=20})
[808:42536:0527/130037.793:VERBOSE1:media_stream_manager.cc(1533)] MSPL::OnSpeedLimitChange({this=0000156402366D40}, {new_limit=21})
[45968:54092:0527/130038.257:VERBOSE1:network_delegate.cc(36)] NetworkDelegate::NotifyBeforeURLRequest: https://optimizationguide-pa.googleapis.com/v1:GetModels?key=dummytoken
[45968:54092:0527/130038.257:VERBOSE1:network_delegate.cc(36)] NetworkDelegate::NotifyBeforeURLRequest: https://dns.google/dns-query?dns=AAABAAABAAAAAAABFG9wdGltaXphdGlvbmd1aWRlLXBhCmdvb2dsZWFwaXMDY29tAAABAAEAACkQAAAAAAAAQAAMADwAAAAAAAAAAAAAAAAAAAAAAAAAAAAAAAAAAAAAAAAAAAAAAAAAAAAAAAAAAAAAAAAAAAAAAAAAAAAAAAA
[45968:54092:0527/130038.258:VERBOSE1:network_delegate.cc(36)] NetworkDelegate::NotifyBeforeURLRequest: https://dns.google/dns-query?dns=AAABAAABAAAAAAABFG9wdGltaXphdGlvbmd1aWRlLXBhCmdvb2dsZWFwaXMDY29tAABBAAEAACkQAAAAAAAAQAAMADwAAAAAAAAAAAAAAAAAAAAAAAAAAAAAAAAAAAAAAAAAAAAAAAAAAAAAAAAAAAAAAAAAAAAAAAAAAAAAAAA
[45968:54092:0527/130038.272:VERBOSE1:tls_handshaker.cc(105)] TlsClient: Continuing handshake
[45968:54092:0527/130038.274:VERBOSE1:tls_handshaker.cc(126)] TlsClient: SSL_do_handshake returned when entering early data. After retry, rv=-1, SSL_in_early_data=1
[45968:54092:0527/130038.360:VERBOSE1:tls_handshaker.cc(105)] TlsClient: Continuing handshake
[45968:54092:0527/130038.360:VERBOSE1:tls_handshaker.cc(105)] TlsClient: Continuing handshake
[45968:54092:0527/130038.360:VERBOSE1:tls_client_handshaker.cc(528)] Client: handshake finished
[45968:54092:0527/130038.444:VERBOSE1:tls_handshaker.cc(105)] TlsClient: Continuing handshake
[45968:54092:0527/130038.445:VERBOSE1:tls_handshaker.cc(126)] TlsClient: SSL_do_handshake returned when entering early data. After retry, rv=-1, SSL_in_early_data=1
[45968:54092:0527/130038.502:VERBOSE1:tls_handshaker.cc(105)] TlsClient: Continuing handshake
[45968:54092:0527/130038.503:VERBOSE1:tls_handshaker.cc(105)] TlsClient: Continuing handshake
[45968:54092:0527/130038.504:VERBOSE1:tls_client_handshaker.cc(528)] Client: handshake finished
[808:42536:0527/130038.791:VERBOSE1:media_stream_manager.cc(1533)] MSPL::OnSpeedLimitChange({this=0000156402366D40}, {new_limit=20})
[808:42536:0527/130041.796:VERBOSE1:media_stream_manager.cc(1533)] MSPL::OnSpeedLimitChange({this=0000156402366D40}, {new_limit=19})
[808:42536:0527/130049.795:VERBOSE1:media_stream_manager.cc(1533)] MSPL::OnSpeedLimitChange({this=0000156402366D40}, {new_limit=18})
[808:42536:0527/130050.795:VERBOSE1:media_stream_manager.cc(1533)] MSPL::OnSpeedLimitChange({this=0000156402366D40}, {new_limit=17})
[808:42536:0527/130100.811:VERBOSE1:media_stream_manager.cc(1533)] MSPL::OnSpeedLimitChange({this=0000156402366D40}, {new_limit=18})
[808:42536:0527/130103.806:VERBOSE1:media_stream_manager.cc(1533)] MSPL::OnSpeedLimitChange({this=0000156402366D40}, {new_limit=19})
[808:42536:0527/130109.817:VERBOSE1:media_stream_manager.cc(1533)] MSPL::OnSpeedLimitChange({this=0000156402366D40}, {new_limit=20})
[808:42536:0527/130124.819:VERBOSE1:media_stream_manager.cc(1533)] MSPL::OnSpeedLimitChange({this=0000156402366D40}, {new_limit=21})
[808:42536:0527/130126.821:VERBOSE1:media_stream_manager.cc(1533)] MSPL::OnSpeedLimitChange({this=0000156402366D40}, {new_limit=20})
[808:42536:0527/130140.843:VERBOSE1:media_stream_manager.cc(1533)] MSPL::OnSpeedLimitChange({this=0000156402366D40}, {new_limit=21})
[808:42536:0527/130152.841:VERBOSE1:media_stream_manager.cc(1533)] MSPL::OnSpeedLimitChange({this=0000156402366D40}, {new_limit=20})
[808:42536:0527/130153.839:VERBOSE1:media_stream_manager.cc(1533)] MSPL::OnSpeedLimitChange({this=0000156402366D40}, {new_limit=21})
[808:42536:0527/130204.853:VERBOSE1:media_stream_manager.cc(1533)] MSPL::OnSpeedLimitChange({this=0000156402366D40}, {new_limit=20})
[808:42536:0527/130210.862:VERBOSE1:media_stream_manager.cc(1533)] MSPL::OnSpeedLimitChange({this=0000156402366D40}, {new_limit=19})
[808:42536:0527/130213.863:VERBOSE1:media_stream_manager.cc(1533)] MSPL::OnSpeedLimitChange({this=0000156402366D40}, {new_limit=20})
[808:42536:0527/130237.876:VERBOSE1:media_stream_manager.cc(1533)] MSPL::OnSpeedLimitChange({this=0000156402366D40}, {new_limit=21})
[808:42536:0527/130241.872:VERBOSE1:media_stream_manager.cc(1533)] MSPL::OnSpeedLimitChange({this=0000156402366D40}, {new_limit=20})
[808:42536:0527/130242.874:VERBOSE1:media_stream_manager.cc(1533)] MSPL::OnSpeedLimitChange({this=0000156402366D40}, {new_limit=19})
[808:42536:0527/130243.874:VERBOSE1:media_stream_manager.cc(1533)] MSPL::OnSpeedLimitChange({this=0000156402366D40}, {new_limit=18})
[808:42536:0527/130245.875:VERBOSE1:media_stream_manager.cc(1533)] MSPL::OnSpeedLimitChange({this=0000156402366D40}, {new_limit=17})
[808:42536:0527/130246.876:VERBOSE1:media_stream_manager.cc(1533)] MSPL::OnSpeedLimitChange({this=0000156402366D40}, {new_limit=16})
[808:42536:0527/130250.050:VERBOSE1:media_stream_manager.cc(1533)] MSPL::OnSpeedLimitChange({this=0000156402366D40}, {new_limit=15})
[808:42536:0527/130253.050:VERBOSE1:media_stream_manager.cc(1533)] MSPL::OnSpeedLimitChange({this=0000156402366D40}, {new_limit=17})
[808:42536:0527/130254.050:VERBOSE1:media_stream_manager.cc(1533)] MSPL::OnSpeedLimitChange({this=0000156402366D40}, {new_limit=18})
[808:42536:0527/130255.053:VERBOSE1:media_stream_manager.cc(1533)] MSPL::OnSpeedLimitChange({this=0000156402366D40}, {new_limit=20})
[808:42536:0527/130256.057:VERBOSE1:media_stream_manager.cc(1533)] MSPL::OnSpeedLimitChange({this=0000156402366D40}, {new_limit=21})
[808:42536:0527/130258.054:VERBOSE1:media_stream_manager.cc(1533)] MSPL::OnSpeedLimitChange({this=0000156402366D40}, {new_limit=22})
[808:42536:0527/130300.054:VERBOSE1:media_stream_manager.cc(1533)] MSPL::OnSpeedLimitChange({this=0000156402366D40}, {new_limit=23})
[808:42536:0527/130301.058:VERBOSE1:media_stream_manager.cc(1533)] MSPL::OnSpeedLimitChange({this=0000156402366D40}, {new_limit=24})
[808:42536:0527/130303.055:VERBOSE1:media_stream_manager.cc(1533)] MSPL::OnSpeedLimitChange({this=0000156402366D40}, {new_limit=25})
[808:42536:0527/130304.055:VERBOSE1:media_stream_manager.cc(1533)] MSPL::OnSpeedLimitChange({this=0000156402366D40}, {new_limit=24})
[808:42536:0527/130307.057:VERBOSE1:media_stream_manager.cc(1533)] MSPL::OnSpeedLimitChange({this=0000156402366D40}, {new_limit=25})
[808:42536:0527/130316.056:VERBOSE1:media_stream_manager.cc(1533)] MSPL::OnSpeedLimitChange({this=0000156402366D40}, {new_limit=26})
[808:42536:0527/130320.056:VERBOSE1:media_stream_manager.cc(1533)] MSPL::OnSpeedLimitChange({this=0000156402366D40}, {new_limit=27})
[808:42536:0527/130321.056:VERBOSE1:media_stream_manager.cc(1533)] MSPL::OnSpeedLimitChange({this=0000156402366D40}, {new_limit=26})
[808:42536:0527/130324.057:VERBOSE1:media_stream_manager.cc(1533)] MSPL::OnSpeedLimitChange({this=0000156402366D40}, {new_limit=27})
[45968:54092:0527/130325.059:VERBOSE1:network_delegate.cc(36)] NetworkDelegate::NotifyBeforeURLRequest: https://optimizationguide-pa.googleapis.com/v1:GetModels?key=dummytoken
[45968:54092:0527/130325.060:VERBOSE1:network_delegate.cc(36)] NetworkDelegate::NotifyBeforeURLRequest: https://dns.google/dns-query?dns=AAABAAABAAAAAAABFG9wdGltaXphdGlvbmd1aWRlLXBhCmdvb2dsZWFwaXMDY29tAAABAAEAACkQAAAAAAAAQAAMADwAAAAAAAAAAAAAAAAAAAAAAAAAAAAAAAAAAAAAAAAAAAAAAAAAAAAAAAAAAAAAAAAAAAAAAAAAAAAAAAA
[45968:54092:0527/130325.060:VERBOSE1:network_delegate.cc(36)] NetworkDelegate::NotifyBeforeURLRequest: https://dns.google/dns-query?dns=AAABAAABAAAAAAABFG9wdGltaXphdGlvbmd1aWRlLXBhCmdvb2dsZWFwaXMDY29tAABBAAEAACkQAAAAAAAAQAAMADwAAAAAAAAAAAAAAAAAAAAAAAAAAAAAAAAAAAAAAAAAAAAAAAAAAAAAAAAAAAAAAAAAAAAAAAAAAAAAAAA
[45968:54092:0527/130325.061:VERBOSE1:tls_handshaker.cc(105)] TlsClient: Continuing handshake
[45968:54092:0527/130325.062:VERBOSE1:tls_handshaker.cc(126)] TlsClient: SSL_do_handshake returned when entering early data. After retry, rv=-1, SSL_in_early_data=1
[45968:54092:0527/130325.145:VERBOSE1:tls_handshaker.cc(105)] TlsClient: Continuing handshake
[45968:54092:0527/130325.145:VERBOSE1:tls_handshaker.cc(105)] TlsClient: Continuing handshake
[45968:54092:0527/130325.145:VERBOSE1:tls_client_handshaker.cc(528)] Client: handshake finished
[45968:54092:0527/130325.214:VERBOSE1:tls_handshaker.cc(105)] TlsClient: Continuing handshake
[45968:54092:0527/130325.215:VERBOSE1:tls_handshaker.cc(126)] TlsClient: SSL_do_handshake returned when entering early data. After retry, rv=-1, SSL_in_early_data=1
[45968:54092:0527/130325.272:VERBOSE1:tls_handshaker.cc(105)] TlsClient: Continuing handshake
[45968:54092:0527/130325.274:VERBOSE1:tls_handshaker.cc(105)] TlsClient: Continuing handshake
[45968:54092:0527/130325.274:VERBOSE1:tls_client_handshaker.cc(528)] Client: handshake finished
[808:42536:0527/130358.223:VERBOSE1:media_stream_manager.cc(1533)] MSPL::OnSpeedLimitChange({this=0000156402366D40}, {new_limit=26})
[808:42536:0527/130400.225:VERBOSE1:media_stream_manager.cc(1533)] MSPL::OnSpeedLimitChange({this=0000156402366D40}, {new_limit=25})
[808:42536:0527/130408.226:VERBOSE1:media_stream_manager.cc(1533)] MSPL::OnSpeedLimitChange({this=0000156402366D40}, {new_limit=26})
[808:42536:0527/130410.226:VERBOSE1:media_stream_manager.cc(1533)] MSPL::OnSpeedLimitChange({this=0000156402366D40}, {new_limit=27})
[808:42536:0527/130412.228:VERBOSE1:media_stream_manager.cc(1533)] MSPL::OnSpeedLimitChange({this=0000156402366D40}, {new_limit=26})
[808:42536:0527/130419.228:VERBOSE1:media_stream_manager.cc(1533)] MSPL::OnSpeedLimitChange({this=0000156402366D40}, {new_limit=25})
[808:42536:0527/130422.228:VERBOSE1:media_stream_manager.cc(1533)] MSPL::OnSpeedLimitChange({this=0000156402366D40}, {new_limit=26})
[808:14356:0527/130423.003:VERBOSE1:device_event_log_impl.cc(198)] [13:04:23.002] Display: EVENT: screen_win.cc:893 Displays updated, count: 1
[808:14356:0527/130423.003:VERBOSE1:device_event_log_impl.cc(198)] [13:04:23.003] Display: EVENT: screen_win.cc:895 Display[2848582967] bounds=[0,0 1440x900], workarea=[0,0 1440x852], scale=2, rotation=0, panel_rotation=0 external detected
[808:42536:0527/130423.230:VERBOSE1:media_stream_manager.cc(1533)] MSPL::OnSpeedLimitChange({this=0000156402366D40}, {new_limit=25})
[808:42536:0527/130424.945:VERBOSE1:media_stream_manager.cc(1533)] MSPL::OnSpeedLimitChange({this=0000156402366D40}, {new_limit=24})
[808:42536:0527/130429.693:VERBOSE1:media_stream_manager.cc(1533)] MSPL::OnSpeedLimitChange({this=0000156402366D40}, {new_limit=25})
[808:14356:0527/130429.696:VERBOSE1:frame_host_impl.cc(515)] frame 6-2315836A0A841FE98F05B9AABE6A07EA (sub) detached (reason=RENDER_FRAME_DELETED, is_connected=1)
[24480:44856:0527/130429.697:VERBOSE1:dispatcher.cc(596)] Num tracked contexts: 1
[24480:44856:0527/130429.697:VERBOSE1:frame_impl.cc(620)] frame 6-2315836A0A841FE98F05B9AABE6A07EA disconnected (reason=DETACHED, current_state=CONNECTION_ACKED, FRAME_INVALID)
[24480:44856:0527/130429.699:VERBOSE1:script_context.cc(164)] Destroyed context for extension
  extension id: 
  effective extension id: 
[24480:44856:0527/130429.699:VERBOSE1:script_context.cc(164)] Destroyed context for extension
  extension id: 
  effective extension id: 
[24480:44856:0527/130429.699:VERBOSE1:frame_impl.cc(620)] frame 6-2BA5B763DB0DB25F30334C15B37E8E74 disconnected (reason=BROWSER_FRAME_DISCONNECT, current_state=CONNECTION_ACKED)
[24480:44856:0527/130429.699:VERBOSE1:frame_impl.cc(633)] frame 6-2BA5B763DB0DB25F30334C15B37E8E74 connection retry scheduled
[808:14356:0527/130429.701:VERBOSE1:frame_host_impl.cc(515)] frame 6-2BA5B763DB0DB25F30334C15B37E8E74 (main) detached (reason=NEW_MAIN_FRAME, is_connected=1)
[808:14356:0527/130429.737:VERBOSE1:account_reconcilor.cc(264)] AccountReconcilor::Shutdown
[808:14356:0527/130429.737:VERBOSE1:account_reconcilor.cc(718)] AccountReconcilor::AbortReconcile: try again later
[808:14356:0527/130429.738:VERBOSE1:account_reconcilor.cc(827)] AccountReconcilor::CalculateIfMultiloginReconcileIsDone: Error was 
[808:14356:0527/130429.738:VERBOSE1:account_reconcilor.cc(313)] AccountReconcilor::UnregisterWithIdentityManager
[808:14356:0527/130429.738:VERBOSE1:account_reconcilor.cc(286)] AccountReconcilor::UnregisterWithContentSettings
[808:14356:0527/130429.738:VERBOSE1:gaia_cookie_manager_service.cc(628)] GaiaCookieManagerService::CancelAll
[808:14356:0527/130429.739:VERBOSE1:mutable_profile_oauth2_token_service_delegate.cc(752)] MutablePO2TS::Shutdown
[808:14356:0527/130429.739:VERBOSE1:mutable_profile_oauth2_token_service_delegate.cc(235)] MutablePO2TS::~MutablePO2TS
[808:14356:0527/130429.740:VERBOSE1:device_event_log_impl.cc(198)] [13:04:29.739] Bluetooth: EVENT: bluetooth_api.cc:109 BluetoothAPI: Shutdown
[808:14356:0527/130429.753:VERBOSE1:account_reconcilor.cc(193)] AccountReconcilor::~AccountReconcilor
[808:14356:0527/130429.756:VERBOSE1:device_event_log_impl.cc(198)] [13:04:29.756] Bluetooth: EVENT: bluetooth_api.cc:95 ~BluetoothAPI: 000015640252DA00
[808:14356:0527/130429.863:VERBOSE1:component_updater_service.cc(180)] CrxUpdateService stopping
[808:14356:0527/130429.863:WARNING:pref_notifier_impl.cc(41)] Pref observer for media_router.cast_allow_all_ips found at shutdown.
[808:14356:0527/130429.888:VERBOSE1:statistics_recorder.cc(607)] Collections of all histograms
Histogram: API.StorageAccess.AllowedRequests2 recorded 189 samples, mean = 0.0 (flags = 0x41)
0  ------------------------------------------------------------------------O (180 = 95.2%)
1  ----O                                                                     (9 = 4.8%) {95.2%}
2  ... 

Histogram: API.StorageAccess.DocumentInheritedStorageAccess recorded 7 samples, mean = 0.0 (flags = 0x41)
0  -------O                                                                  (7 = 100.0%)
1  ... 

Histogram: API.StorageAccess.DocumentLoadedWithStorageAccess recorded 7 samples, mean = 0.0 (flags = 0x41)
0  -------O                                                                  (7 = 100.0%)
1  ... 

Histogram: Accessibility.CaptionSettingsLoadedFromSystemSettings recorded 1 samples, mean = 0.0 (flags = 0x41)
0  -O                                                                        (1 = 100.0%)
1  ... 

Histogram: Accessibility.ImageLabels2 recorded 1 samples, mean = 0.0 (flags = 0x41)
0  -O                                                                        (1 = 100.0%)
1  ... 

Histogram: Accessibility.LiveCaption.FeatureEnabled2 recorded 1 samples, mean = 1.0 (flags = 0x41)
0  O                                                                         (0 = 0.0%)
1  -O                                                                        (1 = 100.0%) {0.0%}
2  O                                                                         (0 = 0.0%) {100.0%}

Histogram: Accessibility.LiveCaption2 recorded 1 samples, mean = 0.0 (flags = 0x41)
0  -O                                                                        (1 = 100.0%)
1  ... 

Histogram: Accessibility.ManuallyEnabled recorded 1 samples, mean = 0.0 (flags = 0x41)
0  -O                                                                        (1 = 100.0%)
1  ... 

Histogram: Accessibility.WinJAWS recorded 1 samples, mean = 0.0 (flags = 0x41)
0  -O                                                                        (1 = 100.0%)
1  ... 

Histogram: Accessibility.WinNVDA recorded 1 samples, mean = 0.0 (flags = 0x41)
0  -O                                                                        (1 = 100.0%)
1  ... 

Histogram: Accessibility.WinSAToGo recorded 1 samples, mean = 0.0 (flags = 0x41)
0  -O                                                                        (1 = 100.0%)
1  ... 

Histogram: Accessibility.WinScreenReader2 recorded 1 samples, mean = 0.0 (flags = 0x41)
0  -O                                                                        (1 = 100.0%)
1  ... 

Histogram: Accessibility.WinStickyKeys recorded 1 samples, mean = 0.0 (flags = 0x41)
0  -O                                                                        (1 = 100.0%)
1  ... 

Histogram: Accessibility.WinSupernova recorded 1 samples, mean = 0.0 (flags = 0x41)
0  -O                                                                        (1 = 100.0%)
1  ... 

Histogram: Accessibility.WinZoomText recorded 1 samples, mean = 0.0 (flags = 0x41)
0  -O                                                                        (1 = 100.0%)
1  ... 

Histogram: AppBanners.InstallableStatusCode recorded 1 samples (flags = 0x41)
8  -O                                                                        (1 = 100.0%)

Histogram: Apps.PreferredApps.EntryCount recorded 1 samples, mean = 0.0 (flags = 0x41)
0  -O                                                                        (1 = 100.0%)
1  ... 

Histogram: Autofill.Address.IsEnabled.PageLoad recorded 1 samples, mean = 1.0 (flags = 0x41)
0  O                                                                         (0 = 0.0%)
1  -O                                                                        (1 = 100.0%) {0.0%}
2  O                                                                         (0 = 0.0%) {100.0%}

Histogram: Autofill.Address.IsEnabled.PageLoad.SignedOut recorded 1 samples, mean = 1.0 (flags = 0x41)
0  O                                                                         (0 = 0.0%)
1  -O                                                                        (1 = 100.0%) {0.0%}
2  O                                                                         (0 = 0.0%) {100.0%}

Histogram: Autofill.Address.IsEnabled.Startup recorded 1 samples, mean = 1.0 (flags = 0x41)
0  O                                                                         (0 = 0.0%)
1  -O                                                                        (1 = 100.0%) {0.0%}
2  O                                                                         (0 = 0.0%) {100.0%}

Histogram: Autofill.CreditCard.IsEnabled.PageLoad recorded 1 samples, mean = 1.0 (flags = 0x41)
0  O                                                                         (0 = 0.0%)
1  -O                                                                        (1 = 100.0%) {0.0%}
2  O                                                                         (0 = 0.0%) {100.0%}

Histogram: Autofill.CreditCard.IsEnabled.PageLoad.SignedOut recorded 1 samples, mean = 1.0 (flags = 0x41)
0  O                                                                         (0 = 0.0%)
1  -O                                                                        (1 = 100.0%) {0.0%}
2  O                                                                         (0 = 0.0%) {100.0%}

Histogram: Autofill.CreditCard.IsEnabled.Startup recorded 1 samples, mean = 1.0 (flags = 0x41)
0  O                                                                         (0 = 0.0%)
1  -O                                                                        (1 = 100.0%) {0.0%}
2  O                                                                         (0 = 0.0%) {100.0%}

Histogram: Autofill.DOMContentLoadedInOutermostMainFrame recorded 3 samples, mean = 0.3 (flags = 0x41)
0  --O                                                                       (2 = 66.7%)
1  -O                                                                        (1 = 33.3%) {66.7%}
2  O                                                                         (0 = 0.0%) {100.0%}

Histogram: Autofill.ExtractFormUnowned.FieldCount recorded 4 samples, mean = 0.0 (flags = 0x41)
0  ----O                                                                     (4 = 100.0%)
1  ... 

Histogram: Autofill.FormForest.GetBrowserFormOfRendererForm.Duration recorded 1 samples, mean = 0.0 (flags = 0x41)
0  -O                                                                        (1 = 100.0%)
1  ... 

Histogram: Autofill.FormForest.UpdateTreeOfRendererForm.Duration recorded 1 samples, mean = 17.0 (flags = 0x41)
0   ... 
16  -O                                                                        (1 = 100.0%) {0.0%}
21  ... 

Histogram: Autofill.FormForest.UpdateTreeOfRendererForm.Visits recorded 1 samples, mean = 2.0 (flags = 0x41)
0  ... 
2  -O                                                                        (1 = 100.0%) {0.0%}
3  ... 

Histogram: Autofill.Funnel.ParsedAsType.Address recorded 6 samples, mean = 0.0 (flags = 0x41)
0  ------O                                                                   (6 = 100.0%)
1  ... 

Histogram: Autofill.Funnel.ParsedAsType.CreditCard recorded 6 samples, mean = 0.0 (flags = 0x41)
0  ------O                                                                   (6 = 100.0%)
1  ... 

Histogram: Autofill.Funnel.ParsedAsType.VirtualCard.StandaloneCvc recorded 6 samples, mean = 0.0 (flags = 0x41)
0  ------O                                                                   (6 = 100.0%)
1  ... 

Histogram: Autofill.IsEnabled.PageLoad recorded 1 samples, mean = 1.0 (flags = 0x41)
0  O                                                                         (0 = 0.0%)
1  -O                                                                        (1 = 100.0%) {0.0%}
2  O                                                                         (0 = 0.0%) {100.0%}

Histogram: Autofill.IsEnabled.PageLoad.SignedOut recorded 1 samples, mean = 1.0 (flags = 0x41)
0  O                                                                         (0 = 0.0%)
1  -O                                                                        (1 = 100.0%) {0.0%}
2  O                                                                         (0 = 0.0%) {100.0%}

Histogram: Autofill.IsEnabled.Startup recorded 1 samples, mean = 1.0 (flags = 0x41)
0  O                                                                         (0 = 0.0%)
1  -O                                                                        (1 = 100.0%) {0.0%}
2  O                                                                         (0 = 0.0%) {100.0%}

Histogram: Autofill.Leipzig.Duplication.NumberOfLocalSupersetProfilesOnStartup recorded 1 samples, mean = 0.0 (flags = 0x41)
0  -O                                                                        (1 = 100.0%)
1  ... 

Histogram: Autofill.NumberOfDriversPerFactory recorded 1 samples, mean = 3.0 (flags = 0x41)
0  ... 
3  -O                                                                        (1 = 100.0%) {0.0%}
4  ... 

Histogram: Autofill.Offer.StoredOfferCount2.CardLinkedOffer recorded 1 samples, mean = 0.0 (flags = 0x41)
0  -O                                                                        (1 = 100.0%)
1  ... 

Histogram: Autofill.Offer.StoredOfferCount2.GPayPromoCodeOffer recorded 1 samples, mean = 0.0 (flags = 0x41)
0  -O                                                                        (1 = 100.0%)
1  ... 

Histogram: Autofill.PaymentMethods.CvcStorageIsEnabled.Startup recorded 1 samples, mean = 0.0 (flags = 0x41)
0  -O                                                                        (1 = 100.0%)
1  ... 

Histogram: Autofill.StoredCreditCardCount recorded 1 samples, mean = 0.0 (flags = 0x41)
0  -O                                                                        (1 = 100.0%)
1  ... 

Histogram: Autofill.StoredCreditCardCount.Local recorded 1 samples, mean = 0.0 (flags = 0x41)
0  -O                                                                        (1 = 100.0%)
1  ... 

Histogram: Autofill.StoredCreditCardCount.Local.WithInvalidCardNumber recorded 1 samples, mean = 0.0 (flags = 0x41)
0  -O                                                                        (1 = 100.0%)
1  ... 

Histogram: Autofill.StoredCreditCardCount.Local.WithNickname recorded 1 samples, mean = 0.0 (flags = 0x41)
0  -O                                                                        (1 = 100.0%)
1  ... 

Histogram: Autofill.StoredCreditCardCount.Server recorded 1 samples, mean = 0.0 (flags = 0x41)
0  -O                                                                        (1 = 100.0%)
1  ... 

Histogram: Autofill.StoredCreditCardCount.Server.Masked recorded 1 samples, mean = 0.0 (flags = 0x41)
0  -O                                                                        (1 = 100.0%)
1  ... 

Histogram: Autofill.StoredCreditCardCount.Server.Masked.WithNickname recorded 1 samples, mean = 0.0 (flags = 0x41)
0  -O                                                                        (1 = 100.0%)
1  ... 

Histogram: Autofill.StoredCreditCardCount.Server.Unmasked recorded 1 samples, mean = 0.0 (flags = 0x41)
0  -O                                                                        (1 = 100.0%)
1  ... 

Histogram: Autofill.StoredCreditCardCount.Server.WithCardArtImage recorded 1 samples, mean = 0.0 (flags = 0x41)
0  -O                                                                        (1 = 100.0%)
1  ... 

Histogram: Autofill.StoredCreditCardCount.Server.WithVirtualCardMetadata recorded 1 samples, mean = 0.0 (flags = 0x41)
0  -O                                                                        (1 = 100.0%)
1  ... 

Histogram: Autofill.StoredIbanCount recorded 1 samples, mean = 0.0 (flags = 0x41)
0  -O                                                                        (1 = 100.0%)
1  ... 

Histogram: Autofill.StoredProfileCount.AccountChrome recorded 1 samples, mean = 0.0 (flags = 0x41)
0  -O                                                                        (1 = 100.0%)
1  ... 

Histogram: Autofill.StoredProfileCount.AccountNonChrome recorded 1 samples, mean = 0.0 (flags = 0x41)
0  -O                                                                        (1 = 100.0%)
1  ... 

Histogram: Autofill.StoredProfileCount.Legacy recorded 1 samples, mean = 0.0 (flags = 0x41)
0  -O                                                                        (1 = 100.0%)
1  ... 

Histogram: Autofill.StoredProfileCount.Total recorded 1 samples, mean = 0.0 (flags = 0x41)
0  -O                                                                        (1 = 100.0%)
1  ... 

Histogram: Autofill.SubmissionDetectionSource.FormTracker recorded 2 samples, mean = 3.0 (flags = 0x41)
0  ... 
3  --O                                                                       (2 = 100.0%) {0.0%}
4  ... 

Histogram: Autofill.Timing.ParseFormsAsync recorded 1 samples, mean = 0.0 (flags = 0x41)
0  -O                                                                        (1 = 100.0%)
1  ... 

Histogram: Autofill.Timing.ParseFormsAsync.RunHeuristics recorded 1 samples, mean = 0.0 (flags = 0x41)
0  -O                                                                        (1 = 100.0%)
1  ... 

Histogram: Autofill.Timing.ParseFormsAsync.UpdateCache recorded 1 samples, mean = 0.0 (flags = 0x41)
0  -O                                                                        (1 = 100.0%)
1  ... 

Histogram: Autofill.TimingInterval.ExtractFormData.GetFormDataFromUnownedInputElements.AutofillAgentReset recorded 2 samples, mean = 1107215.0 (flags = 0x41)
0        ... 
720966   -O                                                                        (1 = 50.0%) {0.0%}
841582   ... 
1338569  -O                                                                        (1 = 50.0%) {50.0%}
1562508  ... 

Histogram: Autofill.TimingInterval.ExtractFormData.GetFormDataFromUnownedInputElements.DOMContentLoaded recorded 2 samples, mean = 1074102912.0 (flags = 0x41)
0         ... 
720966    -O                                                                        (1 = 50.0%) {0.0%}
841582    ... 
10000000  -O                                                                        (1 = 50.0%) {50.0%}

Histogram: Autofill.TimingInterval.ExtractFormData.UpdateFormCache.AutofillAgentReset recorded 4 samples, mean = 553666.2 (flags = 0x41)
0        ... 
43       -O                                                                        (1 = 25.0%) {0.0%}
50       ... 
146      -O                                                                        (1 = 25.0%) {25.0%}
170      ... 
720966   -O                                                                        (1 = 25.0%) {50.0%}
841582   ... 
1338569  -O                                                                        (1 = 25.0%) {75.0%}
1562508  ... 

Histogram: Autofill.TimingInterval.ExtractFormData.UpdateFormCache.DOMContentLoaded recorded 4 samples, mean = 180537.0 (flags = 0x41)
0       ... 
5       -O                                                                        (1 = 25.0%) {0.0%}
6       ... 
8       -O                                                                        (1 = 25.0%) {25.0%}
9       ... 
50      -O                                                                        (1 = 25.0%) {50.0%}
58      ... 
720966  -O                                                                        (1 = 25.0%) {75.0%}
841582  ... 

Histogram: Autofill.TimingInterval.UpdateFormCache.UpdateFormCache.AutofillAgentReset recorded 4 samples, mean = 553683.2 (flags = 0x41)
0        ... 
50       -O                                                                        (1 = 25.0%) {0.0%}
58       ... 
198      -O                                                                        (1 = 25.0%) {25.0%}
231      ... 
720966   -O                                                                        (1 = 25.0%) {50.0%}
841582   ... 
1338569  -O                                                                        (1 = 25.0%) {75.0%}
1562508  ... 

Histogram: Autofill.TimingInterval.UpdateFormCache.UpdateFormCache.DOMContentLoaded recorded 4 samples, mean = 180554.0 (flags = 0x41)
0       ... 
11      -O                                                                        (1 = 25.0%) {0.0%}
13      ... 
20      -O                                                                        (1 = 25.0%) {25.0%}
23      ... 
79      -O                                                                        (1 = 25.0%) {50.0%}
92      ... 
720966  -O                                                                        (1 = 25.0%) {75.0%}
841582  ... 

Histogram: Autofill.TimingPrecise.ExtractFormData recorded 6 samples, mean = 24.5 (flags = 0x41)
0   ... 
2   -O                                                                        (1 = 16.7%) {0.0%}
3   O                                                                         (0 = 0.0%) {16.7%}
4   -O                                                                        (1 = 16.7%) {16.7%}
5   O                                                                         (0 = 0.0%) {33.3%}
6   -O                                                                        (1 = 16.7%) {33.3%}
7   ... 
19  -O                                                                        (1 = 16.7%) {50.0%}
22  ... 
41  -O                                                                        (1 = 16.7%) {66.7%}
47  ... 
68  -O                                                                        (1 = 16.7%) {83.3%}
77  ... 

Histogram: Autofill.TimingPrecise.ExtractFormData.GetFormDataFromUnownedInputElements recorded 2 samples, mean = 36.5 (flags = 0x41)
0   ... 
2   -O                                                                        (1 = 50.0%) {0.0%}
3   ... 
68  -O                                                                        (1 = 50.0%) {50.0%}
77  ... 

Histogram: Autofill.TimingPrecise.ExtractFormData.UpdateFormCache recorded 4 samples, mean = 18.5 (flags = 0x41)
0   ... 
4   -O                                                                        (1 = 25.0%) {0.0%}
5   O                                                                         (0 = 0.0%) {25.0%}
6   -O                                                                        (1 = 25.0%) {25.0%}
7   ... 
19  -O                                                                        (1 = 25.0%) {50.0%}
22  ... 
41  -O                                                                        (1 = 25.0%) {75.0%}
47  ... 

Histogram: Autofill.TimingPrecise.InferLabelForElement recorded 6 samples, mean = 0.0 (flags = 0x41)
0  ------O                                                                   (6 = 100.0%)
1  ... 

Histogram: Autofill.TimingPrecise.UpdateFormCache recorded 4 samples, mean = 38.8 (flags = 0x41)
0   ... 
11  -O                                                                        (1 = 25.0%) {0.0%}
13  ... 
22  -O                                                                        (1 = 25.0%) {25.0%}
25  ... 
32  -O                                                                        (1 = 25.0%) {50.0%}
36  ... 
77  -O                                                                        (1 = 25.0%) {75.0%}
88  ... 

Histogram: Autofill.TimingPrecise.UpdateFormCache.UpdateFormCache recorded 4 samples, mean = 38.8 (flags = 0x41)
0   ... 
11  -O                                                                        (1 = 25.0%) {0.0%}
13  ... 
22  -O                                                                        (1 = 25.0%) {25.0%}
25  ... 
32  -O                                                                        (1 = 25.0%) {50.0%}
36  ... 
77  -O                                                                        (1 = 25.0%) {75.0%}
88  ... 

Histogram: Autofill.VirtualCardUsageData.StoredUsageDataCount recorded 1 samples, mean = 0.0 (flags = 0x41)
0  -O                                                                        (1 = 100.0%)
1  ... 

Histogram: Blink.CSSStyleSheetResource.ParseTime recorded 8 samples, mean = 897.9 (flags = 0x41)
0     ... 
76    -O                                                                        (1 = 12.5%) {0.0%}
105   -O                                                                        (1 = 12.5%) {12.5%}
146   -O                                                                        (1 = 12.5%) {25.0%}
203   -O                                                                        (1 = 12.5%) {37.5%}
282   -O                                                                        (1 = 12.5%) {50.0%}
391   O                                                                         (0 = 0.0%) {62.5%}
542   --O                                                                       (2 = 25.0%) {62.5%}
752   ... 
3865  -O                                                                        (1 = 12.5%) {87.5%}
5362  ... 

Histogram: Blink.CommitDocumentLoaderTime recorded 7 samples, mean = 2.4 (flags = 0x41)
0   --O                                                                       (2 = 28.6%)
1   --O                                                                       (2 = 28.6%) {28.6%}
2   --O                                                                       (2 = 28.6%) {57.1%}
3   ... 
10  -O                                                                        (1 = 14.3%) {85.7%}
12  ... 

Histogram: Blink.CookiesTime recorded 21 samples, mean = 0.2 (flags = 0x41)
0  --------------------O                                                     (20 = 95.2%)
1  ... 
4  -O                                                                        (1 = 4.8%) {95.2%}
5  ... 

Histogram: Blink.CullRect.UpdateTime recorded 27 samples, mean = 2.8 (flags = 0x41)
0   ----O                                                                     (4 = 14.8%)
1   -----------------O                                                        (17 = 63.0%) {14.8%}
2   -O                                                                        (1 = 3.7%) {77.8%}
3   O                                                                         (0 = 0.0%) {81.5%}
4   -O                                                                        (1 = 3.7%) {81.5%}
6   O                                                                         (0 = 0.0%) {85.2%}
8   -O                                                                        (1 = 3.7%) {85.2%}
11  --O                                                                       (2 = 7.4%) {88.9%}
15  -O                                                                        (1 = 3.7%) {96.3%}
21  ... 

Histogram: Blink.DocumentLoader.CommitNavigationToStartLoadingResponse.Time.OutermostMainFrame.NewNavigation.IsHTTPOrHTTPS recorded 1 samples, mean = 1.0 (flags = 0x41)
0  O                                                                         (0 = 0.0%)
1  -O                                                                        (1 = 100.0%) {0.0%}
2  ... 

Histogram: Blink.DocumentLoader.CreateParserPostCommit.Time.OutermostMainFrame.NewNavigation.IsHTTPOrHTTPS recorded 1 samples, mean = 10.0 (flags = 0x41)
0   ... 
10  -O                                                                        (1 = 100.0%) {0.0%}
12  ... 

Histogram: Blink.EffectiveZoom recorded 17 samples (flags = 0x41)
200  -----------------O                                                        (17 = 100.0%)

Histogram: Blink.Experimental.Cookies.CacheLookupResult2 recorded 21 samples, mean = 0.9 (flags = 0x41)
0  --O                                                                       (2 = 9.5%)
1  -------------------O                                                      (19 = 90.5%) {9.5%}
2  ... 

Histogram: Blink.Experimental.Cookies.FirstCookieRequest recorded 2 samples, mean = 1.0 (flags = 0x41)
0  O                                                                         (0 = 0.0%)
1  --O                                                                       (2 = 100.0%) {0.0%}
2  ... 

Histogram: Blink.Fetch.RequestResourceTime2 recorded 146 samples, mean = 211.2 (flags = 0x41)
0      ... 
8      --O                                                                       (2 = 1.4%) {0.0%}
11     --------O                                                                 (8 = 5.5%) {1.4%}
15     -----------------------O                                                  (23 = 15.8%) {6.8%}
21     ---------------------------O                                              (27 = 18.5%) {22.6%}
29     ------------O                                                             (12 = 8.2%) {41.1%}
40     ----------O                                                               (10 = 6.8%) {49.3%}
55     -----------O                                                              (11 = 7.5%) {56.2%}
76     ---------------O                                                          (15 = 10.3%) {63.7%}
105    --------O                                                                 (8 = 5.5%) {74.0%}
146    ------------O                                                             (12 = 8.2%) {79.5%}
203    ---O                                                                      (3 = 2.1%) {87.7%}
282    ------O                                                                   (6 = 4.1%) {89.7%}
391    ----O                                                                     (4 = 2.7%) {93.8%}
542    ---O                                                                      (3 = 2.1%) {96.6%}
752    -O                                                                        (1 = 0.7%) {98.6%}
1043   ... 
14319  -O                                                                        (1 = 0.7%) {99.3%}
19866  ... 

Histogram: Blink.Fetch.RequestResourceTime2.Preload recorded 41 samples, mean = 81.0 (flags = 0x41)
0    ... 
8    --O                                                                       (2 = 4.9%) {0.0%}
11   ---O                                                                      (3 = 7.3%) {4.9%}
15   -------O                                                                  (7 = 17.1%) {12.2%}
21   -------------O                                                            (13 = 31.7%) {29.3%}
29   --O                                                                       (2 = 4.9%) {61.0%}
40   O                                                                         (0 = 0.0%) {65.9%}
55   ---O                                                                      (3 = 7.3%) {65.9%}
76   ---O                                                                      (3 = 7.3%) {73.2%}
105  ----O                                                                     (4 = 9.8%) {80.5%}
146  --O                                                                       (2 = 4.9%) {90.2%}
203  ... 
542  -O                                                                        (1 = 2.4%) {95.1%}
752  -O                                                                        (1 = 2.4%) {97.6%}
1043 ... 

Histogram: Blink.FetchQueuedPreloadsTime.MainFrame.Initial recorded 1 samples, mean = 1.0 (flags = 0x41)
0  O                                                                         (0 = 0.0%)
1  -O                                                                        (1 = 100.0%) {0.0%}
2  ... 

Histogram: Blink.Fonts.DecodeTime recorded 5 samples, mean = 7739.4 (flags = 0x41)
0      ... 
2786   --O                                                                       (2 = 40.0%) {0.0%}
3865   -O                                                                        (1 = 20.0%) {40.0%}
5362   O                                                                         (0 = 0.0%) {60.0%}
7439   -O                                                                        (1 = 20.0%) {60.0%}
10321  O                                                                         (0 = 0.0%) {80.0%}
14319  -O                                                                        (1 = 20.0%) {80.0%}
19866  ... 

Histogram: Blink.Fonts.VariableFontsRatio recorded 5 samples, mean = 1.2 (flags = 0x41)
0  O                                                                         (0 = 0.0%)
1  ----O                                                                     (4 = 80.0%) {0.0%}
2  -O                                                                        (1 = 20.0%) {80.0%}
3  ... 

Histogram: Blink.ForcedStyleAndLayout.UpdateTime.PreFCP recorded 2 samples, mean = 10.0 (flags = 0x41)
0   ... 
2   -O                                                                        (1 = 50.0%) {0.0%}
3   ... 
15  -O                                                                        (1 = 50.0%) {50.0%}
21  ... 

Histogram: Blink.HTMLFastPathParser.AbortedParseSize recorded 41 samples, mean = 3.4 (flags = 0x41)
0  ------O                                                                   (6 = 14.6%)
1  ... 
4  -----------------------------------O                                      (35 = 85.4%) {14.6%}
6  ... 

Histogram: Blink.HTMLFastPathParser.AbortedParseTime2 recorded 41 samples, mean = 1.7 (flags = 0x41)
0   ---------------O                                                          (15 = 36.6%)
1   ---------------O                                                          (15 = 36.6%) {36.6%}
2   ------O                                                                   (6 = 14.6%) {73.2%}
3   --O                                                                       (2 = 4.9%) {87.8%}
4   --O                                                                       (2 = 4.9%) {92.7%}
5   ... 
29  -O                                                                        (1 = 2.4%) {97.6%}
31  ... 

Histogram: Blink.HTMLFastPathParser.ParseResult recorded 81 samples, mean = 8.1 (flags = 0x41)
0   ----------------------------------------O                                 (40 = 49.4%)
1   ... 
4   ------O                                                                   (6 = 7.4%) {49.4%}
5   ... 
18  -----------------------------------O                                      (35 = 43.2%) {56.8%}
19  ... 

Histogram: Blink.HTMLFastPathParser.SuccessfulParseSize recorded 40 samples, mean = 201.8 (flags = 0x41)
0    ... 
146  --------------------O                                                     (20 = 50.0%) {0.0%}
203  --------------------O                                                     (20 = 50.0%) {50.0%}
282  ... 

Histogram: Blink.HTMLFastPathParser.SuccessfulParseTime2 recorded 40 samples, mean = 2.3 (flags = 0x41)
0   -----O                                                                    (5 = 12.5%)
1   --------------------O                                                     (20 = 50.0%) {12.5%}
2   -------O                                                                  (7 = 17.5%) {62.5%}
3   -----O                                                                    (5 = 12.5%) {80.0%}
4   ... 
9   -O                                                                        (1 = 2.5%) {92.5%}
10  ... 
13  -O                                                                        (1 = 2.5%) {95.0%}
14  ... 
21  -O                                                                        (1 = 2.5%) {97.5%}
23  ... 

Histogram: Blink.HTMLFastPathParser.TotalParseTime2 recorded 81 samples, mean = 12.0 (flags = 0x41)
0   -O                                                                        (1 = 1.2%)
1   --------------------O                                                     (20 = 24.7%) {1.2%}
2   ----------O                                                               (10 = 12.3%) {25.9%}
3   --O                                                                       (2 = 2.5%) {38.3%}
4   ---O                                                                      (3 = 3.7%) {40.7%}
5   ---O                                                                      (3 = 3.7%) {44.4%}
6   ----O                                                                     (4 = 4.9%) {48.1%}
7   ---O                                                                      (3 = 3.7%) {53.1%}
8   --O                                                                       (2 = 2.5%) {56.8%}
9   --O                                                                       (2 = 2.5%) {59.3%}
10  -O                                                                        (1 = 1.2%) {61.7%}
11  -O                                                                        (1 = 1.2%) {63.0%}
12  O                                                                         (0 = 0.0%) {64.2%}
13  ---O                                                                      (3 = 3.7%) {64.2%}
14  ----O                                                                     (4 = 4.9%) {67.9%}
15  -O                                                                        (1 = 1.2%) {72.8%}
16  ----O                                                                     (4 = 4.9%) {74.1%}
17  O                                                                         (0 = 0.0%) {79.0%}
18  -O                                                                        (1 = 1.2%) {79.0%}
19  O                                                                         (0 = 0.0%) {80.2%}
21  --O                                                                       (2 = 2.5%) {80.2%}
23  -O                                                                        (1 = 1.2%) {82.7%}
25  -O                                                                        (1 = 1.2%) {84.0%}
27  -O                                                                        (1 = 1.2%) {85.2%}
29  O                                                                         (0 = 0.0%) {86.4%}
31  ---O                                                                      (3 = 3.7%) {86.4%}
34  --O                                                                       (2 = 2.5%) {90.1%}
37  O                                                                         (0 = 0.0%) {92.6%}
40  -O                                                                        (1 = 1.2%) {92.6%}
43  -O                                                                        (1 = 1.2%) {93.8%}
46  O                                                                         (0 = 0.0%) {95.1%}
50  --O                                                                       (2 = 2.5%) {95.1%}
54  -O                                                                        (1 = 1.2%) {97.5%}
58  ... 
74  -O                                                                        (1 = 1.2%) {98.8%}
80  ... 

Histogram: Blink.HTMLParsing.ChunkCount4 recorded 1 samples, mean = 1.0 (flags = 0x41)
0  O                                                                         (0 = 0.0%)
1  -O                                                                        (1 = 100.0%) {0.0%}
2  ... 

Histogram: Blink.HTMLParsing.InputCharacterCount4 recorded 1 samples, mean = 152341.0 (flags = 0x41)
0       ... 
141691  -O                                                                        (1 = 100.0%) {0.0%}
196583  ... 

Histogram: Blink.HTMLParsing.ParsingTimeMax4 recorded 1 samples, mean = 4430.0 (flags = 0x41)
0     ... 
4422  -O                                                                        (1 = 100.0%) {0.0%}
4490  ... 

Histogram: Blink.HTMLParsing.ParsingTimeMin4 recorded 1 samples, mean = 4430.0 (flags = 0x41)
0     ... 
4279  -O                                                                        (1 = 100.0%) {0.0%}
4872  ... 

Histogram: Blink.HTMLParsing.ParsingTimeTotal4 recorded 1 samples, mean = 4430.0 (flags = 0x41)
0     ... 
4422  -O                                                                        (1 = 100.0%) {0.0%}
4490  ... 

Histogram: Blink.HTMLParsing.PreloadRequestCount recorded 1 samples, mean = 33.0 (flags = 0x41)
0   ... 
33  -O                                                                        (1 = 100.0%) {0.0%}
37  ... 

Histogram: Blink.HTMLParsing.TimeToDeferredPumpTokenizer4 recorded 1 samples, mean = 1154.0 (flags = 0x41)
0     ... 
1026  -O                                                                        (1 = 100.0%) {0.0%}
1168  ... 

Histogram: Blink.HTMLParsing.TokensParsedAverage4 recorded 1 samples, mean = 127.0 (flags = 0x41)
0    ... 
113  -O                                                                        (1 = 100.0%) {0.0%}
149  ... 

Histogram: Blink.HTMLParsing.TokensParsedMax4 recorded 1 samples, mean = 127.0 (flags = 0x41)
0    ... 
113  -O                                                                        (1 = 100.0%) {0.0%}
149  ... 

Histogram: Blink.HTMLParsing.TokensParsedMin4 recorded 1 samples, mean = 127.0 (flags = 0x41)
0    ... 
114  -O                                                                        (1 = 100.0%) {0.0%}
135  ... 

Histogram: Blink.HTMLParsing.TokensParsedTotal4 recorded 1 samples, mean = 127.0 (flags = 0x41)
0    ... 
105  -O                                                                        (1 = 100.0%) {0.0%}
146  ... 

Histogram: Blink.HTMLParsing.YieldedTimeAverage4 recorded 1 samples, mean = 161435.0 (flags = 0x41)
0       ... 
153496  -O                                                                        (1 = 100.0%) {0.0%}
179176  ... 

Histogram: Blink.HTMLParsing.YieldedTimeMax4 recorded 1 samples, mean = 321710.0 (flags = 0x41)
0       ... 
318529  -O                                                                        (1 = 100.0%) {0.0%}
323450  ... 

Histogram: Blink.HTMLParsing.YieldedTimeMin4 recorded 1 samples, mean = 1161.0 (flags = 0x41)
0     ... 
1088  -O                                                                        (1 = 100.0%) {0.0%}
1270  ... 

Histogram: Blink.History.VisitedLinks.IsLinkStyledAsVisited recorded 19 samples, mean = 0.0 (flags = 0x41)
0  -------------------O                                                      (19 = 100.0%)
1  ... 

Histogram: Blink.JavascriptDocumentUpdate.UpdateTime.PreFCP recorded 1 samples, mean = 2.0 (flags = 0x41)
0  ... 
2  -O                                                                        (1 = 100.0%) {0.0%}
3  ... 

Histogram: Blink.Layout.InlineNode.ShapeText.MaxTime.InOutermostMainFrame3 recorded 1 samples, mean = 0.0 (flags = 0x41)
0  -O                                                                        (1 = 100.0%)
1  ... 

Histogram: Blink.Layout.InlineNode.ShapeText.TotalTime.InOutermostMainFrame3 recorded 1 samples, mean = 0.0 (flags = 0x41)
0  -O                                                                        (1 = 100.0%)
1  ... 

Histogram: Blink.Layout.SVGImage.Count.InOutermostMainFrame recorded 1 samples, mean = 0.0 (flags = 0x41)
0  -O                                                                        (1 = 100.0%)
1  ... 

Histogram: Blink.Layout.SVGImage.TotalTime.InOutermostMainFrame recorded 1 samples, mean = 0.0 (flags = 0x41)
0  -O                                                                        (1 = 100.0%)
1  ... 

Histogram: Blink.MainFrame.UpdateTime.PreFCP recorded 27 samples, mean = 1520.0 (flags = 0x41)
0      ... 
55     -O                                                                        (1 = 3.7%) {0.0%}
76     ---------O                                                                (9 = 33.3%) {3.7%}
105    -------O                                                                  (7 = 25.9%) {37.0%}
146    --O                                                                       (2 = 7.4%) {63.0%}
203    O                                                                         (0 = 0.0%) {70.4%}
282    -O                                                                        (1 = 3.7%) {70.4%}
391    ----O                                                                     (4 = 14.8%) {74.1%}
542    ... 
1447   -O                                                                        (1 = 3.7%) {88.9%}
2008   ... 
10321  -O                                                                        (1 = 3.7%) {92.6%}
14319  O                                                                         (0 = 0.0%) {96.3%}
19866  -O                                                                        (1 = 3.7%) {96.3%}
27562  ... 

Histogram: Blink.MemoryCache.RevalidationPolicy.AsyncScript recorded 48 samples, mean = 1.6 (flags = 0x41)
0  -----------------------O                                                  (23 = 47.9%)
1  ... 
3  -------------------------O                                                (25 = 52.1%) {47.9%}
4  ... 

Histogram: Blink.MemoryCache.RevalidationPolicy.CSSStyleSheet recorded 8 samples, mean = 0.0 (flags = 0x41)
0  --------O                                                                 (8 = 100.0%)
1  ... 

Histogram: Blink.MemoryCache.RevalidationPolicy.Dead.CSSStyleSheet recorded 1 samples, mean = 0.0 (flags = 0x41)
0  -O                                                                        (1 = 100.0%)
1  ... 

Histogram: Blink.MemoryCache.RevalidationPolicy.Dead.Font recorded 2 samples, mean = 0.0 (flags = 0x41)
0  --O                                                                       (2 = 100.0%)
1  ... 

Histogram: Blink.MemoryCache.RevalidationPolicy.Dead.Script recorded 21 samples, mean = 0.0 (flags = 0x41)
0  ---------------------O                                                    (21 = 100.0%)
1  ... 

Histogram: Blink.MemoryCache.RevalidationPolicy.Font recorded 23 samples, mean = 4.0 (flags = 0x41)
0  -O                                                                        (1 = 4.3%)
1  ... 
4  ------------------O                                                       (18 = 78.3%) {4.3%}
5  ----O                                                                     (4 = 17.4%) {82.6%}
6  O                                                                         (0 = 0.0%) {100.0%}

Histogram: Blink.MemoryCache.RevalidationPolicy.Image recorded 44 samples, mean = 4.0 (flags = 0x41)
0  ... 
3  -O                                                                        (1 = 2.3%) {0.0%}
4  -------------------------------------------O                              (43 = 97.7%) {2.3%}
5  ... 

Histogram: Blink.MemoryCache.RevalidationPolicy.Manifest recorded 1 samples, mean = 3.0 (flags = 0x41)
0  ... 
3  -O                                                                        (1 = 100.0%) {0.0%}
4  ... 

Histogram: Blink.MemoryCache.RevalidationPolicy.Preload.CSSStyleSheet recorded 15 samples, mean = 1.6 (flags = 0x41)
0  -------O                                                                  (7 = 46.7%)
1  ... 
3  --------O                                                                 (8 = 53.3%) {46.7%}
4  ... 

Histogram: Blink.MemoryCache.RevalidationPolicy.Preload.Font recorded 2 samples, mean = 1.5 (flags = 0x41)
0  -O                                                                        (1 = 50.0%)
1  ... 
3  -O                                                                        (1 = 50.0%) {50.0%}
4  ... 

Histogram: Blink.MemoryCache.RevalidationPolicy.Preload.Script recorded 24 samples, mean = 2.8 (flags = 0x41)
0  --O                                                                       (2 = 8.3%)
1  ... 
3  ----------------------O                                                   (22 = 91.7%) {8.3%}
4  ... 

Histogram: Blink.MemoryCache.RevalidationPolicy.Raw recorded 7 samples, mean = 3.0 (flags = 0x41)
0  ... 
3  -------O                                                                  (7 = 100.0%) {0.0%}
4  ... 

Histogram: Blink.MemoryCache.RevalidationPolicy.Script recorded 26 samples, mean = 0.5 (flags = 0x41)
0  ----------------------O                                                   (22 = 84.6%)
1  ... 
3  ----O                                                                     (4 = 15.4%) {84.6%}
4  ... 

Histogram: Blink.PreloadRequestStartDuration recorded 41 samples, mean = 83.1 (flags = 0x41)
0    ... 
11   -----O                                                                    (5 = 12.2%) {0.0%}
15   -------O                                                                  (7 = 17.1%) {12.2%}
21   ------------O                                                             (12 = 29.3%) {29.3%}
29   ---O                                                                      (3 = 7.3%) {58.5%}
40   O                                                                         (0 = 0.0%) {65.9%}
55   ---O                                                                      (3 = 7.3%) {65.9%}
76   ---O                                                                      (3 = 7.3%) {73.2%}
105  --O                                                                       (2 = 4.9%) {80.5%}
146  ----O                                                                     (4 = 9.8%) {85.4%}
203  ... 
542  -O                                                                        (1 = 2.4%) {95.1%}
752  -O                                                                        (1 = 2.4%) {97.6%}
1043 ... 

Histogram: Blink.PreloadRequestWaitTime recorded 31 samples, mean = 1.3 (flags = 0x41)
0  O                                                                         (0 = 0.0%)
1  -----------------------O                                                  (23 = 74.2%) {0.0%}
2  --------O                                                                 (8 = 25.8%) {74.2%}
3  ... 

Histogram: Blink.PrepareToStopParsingTime recorded 48 samples, mean = 0.0 (flags = 0x41)
0  -----------------------------------------------O                          (47 = 97.9%)
1  -O                                                                        (1 = 2.1%) {97.9%}
2  ... 

Histogram: Blink.PumpTokenizerTime recorded 93 samples, mean = 0.2 (flags = 0x41)
0   ------------------------------------------------------------------------O (91 = 97.8%)
1   ... 
6   -O                                                                        (1 = 1.1%) {97.8%}
7   ... 
10  -O                                                                        (1 = 1.1%) {98.9%}
12  ... 

Histogram: Blink.ResourceRequest.BackgroundResourceFetchSupportStatus recorded 52 samples, mean = 0.1 (flags = 0x41)
0  --------------------------------------------------O                       (50 = 96.2%)
1  O                                                                         (0 = 0.0%) {96.2%}
2  --O                                                                       (2 = 3.8%) {96.2%}
3  ... 

Histogram: Blink.ResourceRequest.CompletionDelay2 recorded 52 samples, mean = 6.9 (flags = 0x41)
0   ----------------O                                                         (16 = 30.8%)
1   -----O                                                                    (5 = 9.6%) {30.8%}
2   -O                                                                        (1 = 1.9%) {40.4%}
3   ------O                                                                   (6 = 11.5%) {42.3%}
4   --O                                                                       (2 = 3.8%) {53.8%}
5   --O                                                                       (2 = 3.8%) {57.7%}
6   -O                                                                        (1 = 1.9%) {61.5%}
7   --O                                                                       (2 = 3.8%) {63.5%}
8   --O                                                                       (2 = 3.8%) {67.3%}
10  ----O                                                                     (4 = 7.7%) {71.2%}
12  ---O                                                                      (3 = 5.8%) {78.8%}
14  -O                                                                        (1 = 1.9%) {84.6%}
17  ---O                                                                      (3 = 5.8%) {86.5%}
20  -O                                                                        (1 = 1.9%) {92.3%}
24  -O                                                                        (1 = 1.9%) {94.2%}
29  ... 
40  --O                                                                       (2 = 3.8%) {96.2%}
48  ... 

Histogram: Blink.ResourceRequest.RedirectDelay2 recorded 2 samples, mean = 1.0 (flags = 0x41)
0  -O                                                                        (1 = 50.0%)
1  O                                                                         (0 = 0.0%) {50.0%}
2  -O                                                                        (1 = 50.0%) {50.0%}
3  ... 

Histogram: Blink.ResourceRequest.ResponseDelay2 recorded 48 samples, mean = 8.8 (flags = 0x41)
0   -----------O                                                              (11 = 22.9%)
1   -----O                                                                    (5 = 10.4%) {22.9%}
2   ---O                                                                      (3 = 6.2%) {33.3%}
3   -----O                                                                    (5 = 10.4%) {39.6%}
4   O                                                                         (0 = 0.0%) {50.0%}
5   ---O                                                                      (3 = 6.2%) {50.0%}
6   -O                                                                        (1 = 2.1%) {56.2%}
7   ... 
10  --O                                                                       (2 = 4.2%) {58.3%}
12  ----O                                                                     (4 = 8.3%) {62.5%}
14  ------O                                                                   (6 = 12.5%) {70.8%}
17  O                                                                         (0 = 0.0%) {83.3%}
20  ----O                                                                     (4 = 8.3%) {83.3%}
24  -O                                                                        (1 = 2.1%) {91.7%}
29  --O                                                                       (2 = 4.2%) {93.8%}
34  O                                                                         (0 = 0.0%) {97.9%}
40  -O                                                                        (1 = 2.1%) {97.9%}
48  ... 

Histogram: Blink.ResourceRequest.StartDelay2 recorded 48 samples, mean = 239.1 (flags = 0x41)
0    ... 
29   -O                                                                        (1 = 2.1%) {0.0%}
34   -O                                                                        (1 = 2.1%) {2.1%}
40   ... 
57   -----O                                                                    (5 = 10.4%) {4.2%}
68   ---O                                                                      (3 = 6.2%) {14.6%}
81   --O                                                                       (2 = 4.2%) {20.8%}
96   ---O                                                                      (3 = 6.2%) {25.0%}
114  -O                                                                        (1 = 2.1%) {31.2%}
135  --O                                                                       (2 = 4.2%) {33.3%}
160  ... 
318  ------------------------------O                                           (30 = 62.5%) {37.5%}
378  ... 

Histogram: Blink.ScanAndPreloadTime.MainFrame.Initial recorded 1 samples, mean = 2.0 (flags = 0x41)
0  ... 
2  -O                                                                        (1 = 100.0%) {0.0%}
3  ... 

Histogram: Blink.ScanAndPreloadTime.MainFrame.NonInitial recorded 1 samples, mean = 0.0 (flags = 0x41)
0  -O                                                                        (1 = 100.0%)
1  ... 

Histogram: Blink.ScanAndPreloadTime2.MainFrame.Initial recorded 1 samples, mean = 2633.0 (flags = 0x41)
0     ... 
2008  -O                                                                        (1 = 100.0%) {0.0%}
2786  ... 

Histogram: Blink.ScanAndPreloadTime2.MainFrame.NonInitial recorded 1 samples, mean = 31.0 (flags = 0x41)
0   ... 
29  -O                                                                        (1 = 100.0%) {0.0%}
40  ... 

Histogram: Blink.ScanAndPreloadTime2.Preload.MainFrame.Initial recorded 1 samples, mean = 1283.0 (flags = 0x41)
0     ... 
1043  -O                                                                        (1 = 100.0%) {0.0%}
1447  ... 

Histogram: Blink.ScanAndPreloadTime2.Preload.MainFrame.NonInitial recorded 1 samples, mean = 2.0 (flags = 0x41)
0  ... 
2  -O                                                                        (1 = 100.0%) {0.0%}
3  ... 

Histogram: Blink.ScanAndPreloadTime2.Scan.MainFrame.Initial recorded 1 samples, mean = 1328.0 (flags = 0x41)
0     ... 
1043  -O                                                                        (1 = 100.0%) {0.0%}
1447  ... 

Histogram: Blink.ScanAndPreloadTime2.Scan.MainFrame.NonInitial recorded 1 samples, mean = 1.0 (flags = 0x41)
0  O                                                                         (0 = 0.0%)
1  -O                                                                        (1 = 100.0%) {0.0%}
2  ... 

Histogram: Blink.Script.AsyncScript.FromReadyToStartExecution.Time recorded 26 samples, mean = 8.0 (flags = 0x41)
0    -------O                                                                  (7 = 26.9%)
1    O                                                                         (0 = 0.0%) {26.9%}
2    ------O                                                                   (6 = 23.1%) {26.9%}
3    ---------O                                                                (9 = 34.6%) {50.0%}
4    ... 
13   --O                                                                       (2 = 7.7%) {84.6%}
16   ... 
32   -O                                                                        (1 = 3.8%) {92.3%}
41   ... 
107  -O                                                                        (1 = 3.8%) {96.2%}
136  ... 

Histogram: Blink.Script.SchedulingType recorded 41 samples, mean = 5.3 (flags = 0x41)
0  ... 
3  -O                                                                        (1 = 2.4%) {0.0%}
4  O                                                                         (0 = 0.0%) {2.4%}
5  -------------------------O                                                (25 = 61.0%) {2.4%}
6  ---------------O                                                          (15 = 36.6%) {63.4%}
7  ... 

Histogram: Blink.UseCounter.AnimatedCSSProperties recorded 1 samples, mean = 1.0 (flags = 0x41)
0  O                                                                         (0 = 0.0%)
1  -O                                                                        (1 = 100.0%) {0.0%}
2  ... 

Histogram: Blink.UseCounter.CSSProperties recorded 97 samples, mean = 273.8 (flags = 0x41)
0    O                                                                         (0 = 0.0%)
1    -O                                                                        (1 = 1.0%) {0.0%}
2    -O                                                                        (1 = 1.0%) {1.0%}
3    -O                                                                        (1 = 1.0%) {2.1%}
4    -O                                                                        (1 = 1.0%) {3.1%}
5    -O                                                                        (1 = 1.0%) {4.1%}
6    -O                                                                        (1 = 1.0%) {5.2%}
7    -O                                                                        (1 = 1.0%) {6.2%}
8    -O                                                                        (1 = 1.0%) {7.2%}
9    O                                                                         (0 = 0.0%) {8.2%}
10   -O                                                                        (1 = 1.0%) {8.2%}
11   ... 
14   -O                                                                        (1 = 1.0%) {9.3%}
15   ... 
20   -O                                                                        (1 = 1.0%) {10.3%}
21   -O                                                                        (1 = 1.0%) {11.3%}
22   ... 
24   -O                                                                        (1 = 1.0%) {12.4%}
25   ... 
34   -O                                                                        (1 = 1.0%) {13.4%}
35   ... 
42   -O                                                                        (1 = 1.0%) {14.4%}
43   ... 
53   -O                                                                        (1 = 1.0%) {15.5%}
54   ... 
59   -O                                                                        (1 = 1.0%) {16.5%}
60   ... 
66   -O                                                                        (1 = 1.0%) {17.5%}
67   ... 
69   -O                                                                        (1 = 1.0%) {18.6%}
70   ... 
72   -O                                                                        (1 = 1.0%) {19.6%}
73   O                                                                         (0 = 0.0%) {20.6%}
74   -O                                                                        (1 = 1.0%) {20.6%}
75   ... 
77   -O                                                                        (1 = 1.0%) {21.6%}
78   ... 
81   -O                                                                        (1 = 1.0%) {22.7%}
82   ... 
84   -O                                                                        (1 = 1.0%) {23.7%}
85   ... 
89   -O                                                                        (1 = 1.0%) {24.7%}
90   ... 
95   -O                                                                        (1 = 1.0%) {25.8%}
96   -O                                                                        (1 = 1.0%) {26.8%}
97   -O                                                                        (1 = 1.0%) {27.8%}
98   -O                                                                        (1 = 1.0%) {28.9%}
99   O                                                                         (0 = 0.0%) {29.9%}
100  -O                                                                        (1 = 1.0%) {29.9%}
101  ... 
105  -O                                                                        (1 = 1.0%) {30.9%}
106  -O                                                                        (1 = 1.0%) {32.0%}
107  -O                                                                        (1 = 1.0%) {33.0%}
108  O                                                                         (0 = 0.0%) {34.0%}
109  -O                                                                        (1 = 1.0%) {34.0%}
110  ... 
118  -O                                                                        (1 = 1.0%) {35.1%}
119  -O                                                                        (1 = 1.0%) {36.1%}
120  ... 
124  -O                                                                        (1 = 1.0%) {37.1%}
125  ... 
127  -O                                                                        (1 = 1.0%) {38.1%}
128  -O                                                                        (1 = 1.0%) {39.2%}
129  -O                                                                        (1 = 1.0%) {40.2%}
130  ... 
143  -O                                                                        (1 = 1.0%) {41.2%}
144  ... 
150  -O                                                                        (1 = 1.0%) {42.3%}
151  O                                                                         (0 = 0.0%) {43.3%}
152  -O                                                                        (1 = 1.0%) {43.3%}
153  -O                                                                        (1 = 1.0%) {44.3%}
154  -O                                                                        (1 = 1.0%) {45.4%}
155  O                                                                         (0 = 0.0%) {46.4%}
156  -O                                                                        (1 = 1.0%) {46.4%}
157  -O                                                                        (1 = 1.0%) {47.4%}
158  O                                                                         (0 = 0.0%) {48.5%}
159  -O                                                                        (1 = 1.0%) {48.5%}
160  O                                                                         (0 = 0.0%) {49.5%}
161  -O                                                                        (1 = 1.0%) {49.5%}
162  -O                                                                        (1 = 1.0%) {50.5%}
163  O                                                                         (0 = 0.0%) {51.5%}
164  -O                                                                        (1 = 1.0%) {51.5%}
165  -O                                                                        (1 = 1.0%) {52.6%}
166  ... 
175  -O                                                                        (1 = 1.0%) {53.6%}
176  ... 
231  -O                                                                        (1 = 1.0%) {54.6%}
232  -O                                                                        (1 = 1.0%) {55.7%}
233  O                                                                         (0 = 0.0%) {56.7%}
234  -O                                                                        (1 = 1.0%) {56.7%}
235  -O                                                                        (1 = 1.0%) {57.7%}
236  O                                                                         (0 = 0.0%) {58.8%}
237  -O                                                                        (1 = 1.0%) {58.8%}
238  -O                                                                        (1 = 1.0%) {59.8%}
239  -O                                                                        (1 = 1.0%) {60.8%}
240  -O                                                                        (1 = 1.0%) {61.9%}
241  O                                                                         (0 = 0.0%) {62.9%}
242  -O                                                                        (1 = 1.0%) {62.9%}
243  ... 
303  -O                                                                        (1 = 1.0%) {63.9%}
304  ... 
369  -O                                                                        (1 = 1.0%) {64.9%}
370  -O                                                                        (1 = 1.0%) {66.0%}
371  ... 
415  -O                                                                        (1 = 1.0%) {67.0%}
416  ... 
432  -O                                                                        (1 = 1.0%) {68.0%}
433  -O                                                                        (1 = 1.0%) {69.1%}
434  ... 
437  -O                                                                        (1 = 1.0%) {70.1%}
438  ... 
446  -O                                                                        (1 = 1.0%) {71.1%}
447  ... 
508  -O                                                                        (1 = 1.0%) {72.2%}
509  ... 
514  -O                                                                        (1 = 1.0%) {73.2%}
515  -O                                                                        (1 = 1.0%) {74.2%}
516  -O                                                                        (1 = 1.0%) {75.3%}
517  ... 
537  -O                                                                        (1 = 1.0%) {76.3%}
538  ... 
549  -O                                                                        (1 = 1.0%) {77.3%}
550  ... 
563  -O                                                                        (1 = 1.0%) {78.4%}
564  ... 
591  -O                                                                        (1 = 1.0%) {79.4%}
592  -O                                                                        (1 = 1.0%) {80.4%}
593  O                                                                         (0 = 0.0%) {81.4%}
594  -O                                                                        (1 = 1.0%) {81.4%}
595  -O                                                                        (1 = 1.0%) {82.5%}
596  ... 
598  -O                                                                        (1 = 1.0%) {83.5%}
599  -O                                                                        (1 = 1.0%) {84.5%}
600  ... 
618  -O                                                                        (1 = 1.0%) {85.6%}
619  -O                                                                        (1 = 1.0%) {86.6%}
620  -O                                                                        (1 = 1.0%) {87.6%}
621  -O                                                                        (1 = 1.0%) {88.7%}
622  ... 
636  -O                                                                        (1 = 1.0%) {89.7%}
637  ... 
657  -O                                                                        (1 = 1.0%) {90.7%}
658  -O                                                                        (1 = 1.0%) {91.8%}
659  ... 
662  -O                                                                        (1 = 1.0%) {92.8%}
663  ... 
672  -O                                                                        (1 = 1.0%) {93.8%}
673  -O                                                                        (1 = 1.0%) {94.8%}
674  O                                                                         (0 = 0.0%) {95.9%}
675  -O                                                                        (1 = 1.0%) {95.9%}
676  ... 
696  -O                                                                        (1 = 1.0%) {96.9%}
697  ... 
746  -O                                                                        (1 = 1.0%) {97.9%}
747  ... 
770  -O                                                                        (1 = 1.0%) {99.0%}
771  ... 

Histogram: Blink.UseCounter.Features recorded 177 samples, mean = 2216.7 (flags = 0x41)
0     ... 
13    -O                                                                        (1 = 0.6%) {0.0%}
14    ... 
16    -O                                                                        (1 = 0.6%) {0.6%}
17    ... 
52    -O                                                                        (1 = 0.6%) {1.1%}
53    ... 
69    -O                                                                        (1 = 0.6%) {1.7%}
70    ... 
123   -O                                                                        (1 = 0.6%) {2.3%}
124   -O                                                                        (1 = 0.6%) {2.8%}
125   -O                                                                        (1 = 0.6%) {3.4%}
126   ... 
138   -O                                                                        (1 = 0.6%) {4.0%}
139   ... 
240   -O                                                                        (1 = 0.6%) {4.5%}
241   ... 
250   -O                                                                        (1 = 0.6%) {5.1%}
251   ... 
429   -O                                                                        (1 = 0.6%) {5.6%}
430   -O                                                                        (1 = 0.6%) {6.2%}
431   -O                                                                        (1 = 0.6%) {6.8%}
432   -O                                                                        (1 = 0.6%) {7.3%}
433   ... 
469   -O                                                                        (1 = 0.6%) {7.9%}
470   ... 
494   -O                                                                        (1 = 0.6%) {8.5%}
495   ... 
522   -O                                                                        (1 = 0.6%) {9.0%}
523   -O                                                                        (1 = 0.6%) {9.6%}
524   -O                                                                        (1 = 0.6%) {10.2%}
525   ... 
540   -O                                                                        (1 = 0.6%) {10.7%}
541   ... 
587   -O                                                                        (1 = 0.6%) {11.3%}
588   -O                                                                        (1 = 0.6%) {11.9%}
589   ... 
675   -O                                                                        (1 = 0.6%) {12.4%}
676   O                                                                         (0 = 0.0%) {13.0%}
677   -O                                                                        (1 = 0.6%) {13.0%}
678   ... 
710   -O                                                                        (1 = 0.6%) {13.6%}
711   -O                                                                        (1 = 0.6%) {14.1%}
712   -O                                                                        (1 = 0.6%) {14.7%}
713   ... 
717   -O                                                                        (1 = 0.6%) {15.3%}
718   ... 
730   -O                                                                        (1 = 0.6%) {15.8%}
731   ... 
744   -O                                                                        (1 = 0.6%) {16.4%}
745   ... 
780   -O                                                                        (1 = 0.6%) {16.9%}
781   -O                                                                        (1 = 0.6%) {17.5%}
782   ... 
786   -O                                                                        (1 = 0.6%) {18.1%}
787   -O                                                                        (1 = 0.6%) {18.6%}
788   ... 
804   -O                                                                        (1 = 0.6%) {19.2%}
805   ... 
900   -O                                                                        (1 = 0.6%) {19.8%}
901   -O                                                                        (1 = 0.6%) {20.3%}
902   ... 
907   -O                                                                        (1 = 0.6%) {20.9%}
908   ... 
954   -O                                                                        (1 = 0.6%) {21.5%}
955   ... 
970   -O                                                                        (1 = 0.6%) {22.0%}
971   O                                                                         (0 = 0.0%) {22.6%}
972   -O                                                                        (1 = 0.6%) {22.6%}
973   -O                                                                        (1 = 0.6%) {23.2%}
974   ... 
976   -O                                                                        (1 = 0.6%) {23.7%}
977   ... 
1023  -O                                                                        (1 = 0.6%) {24.3%}
1024  ... 
1069  -O                                                                        (1 = 0.6%) {24.9%}
1070  -O                                                                        (1 = 0.6%) {25.4%}
1071  ... 
1075  -O                                                                        (1 = 0.6%) {26.0%}
1076  -O                                                                        (1 = 0.6%) {26.6%}
1077  ... 
1124  -O                                                                        (1 = 0.6%) {27.1%}
1125  ... 
1302  -O                                                                        (1 = 0.6%) {27.7%}
1303  ... 
1347  -O                                                                        (1 = 0.6%) {28.2%}
1348  ... 
1351  -O                                                                        (1 = 0.6%) {28.8%}
1352  ... 
1354  -O                                                                        (1 = 0.6%) {29.4%}
1355  ... 
1368  -O                                                                        (1 = 0.6%) {29.9%}
1369  ... 
1417  -O                                                                        (1 = 0.6%) {30.5%}
1418  ... 
1441  -O                                                                        (1 = 0.6%) {31.1%}
1442  ... 
1458  -O                                                                        (1 = 0.6%) {31.6%}
1459  -O                                                                        (1 = 0.6%) {32.2%}
1460  ... 
1462  -O                                                                        (1 = 0.6%) {32.8%}
1463  -O                                                                        (1 = 0.6%) {33.3%}
1464  ... 
1467  -O                                                                        (1 = 0.6%) {33.9%}
1468  ... 
1502  -O                                                                        (1 = 0.6%) {34.5%}
1503  ... 
1692  -O                                                                        (1 = 0.6%) {35.0%}
1693  -O                                                                        (1 = 0.6%) {35.6%}
1694  ... 
1827  -O                                                                        (1 = 0.6%) {36.2%}
1828  ... 
2013  -O                                                                        (1 = 0.6%) {36.7%}
2014  ... 
2077  -O                                                                        (1 = 0.6%) {37.3%}
2078  ... 
2094  -O                                                                        (1 = 0.6%) {37.9%}
2095  O                                                                         (0 = 0.0%) {38.4%}
2096  -O                                                                        (1 = 0.6%) {38.4%}
2097  ... 
2100  -O                                                                        (1 = 0.6%) {39.0%}
2101  ... 
2112  -O                                                                        (1 = 0.6%) {39.5%}
2113  ... 
2121  -O                                                                        (1 = 0.6%) {40.1%}
2122  ... 
2157  -O                                                                        (1 = 0.6%) {40.7%}
2158  ... 
2188  -O                                                                        (1 = 0.6%) {41.2%}
2189  O                                                                         (0 = 0.0%) {41.8%}
2190  -O                                                                        (1 = 0.6%) {41.8%}
2191  -O                                                                        (1 = 0.6%) {42.4%}
2192  ... 
2195  -O                                                                        (1 = 0.6%) {42.9%}
2196  ... 
2203  -O                                                                        (1 = 0.6%) {43.5%}
2204  -O                                                                        (1 = 0.6%) {44.1%}
2205  ... 
2217  -O                                                                        (1 = 0.6%) {44.6%}
2218  ... 
2226  -O                                                                        (1 = 0.6%) {45.2%}
2227  O                                                                         (0 = 0.0%) {45.8%}
2228  -O                                                                        (1 = 0.6%) {45.8%}
2229  -O                                                                        (1 = 0.6%) {46.3%}
2230  ... 
2236  -O                                                                        (1 = 0.6%) {46.9%}
2237  ... 
2298  -O                                                                        (1 = 0.6%) {47.5%}
2299  ... 
2314  -O                                                                        (1 = 0.6%) {48.0%}
2315  ... 
2319  -O                                                                        (1 = 0.6%) {48.6%}
2320  ... 
2322  -O                                                                        (1 = 0.6%) {49.2%}
2323  ... 
2347  -O                                                                        (1 = 0.6%) {49.7%}
2348  ... 
2355  -O                                                                        (1 = 0.6%) {50.3%}
2356  ... 
2361  -O                                                                        (1 = 0.6%) {50.8%}
2362  ... 
2387  -O                                                                        (1 = 0.6%) {51.4%}
2388  -O                                                                        (1 = 0.6%) {52.0%}
2389  ... 
2399  -O                                                                        (1 = 0.6%) {52.5%}
2400  ... 
2413  -O                                                                        (1 = 0.6%) {53.1%}
2414  ... 
2429  -O                                                                        (1 = 0.6%) {53.7%}
2430  O                                                                         (0 = 0.0%) {54.2%}
2431  -O                                                                        (1 = 0.6%) {54.2%}
2432  ... 
2487  -O                                                                        (1 = 0.6%) {54.8%}
2488  ... 
2518  -O                                                                        (1 = 0.6%) {55.4%}
2519  ... 
2598  -O                                                                        (1 = 0.6%) {55.9%}
2599  ... 
2618  -O                                                                        (1 = 0.6%) {56.5%}
2619  ... 
2654  -O                                                                        (1 = 0.6%) {57.1%}
2655  -O                                                                        (1 = 0.6%) {57.6%}
2656  -O                                                                        (1 = 0.6%) {58.2%}
2657  -O                                                                        (1 = 0.6%) {58.8%}
2658  -O                                                                        (1 = 0.6%) {59.3%}
2659  -O                                                                        (1 = 0.6%) {59.9%}
2660  -O                                                                        (1 = 0.6%) {60.5%}
2661  -O                                                                        (1 = 0.6%) {61.0%}
2662  -O                                                                        (1 = 0.6%) {61.6%}
2663  -O                                                                        (1 = 0.6%) {62.1%}
2664  ... 
2699  -O                                                                        (1 = 0.6%) {62.7%}
2700  -O                                                                        (1 = 0.6%) {63.3%}
2701  -O                                                                        (1 = 0.6%) {63.8%}
2702  -O                                                                        (1 = 0.6%) {64.4%}
2703  -O                                                                        (1 = 0.6%) {65.0%}
2704  -O                                                                        (1 = 0.6%) {65.5%}
2705  -O                                                                        (1 = 0.6%) {66.1%}
2706  -O                                                                        (1 = 0.6%) {66.7%}
2707  -O                                                                        (1 = 0.6%) {67.2%}
2708  ... 
2710  -O                                                                        (1 = 0.6%) {67.8%}
2711  -O                                                                        (1 = 0.6%) {68.4%}
2712  ... 
2714  -O                                                                        (1 = 0.6%) {68.9%}
2715  -O                                                                        (1 = 0.6%) {69.5%}
2716  -O                                                                        (1 = 0.6%) {70.1%}
2717  ... 
2723  -O                                                                        (1 = 0.6%) {70.6%}
2724  ... 
2738  -O                                                                        (1 = 0.6%) {71.2%}
2739  ... 
2769  -O                                                                        (1 = 0.6%) {71.8%}
2770  ... 
2841  -O                                                                        (1 = 0.6%) {72.3%}
2842  ... 
2903  -O                                                                        (1 = 0.6%) {72.9%}
2904  -O                                                                        (1 = 0.6%) {73.4%}
2905  ... 
2927  -O                                                                        (1 = 0.6%) {74.0%}
2928  ... 
2935  -O                                                                        (1 = 0.6%) {74.6%}
2936  ... 
3004  -O                                                                        (1 = 0.6%) {75.1%}
3005  ... 
3019  -O                                                                        (1 = 0.6%) {75.7%}
3020  -O                                                                        (1 = 0.6%) {76.3%}
3021  ... 
3028  -O                                                                        (1 = 0.6%) {76.8%}
3029  ... 
3066  -O                                                                        (1 = 0.6%) {77.4%}
3067  ... 
3157  -O                                                                        (1 = 0.6%) {78.0%}
3158  ... 
3198  -O                                                                        (1 = 0.6%) {78.5%}
3199  ... 
3254  -O                                                                        (1 = 0.6%) {79.1%}
3255  ... 
3258  -O                                                                        (1 = 0.6%) {79.7%}
3259  ... 
3275  -O                                                                        (1 = 0.6%) {80.2%}
3276  ... 
3279  -O                                                                        (1 = 0.6%) {80.8%}
3280  ... 
3307  -O                                                                        (1 = 0.6%) {81.4%}
3308  -O                                                                        (1 = 0.6%) {81.9%}
3309  ... 
3349  -O                                                                        (1 = 0.6%) {82.5%}
3350  ... 
3359  -O                                                                        (1 = 0.6%) {83.1%}
3360  ... 
3409  -O                                                                        (1 = 0.6%) {83.6%}
3410  ... 
3444  -O                                                                        (1 = 0.6%) {84.2%}
3445  ... 
3580  -O                                                                        (1 = 0.6%) {84.7%}
3581  -O                                                                        (1 = 0.6%) {85.3%}
3582  ... 
3698  -O                                                                        (1 = 0.6%) {85.9%}
3699  ... 
3789  -O                                                                        (1 = 0.6%) {86.4%}
3790  -O                                                                        (1 = 0.6%) {87.0%}
3791  ... 
3803  -O                                                                        (1 = 0.6%) {87.6%}
3804  ... 
3870  -O                                                                        (1 = 0.6%) {88.1%}
3871  ... 
3973  -O                                                                        (1 = 0.6%) {88.7%}
3974  ... 
4007  -O                                                                        (1 = 0.6%) {89.3%}
4008  ... 
4113  -O                                                                        (1 = 0.6%) {89.8%}
4114  ... 
4161  -O                                                                        (1 = 0.6%) {90.4%}
4162  ... 
4177  -O                                                                        (1 = 0.6%) {91.0%}
4178  ... 
4194  -O                                                                        (1 = 0.6%) {91.5%}
4195  O                                                                         (0 = 0.0%) {92.1%}
4196  -O                                                                        (1 = 0.6%) {92.1%}
4197  ... 
4240  -O                                                                        (1 = 0.6%) {92.7%}
4241  O                                                                         (0 = 0.0%) {93.2%}
4242  -O                                                                        (1 = 0.6%) {93.2%}
4243  ... 
4307  -O                                                                        (1 = 0.6%) {93.8%}
4308  ... 
4317  -O                                                                        (1 = 0.6%) {94.4%}
4318  ... 
4372  -O                                                                        (1 = 0.6%) {94.9%}
4373  ... 
4379  -O                                                                        (1 = 0.6%) {95.5%}
4380  ... 
4419  -O                                                                        (1 = 0.6%) {96.0%}
4420  ... 
4561  -O                                                                        (1 = 0.6%) {96.6%}
4562  ... 
4673  -O                                                                        (1 = 0.6%) {97.2%}
4674  ... 
4743  -O                                                                        (1 = 0.6%) {97.7%}
4744  ... 
4877  -O                                                                        (1 = 0.6%) {98.3%}
4878  ... 
4961  -O                                                                        (1 = 0.6%) {98.9%}
4962  ... 
4994  -O                                                                        (1 = 0.6%) {99.4%}
4995  ... 

Histogram: Blink.UseCounter.MainFrame.Features recorded 177 samples, mean = 2216.7 (flags = 0x41)
0     ... 
13    -O                                                                        (1 = 0.6%) {0.0%}
14    ... 
16    -O                                                                        (1 = 0.6%) {0.6%}
17    ... 
52    -O                                                                        (1 = 0.6%) {1.1%}
53    ... 
69    -O                                                                        (1 = 0.6%) {1.7%}
70    ... 
123   -O                                                                        (1 = 0.6%) {2.3%}
124   -O                                                                        (1 = 0.6%) {2.8%}
125   -O                                                                        (1 = 0.6%) {3.4%}
126   ... 
138   -O                                                                        (1 = 0.6%) {4.0%}
139   ... 
240   -O                                                                        (1 = 0.6%) {4.5%}
241   ... 
250   -O                                                                        (1 = 0.6%) {5.1%}
251   ... 
429   -O                                                                        (1 = 0.6%) {5.6%}
430   -O                                                                        (1 = 0.6%) {6.2%}
431   -O                                                                        (1 = 0.6%) {6.8%}
432   -O                                                                        (1 = 0.6%) {7.3%}
433   ... 
469   -O                                                                        (1 = 0.6%) {7.9%}
470   ... 
494   -O                                                                        (1 = 0.6%) {8.5%}
495   ... 
522   -O                                                                        (1 = 0.6%) {9.0%}
523   -O                                                                        (1 = 0.6%) {9.6%}
524   -O                                                                        (1 = 0.6%) {10.2%}
525   ... 
540   -O                                                                        (1 = 0.6%) {10.7%}
541   ... 
587   -O                                                                        (1 = 0.6%) {11.3%}
588   -O                                                                        (1 = 0.6%) {11.9%}
589   ... 
675   -O                                                                        (1 = 0.6%) {12.4%}
676   O                                                                         (0 = 0.0%) {13.0%}
677   -O                                                                        (1 = 0.6%) {13.0%}
678   ... 
710   -O                                                                        (1 = 0.6%) {13.6%}
711   -O                                                                        (1 = 0.6%) {14.1%}
712   -O                                                                        (1 = 0.6%) {14.7%}
713   ... 
717   -O                                                                        (1 = 0.6%) {15.3%}
718   ... 
730   -O                                                                        (1 = 0.6%) {15.8%}
731   ... 
744   -O                                                                        (1 = 0.6%) {16.4%}
745   ... 
780   -O                                                                        (1 = 0.6%) {16.9%}
781   -O                                                                        (1 = 0.6%) {17.5%}
782   ... 
786   -O                                                                        (1 = 0.6%) {18.1%}
787   -O                                                                        (1 = 0.6%) {18.6%}
788   ... 
804   -O                                                                        (1 = 0.6%) {19.2%}
805   ... 
900   -O                                                                        (1 = 0.6%) {19.8%}
901   -O                                                                        (1 = 0.6%) {20.3%}
902   ... 
907   -O                                                                        (1 = 0.6%) {20.9%}
908   ... 
954   -O                                                                        (1 = 0.6%) {21.5%}
955   ... 
970   -O                                                                        (1 = 0.6%) {22.0%}
971   O                                                                         (0 = 0.0%) {22.6%}
972   -O                                                                        (1 = 0.6%) {22.6%}
973   -O                                                                        (1 = 0.6%) {23.2%}
974   ... 
976   -O                                                                        (1 = 0.6%) {23.7%}
977   ... 
1023  -O                                                                        (1 = 0.6%) {24.3%}
1024  ... 
1069  -O                                                                        (1 = 0.6%) {24.9%}
1070  -O                                                                        (1 = 0.6%) {25.4%}
1071  ... 
1075  -O                                                                        (1 = 0.6%) {26.0%}
1076  -O                                                                        (1 = 0.6%) {26.6%}
1077  ... 
1124  -O                                                                        (1 = 0.6%) {27.1%}
1125  ... 
1302  -O                                                                        (1 = 0.6%) {27.7%}
1303  ... 
1347  -O                                                                        (1 = 0.6%) {28.2%}
1348  ... 
1351  -O                                                                        (1 = 0.6%) {28.8%}
1352  ... 
1354  -O                                                                        (1 = 0.6%) {29.4%}
1355  ... 
1368  -O                                                                        (1 = 0.6%) {29.9%}
1369  ... 
1417  -O                                                                        (1 = 0.6%) {30.5%}
1418  ... 
1441  -O                                                                        (1 = 0.6%) {31.1%}
1442  ... 
1458  -O                                                                        (1 = 0.6%) {31.6%}
1459  -O                                                                        (1 = 0.6%) {32.2%}
1460  ... 
1462  -O                                                                        (1 = 0.6%) {32.8%}
1463  -O                                                                        (1 = 0.6%) {33.3%}
1464  ... 
1467  -O                                                                        (1 = 0.6%) {33.9%}
1468  ... 
1502  -O                                                                        (1 = 0.6%) {34.5%}
1503  ... 
1692  -O                                                                        (1 = 0.6%) {35.0%}
1693  -O                                                                        (1 = 0.6%) {35.6%}
1694  ... 
1827  -O                                                                        (1 = 0.6%) {36.2%}
1828  ... 
2013  -O                                                                        (1 = 0.6%) {36.7%}
2014  ... 
2077  -O                                                                        (1 = 0.6%) {37.3%}
2078  ... 
2094  -O                                                                        (1 = 0.6%) {37.9%}
2095  O                                                                         (0 = 0.0%) {38.4%}
2096  -O                                                                        (1 = 0.6%) {38.4%}
2097  ... 
2100  -O                                                                        (1 = 0.6%) {39.0%}
2101  ... 
2112  -O                                                                        (1 = 0.6%) {39.5%}
2113  ... 
2121  -O                                                                        (1 = 0.6%) {40.1%}
2122  ... 
2157  -O                                                                        (1 = 0.6%) {40.7%}
2158  ... 
2188  -O                                                                        (1 = 0.6%) {41.2%}
2189  O                                                                         (0 = 0.0%) {41.8%}
2190  -O                                                                        (1 = 0.6%) {41.8%}
2191  -O                                                                        (1 = 0.6%) {42.4%}
2192  ... 
2195  -O                                                                        (1 = 0.6%) {42.9%}
2196  ... 
2203  -O                                                                        (1 = 0.6%) {43.5%}
2204  -O                                                                        (1 = 0.6%) {44.1%}
2205  ... 
2217  -O                                                                        (1 = 0.6%) {44.6%}
2218  ... 
2226  -O                                                                        (1 = 0.6%) {45.2%}
2227  O                                                                         (0 = 0.0%) {45.8%}
2228  -O                                                                        (1 = 0.6%) {45.8%}
2229  -O                                                                        (1 = 0.6%) {46.3%}
2230  ... 
2236  -O                                                                        (1 = 0.6%) {46.9%}
2237  ... 
2298  -O                                                                        (1 = 0.6%) {47.5%}
2299  ... 
2314  -O                                                                        (1 = 0.6%) {48.0%}
2315  ... 
2319  -O                                                                        (1 = 0.6%) {48.6%}
2320  ... 
2322  -O                                                                        (1 = 0.6%) {49.2%}
2323  ... 
2347  -O                                                                        (1 = 0.6%) {49.7%}
2348  ... 
2355  -O                                                                        (1 = 0.6%) {50.3%}
2356  ... 
2361  -O                                                                        (1 = 0.6%) {50.8%}
2362  ... 
2387  -O                                                                        (1 = 0.6%) {51.4%}
2388  -O                                                                        (1 = 0.6%) {52.0%}
2389  ... 
2399  -O                                                                        (1 = 0.6%) {52.5%}
2400  ... 
2413  -O                                                                        (1 = 0.6%) {53.1%}
2414  ... 
2429  -O                                                                        (1 = 0.6%) {53.7%}
2430  O                                                                         (0 = 0.0%) {54.2%}
2431  -O                                                                        (1 = 0.6%) {54.2%}
2432  ... 
2487  -O                                                                        (1 = 0.6%) {54.8%}
2488  ... 
2518  -O                                                                        (1 = 0.6%) {55.4%}
2519  ... 
2598  -O                                                                        (1 = 0.6%) {55.9%}
2599  ... 
2618  -O                                                                        (1 = 0.6%) {56.5%}
2619  ... 
2654  -O                                                                        (1 = 0.6%) {57.1%}
2655  -O                                                                        (1 = 0.6%) {57.6%}
2656  -O                                                                        (1 = 0.6%) {58.2%}
2657  -O                                                                        (1 = 0.6%) {58.8%}
2658  -O                                                                        (1 = 0.6%) {59.3%}
2659  -O                                                                        (1 = 0.6%) {59.9%}
2660  -O                                                                        (1 = 0.6%) {60.5%}
2661  -O                                                                        (1 = 0.6%) {61.0%}
2662  -O                                                                        (1 = 0.6%) {61.6%}
2663  -O                                                                        (1 = 0.6%) {62.1%}
2664  ... 
2699  -O                                                                        (1 = 0.6%) {62.7%}
2700  -O                                                                        (1 = 0.6%) {63.3%}
2701  -O                                                                        (1 = 0.6%) {63.8%}
2702  -O                                                                        (1 = 0.6%) {64.4%}
2703  -O                                                                        (1 = 0.6%) {65.0%}
2704  -O                                                                        (1 = 0.6%) {65.5%}
2705  -O                                                                        (1 = 0.6%) {66.1%}
2706  -O                                                                        (1 = 0.6%) {66.7%}
2707  -O                                                                        (1 = 0.6%) {67.2%}
2708  ... 
2710  -O                                                                        (1 = 0.6%) {67.8%}
2711  -O                                                                        (1 = 0.6%) {68.4%}
2712  ... 
2714  -O                                                                        (1 = 0.6%) {68.9%}
2715  -O                                                                        (1 = 0.6%) {69.5%}
2716  -O                                                                        (1 = 0.6%) {70.1%}
2717  ... 
2723  -O                                                                        (1 = 0.6%) {70.6%}
2724  ... 
2738  -O                                                                        (1 = 0.6%) {71.2%}
2739  ... 
2769  -O                                                                        (1 = 0.6%) {71.8%}
2770  ... 
2841  -O                                                                        (1 = 0.6%) {72.3%}
2842  ... 
2903  -O                                                                        (1 = 0.6%) {72.9%}
2904  -O                                                                        (1 = 0.6%) {73.4%}
2905  ... 
2927  -O                                                                        (1 = 0.6%) {74.0%}
2928  ... 
2935  -O                                                                        (1 = 0.6%) {74.6%}
2936  ... 
3004  -O                                                                        (1 = 0.6%) {75.1%}
3005  ... 
3019  -O                                                                        (1 = 0.6%) {75.7%}
3020  -O                                                                        (1 = 0.6%) {76.3%}
3021  ... 
3028  -O                                                                        (1 = 0.6%) {76.8%}
3029  ... 
3066  -O                                                                        (1 = 0.6%) {77.4%}
3067  ... 
3157  -O                                                                        (1 = 0.6%) {78.0%}
3158  ... 
3198  -O                                                                        (1 = 0.6%) {78.5%}
3199  ... 
3254  -O                                                                        (1 = 0.6%) {79.1%}
3255  ... 
3258  -O                                                                        (1 = 0.6%) {79.7%}
3259  ... 
3275  -O                                                                        (1 = 0.6%) {80.2%}
3276  ... 
3279  -O                                                                        (1 = 0.6%) {80.8%}
3280  ... 
3307  -O                                                                        (1 = 0.6%) {81.4%}
3308  -O                                                                        (1 = 0.6%) {81.9%}
3309  ... 
3349  -O                                                                        (1 = 0.6%) {82.5%}
3350  ... 
3359  -O                                                                        (1 = 0.6%) {83.1%}
3360  ... 
3409  -O                                                                        (1 = 0.6%) {83.6%}
3410  ... 
3444  -O                                                                        (1 = 0.6%) {84.2%}
3445  ... 
3580  -O                                                                        (1 = 0.6%) {84.7%}
3581  -O                                                                        (1 = 0.6%) {85.3%}
3582  ... 
3698  -O                                                                        (1 = 0.6%) {85.9%}
3699  ... 
3789  -O                                                                        (1 = 0.6%) {86.4%}
3790  -O                                                                        (1 = 0.6%) {87.0%}
3791  ... 
3803  -O                                                                        (1 = 0.6%) {87.6%}
3804  ... 
3870  -O                                                                        (1 = 0.6%) {88.1%}
3871  ... 
3973  -O                                                                        (1 = 0.6%) {88.7%}
3974  ... 
4007  -O                                                                        (1 = 0.6%) {89.3%}
4008  ... 
4113  -O                                                                        (1 = 0.6%) {89.8%}
4114  ... 
4161  -O                                                                        (1 = 0.6%) {90.4%}
4162  ... 
4177  -O                                                                        (1 = 0.6%) {91.0%}
4178  ... 
4194  -O                                                                        (1 = 0.6%) {91.5%}
4195  O                                                                         (0 = 0.0%) {92.1%}
4196  -O                                                                        (1 = 0.6%) {92.1%}
4197  ... 
4240  -O                                                                        (1 = 0.6%) {92.7%}
4241  O                                                                         (0 = 0.0%) {93.2%}
4242  -O                                                                        (1 = 0.6%) {93.2%}
4243  ... 
4307  -O                                                                        (1 = 0.6%) {93.8%}
4308  ... 
4317  -O                                                                        (1 = 0.6%) {94.4%}
4318  ... 
4372  -O                                                                        (1 = 0.6%) {94.9%}
4373  ... 
4379  -O                                                                        (1 = 0.6%) {95.5%}
4380  ... 
4419  -O                                                                        (1 = 0.6%) {96.0%}
4420  ... 
4561  -O                                                                        (1 = 0.6%) {96.6%}
4562  ... 
4673  -O                                                                        (1 = 0.6%) {97.2%}
4674  ... 
4743  -O                                                                        (1 = 0.6%) {97.7%}
4744  ... 
4877  -O                                                                        (1 = 0.6%) {98.3%}
4878  ... 
4961  -O                                                                        (1 = 0.6%) {98.9%}
4962  ... 
4994  -O                                                                        (1 = 0.6%) {99.4%}
4995  ... 

Histogram: Blink.UseCounter.PermissionsPolicy.Allow2 recorded 0 samples (flags = 0x41)
0 ... 

Histogram: Blink.UseCounter.PermissionsPolicy.Header2 recorded 0 samples (flags = 0x41)
0 ... 

Histogram: Blink.UseCounter.PermissionsPolicy.Violation.Enforce recorded 0 samples (flags = 0x41)
0 ... 

Histogram: Blink.UseCounter.WebDXFeatures recorded 15 samples, mean = 37.7 (flags = 0x41)
0   ... 
5   -O                                                                        (1 = 6.7%) {0.0%}
6   ... 
8   -O                                                                        (1 = 6.7%) {6.7%}
9   -O                                                                        (1 = 6.7%) {13.3%}
10  O                                                                         (0 = 0.0%) {20.0%}
11  -O                                                                        (1 = 6.7%) {20.0%}
12  ... 
27  -O                                                                        (1 = 6.7%) {26.7%}
28  -O                                                                        (1 = 6.7%) {33.3%}
29  -O                                                                        (1 = 6.7%) {40.0%}
30  ... 
38  -O                                                                        (1 = 6.7%) {46.7%}
39  -O                                                                        (1 = 6.7%) {53.3%}
40  ... 
45  -O                                                                        (1 = 6.7%) {60.0%}
46  -O                                                                        (1 = 6.7%) {66.7%}
47  ... 
58  -O                                                                        (1 = 6.7%) {73.3%}
59  ... 
68  -O                                                                        (1 = 6.7%) {80.0%}
69  ... 
71  -O                                                                        (1 = 6.7%) {86.7%}
72  ... 
83  -O                                                                        (1 = 6.7%) {93.3%}
84  ... 

Histogram: Blink.UserDrivenDocumentUpdate.UpdateTime.PreFCP recorded 1 samples, mean = 18.0 (flags = 0x41)
0   ... 
15  -O                                                                        (1 = 100.0%) {0.0%}
21  ... 

Histogram: Bookmarks.BookmarkBar.Shown recorded 1 samples, mean = 0.0 (flags = 0x41)
0  -O                                                                        (1 = 100.0%)
1  ... 

Histogram: Bookmarks.Count.OnProfileLoad3 recorded 1 samples, mean = 0.0 (flags = 0x41)
0  -O                                                                        (1 = 100.0%)
1  ... 

Histogram: Bookmarks.Storage.TimeToLoadAtStartup2 recorded 1 samples, mean = 4586.0 (flags = 0x41)
0     ... 
4222  -O                                                                        (1 = 100.0%) {0.0%}
5017  ... 

Histogram: Bookmarks.Times.OnProfileLoad.TimeSinceAdded3 recorded 1 samples, mean = 0.0 (flags = 0x41)
0  -O                                                                        (1 = 100.0%)
1  ... 

Histogram: Bookmarks.Utilization.OnProfileLoad.PercentageUsed recorded 1 samples, mean = 0.0 (flags = 0x41)
0  -O                                                                        (1 = 100.0%)
1  ... 

Histogram: Bookmarks.Utilization.OnProfileLoad.TotalUnused recorded 1 samples, mean = 0.0 (flags = 0x41)
0  -O                                                                        (1 = 100.0%)
1  ... 

Histogram: Bookmarks.Utilization.OnProfileLoad.TotalUsed recorded 1 samples, mean = 0.0 (flags = 0x41)
0  -O                                                                        (1 = 100.0%)
1  ... 

Histogram: BrotliFilter.CompressionPercent recorded 34 samples, mean = 35.4 (flags = 0x41)
0    ... 
10   -O                                                                        (1 = 2.9%) {0.0%}
11   --O                                                                       (2 = 5.9%) {2.9%}
12   -O                                                                        (1 = 2.9%) {8.8%}
13   O                                                                         (0 = 0.0%) {11.8%}
14   -O                                                                        (1 = 2.9%) {11.8%}
15   O                                                                         (0 = 0.0%) {14.7%}
16   --O                                                                       (2 = 5.9%) {14.7%}
17   -O                                                                        (1 = 2.9%) {20.6%}
18   -O                                                                        (1 = 2.9%) {23.5%}
19   ... 
22   -O                                                                        (1 = 2.9%) {26.5%}
23   -O                                                                        (1 = 2.9%) {29.4%}
24   -O                                                                        (1 = 2.9%) {32.4%}
25   -O                                                                        (1 = 2.9%) {35.3%}
26   -O                                                                        (1 = 2.9%) {38.2%}
27   O                                                                         (0 = 0.0%) {41.2%}
28   -O                                                                        (1 = 2.9%) {41.2%}
29   ---O                                                                      (3 = 8.8%) {44.1%}
30   --O                                                                       (2 = 5.9%) {52.9%}
31   O                                                                         (0 = 0.0%) {58.8%}
32   -O                                                                        (1 = 2.9%) {58.8%}
33   -O                                                                        (1 = 2.9%) {61.8%}
34   -O                                                                        (1 = 2.9%) {64.7%}
35   ... 
38   -O                                                                        (1 = 2.9%) {67.6%}
39   --O                                                                       (2 = 5.9%) {70.6%}
40   ... 
43   -O                                                                        (1 = 2.9%) {76.5%}
44   -O                                                                        (1 = 2.9%) {79.4%}
45   O                                                                         (0 = 0.0%) {82.4%}
46   -O                                                                        (1 = 2.9%) {82.4%}
47   --O                                                                       (2 = 5.9%) {85.3%}
48   ... 
84   -O                                                                        (1 = 2.9%) {91.2%}
85   ... 
101  --O                                                                       (2 = 5.9%) {94.1%}

Histogram: BrotliFilter.Status recorded 34 samples, mean = 1.0 (flags = 0x41)
0  O                                                                         (0 = 0.0%)
1  ----------------------------------O                                       (34 = 100.0%) {0.0%}
2  ... 

Histogram: BrotliFilter.UsedMemoryKB recorded 34 samples, mean = 216.4 (flags = 0x41)
0    ... 
16   --O                                                                       (2 = 5.9%) {0.0%}
20   O                                                                         (0 = 0.0%) {5.9%}
25   ---O                                                                      (3 = 8.8%) {5.9%}
31   -------O                                                                  (7 = 20.6%) {14.7%}
39   O                                                                         (0 = 0.0%) {35.3%}
49   --O                                                                       (2 = 5.9%) {35.3%}
61   -O                                                                        (1 = 2.9%) {41.2%}
76   ----O                                                                     (4 = 11.8%) {44.1%}
95   O                                                                         (0 = 0.0%) {55.9%}
119  ---O                                                                      (3 = 8.8%) {55.9%}
149  O                                                                         (0 = 0.0%) {64.7%}
187  -O                                                                        (1 = 2.9%) {64.7%}
234  ... 
367  -------O                                                                  (7 = 20.6%) {67.6%}
460  O                                                                         (0 = 0.0%) {88.2%}
576  -O                                                                        (1 = 2.9%) {88.2%}
722  ---O                                                                      (3 = 8.8%) {91.2%}
905  ... 

Histogram: Browser.MainThreadsCongestion.RunningOnly recorded 45 samples, mean = 0.0 (flags = 0x41)
0  ---------------------------------------------O                            (45 = 100.0%)
1  ... 

Histogram: Browser.MainThreadsCongestion.RunningOnly.Initial recorded 1 samples, mean = 0.0 (flags = 0x41)
0  -O                                                                        (1 = 100.0%)
1  ... 

Histogram: Browser.Responsiveness.IOJanksTotalPerMinute recorded 22 samples, mean = 0.0 (flags = 0x41)
0  ----------------------O                                                   (22 = 100.0%)
1  ... 

Histogram: Browser.Responsiveness.IOJankyIntervalsPerMinute recorded 22 samples, mean = 0.0 (flags = 0x41)
0  ----------------------O                                                   (22 = 100.0%)
1  ... 

Histogram: BrowserRenderProcessHost.Cleanup.DelayReason recorded 12 samples, mean = 6.8 (flags = 0x41)
0  ---O                                                                      (3 = 25.0%)
1  ... 
9  ---------O                                                                (9 = 75.0%) {25.0%}
10 ... 

Histogram: BrowserRenderProcessHost.Cleanup.Total recorded 12 samples, mean = 1.0 (flags = 0x41)
0  O                                                                         (0 = 0.0%)
1  ------------O                                                             (12 = 100.0%) {0.0%}
2  O                                                                         (0 = 0.0%) {100.0%}

Histogram: BrowserRenderProcessHost.ExistingRendererIsInitializedAndNotDead recorded 1 samples, mean = 1.0 (flags = 0x41)
0  O                                                                         (0 = 0.0%)
1  -O                                                                        (1 = 100.0%) {0.0%}
2  O                                                                         (0 = 0.0%) {100.0%}

Histogram: BrowserRenderProcessHost.FastShutdownIfPossible.DelayReason recorded 1 samples, mean = 4.0 (flags = 0x41)
0  ... 
4  -O                                                                        (1 = 100.0%) {0.0%}
5  ... 

Histogram: BrowserRenderProcessHost.FastShutdownIfPossible.Total recorded 1 samples, mean = 1.0 (flags = 0x41)
0  O                                                                         (0 = 0.0%)
1  -O                                                                        (1 = 100.0%) {0.0%}
2  O                                                                         (0 = 0.0%) {100.0%}

Histogram: BrowserRenderProcessHost.SpareProcessEvictedOtherSpare recorded 2 samples, mean = 0.0 (flags = 0x41)
0  --O                                                                       (2 = 100.0%)
1  ... 

Histogram: BrowserRenderProcessHost.SpareProcessMaybeTakeAction recorded 2 samples, mean = 2.0 (flags = 0x41)
0  -O                                                                        (1 = 50.0%)
1  ... 
4  -O                                                                        (1 = 50.0%) {50.0%}
5  ... 

Histogram: BrowserRenderProcessHost.SpareProcessStartupTime recorded 2 samples, mean = 2440.0 (flags = 0x41)
0     ... 
318   -O                                                                        (1 = 50.0%) {0.0%}
378   ... 
4222  -O                                                                        (1 = 50.0%) {50.0%}
5017  ... 

Histogram: BrowserSwitcher.ExternalGreylistSize recorded 1 samples, mean = 0.0 (flags = 0x41)
0  -O                                                                        (1 = 100.0%)
1  ... 

Histogram: BrowserSwitcher.ExternalSitelistSize recorded 1 samples, mean = 0.0 (flags = 0x41)
0  -O                                                                        (1 = 100.0%)
1  ... 

Histogram: BrowserSwitcher.IeemSitelistSize recorded 1 samples, mean = 0.0 (flags = 0x41)
0  -O                                                                        (1 = 100.0%)
1  ... 

Histogram: BrowsingTopics.BrowsingTopicsState.LoadFinishStatus recorded 1 samples, mean = 1.0 (flags = 0x41)
0  O                                                                         (0 = 0.0%)
1  -O                                                                        (1 = 100.0%) {0.0%}
2  O                                                                         (0 = 0.0%) {100.0%}

Histogram: BrowsingTopics.SiteDataStorage.FileSize.KB recorded 1 samples, mean = 28.0 (flags = 0x41)
0   ... 
28  -O                                                                        (1 = 100.0%) {0.0%}
37  ... 

Histogram: BrowsingTopics.SiteDataStorage.InitStatus recorded 1 samples, mean = 1.0 (flags = 0x41)
0  O                                                                         (0 = 0.0%)
1  -O                                                                        (1 = 100.0%) {0.0%}
2  O                                                                         (0 = 0.0%) {100.0%}

Histogram: CPU.Experimental.CpuEstimationTaskMigrated recorded 4 samples, mean = 0.2 (flags = 0x41)
0  ---O                                                                      (3 = 75.0%)
1  -O                                                                        (1 = 25.0%) {75.0%}
2  O                                                                         (0 = 0.0%) {100.0%}

Histogram: CPU.Experimental.CpuEstimationTaskQueuedTime.Performance recorded 4 samples, mean = 14.0 (flags = 0x41)
0   ... 
7   -O                                                                        (1 = 25.0%) {0.0%}
9   O                                                                         (0 = 0.0%) {25.0%}
12  -O                                                                        (1 = 25.0%) {25.0%}
16  --O                                                                       (2 = 50.0%) {50.0%}
21  ... 

Histogram: CPU.Experimental.CpuEstimationTaskThreadTime.Performance recorded 4 samples, mean = 123.5 (flags = 0x41)
0    ... 
113  ----O                                                                     (4 = 100.0%) {0.0%}
149  ... 

Histogram: CPU.Experimental.CpuEstimationTaskTotalTime.Performance recorded 4 samples, mean = 148.0 (flags = 0x41)
0    ... 
113  ---O                                                                      (3 = 75.0%) {0.0%}
149  -O                                                                        (1 = 25.0%) {75.0%}
196  ... 

Histogram: CPU.Experimental.CpuEstimationTaskWallTime.Performance recorded 4 samples, mean = 134.0 (flags = 0x41)
0    ... 
113  ---O                                                                      (3 = 75.0%) {0.0%}
149  -O                                                                        (1 = 25.0%) {75.0%}
196  ... 

Histogram: CPU.Experimental.CpuEstimationThreadTimePercent.Performance recorded 4 samples, mean = 93.2 (flags = 0x41)
0   ... 
80  -O                                                                        (1 = 25.0%) {0.0%}
81  ... 
97  -O                                                                        (1 = 25.0%) {25.0%}
98  --O                                                                       (2 = 50.0%) {50.0%}
99  ... 

Histogram: CPU.Experimental.EstimatedFrequencyAsPercentOfLimit.Performance recorded 3 samples, mean = 188.3 (flags = 0x41)
0    ... 
101  ---O                                                                      (3 = 100.0%) {0.0%}

Histogram: CPU.Experimental.EstimatedFrequencyAsPercentOfMax.Performance recorded 3 samples, mean = 188.3 (flags = 0x41)
0    ... 
101  ---O                                                                      (3 = 100.0%) {0.0%}

Histogram: CertificateType2.BR.Intermediate.ECDSA recorded 12 samples, mean = 266.7 (flags = 0x41)
0    ... 
256  -----------O                                                              (11 = 91.7%) {0.0%}
257  ... 
384  -O                                                                        (1 = 8.3%) {91.7%}
385  ... 

Histogram: CertificateType2.BR.Intermediate.RSA recorded 4 samples, mean = 2048.0 (flags = 0x41)
0     ... 
2048  ----O                                                                     (4 = 100.0%) {0.0%}
2049  ... 

Histogram: CertificateType2.BR.Leaf.ECDSA recorded 13 samples, mean = 256.0 (flags = 0x41)
0    ... 
256  -------------O                                                            (13 = 100.0%) {0.0%}
257  ... 

Histogram: CertificateType2.BR.Leaf.RSA recorded 3 samples, mean = 2048.0 (flags = 0x41)
0     ... 
2048  ---O                                                                      (3 = 100.0%) {0.0%}
2049  ... 

Histogram: CertificateType2.BR.Root.ECDSA recorded 11 samples, mean = 384.0 (flags = 0x41)
0    ... 
384  -----------O                                                              (11 = 100.0%) {0.0%}
385  ... 

Histogram: CertificateType2.BR.Root.RSA recorded 5 samples, mean = 2867.2 (flags = 0x41)
0     ... 
2048  ---O                                                                      (3 = 60.0%) {0.0%}
2049  ... 
4096  --O                                                                       (2 = 40.0%) {60.0%}
4097  ... 

Histogram: ChildProcess.Launched.UtilityProcessHash recorded 3 samples (flags = 0x41)
-2043041185 -O                                                                        (1 = 33.3%)
-1468742076 -O                                                                        (1 = 33.3%)
1411170475  -O                                                                        (1 = 33.3%)

Histogram: ChildProcess.ProcessLifetime.Utility recorded 3 samples, mean = 909261.3 (flags = 0x41)
0        ... 
294      -O                                                                        (1 = 33.3%) {0.0%}
398      ... 
1068417  --O                                                                       (2 = 66.7%) {33.3%}
1447542  ... 

Histogram: Chrome.ProcessSingleton.NotifyResult recorded 1 samples, mean = 0.0 (flags = 0x41)
0  -O                                                                        (1 = 100.0%)
1  ... 

Histogram: Chrome.ProcessSingleton.TimeToCreate recorded 1 samples, mean = 1.0 (flags = 0x41)
0  -O                                                                        (1 = 100.0%)
10 ... 

Histogram: Chrome.SystemNetworkContextManager.NetworkSandboxState recorded 4 samples, mean = 0.0 (flags = 0x41)
0  ----O                                                                     (4 = 100.0%)
1  ... 

Histogram: ChromeElf.Beacon.RetryAttemptsBeforeSuccess recorded 1 samples, mean = 0.0 (flags = 0x41)
0  -O                                                                        (1 = 100.0%)
1  ... 

Histogram: ChromeElf.Beacon.SetupStatus recorded 1 samples, mean = 1.0 (flags = 0x41)
0  O                                                                         (0 = 0.0%)
1  -O                                                                        (1 = 100.0%) {0.0%}
2  ... 

Histogram: ChromeElf.ExtensionPoint.EnableState recorded 1 samples, mean = 1.0 (flags = 0x41)
0  O                                                                         (0 = 0.0%)
1  -O                                                                        (1 = 100.0%) {0.0%}
2  O                                                                         (0 = 0.0%) {100.0%}

Histogram: ClientHints.CriticalCHRestart recorded 1 samples, mean = 0.0 (flags = 0x41)
0  -O                                                                        (1 = 100.0%)
1  ... 

Histogram: ClientHints.FetchLatency_PrefRead recorded 4 samples, mean = 6.8 (flags = 0x41)
0   ... 
2   -O                                                                        (1 = 25.0%) {0.0%}
3   -O                                                                        (1 = 25.0%) {25.0%}
4   -O                                                                        (1 = 25.0%) {50.0%}
6   ... 
15  -O                                                                        (1 = 25.0%) {75.0%}
21  ... 

Histogram: ClientHints.FetchLatency_PrerenderHost recorded 4 samples, mean = 0.5 (flags = 0x41)
0  ---O                                                                      (3 = 75.0%)
1  O                                                                         (0 = 0.0%) {75.0%}
2  -O                                                                        (1 = 25.0%) {75.0%}
3  ... 

Histogram: ClientHints.FetchLatency_Total recorded 4 samples, mean = 7.2 (flags = 0x41)
0   ... 
2   -O                                                                        (1 = 25.0%) {0.0%}
3   -O                                                                        (1 = 25.0%) {25.0%}
4   -O                                                                        (1 = 25.0%) {50.0%}
6   ... 
15  -O                                                                        (1 = 25.0%) {75.0%}
21  ... 

Histogram: Compositing.Browser.CompositorFrame.Quads recorded 3 samples, mean = 1.0 (flags = 0x41)
0  O                                                                         (0 = 0.0%)
1  ---O                                                                      (3 = 100.0%) {0.0%}
2  ... 

Histogram: Compositing.Browser.LayerTreeImpl.CalculateDrawPropertiesUs recorded 3 samples, mean = 15.7 (flags = 0x41)
0   ... 
7   -O                                                                        (1 = 33.3%) {0.0%}
9   O                                                                         (0 = 0.0%) {33.3%}
12  -O                                                                        (1 = 33.3%) {33.3%}
16  O                                                                         (0 = 0.0%) {66.7%}
21  -O                                                                        (1 = 33.3%) {66.7%}
28  ... 

Histogram: Compositing.Browser.LayersUpdateTime recorded 3 samples, mean = 25.0 (flags = 0x41)
0   ... 
6   -O                                                                        (1 = 33.3%) {0.0%}
8   ... 
21  -O                                                                        (1 = 33.3%) {33.3%}
29  O                                                                         (0 = 0.0%) {66.7%}
40  -O                                                                        (1 = 33.3%) {66.7%}
55  ... 

Histogram: Compositing.ColorGamut recorded 5 samples, mean = 0.0 (flags = 0x41)
0  -----O                                                                    (5 = 100.0%)
1  ... 

Histogram: Compositing.DidMainThreadBlockDuringCommit recorded 3 samples, mean = 0.0 (flags = 0x41)
0  ---O                                                                      (3 = 100.0%)
1  ... 

Histogram: Compositing.DirectRenderer.OverlayProcessingUs recorded 5 samples, mean = 0.0 (flags = 0x41)
0  -----O                                                                    (5 = 100.0%)
5  ... 

Histogram: Compositing.DirectRenderer.PartialSwap.ExtraDamage recorded 5 samples, mean = 0.0 (flags = 0x41)
0  -----O                                                                    (5 = 100.0%)
1  ... 

Histogram: Compositing.DirectRenderer.PartialSwap.FrameBufferDamage recorded 5 samples, mean = 0.0 (flags = 0x41)
0  -----O                                                                    (5 = 100.0%)
1  ... 

Histogram: Compositing.DirectRenderer.PartialSwap.RootDamage recorded 5 samples, mean = 100.0 (flags = 0x41)
0    ... 
100  -----O                                                                    (5 = 100.0%) {0.0%}
101  O                                                                         (0 = 0.0%) {100.0%}

Histogram: Compositing.DirectRenderer.PartialSwap.TotalDamage recorded 5 samples, mean = 100.0 (flags = 0x41)
0    ... 
100  -----O                                                                    (5 = 100.0%) {0.0%}
101  O                                                                         (0 = 0.0%) {100.0%}

Histogram: Compositing.DirectRenderer.SkipAllNonRootRenderPassesPerFrame recorded 3 samples, mean = 0.0 (flags = 0x41)
0  ---O                                                                      (3 = 100.0%)
1  ... 

Histogram: Compositing.DirectRenderer.SkipNonRootRenderPass recorded 3 samples, mean = 0.0 (flags = 0x41)
0  ---O                                                                      (3 = 100.0%)
1  ... 

Histogram: Compositing.DirectRenderer.TotalPixelsRendered recorded 5 samples, mean = 6.4 (flags = 0x41)
0  ... 
4  --O                                                                       (2 = 40.0%) {0.0%}
6  ---O                                                                      (3 = 60.0%) {40.0%}
9  ... 

Histogram: Compositing.Display.Draw.Occlusion.Calculation.Time recorded 5 samples, mean = 6.8 (flags = 0x41)
0   O                                                                         (0 = 0.0%)
1   -O                                                                        (1 = 20.0%) {0.0%}
2   -O                                                                        (1 = 20.0%) {20.0%}
3   O                                                                         (0 = 0.0%) {40.0%}
4   -O                                                                        (1 = 20.0%) {40.0%}
5   O                                                                         (0 = 0.0%) {60.0%}
6   -O                                                                        (1 = 20.0%) {60.0%}
7   ... 
20  -O                                                                        (1 = 20.0%) {80.0%}
23  ... 

Histogram: Compositing.Display.Draw.Quads recorded 5 samples, mean = 2.2 (flags = 0x41)
0  O                                                                         (0 = 0.0%)
1  --O                                                                       (2 = 40.0%) {0.0%}
2  O                                                                         (0 = 0.0%) {40.0%}
3  ---O                                                                      (3 = 60.0%) {40.0%}
4  ... 

Histogram: Compositing.Display.DrawToSwapUs recorded 5 samples, mean = 12522.8 (flags = 0x41)
0      ... 
275    -O                                                                        (1 = 20.0%) {0.0%}
333    -O                                                                        (1 = 20.0%) {20.0%}
404    ... 
4081   -O                                                                        (1 = 20.0%) {40.0%}
4949   -O                                                                        (1 = 20.0%) {60.0%}
6001   ... 
50000  -O                                                                        (1 = 20.0%) {80.0%}

Histogram: Compositing.Display.FlattenedRenderPassCount recorded 5 samples, mean = 1.6 (flags = 0x41)
0  O                                                                         (0 = 0.0%)
1  --O                                                                       (2 = 40.0%) {0.0%}
2  ---O                                                                      (3 = 60.0%) {40.0%}
3  ... 

Histogram: Compositing.Display.PendingSwaps recorded 5 samples, mean = 1.0 (flags = 0x41)
0  O                                                                         (0 = 0.0%)
1  -----O                                                                    (5 = 100.0%) {0.0%}
2  ... 

Histogram: Compositing.Display.VizDependencyResolvedToGpuStartedDrawUs recorded 5 samples, mean = 31.8 (flags = 0x41)
0   ... 
12  -O                                                                        (1 = 20.0%) {0.0%}
15  -O                                                                        (1 = 20.0%) {20.0%}
18  ... 
27  -O                                                                        (1 = 20.0%) {40.0%}
33  -O                                                                        (1 = 20.0%) {60.0%}
40  ... 
59  -O                                                                        (1 = 20.0%) {80.0%}
72  ... 

Histogram: Compositing.Display.VizScheduledDrawToDependencyResolvedUs recorded 5 samples, mean = 52.4 (flags = 0x41)
0    ----O                                                                     (4 = 80.0%)
5    ... 
227  -O                                                                        (1 = 20.0%) {80.0%}
275  ... 

Histogram: Compositing.Display.VizScheduledDrawToGpuStartedDrawUs recorded 5 samples, mean = 84.2 (flags = 0x41)
0    ... 
15   -O                                                                        (1 = 20.0%) {0.0%}
18   ... 
33   --O                                                                       (2 = 40.0%) {20.0%}
40   ... 
59   -O                                                                        (1 = 20.0%) {60.0%}
72   ... 
227  -O                                                                        (1 = 20.0%) {80.0%}
275  ... 

Histogram: Compositing.Renderer.CompositorFrame.Quads recorded 2 samples, mean = 2.0 (flags = 0x41)
0  ... 
2  --O                                                                       (2 = 100.0%) {0.0%}
3  ... 

Histogram: Compositing.Renderer.LayersUpdateTime recorded 3 samples, mean = 34.0 (flags = 0x41)
0   ... 
15  -O                                                                        (1 = 33.3%) {0.0%}
21  -O                                                                        (1 = 33.3%) {33.3%}
29  ... 
55  -O                                                                        (1 = 33.3%) {66.7%}
76  ... 

Histogram: Compositing.Renderer.NumRenderSurfaces recorded 5 samples, mean = 1.0 (flags = 0x41)
0  O                                                                         (0 = 0.0%)
1  -----O                                                                    (5 = 100.0%) {0.0%}
2  ... 

Histogram: Compositing.SurfaceAggregator.AggregateUs recorded 5 samples, mean = 109771.2 (flags = 0x41)
0       ... 
37      --O                                                                       (2 = 40.0%) {0.0%}
49      ... 
86      -O                                                                        (1 = 20.0%) {40.0%}
113     ... 
340     -O                                                                        (1 = 20.0%) {60.0%}
448     ... 
437686  -O                                                                        (1 = 20.0%) {80.0%}
576468  ... 

Histogram: Compositing.SurfaceAggregator.CopiedSurfaceCount recorded 5 samples, mean = 1.6 (flags = 0x41)
0  O                                                                         (0 = 0.0%)
1  --O                                                                       (2 = 40.0%) {0.0%}
2  ---O                                                                      (3 = 60.0%) {40.0%}
3  ... 

Histogram: Compositing.SurfaceAggregator.CopyUs recorded 5 samples, mean = 12.2 (flags = 0x41)
0   O                                                                         (0 = 0.0%)
5   -O                                                                        (1 = 20.0%) {0.0%}
6   ... 
11  --O                                                                       (2 = 40.0%) {20.0%}
13  O                                                                         (0 = 0.0%) {60.0%}
15  --O                                                                       (2 = 40.0%) {60.0%}
18  ... 

Histogram: Compositing.SurfaceAggregator.HasCopyRequestsPerFrame recorded 5 samples, mean = 0.4 (flags = 0x41)
0  ---O                                                                      (3 = 60.0%)
1  --O                                                                       (2 = 40.0%) {60.0%}
2  O                                                                         (0 = 0.0%) {100.0%}

Histogram: Compositing.SurfaceAggregator.HasPixelMovingBackdropFiltersPerFrame recorded 5 samples, mean = 0.0 (flags = 0x41)
0  -----O                                                                    (5 = 100.0%)
1  ... 

Histogram: Compositing.SurfaceAggregator.HasPixelMovingFiltersPerFrame recorded 5 samples, mean = 0.0 (flags = 0x41)
0  -----O                                                                    (5 = 100.0%)
1  ... 

Histogram: Compositing.SurfaceAggregator.HasUnembeddedRenderPassesPerFrame recorded 5 samples, mean = 0.0 (flags = 0x41)
0  -----O                                                                    (5 = 100.0%)
1  ... 

Histogram: Compositing.SurfaceAggregator.PrewalkUs recorded 5 samples, mean = 109740.0 (flags = 0x41)
0      ... 
18     -O                                                                        (1 = 20.0%) {0.0%}
21     -O                                                                        (1 = 20.0%) {20.0%}
25     ... 
47     -O                                                                        (1 = 20.0%) {40.0%}
55     ... 
311    -O                                                                        (1 = 20.0%) {60.0%}
364    ... 
10000  -O                                                                        (1 = 20.0%) {80.0%}

Histogram: Compositing.SurfaceAggregator.PrewalkedSurfaceCount recorded 5 samples, mean = 1.6 (flags = 0x41)
0  O                                                                         (0 = 0.0%)
1  --O                                                                       (2 = 40.0%) {0.0%}
2  ---O                                                                      (3 = 60.0%) {40.0%}
3  ... 

Histogram: Compositing.SurfaceManager.MarkForDestructionToDestroy recorded 1 samples, mean = 3.0 (flags = 0x41)
0  ... 
3  -O                                                                        (1 = 100.0%) {0.0%}
4  ... 

Histogram: Content.Classification.OpenGraph recorded 1 samples, mean = 4.0 (flags = 0x41)
0  ... 
4  -O                                                                        (1 = 100.0%) {0.0%}
5  ... 

Histogram: ContentSettings.AllowStorageAccessSync recorded 4 samples, mean = 0.2 (flags = 0x41)
0  ---O                                                                      (3 = 75.0%)
1  -O                                                                        (1 = 25.0%) {75.0%}
2  ... 

Histogram: ContentSettings.GetContentSetting.Network.Duration recorded 399 samples, mean = 0.5 (flags = 0x41)
0  ------------------------------------------------------------------------O (271 = 67.9%)
1  ------------------------O                                                 (92 = 23.1%) {67.9%}
2  -----O                                                                    (18 = 4.5%) {91.0%}
3  ---O                                                                      (11 = 2.8%) {95.5%}
4  -O                                                                        (5 = 1.3%) {98.2%}
5  O                                                                         (1 = 0.3%) {99.5%}
7  O                                                                         (1 = 0.3%) {99.7%}
9  ... 

Histogram: ContentSettings.GetCookieSettingInternal.Duration recorded 189 samples, mean = 5.9 (flags = 0x41)
0    -O                                                                        (1 = 0.5%)
1    ------------------------------------------------------------------------O (88 = 46.6%) {0.5%}
2    ------------------------------O                                           (37 = 19.6%) {47.1%}
3    -----------O                                                              (14 = 7.4%) {66.7%}
4    -------O                                                                  (8 = 4.2%) {74.1%}
5    ---------O                                                                (11 = 5.8%) {78.3%}
7    -----O                                                                    (6 = 3.2%) {84.1%}
9    ------O                                                                   (7 = 3.7%) {87.3%}
12   ---O                                                                      (4 = 2.1%) {91.0%}
16   ---O                                                                      (4 = 2.1%) {93.1%}
21   ----O                                                                     (5 = 2.6%) {95.2%}
28   --O                                                                       (2 = 1.1%) {97.9%}
37   ... 
65   -O                                                                        (1 = 0.5%) {98.9%}
86   ... 
258  -O                                                                        (1 = 0.5%) {99.5%}
340  ... 

Histogram: ContentSettings.NumberOfExceptions recorded 1 samples, mean = 5.0 (flags = 0x41)
0  ... 
5  -O                                                                        (1 = 100.0%) {0.0%}
7  ... 

Histogram: ContentSettings.Popups.StrongBlockerActions recorded 1 samples, mean = 0.0 (flags = 0x41)
0  -O                                                                        (1 = 100.0%)
1  ... 

Histogram: ContentSettings.RegularProfile.DefaultAutoVerifySetting recorded 1 samples, mean = 1.0 (flags = 0x41)
0  O                                                                         (0 = 0.0%)
1  -O                                                                        (1 = 100.0%) {0.0%}
2  ... 

Histogram: ContentSettings.RegularProfile.DefaultAutoplaySetting recorded 1 samples, mean = 1.0 (flags = 0x41)
0  O                                                                         (0 = 0.0%)
1  -O                                                                        (1 = 100.0%) {0.0%}
2  ... 

Histogram: ContentSettings.RegularProfile.DefaultBackgroundSyncSetting recorded 1 samples, mean = 1.0 (flags = 0x41)
0  O                                                                         (0 = 0.0%)
1  -O                                                                        (1 = 100.0%) {0.0%}
2  ... 

Histogram: ContentSettings.RegularProfile.DefaultCookiesSetting recorded 1 samples, mean = 1.0 (flags = 0x41)
0  O                                                                         (0 = 0.0%)
1  -O                                                                        (1 = 100.0%) {0.0%}
2  ... 

Histogram: ContentSettings.RegularProfile.DefaultIdleDetectionSetting recorded 1 samples, mean = 3.0 (flags = 0x41)
0  ... 
3  -O                                                                        (1 = 100.0%) {0.0%}
4  ... 

Histogram: ContentSettings.RegularProfile.DefaultImagesSetting recorded 1 samples, mean = 1.0 (flags = 0x41)
0  O                                                                         (0 = 0.0%)
1  -O                                                                        (1 = 100.0%) {0.0%}
2  ... 

Histogram: ContentSettings.RegularProfile.DefaultJavaScriptSetting recorded 1 samples, mean = 1.0 (flags = 0x41)
0  O                                                                         (0 = 0.0%)
1  -O                                                                        (1 = 100.0%) {0.0%}
2  ... 

Histogram: ContentSettings.RegularProfile.DefaultLocationSetting recorded 1 samples, mean = 3.0 (flags = 0x41)
0  ... 
3  -O                                                                        (1 = 100.0%) {0.0%}
4  ... 

Histogram: ContentSettings.RegularProfile.DefaultMIDISysExSetting recorded 1 samples, mean = 3.0 (flags = 0x41)
0  ... 
3  -O                                                                        (1 = 100.0%) {0.0%}
4  ... 

Histogram: ContentSettings.RegularProfile.DefaultMediaStreamCameraSetting recorded 1 samples, mean = 3.0 (flags = 0x41)
0  ... 
3  -O                                                                        (1 = 100.0%) {0.0%}
4  ... 

Histogram: ContentSettings.RegularProfile.DefaultMediaStreamMicSetting recorded 1 samples, mean = 3.0 (flags = 0x41)
0  ... 
3  -O                                                                        (1 = 100.0%) {0.0%}
4  ... 

Histogram: ContentSettings.RegularProfile.DefaultNotificationsSetting recorded 1 samples, mean = 3.0 (flags = 0x41)
0  ... 
3  -O                                                                        (1 = 100.0%) {0.0%}
4  ... 

Histogram: ContentSettings.RegularProfile.DefaultPopupsSetting recorded 1 samples, mean = 2.0 (flags = 0x41)
0  ... 
2  -O                                                                        (1 = 100.0%) {0.0%}
3  ... 

Histogram: ContentSettings.RegularProfile.DefaultSoundSetting recorded 1 samples, mean = 1.0 (flags = 0x41)
0  O                                                                         (0 = 0.0%)
1  -O                                                                        (1 = 100.0%) {0.0%}
2  ... 

Histogram: ContentSettings.RegularProfile.DefaultStorageAccessSetting recorded 1 samples, mean = 3.0 (flags = 0x41)
0  ... 
3  -O                                                                        (1 = 100.0%) {0.0%}
4  ... 

Histogram: ContentSettings.RegularProfile.DefaultSubresourceFilterSetting recorded 1 samples, mean = 2.0 (flags = 0x41)
0  ... 
2  -O                                                                        (1 = 100.0%) {0.0%}
3  ... 

Histogram: ContentSettings.RegularProfile.DefaultUsbGuardSetting recorded 1 samples, mean = 3.0 (flags = 0x41)
0  ... 
3  -O                                                                        (1 = 100.0%) {0.0%}
4  ... 

Histogram: ContentSettings.RegularProfile.DefaultWebBluetoothGuardSetting recorded 1 samples, mean = 3.0 (flags = 0x41)
0  ... 
3  -O                                                                        (1 = 100.0%) {0.0%}
4  ... 

Histogram: ContentSettings.RegularProfile.Exceptions.3pcd-heuristics-grants recorded 1 samples, mean = 0.0 (flags = 0x41)
0  -O                                                                        (1 = 100.0%)
1  ... 

Histogram: ContentSettings.RegularProfile.Exceptions.3pcd-support recorded 1 samples, mean = 0.0 (flags = 0x41)
0  -O                                                                        (1 = 100.0%)
1  ... 

Histogram: ContentSettings.RegularProfile.Exceptions.abusive-notification-permissions recorded 1 samples, mean = 0.0 (flags = 0x41)
0  -O                                                                        (1 = 100.0%)
1  ... 

Histogram: ContentSettings.RegularProfile.Exceptions.access-to-get-all-screens-media-in-session recorded 1 samples, mean = 0.0 (flags = 0x41)
0  -O                                                                        (1 = 100.0%)
1  ... 

Histogram: ContentSettings.RegularProfile.Exceptions.accessibility-events recorded 1 samples, mean = 0.0 (flags = 0x41)
0  -O                                                                        (1 = 100.0%)
1  ... 

Histogram: ContentSettings.RegularProfile.Exceptions.anti-abuse recorded 1 samples, mean = 0.0 (flags = 0x41)
0  -O                                                                        (1 = 100.0%)
1  ... 

Histogram: ContentSettings.RegularProfile.Exceptions.app-banner recorded 1 samples, mean = 0.0 (flags = 0x41)
0  -O                                                                        (1 = 100.0%)
1  ... 

Histogram: ContentSettings.RegularProfile.Exceptions.ar recorded 1 samples, mean = 0.0 (flags = 0x41)
0  -O                                                                        (1 = 100.0%)
1  ... 

Histogram: ContentSettings.RegularProfile.Exceptions.auto-picture-in-picture recorded 1 samples, mean = 0.0 (flags = 0x41)
0  -O                                                                        (1 = 100.0%)
1  ... 

Histogram: ContentSettings.RegularProfile.Exceptions.auto-select-certificate recorded 1 samples, mean = 0.0 (flags = 0x41)
0  -O                                                                        (1 = 100.0%)
1  ... 

Histogram: ContentSettings.RegularProfile.Exceptions.automatic-downloads recorded 1 samples, mean = 0.0 (flags = 0x41)
0  -O                                                                        (1 = 100.0%)
1  ... 

Histogram: ContentSettings.RegularProfile.Exceptions.automatic-fullscreen recorded 1 samples, mean = 0.0 (flags = 0x41)
0  -O                                                                        (1 = 100.0%)
1  ... 

Histogram: ContentSettings.RegularProfile.Exceptions.autoplay recorded 1 samples, mean = 0.0 (flags = 0x41)
0  -O                                                                        (1 = 100.0%)
1  ... 

Histogram: ContentSettings.RegularProfile.Exceptions.background-sync recorded 1 samples, mean = 0.0 (flags = 0x41)
0  -O                                                                        (1 = 100.0%)
1  ... 

Histogram: ContentSettings.RegularProfile.Exceptions.bluetooth-chooser-data recorded 1 samples, mean = 0.0 (flags = 0x41)
0  -O                                                                        (1 = 100.0%)
1  ... 

Histogram: ContentSettings.RegularProfile.Exceptions.bluetooth-guard recorded 1 samples, mean = 0.0 (flags = 0x41)
0  -O                                                                        (1 = 100.0%)
1  ... 

Histogram: ContentSettings.RegularProfile.Exceptions.bluetooth-scanning recorded 1 samples, mean = 0.0 (flags = 0x41)
0  -O                                                                        (1 = 100.0%)
1  ... 

Histogram: ContentSettings.RegularProfile.Exceptions.camera-pan-tilt-zoom recorded 1 samples, mean = 0.0 (flags = 0x41)
0  -O                                                                        (1 = 100.0%)
1  ... 

Histogram: ContentSettings.RegularProfile.Exceptions.captured-surface-control recorded 1 samples, mean = 0.0 (flags = 0x41)
0  -O                                                                        (1 = 100.0%)
1  ... 

Histogram: ContentSettings.RegularProfile.Exceptions.client-hints recorded 1 samples, mean = 0.0 (flags = 0x41)
0  -O                                                                        (1 = 100.0%)
1  ... 

Histogram: ContentSettings.RegularProfile.Exceptions.clipboard recorded 1 samples, mean = 0.0 (flags = 0x41)
0  -O                                                                        (1 = 100.0%)
1  ... 

Histogram: ContentSettings.RegularProfile.Exceptions.cookie-controls-metadata recorded 1 samples, mean = 0.0 (flags = 0x41)
0  -O                                                                        (1 = 100.0%)
1  ... 

Histogram: ContentSettings.RegularProfile.Exceptions.cookies recorded 1 samples, mean = 0.0 (flags = 0x41)
0  -O                                                                        (1 = 100.0%)
1  ... 

Histogram: ContentSettings.RegularProfile.Exceptions.cookies.Allow recorded 1 samples, mean = 0.0 (flags = 0x41)
0  -O                                                                        (1 = 100.0%)
1  ... 

Histogram: ContentSettings.RegularProfile.Exceptions.cookies.AllowThirdParty recorded 1 samples, mean = 0.0 (flags = 0x41)
0  -O                                                                        (1 = 100.0%)
1  ... 

Histogram: ContentSettings.RegularProfile.Exceptions.cookies.Block recorded 1 samples, mean = 0.0 (flags = 0x41)
0  -O                                                                        (1 = 100.0%)
1  ... 

Histogram: ContentSettings.RegularProfile.Exceptions.cookies.DomainWildcardAllowThirdParty recorded 1 samples, mean = 0.0 (flags = 0x41)
0  -O                                                                        (1 = 100.0%)
1  ... 

Histogram: ContentSettings.RegularProfile.Exceptions.cookies.SessionOnly recorded 1 samples, mean = 0.0 (flags = 0x41)
0  -O                                                                        (1 = 100.0%)
1  ... 

Histogram: ContentSettings.RegularProfile.Exceptions.cookies.TemporaryAllowThirdParty recorded 1 samples, mean = 0.0 (flags = 0x41)
0  -O                                                                        (1 = 100.0%)
1  ... 

Histogram: ContentSettings.RegularProfile.Exceptions.direct-sockets recorded 1 samples, mean = 0.0 (flags = 0x41)
0  -O                                                                        (1 = 100.0%)
1  ... 

Histogram: ContentSettings.RegularProfile.Exceptions.display-media-system-audio recorded 1 samples, mean = 0.0 (flags = 0x41)
0  -O                                                                        (1 = 100.0%)
1  ... 

Histogram: ContentSettings.RegularProfile.Exceptions.durable-storage recorded 1 samples, mean = 0.0 (flags = 0x41)
0  -O                                                                        (1 = 100.0%)
1  ... 

Histogram: ContentSettings.RegularProfile.Exceptions.fedcm-idp-registration recorded 1 samples, mean = 0.0 (flags = 0x41)
0  -O                                                                        (1 = 100.0%)
1  ... 

Histogram: ContentSettings.RegularProfile.Exceptions.fedcm-idp-signin recorded 1 samples, mean = 1.0 (flags = 0x41)
0  O                                                                         (0 = 0.0%)
1  -O                                                                        (1 = 100.0%) {0.0%}
2  ... 

Histogram: ContentSettings.RegularProfile.Exceptions.fedcm-share recorded 1 samples, mean = 0.0 (flags = 0x41)
0  -O                                                                        (1 = 100.0%)
1  ... 

Histogram: ContentSettings.RegularProfile.Exceptions.file-system-access-chooser-data recorded 1 samples, mean = 0.0 (flags = 0x41)
0  -O                                                                        (1 = 100.0%)
1  ... 

Histogram: ContentSettings.RegularProfile.Exceptions.file-system-access-extended-permission recorded 1 samples, mean = 0.0 (flags = 0x41)
0  -O                                                                        (1 = 100.0%)
1  ... 

Histogram: ContentSettings.RegularProfile.Exceptions.file-system-access-restore-permission recorded 1 samples, mean = 0.0 (flags = 0x41)
0  -O                                                                        (1 = 100.0%)
1  ... 

Histogram: ContentSettings.RegularProfile.Exceptions.file-system-last-picked-directory recorded 1 samples, mean = 0.0 (flags = 0x41)
0  -O                                                                        (1 = 100.0%)
1  ... 

Histogram: ContentSettings.RegularProfile.Exceptions.file-system-read-guard recorded 1 samples, mean = 0.0 (flags = 0x41)
0  -O                                                                        (1 = 100.0%)
1  ... 

Histogram: ContentSettings.RegularProfile.Exceptions.file-system-write-guard recorded 1 samples, mean = 0.0 (flags = 0x41)
0  -O                                                                        (1 = 100.0%)
1  ... 

Histogram: ContentSettings.RegularProfile.Exceptions.formfill-metadata recorded 1 samples, mean = 0.0 (flags = 0x41)
0  -O                                                                        (1 = 100.0%)
1  ... 

Histogram: ContentSettings.RegularProfile.Exceptions.geolocation recorded 1 samples, mean = 0.0 (flags = 0x41)
0  -O                                                                        (1 = 100.0%)
1  ... 

Histogram: ContentSettings.RegularProfile.Exceptions.hid-chooser-data recorded 1 samples, mean = 0.0 (flags = 0x41)
0  -O                                                                        (1 = 100.0%)
1  ... 

Histogram: ContentSettings.RegularProfile.Exceptions.hid-guard recorded 1 samples, mean = 0.0 (flags = 0x41)
0  -O                                                                        (1 = 100.0%)
1  ... 

Histogram: ContentSettings.RegularProfile.Exceptions.http-allowed recorded 1 samples, mean = 0.0 (flags = 0x41)
0  -O                                                                        (1 = 100.0%)
1  ... 

Histogram: ContentSettings.RegularProfile.Exceptions.https-enforced recorded 1 samples, mean = 0.0 (flags = 0x41)
0  -O                                                                        (1 = 100.0%)
1  ... 

Histogram: ContentSettings.RegularProfile.Exceptions.idle-detection recorded 1 samples, mean = 0.0 (flags = 0x41)
0  -O                                                                        (1 = 100.0%)
1  ... 

Histogram: ContentSettings.RegularProfile.Exceptions.images recorded 1 samples, mean = 0.0 (flags = 0x41)
0  -O                                                                        (1 = 100.0%)
1  ... 

Histogram: ContentSettings.RegularProfile.Exceptions.important-site-info recorded 1 samples, mean = 0.0 (flags = 0x41)
0  -O                                                                        (1 = 100.0%)
1  ... 

Histogram: ContentSettings.RegularProfile.Exceptions.insecure-private-network recorded 1 samples, mean = 0.0 (flags = 0x41)
0  -O                                                                        (1 = 100.0%)
1  ... 

Histogram: ContentSettings.RegularProfile.Exceptions.intent-picker-auto-display recorded 1 samples, mean = 0.0 (flags = 0x41)
0  -O                                                                        (1 = 100.0%)
1  ... 

Histogram: ContentSettings.RegularProfile.Exceptions.javascript recorded 1 samples, mean = 0.0 (flags = 0x41)
0  -O                                                                        (1 = 100.0%)
1  ... 

Histogram: ContentSettings.RegularProfile.Exceptions.javascript-jit recorded 1 samples, mean = 0.0 (flags = 0x41)
0  -O                                                                        (1 = 100.0%)
1  ... 

Histogram: ContentSettings.RegularProfile.Exceptions.javascript-optimizer recorded 1 samples, mean = 0.0 (flags = 0x41)
0  -O                                                                        (1 = 100.0%)
1  ... 

Histogram: ContentSettings.RegularProfile.Exceptions.keyboard-lock recorded 1 samples, mean = 0.0 (flags = 0x41)
0  -O                                                                        (1 = 100.0%)
1  ... 

Histogram: ContentSettings.RegularProfile.Exceptions.legacy-cookie-access recorded 1 samples, mean = 0.0 (flags = 0x41)
0  -O                                                                        (1 = 100.0%)
1  ... 

Histogram: ContentSettings.RegularProfile.Exceptions.local-fonts recorded 1 samples, mean = 0.0 (flags = 0x41)
0  -O                                                                        (1 = 100.0%)
1  ... 

Histogram: ContentSettings.RegularProfile.Exceptions.media-engagement recorded 1 samples, mean = 2.0 (flags = 0x41)
0  ... 
2  -O                                                                        (1 = 100.0%) {0.0%}
3  ... 

Histogram: ContentSettings.RegularProfile.Exceptions.media-stream-camera recorded 1 samples, mean = 0.0 (flags = 0x41)
0  -O                                                                        (1 = 100.0%)
1  ... 

Histogram: ContentSettings.RegularProfile.Exceptions.media-stream-mic recorded 1 samples, mean = 0.0 (flags = 0x41)
0  -O                                                                        (1 = 100.0%)
1  ... 

Histogram: ContentSettings.RegularProfile.Exceptions.midi-sysex recorded 1 samples, mean = 0.0 (flags = 0x41)
0  -O                                                                        (1 = 100.0%)
1  ... 

Histogram: ContentSettings.RegularProfile.Exceptions.mixed-script recorded 1 samples, mean = 0.0 (flags = 0x41)
0  -O                                                                        (1 = 100.0%)
1  ... 

Histogram: ContentSettings.RegularProfile.Exceptions.nfc-devices recorded 1 samples, mean = 0.0 (flags = 0x41)
0  -O                                                                        (1 = 100.0%)
1  ... 

Histogram: ContentSettings.RegularProfile.Exceptions.notification-interactions recorded 1 samples, mean = 0.0 (flags = 0x41)
0  -O                                                                        (1 = 100.0%)
1  ... 

Histogram: ContentSettings.RegularProfile.Exceptions.notification-permission-review recorded 1 samples, mean = 0.0 (flags = 0x41)
0  -O                                                                        (1 = 100.0%)
1  ... 

Histogram: ContentSettings.RegularProfile.Exceptions.notifications recorded 1 samples, mean = 0.0 (flags = 0x41)
0  -O                                                                        (1 = 100.0%)
1  ... 

Histogram: ContentSettings.RegularProfile.Exceptions.password-protection recorded 1 samples, mean = 0.0 (flags = 0x41)
0  -O                                                                        (1 = 100.0%)
1  ... 

Histogram: ContentSettings.RegularProfile.Exceptions.payment-handler recorded 1 samples, mean = 0.0 (flags = 0x41)
0  -O                                                                        (1 = 100.0%)
1  ... 

Histogram: ContentSettings.RegularProfile.Exceptions.permission-autoblocking-data recorded 1 samples, mean = 0.0 (flags = 0x41)
0  -O                                                                        (1 = 100.0%)
1  ... 

Histogram: ContentSettings.RegularProfile.Exceptions.permission-autorevocation-data recorded 1 samples, mean = 0.0 (flags = 0x41)
0  -O                                                                        (1 = 100.0%)
1  ... 

Histogram: ContentSettings.RegularProfile.Exceptions.pointer-lock recorded 1 samples, mean = 0.0 (flags = 0x41)
0  -O                                                                        (1 = 100.0%)
1  ... 

Histogram: ContentSettings.RegularProfile.Exceptions.popups recorded 1 samples, mean = 0.0 (flags = 0x41)
0  -O                                                                        (1 = 100.0%)
1  ... 

Histogram: ContentSettings.RegularProfile.Exceptions.popups.Allow recorded 1 samples, mean = 0.0 (flags = 0x41)
0  -O                                                                        (1 = 100.0%)
1  ... 

Histogram: ContentSettings.RegularProfile.Exceptions.popups.Block recorded 1 samples, mean = 0.0 (flags = 0x41)
0  -O                                                                        (1 = 100.0%)
1  ... 

Histogram: ContentSettings.RegularProfile.Exceptions.private-network-chooser-data recorded 1 samples, mean = 0.0 (flags = 0x41)
0  -O                                                                        (1 = 100.0%)
1  ... 

Histogram: ContentSettings.RegularProfile.Exceptions.private-network-guard recorded 1 samples, mean = 0.0 (flags = 0x41)
0  -O                                                                        (1 = 100.0%)
1  ... 

Histogram: ContentSettings.RegularProfile.Exceptions.protected-media-identifier recorded 1 samples, mean = 0.0 (flags = 0x41)
0  -O                                                                        (1 = 100.0%)
1  ... 

Histogram: ContentSettings.RegularProfile.Exceptions.protocol-handler recorded 1 samples, mean = 0.0 (flags = 0x41)
0  -O                                                                        (1 = 100.0%)
1  ... 

Histogram: ContentSettings.RegularProfile.Exceptions.reduced-accept-language recorded 1 samples, mean = 0.0 (flags = 0x41)
0  -O                                                                        (1 = 100.0%)
1  ... 

Histogram: ContentSettings.RegularProfile.Exceptions.safe-browsing-url-check-data recorded 1 samples, mean = 0.0 (flags = 0x41)
0  -O                                                                        (1 = 100.0%)
1  ... 

Histogram: ContentSettings.RegularProfile.Exceptions.sensors recorded 1 samples, mean = 0.0 (flags = 0x41)
0  -O                                                                        (1 = 100.0%)
1  ... 

Histogram: ContentSettings.RegularProfile.Exceptions.serial-chooser-data recorded 1 samples, mean = 0.0 (flags = 0x41)
0  -O                                                                        (1 = 100.0%)
1  ... 

Histogram: ContentSettings.RegularProfile.Exceptions.serial-guard recorded 1 samples, mean = 0.0 (flags = 0x41)
0  -O                                                                        (1 = 100.0%)
1  ... 

Histogram: ContentSettings.RegularProfile.Exceptions.site-engagement recorded 1 samples, mean = 2.0 (flags = 0x41)
0  ... 
2  -O                                                                        (1 = 100.0%) {0.0%}
3  ... 

Histogram: ContentSettings.RegularProfile.Exceptions.sound recorded 1 samples, mean = 0.0 (flags = 0x41)
0  -O                                                                        (1 = 100.0%)
1  ... 

Histogram: ContentSettings.RegularProfile.Exceptions.speaker-selection recorded 1 samples, mean = 0.0 (flags = 0x41)
0  -O                                                                        (1 = 100.0%)
1  ... 

Histogram: ContentSettings.RegularProfile.Exceptions.ssl-cert-decisions recorded 1 samples, mean = 0.0 (flags = 0x41)
0  -O                                                                        (1 = 100.0%)
1  ... 

Histogram: ContentSettings.RegularProfile.Exceptions.storage-access recorded 1 samples, mean = 0.0 (flags = 0x41)
0  -O                                                                        (1 = 100.0%)
1  ... 

Histogram: ContentSettings.RegularProfile.Exceptions.storage-access-header-origin-trial recorded 1 samples, mean = 0.0 (flags = 0x41)
0  -O                                                                        (1 = 100.0%)
1  ... 

Histogram: ContentSettings.RegularProfile.Exceptions.storage-access.Allow recorded 1 samples, mean = 0.0 (flags = 0x41)
0  -O                                                                        (1 = 100.0%)
1  ... 

Histogram: ContentSettings.RegularProfile.Exceptions.storage-access.Ask recorded 1 samples, mean = 0.0 (flags = 0x41)
0  -O                                                                        (1 = 100.0%)
1  ... 

Histogram: ContentSettings.RegularProfile.Exceptions.storage-access.Block recorded 1 samples, mean = 0.0 (flags = 0x41)
0  -O                                                                        (1 = 100.0%)
1  ... 

Histogram: ContentSettings.RegularProfile.Exceptions.storage-access.MaxRequester recorded 1 samples, mean = 0.0 (flags = 0x41)
0  -O                                                                        (1 = 100.0%)
1  ... 

Histogram: ContentSettings.RegularProfile.Exceptions.storage-access.MaxTopLevel recorded 1 samples, mean = 0.0 (flags = 0x41)
0  -O                                                                        (1 = 100.0%)
1  ... 

Histogram: ContentSettings.RegularProfile.Exceptions.subresource-filter recorded 1 samples, mean = 0.0 (flags = 0x41)
0  -O                                                                        (1 = 100.0%)
1  ... 

Histogram: ContentSettings.RegularProfile.Exceptions.subresource-filter-data recorded 1 samples, mean = 0.0 (flags = 0x41)
0  -O                                                                        (1 = 100.0%)
1  ... 

Histogram: ContentSettings.RegularProfile.Exceptions.subresource-filter.Allow recorded 1 samples, mean = 0.0 (flags = 0x41)
0  -O                                                                        (1 = 100.0%)
1  ... 

Histogram: ContentSettings.RegularProfile.Exceptions.subresource-filter.Block recorded 1 samples, mean = 0.0 (flags = 0x41)
0  -O                                                                        (1 = 100.0%)
1  ... 

Histogram: ContentSettings.RegularProfile.Exceptions.third-party-storage-partitioning recorded 1 samples, mean = 0.0 (flags = 0x41)
0  -O                                                                        (1 = 100.0%)
1  ... 

Histogram: ContentSettings.RegularProfile.Exceptions.top-level-3pcd-origin-trial recorded 1 samples, mean = 0.0 (flags = 0x41)
0  -O                                                                        (1 = 100.0%)
1  ... 

Histogram: ContentSettings.RegularProfile.Exceptions.top-level-3pcd-support recorded 1 samples, mean = 0.0 (flags = 0x41)
0  -O                                                                        (1 = 100.0%)
1  ... 

Histogram: ContentSettings.RegularProfile.Exceptions.top-level-storage-access recorded 1 samples, mean = 0.0 (flags = 0x41)
0  -O                                                                        (1 = 100.0%)
1  ... 

Histogram: ContentSettings.RegularProfile.Exceptions.tracking-protection recorded 1 samples, mean = 0.0 (flags = 0x41)
0  -O                                                                        (1 = 100.0%)
1  ... 

Histogram: ContentSettings.RegularProfile.Exceptions.tracking-protection.Allow recorded 1 samples, mean = 0.0 (flags = 0x41)
0  -O                                                                        (1 = 100.0%)
1  ... 

Histogram: ContentSettings.RegularProfile.Exceptions.tracking-protection.Block recorded 1 samples, mean = 0.0 (flags = 0x41)
0  -O                                                                        (1 = 100.0%)
1  ... 

Histogram: ContentSettings.RegularProfile.Exceptions.unused-site-permissions recorded 1 samples, mean = 0.0 (flags = 0x41)
0  -O                                                                        (1 = 100.0%)
1  ... 

Histogram: ContentSettings.RegularProfile.Exceptions.usb-chooser-data recorded 1 samples, mean = 0.0 (flags = 0x41)
0  -O                                                                        (1 = 100.0%)
1  ... 

Histogram: ContentSettings.RegularProfile.Exceptions.usb-guard recorded 1 samples, mean = 0.0 (flags = 0x41)
0  -O                                                                        (1 = 100.0%)
1  ... 

Histogram: ContentSettings.RegularProfile.Exceptions.vr recorded 1 samples, mean = 0.0 (flags = 0x41)
0  -O                                                                        (1 = 100.0%)
1  ... 

Histogram: ContentSettings.RegularProfile.Exceptions.webid-api recorded 1 samples, mean = 0.0 (flags = 0x41)
0  -O                                                                        (1 = 100.0%)
1  ... 

Histogram: ContentSettings.RegularProfile.Exceptions.webid-auto-reauthn recorded 1 samples, mean = 0.0 (flags = 0x41)
0  -O                                                                        (1 = 100.0%)
1  ... 

Histogram: ContentSettings.RegularProfile.Exceptions.window-placement recorded 1 samples, mean = 0.0 (flags = 0x41)
0  -O                                                                        (1 = 100.0%)
1  ... 

Histogram: Conversions.DelayOnAttestationsLoaded recorded 1 samples, mean = 300023.0 (flags = 0x41)
0       ... 
300000  -O                                                                        (1 = 100.0%) {0.0%}

Histogram: Cookie.ClockSkew.AddMinutes recorded 6 samples, mean = 0.0 (flags = 0x41)
0  ------O                                                                   (6 = 100.0%)
1  ... 

Histogram: Cookie.ClockSkew.AddMinutes12To24Hours recorded 6 samples, mean = 0.0 (flags = 0x41)
0  ------O                                                                   (6 = 100.0%)
720... 

Histogram: Cookie.ClockSkew.ExpiredWithoutSkew recorded 6 samples, mean = 0.0 (flags = 0x41)
0  ------O                                                                   (6 = 100.0%)
1  ... 

Histogram: Cookie.CookiePrefix recorded 7 samples, mean = 0.0 (flags = 0x41)
0  -------O                                                                  (7 = 100.0%)
1  ... 

Histogram: Cookie.CookieSchemeRequestScheme recorded 75 samples, mean = 2.0 (flags = 0x41)
0  ... 
2  ------------------------------------------------------------------------O (75 = 100.0%) {0.0%}
3  ... 

Histogram: Cookie.CookieSourceScheme recorded 7 samples, mean = 0.0 (flags = 0x41)
0  -------O                                                                  (7 = 100.0%)
1  ... 

Histogram: Cookie.CookieSourceSchemeName recorded 7 samples, mean = 14.0 (flags = 0x41)
0   ... 
14  -------O                                                                  (7 = 100.0%) {0.0%}
15  ... 

Histogram: Cookie.CrossSiteRedirectType.Read recorded 119 samples, mean = 1.0 (flags = 0x41)
0  O                                                                         (0 = 0.0%)
1  ------------------------------------------------------------------------O (119 = 100.0%) {0.0%}
2  ... 

Histogram: Cookie.CrossSiteRedirectType.Write recorded 7 samples, mean = 1.0 (flags = 0x41)
0  O                                                                         (0 = 0.0%)
1  -------O                                                                  (7 = 100.0%) {0.0%}
2  ... 

Histogram: Cookie.DaysSinceRefreshForRetrieval recorded 7 samples, mean = 4.6 (flags = 0x41)
0  ---O                                                                      (3 = 42.9%)
1  ... 
8  ----O                                                                     (4 = 57.1%) {42.9%}
9  ... 

Histogram: Cookie.DomainHasNonASCII recorded 7 samples, mean = 0.0 (flags = 0x41)
0  -------O                                                                  (7 = 100.0%)
1  ... 

Histogram: Cookie.DomainSet recorded 7 samples, mean = 1.0 (flags = 0x41)
0  O                                                                         (0 = 0.0%)
1  -------O                                                                  (7 = 100.0%) {0.0%}
2  O                                                                         (0 = 0.0%) {100.0%}

Histogram: Cookie.DoubleUnderscorePrefixedName recorded 7 samples, mean = 0.7 (flags = 0x41)
0  --O                                                                       (2 = 28.6%)
1  -----O                                                                    (5 = 71.4%) {28.6%}
2  O                                                                         (0 = 0.0%) {100.0%}

Histogram: Cookie.ExpirationDuration400DaysLTE recorded 6 samples, mean = 60.8 (flags = 0x41)
0    -----O                                                                    (5 = 83.3%)
1    ... 
364  -O                                                                        (1 = 16.7%) {83.3%}
400  O                                                                         (0 = 0.0%) {100.0%}

Histogram: Cookie.ExpirationDurationMinutesSecure recorded 6 samples, mean = 87625.0 (flags = 0x41)
0       ... 
26      -----O                                                                    (5 = 83.3%) {0.0%}
36      ... 
429766  -O                                                                        (1 = 16.7%) {83.3%}
587706  ... 

Histogram: Cookie.FirstPartyPartitioned.HasCrossSiteAncestor recorded 43 samples, mean = 0.0 (flags = 0x41)
0  -------------------------------------------O                              (43 = 100.0%)
1  ... 

Histogram: Cookie.FirstPartySets.Browser.DelayedQueriesCount recorded 1 samples, mean = 2.0 (flags = 0x41)
0  ... 
2  -O                                                                        (1 = 100.0%) {0.0%}
3  ... 

Histogram: Cookie.FirstPartySets.Browser.MostDelayedQueryDelta recorded 1 samples, mean = 62.0 (flags = 0x41)
0   ... 
57  -O                                                                        (1 = 100.0%) {0.0%}
68  ... 

Histogram: Cookie.FirstPartySets.ComponentSetsNonfatalErrors recorded 1 samples, mean = 0.0 (flags = 0x41)
0  -O                                                                        (1 = 100.0%)
1  ... 

Histogram: Cookie.FirstPartySets.ComponentSetsParsedSuccessfully recorded 1 samples, mean = 0.0 (flags = 0x41)
0  -O                                                                        (1 = 100.0%)
1  ... 

Histogram: Cookie.FirstPartySets.ContextDelayedQueriesCount recorded 1 samples, mean = 0.0 (flags = 0x41)
0  -O                                                                        (1 = 100.0%)
1  ... 

Histogram: Cookie.FirstPartySets.ContextMostDelayedQueryDelta recorded 1 samples, mean = 0.0 (flags = 0x41)
0  -O                                                                        (1 = 100.0%)
1  ... 

Histogram: Cookie.FirstPartySets.EnqueueingDelay.ContextConfig2 recorded 1 samples, mean = 30.0 (flags = 0x41)
0   ... 
29  -O                                                                        (1 = 100.0%) {0.0%}
34  ... 

Histogram: Cookie.FirstPartySets.InitializationDuration.ContextReadyToServeQueries2 recorded 1 samples, mean = 1543.0 (flags = 0x41)
0     ... 
1500  -O                                                                        (1 = 100.0%) {0.0%}
1782  ... 

Histogram: Cookie.FirstPartySets.InitializationDuration.ReadCommandLineSet2 recorded 1 samples, mean = 62.0 (flags = 0x41)
0   ... 
57  -O                                                                        (1 = 100.0%) {0.0%}
68  ... 

Histogram: Cookie.FirstPartySets.InitializationDuration.ReadComponentSets2 recorded 1 samples, mean = 0.0 (flags = 0x41)
0  -O                                                                        (1 = 100.0%)
1  ... 

Histogram: Cookie.FirstPartySets.InitializationDuration.ReadyToServeQueries2 recorded 1 samples, mean = 0.0 (flags = 0x41)
0  -O                                                                        (1 = 100.0%)
1  ... 

Histogram: Cookie.FirstPartySets.Network.DelayedQueriesCount recorded 1 samples, mean = 0.0 (flags = 0x41)
0  -O                                                                        (1 = 100.0%)
1  ... 

Histogram: Cookie.FirstPartySets.Network.MostDelayedQueryDelta recorded 1 samples, mean = 0.0 (flags = 0x41)
0  -O                                                                        (1 = 100.0%)
1  ... 

Histogram: Cookie.FirstPartySets.ProcessedEntireComponent recorded 1 samples, mean = 1.0 (flags = 0x41)
0  O                                                                         (0 = 0.0%)
1  -O                                                                        (1 = 100.0%) {0.0%}
2  O                                                                         (0 = 0.0%) {100.0%}

Histogram: Cookie.FromStorageWithValidLength recorded 143 samples, mean = 1.0 (flags = 0x41)
0  O                                                                         (0 = 0.0%)
1  ------------------------------------------------------------------------O (143 = 100.0%) {0.0%}
2  O                                                                         (0 = 0.0%) {100.0%}

Histogram: Cookie.HasNonASCII.Name recorded 7 samples, mean = 0.0 (flags = 0x41)
0  -------O                                                                  (7 = 100.0%)
1  ... 

Histogram: Cookie.HasNonASCII.Value recorded 7 samples, mean = 0.0 (flags = 0x41)
0  -------O                                                                  (7 = 100.0%)
1  ... 

Histogram: Cookie.IncludedRequestEffectiveSameSite recorded 119 samples, mean = 0.0 (flags = 0x41)
0  ------------------------------------------------------------------------O (119 = 100.0%)
1  ... 

Histogram: Cookie.IncludedResponseEffectiveSameSite recorded 7 samples, mean = 0.0 (flags = 0x41)
0  -------O                                                                  (7 = 100.0%)
1  ... 

Histogram: Cookie.IsPartitionedValid recorded 1 samples, mean = 1.0 (flags = 0x41)
0  O                                                                         (0 = 0.0%)
1  -O                                                                        (1 = 100.0%) {0.0%}
2  O                                                                         (0 = 0.0%) {100.0%}

Histogram: Cookie.NameOrValueHtab recorded 7 samples, mean = 0.0 (flags = 0x41)
0  -------O                                                                  (7 = 100.0%)
1  ... 

Histogram: Cookie.OnCookiesAccessed.BatchSize recorded 38 samples, mean = 1.1 (flags = 0x41)
0  O                                                                         (0 = 0.0%)
1  -----------------------------------O                                      (35 = 92.1%) {0.0%}
2  ---O                                                                      (3 = 7.9%) {92.1%}
3  ... 

Histogram: Cookie.OnCookiesAccessed.TotalAccesses recorded 38 samples, mean = 2.1 (flags = 0x41)
0  O                                                                         (0 = 0.0%)
1  -O                                                                        (1 = 2.6%) {0.0%}
2  ----------------------------------O                                       (34 = 89.5%) {2.6%}
3  --O                                                                       (2 = 5.3%) {92.1%}
4  -O                                                                        (1 = 2.6%) {97.4%}
5  ... 

Histogram: Cookie.PartitionedCookiesInRequest recorded 38 samples, mean = 1.0 (flags = 0x41)
0  O                                                                         (0 = 0.0%)
1  --------------------------------------O                                   (38 = 100.0%) {0.0%}
2  ... 

Histogram: Cookie.Port.Read.RemoteHost recorded 115 samples, mean = 7.0 (flags = 0x41)
0  ... 
7  ------------------------------------------------------------------------O (115 = 100.0%) {0.0%}
8  ... 

Histogram: Cookie.Port.ReadDiffersFromSet.DomainSet recorded 115 samples, mean = 4.0 (flags = 0x41)
0  ... 
4  ------------------------------------------------------------------------O (115 = 100.0%) {0.0%}
5  O                                                                         (0 = 0.0%) {100.0%}

Histogram: Cookie.Port.ReadDiffersFromSet.RemoteHost recorded 115 samples, mean = 4.0 (flags = 0x41)
0  ... 
4  ------------------------------------------------------------------------O (115 = 100.0%) {0.0%}
5  O                                                                         (0 = 0.0%) {100.0%}

Histogram: Cookie.Port.Set.RemoteHost recorded 7 samples, mean = 7.0 (flags = 0x41)
0  ... 
7  -------O                                                                  (7 = 100.0%) {0.0%}
8  ... 

Histogram: Cookie.RequestSameSiteContext recorded 123 samples, mean = 3.0 (flags = 0x41)
0  -O                                                                        (2 = 1.6%)
1  ... 
3  ------------------------------------------------------------------------O (121 = 98.4%) {1.6%}
4  O                                                                         (0 = 0.0%) {100.0%}

Histogram: Cookie.SameSiteAttributeValue recorded 7 samples, mean = 5.0 (flags = 0x41)
0  ... 
5  -------O                                                                  (7 = 100.0%) {0.0%}
6  ... 

Histogram: Cookie.SameSiteNoneSizeBytes recorded 7 samples, mean = 212.4 (flags = 0x41)
0    ... 
40   -O                                                                        (1 = 14.3%) {0.0%}
48   ... 
190  -----O                                                                    (5 = 71.4%) {14.3%}
226  ... 
378  -O                                                                        (1 = 14.3%) {85.7%}
449  ... 

Histogram: Cookie.SameSiteNoneSizeBytes.Partitioned recorded 1 samples, mean = 417.0 (flags = 0x41)
0    ... 
378  -O                                                                        (1 = 100.0%) {0.0%}
449  ... 

Histogram: Cookie.SameSiteNoneSizeBytes.Unpartitioned recorded 6 samples, mean = 178.3 (flags = 0x41)
0    ... 
40   -O                                                                        (1 = 16.7%) {0.0%}
48   ... 
190  -----O                                                                    (5 = 83.3%) {16.7%}
226  ... 

Histogram: Cookie.SourceType recorded 14 samples, mean = 1.0 (flags = 0x41)
0  O                                                                         (0 = 0.0%)
1  --------------O                                                           (14 = 100.0%) {0.0%}
2  ... 

Histogram: Cookie.TimeBlockedOnLoad recorded 2 samples, mean = 19.0 (flags = 0x41)
0   ... 
11  -O                                                                        (1 = 50.0%) {0.0%}
14  ... 
21  -O                                                                        (1 = 50.0%) {50.0%}
26  ... 

Histogram: Cookie.TimeInitializeDB recorded 2 samples, mean = 9.5 (flags = 0x41)
0  ... 
9  --O                                                                       (2 = 100.0%) {0.0%}
11 ... 

Histogram: Cookie.TimeOpsBlockedDueToGlobalOp recorded 2 samples, mean = 6.5 (flags = 0x41)
0   -O                                                                        (1 = 50.0%)
1   ... 
11  -O                                                                        (1 = 50.0%) {50.0%}
14  ... 

Histogram: Cookie.Type2 recorded 14 samples, mean = 13.1 (flags = 0x41)
0   ... 
4   -O                                                                        (1 = 7.1%) {0.0%}
5   ... 
12  -O                                                                        (1 = 7.1%) {7.1%}
13  O                                                                         (0 = 0.0%) {14.3%}
14  ------------O                                                             (12 = 85.7%) {14.3%}
15  ... 

Histogram: Crypto.TPMDuration.MessageSigningECDSA recorded 1 samples, mean = 64.0 (flags = 0x41)
0   ... 
52  -O                                                                        (1 = 100.0%) {0.0%}
66  ... 

Histogram: Crypto.TPMDuration.NewKeyCreationECDSA recorded 1 samples, mean = 372.0 (flags = 0x41)
0    ... 
356  -O                                                                        (1 = 100.0%) {0.0%}
452  ... 

Histogram: Crypto.TPMDuration.Virtual.MessageSigningECDSA recorded 1 samples, mean = 2.0 (flags = 0x41)
0  ... 
2  -O                                                                        (1 = 100.0%) {0.0%}
3  ... 

Histogram: Crypto.TPMDuration.Virtual.NewKeyCreationECDSA recorded 1 samples, mean = 26.0 (flags = 0x41)
0   ... 
25  -O                                                                        (1 = 100.0%) {0.0%}
32  ... 

Histogram: Crypto.TPMDuration.Virtual.WrappedKeyCreationECDSA recorded 1 samples, mean = 7.0 (flags = 0x41)
0  ... 
6  -O                                                                        (1 = 100.0%) {0.0%}
8  ... 

Histogram: Crypto.TPMDuration.WrappedKeyCreationECDSA recorded 1 samples, mean = 91.0 (flags = 0x41)
0   ... 
84  -O                                                                        (1 = 100.0%) {0.0%}
107 ... 

Histogram: Crypto.TPMOperation.MessageSigningECDSA recorded 1 samples, mean = 1.0 (flags = 0x41)
0  O                                                                         (0 = 0.0%)
1  -O                                                                        (1 = 100.0%) {0.0%}
2  O                                                                         (0 = 0.0%) {100.0%}

Histogram: Crypto.TPMOperation.MessageVerifyECDSA recorded 1 samples, mean = 1.0 (flags = 0x41)
0  O                                                                         (0 = 0.0%)
1  -O                                                                        (1 = 100.0%) {0.0%}
2  O                                                                         (0 = 0.0%) {100.0%}

Histogram: Crypto.TPMOperation.NewKeyCreationECDSA recorded 1 samples, mean = 1.0 (flags = 0x41)
0  O                                                                         (0 = 0.0%)
1  -O                                                                        (1 = 100.0%) {0.0%}
2  O                                                                         (0 = 0.0%) {100.0%}

Histogram: Crypto.TPMOperation.Virtual.MessageSigningECDSA recorded 1 samples, mean = 1.0 (flags = 0x41)
0  O                                                                         (0 = 0.0%)
1  -O                                                                        (1 = 100.0%) {0.0%}
2  O                                                                         (0 = 0.0%) {100.0%}

Histogram: Crypto.TPMOperation.Virtual.MessageVerifyECDSA recorded 1 samples, mean = 1.0 (flags = 0x41)
0  O                                                                         (0 = 0.0%)
1  -O                                                                        (1 = 100.0%) {0.0%}
2  O                                                                         (0 = 0.0%) {100.0%}

Histogram: Crypto.TPMOperation.Virtual.NewKeyCreationECDSA recorded 1 samples, mean = 1.0 (flags = 0x41)
0  O                                                                         (0 = 0.0%)
1  -O                                                                        (1 = 100.0%) {0.0%}
2  O                                                                         (0 = 0.0%) {100.0%}

Histogram: Crypto.TPMOperation.Virtual.WrappedKeyCreationECDSA recorded 1 samples, mean = 1.0 (flags = 0x41)
0  O                                                                         (0 = 0.0%)
1  -O                                                                        (1 = 100.0%) {0.0%}
2  O                                                                         (0 = 0.0%) {100.0%}

Histogram: Crypto.TPMOperation.WrappedKeyCreationECDSA recorded 1 samples, mean = 1.0 (flags = 0x41)
0  O                                                                         (0 = 0.0%)
1  -O                                                                        (1 = 100.0%) {0.0%}
2  O                                                                         (0 = 0.0%) {100.0%}

Histogram: Crypto.TPMSupport2 recorded 1 samples, mean = 2.0 (flags = 0x41)
0  ... 
2  -O                                                                        (1 = 100.0%) {0.0%}
3  O                                                                         (0 = 0.0%) {100.0%}

Histogram: Crypto.TPMSupportType recorded 1 samples, mean = 3.0 (flags = 0x41)
0  ... 
3  -O                                                                        (1 = 100.0%) {0.0%}
4  O                                                                         (0 = 0.0%) {100.0%}

Histogram: Crypto.VirtualKeySupport recorded 1 samples, mean = 2.0 (flags = 0x41)
0  ... 
2  -O                                                                        (1 = 100.0%) {0.0%}
3  O                                                                         (0 = 0.0%) {100.0%}

Histogram: DOMStorage.CommitMeasuredDelay recorded 4 samples, mean = 3598.8 (flags = 0x41)
0     ... 
9     -O                                                                        (1 = 25.0%) {0.0%}
10    ... 
4249  -O                                                                        (1 = 25.0%) {25.0%}
4904  --O                                                                       (2 = 50.0%) {50.0%}
5660  ... 

Histogram: DOMStorage.CommitSizeBytes recorded 2 samples, mean = 832.5 (flags = 0x41)
0    ... 
762  -O                                                                        (1 = 50.0%) {0.0%}
859  -O                                                                        (1 = 50.0%) {50.0%}
968  ... 

Histogram: DataUse.BytesReceived3.Delegate recorded 60 samples, mean = 23281.6 (flags = 0x41)
0       ... 
297     -O                                                                        (1 = 1.7%) {0.0%}
383     -O                                                                        (1 = 1.7%) {1.7%}
494     ---O                                                                      (3 = 5.0%) {3.3%}
637     -O                                                                        (1 = 1.7%) {8.3%}
821     ----O                                                                     (4 = 6.7%) {10.0%}
1059    -------------O                                                            (13 = 21.7%) {16.7%}
1366    --O                                                                       (2 = 3.3%) {38.3%}
1761    --O                                                                       (2 = 3.3%) {41.7%}
2271    -O                                                                        (1 = 1.7%) {45.0%}
2928    -----O                                                                    (5 = 8.3%) {46.7%}
3776    ---O                                                                      (3 = 5.0%) {55.0%}
4869    -O                                                                        (1 = 1.7%) {60.0%}
6279    -O                                                                        (1 = 1.7%) {61.7%}
8097    -O                                                                        (1 = 1.7%) {63.3%}
10441   --O                                                                       (2 = 3.3%) {65.0%}
13464   O                                                                         (0 = 0.0%) {68.3%}
17362   --O                                                                       (2 = 3.3%) {68.3%}
22388   ---O                                                                      (3 = 5.0%) {71.7%}
28869   --O                                                                       (2 = 3.3%) {76.7%}
37226   --O                                                                       (2 = 3.3%) {80.0%}
48002   --O                                                                       (2 = 3.3%) {83.3%}
61898   O                                                                         (0 = 0.0%) {86.7%}
79817   ---O                                                                      (3 = 5.0%) {86.7%}
102923  ---O                                                                      (3 = 5.0%) {91.7%}
132718  --O                                                                       (2 = 3.3%) {96.7%}
171138  ... 

Histogram: DataUse.BytesSent3.Delegate recorded 60 samples, mean = 710.2 (flags = 0x41)
0      ... 
65     --------------------------O                                               (26 = 43.3%) {0.0%}
86     ----O                                                                     (4 = 6.7%) {43.3%}
113    -O                                                                        (1 = 1.7%) {50.0%}
149    -O                                                                        (1 = 1.7%) {51.7%}
196    --O                                                                       (2 = 3.3%) {53.3%}
258    O                                                                         (0 = 0.0%) {56.7%}
340    -O                                                                        (1 = 1.7%) {56.7%}
448    ------O                                                                   (6 = 10.0%) {58.3%}
590    -O                                                                        (1 = 1.7%) {68.3%}
777    -------O                                                                  (7 = 11.7%) {70.0%}
1023   ----------O                                                               (10 = 16.7%) {81.7%}
1347   ... 
16063  -O                                                                        (1 = 1.7%) {98.3%}
21156  ... 

Histogram: DefaultBrowser.State recorded 1 samples, mean = 0.0 (flags = 0x41)
0  -O                                                                        (1 = 100.0%)
1  ... 

Histogram: DiskCache.0.Error recorded 1 samples, mean = 0.0 (flags = 0x41)
0  -O                                                                        (1 = 100.0%)
1  ... 

Histogram: DiskCache.0.TotalIOTimeRead recorded 12 samples, mean = 1.0 (flags = 0x41)
0   ----------O                                                               (10 = 83.3%)
1   -O                                                                        (1 = 8.3%) {83.3%}
2   ... 
10  -O                                                                        (1 = 8.3%) {91.7%}
12  ... 

Histogram: DiskCache.0.TotalIOTimeWrite recorded 154 samples, mean = 0.6 (flags = 0x41)
0  ------------------------------------------------------------------------O (105 = 68.2%)
1  -----------------O                                                        (25 = 16.2%) {68.2%}
2  ----------O                                                               (15 = 9.7%) {84.4%}
3  ---O                                                                      (4 = 2.6%) {94.2%}
4  -O                                                                        (1 = 0.6%) {96.8%}
5  O                                                                         (0 = 0.0%) {97.4%}
6  --O                                                                       (3 = 1.9%) {97.4%}
7  -O                                                                        (1 = 0.6%) {99.4%}
8  ... 

Histogram: Download.Database.IsAvailable recorded 1 samples, mean = 1.0 (flags = 0x41)
0  O                                                                         (0 = 0.0%)
1  -O                                                                        (1 = 100.0%) {0.0%}
2  O                                                                         (0 = 0.0%) {100.0%}

Histogram: Download.Service.Db.Operation.Success recorded 1 samples, mean = 0.0 (flags = 0x41)
0  -O                                                                        (1 = 100.0%)
1  ... 

Histogram: Download.Service.Db.Records recorded 1 samples, mean = 0.0 (flags = 0x41)
0  -O                                                                        (1 = 100.0%)
1  ... 

Histogram: Download.Service.Db.Records.Active recorded 1 samples, mean = 0.0 (flags = 0x41)
0  -O                                                                        (1 = 100.0%)
1  ... 

Histogram: Download.Service.Db.Records.Available recorded 1 samples, mean = 0.0 (flags = 0x41)
0  -O                                                                        (1 = 100.0%)
1  ... 

Histogram: Download.Service.Db.Records.Complete recorded 1 samples, mean = 0.0 (flags = 0x41)
0  -O                                                                        (1 = 100.0%)
1  ... 

Histogram: Download.Service.Db.Records.New recorded 1 samples, mean = 0.0 (flags = 0x41)
0  -O                                                                        (1 = 100.0%)
1  ... 

Histogram: Download.Service.Db.Records.Paused recorded 1 samples, mean = 0.0 (flags = 0x41)
0  -O                                                                        (1 = 100.0%)
1  ... 

Histogram: Download.Service.Files.CleanUp.External recorded 3 samples, mean = 0.0 (flags = 0x41)
0  ---O                                                                      (3 = 100.0%)
1  ... 

Histogram: Download.Service.Files.CleanUp.External.Orphaned recorded 1 samples, mean = 0.0 (flags = 0x41)
0  -O                                                                        (1 = 100.0%)
1  ... 

Histogram: Download.Service.Files.CleanUp.External.Timeout recorded 1 samples, mean = 0.0 (flags = 0x41)
0  -O                                                                        (1 = 100.0%)
1  ... 

Histogram: Download.Service.Files.CleanUp.External.Unknown recorded 1 samples, mean = 0.0 (flags = 0x41)
0  -O                                                                        (1 = 100.0%)
1  ... 

Histogram: Download.Service.Files.CleanUp.Failure recorded 3 samples, mean = 0.0 (flags = 0x41)
0  ---O                                                                      (3 = 100.0%)
1  ... 

Histogram: Download.Service.Files.CleanUp.Failure.Orphaned recorded 1 samples, mean = 0.0 (flags = 0x41)
0  -O                                                                        (1 = 100.0%)
1  ... 

Histogram: Download.Service.Files.CleanUp.Failure.Timeout recorded 1 samples, mean = 0.0 (flags = 0x41)
0  -O                                                                        (1 = 100.0%)
1  ... 

Histogram: Download.Service.Files.CleanUp.Failure.Unknown recorded 1 samples, mean = 0.0 (flags = 0x41)
0  -O                                                                        (1 = 100.0%)
1  ... 

Histogram: Download.Service.Files.CleanUp.Success recorded 3 samples, mean = 0.0 (flags = 0x41)
0  ---O                                                                      (3 = 100.0%)
1  ... 

Histogram: Download.Service.Files.CleanUp.Success.Orphaned recorded 1 samples, mean = 0.0 (flags = 0x41)
0  -O                                                                        (1 = 100.0%)
1  ... 

Histogram: Download.Service.Files.CleanUp.Success.Timeout recorded 1 samples, mean = 0.0 (flags = 0x41)
0  -O                                                                        (1 = 100.0%)
1  ... 

Histogram: Download.Service.Files.CleanUp.Success.Unknown recorded 1 samples, mean = 0.0 (flags = 0x41)
0  -O                                                                        (1 = 100.0%)
1  ... 

Histogram: Download.Service.StartUpStatus.Initialization recorded 1 samples, mean = 0.0 (flags = 0x41)
0  -O                                                                        (1 = 100.0%)
1  ... 

Histogram: Enterprise.TimeToFirstPolicyLoad.Profile.Unmanaged recorded 1 samples, mean = 0.0 (flags = 0x41)
0  -O                                                                        (1 = 100.0%)
1  ... 

Histogram: EnterpriseCheck.AzureADJoinStatusCheckTime recorded 1 samples, mean = 22.0 (flags = 0x41)
0   ... 
20  -O                                                                        (1 = 100.0%) {0.0%}
24  ... 

Histogram: Event.GestureCreated recorded 1 samples, mean = 12.0 (flags = 0x41)
0   ... 
12  -O                                                                        (1 = 100.0%) {0.0%}
13  ... 

Histogram: Extension.Toolbar.BrowserActionsCount2 recorded 1 samples, mean = 0.0 (flags = 0x41)
0  -O                                                                        (1 = 100.0%)
1  ... 

Histogram: ExtensionToolbarModel.BrowserActionsCount recorded 1 samples, mean = 0.0 (flags = 0x41)
0  -O                                                                        (1 = 100.0%)
1  ... 

Histogram: Extensions.AppLocation2 recorded 1 samples, mean = 5.0 (flags = 0x41)
0  ... 
5  -O                                                                        (1 = 100.0%) {0.0%}
6  ... 

Histogram: Extensions.CorruptExtensionTotalDisables recorded 1 samples, mean = 0.0 (flags = 0x41)
0  -O                                                                        (1 = 100.0%)
1  ... 

Histogram: Extensions.CorruptExtensionTotalDisables2 recorded 1 samples, mean = 0.0 (flags = 0x41)
0  -O                                                                        (1 = 100.0%)
1  ... 

Histogram: Extensions.Database.Open.State recorded 1 samples, mean = 0.0 (flags = 0x41)
0  -O                                                                        (1 = 100.0%)
1  ... 

Histogram: Extensions.DeveloperModeEnabled recorded 2 samples, mean = 0.0 (flags = 0x41)
0  --O                                                                       (2 = 100.0%)
1  ... 

Histogram: Extensions.DidCreateScriptContext_Unspecified recorded 1 samples, mean = 0.0 (flags = 0x41)
0  -O                                                                        (1 = 100.0%)
1  ... 

Histogram: Extensions.DidCreateScriptContext_WebPage recorded 3 samples, mean = 0.0 (flags = 0x41)
0  ---O                                                                      (3 = 100.0%)
1  ... 

Histogram: Extensions.Disabled recorded 1 samples, mean = 0.0 (flags = 0x41)
0  -O                                                                        (1 = 100.0%)
1  ... 

Histogram: Extensions.Disabled2 recorded 1 samples, mean = 0.0 (flags = 0x41)
0  -O                                                                        (1 = 100.0%)
1  ... 

Histogram: Extensions.DisabledForPermissions recorded 1 samples, mean = 0.0 (flags = 0x41)
0  -O                                                                        (1 = 100.0%)
1  ... 

Histogram: Extensions.DisabledForPermissions2 recorded 1 samples, mean = 0.0 (flags = 0x41)
0  -O                                                                        (1 = 100.0%)
1  ... 

Histogram: Extensions.EventlessEventPages2 recorded 1 samples, mean = 0.0 (flags = 0x41)
0  -O                                                                        (1 = 100.0%)
1  ... 

Histogram: Extensions.ExtensionLocation recorded 1 samples, mean = 5.0 (flags = 0x41)
0  ... 
5  -O                                                                        (1 = 100.0%) {0.0%}
6  ... 

Histogram: Extensions.ExtensionLocation2 recorded 1 samples, mean = 5.0 (flags = 0x41)
0  ... 
5  -O                                                                        (1 = 100.0%) {0.0%}
6  ... 

Histogram: Extensions.ExtensionsWithPageActions recorded 1 samples, mean = 0.0 (flags = 0x41)
0  -O                                                                        (1 = 100.0%)
1  ... 

Histogram: Extensions.HomepageOverrides recorded 1 samples, mean = 0.0 (flags = 0x41)
0  -O                                                                        (1 = 100.0%)
1  ... 

Histogram: Extensions.HomepageOverrides2 recorded 1 samples, mean = 0.0 (flags = 0x41)
0  -O                                                                        (1 = 100.0%)
1  ... 

Histogram: Extensions.InjectEnd_ScriptCount recorded 3 samples, mean = 0.0 (flags = 0x41)
0  ---O                                                                      (3 = 100.0%)
1  ... 

Histogram: Extensions.InjectIdle_ScriptCount recorded 3 samples, mean = 0.0 (flags = 0x41)
0  ---O                                                                      (3 = 100.0%)
1  ... 

Histogram: Extensions.InjectStart_CssCount recorded 5 samples, mean = 0.0 (flags = 0x41)
0  -----O                                                                    (5 = 100.0%)
1  ... 

Histogram: Extensions.InjectStart_ScriptCount recorded 5 samples, mean = 0.0 (flags = 0x41)
0  -----O                                                                    (5 = 100.0%)
1  ... 

Histogram: Extensions.LoadAll recorded 1 samples, mean = 2.0 (flags = 0x41)
0  ... 
2  -O                                                                        (1 = 100.0%) {0.0%}
3  ... 

Histogram: Extensions.LoadAll2 recorded 1 samples, mean = 2.0 (flags = 0x41)
0  ... 
2  -O                                                                        (1 = 100.0%) {0.0%}
3  ... 

Histogram: Extensions.LoadAllComponentTime recorded 1 samples, mean = 1.0 (flags = 0x41)
0  O                                                                         (0 = 0.0%)
1  -O                                                                        (1 = 100.0%) {0.0%}
2  ... 

Histogram: Extensions.LoadAllComponentTime.User recorded 1 samples, mean = 1.0 (flags = 0x41)
0  O                                                                         (0 = 0.0%)
1  -O                                                                        (1 = 100.0%) {0.0%}
2  ... 

Histogram: Extensions.LoadAllTime2 recorded 1 samples, mean = 0.0 (flags = 0x41)
0  -O                                                                        (1 = 100.0%)
1  ... 

Histogram: Extensions.LoadAllTime2.User recorded 1 samples, mean = 0.0 (flags = 0x41)
0  -O                                                                        (1 = 100.0%)
1  ... 

Histogram: Extensions.LoadApp recorded 1 samples, mean = 0.0 (flags = 0x41)
0  -O                                                                        (1 = 100.0%)
1  ... 

Histogram: Extensions.LoadApp2 recorded 1 samples, mean = 0.0 (flags = 0x41)
0  -O                                                                        (1 = 100.0%)
1  ... 

Histogram: Extensions.LoadAppExternal recorded 1 samples, mean = 0.0 (flags = 0x41)
0  -O                                                                        (1 = 100.0%)
1  ... 

Histogram: Extensions.LoadAppExternal2 recorded 1 samples, mean = 0.0 (flags = 0x41)
0  -O                                                                        (1 = 100.0%)
1  ... 

Histogram: Extensions.LoadAppUser recorded 1 samples, mean = 0.0 (flags = 0x41)
0  -O                                                                        (1 = 100.0%)
1  ... 

Histogram: Extensions.LoadAppUser2 recorded 1 samples, mean = 0.0 (flags = 0x41)
0  -O                                                                        (1 = 100.0%)
1  ... 

Histogram: Extensions.LoadBrowserAction recorded 1 samples, mean = 0.0 (flags = 0x41)
0  -O                                                                        (1 = 100.0%)
1  ... 

Histogram: Extensions.LoadBrowserAction2 recorded 1 samples, mean = 0.0 (flags = 0x41)
0  -O                                                                        (1 = 100.0%)
1  ... 

Histogram: Extensions.LoadExtension recorded 1 samples, mean = 0.0 (flags = 0x41)
0  -O                                                                        (1 = 100.0%)
1  ... 

Histogram: Extensions.LoadExtension2 recorded 1 samples, mean = 0.0 (flags = 0x41)
0  -O                                                                        (1 = 100.0%)
1  ... 

Histogram: Extensions.LoadExtensionExternal recorded 1 samples, mean = 0.0 (flags = 0x41)
0  -O                                                                        (1 = 100.0%)
1  ... 

Histogram: Extensions.LoadExtensionExternal2 recorded 1 samples, mean = 0.0 (flags = 0x41)
0  -O                                                                        (1 = 100.0%)
1  ... 

Histogram: Extensions.LoadExtensionUser2 recorded 1 samples, mean = 0.0 (flags = 0x41)
0  -O                                                                        (1 = 100.0%)
1  ... 

Histogram: Extensions.LoadHostedApp recorded 1 samples, mean = 0.0 (flags = 0x41)
0  -O                                                                        (1 = 100.0%)
1  ... 

Histogram: Extensions.LoadHostedApp2 recorded 1 samples, mean = 0.0 (flags = 0x41)
0  -O                                                                        (1 = 100.0%)
1  ... 

Histogram: Extensions.LoadNoExtensionAction recorded 1 samples, mean = 0.0 (flags = 0x41)
0  -O                                                                        (1 = 100.0%)
1  ... 

Histogram: Extensions.LoadNoExtensionAction2 recorded 1 samples, mean = 0.0 (flags = 0x41)
0  -O                                                                        (1 = 100.0%)
1  ... 

Histogram: Extensions.LoadOffStoreItems recorded 1 samples, mean = 0.0 (flags = 0x41)
0  -O                                                                        (1 = 100.0%)
1  ... 

Histogram: Extensions.LoadOffStoreItems2 recorded 1 samples, mean = 0.0 (flags = 0x41)
0  -O                                                                        (1 = 100.0%)
1  ... 

Histogram: Extensions.LoadPackagedApp recorded 1 samples, mean = 0.0 (flags = 0x41)
0  -O                                                                        (1 = 100.0%)
1  ... 

Histogram: Extensions.LoadPackagedApp2 recorded 1 samples, mean = 0.0 (flags = 0x41)
0  -O                                                                        (1 = 100.0%)
1  ... 

Histogram: Extensions.LoadPlatformApp recorded 1 samples, mean = 0.0 (flags = 0x41)
0  -O                                                                        (1 = 100.0%)
1  ... 

Histogram: Extensions.LoadPlatformApp2 recorded 1 samples, mean = 0.0 (flags = 0x41)
0  -O                                                                        (1 = 100.0%)
1  ... 

Histogram: Extensions.LoadTheme recorded 1 samples, mean = 0.0 (flags = 0x41)
0  -O                                                                        (1 = 100.0%)
1  ... 

Histogram: Extensions.LoadTheme2 recorded 1 samples, mean = 0.0 (flags = 0x41)
0  -O                                                                        (1 = 100.0%)
1  ... 

Histogram: Extensions.LoadUserScript recorded 1 samples, mean = 0.0 (flags = 0x41)
0  -O                                                                        (1 = 100.0%)
1  ... 

Histogram: Extensions.LoadUserScript2 recorded 1 samples, mean = 0.0 (flags = 0x41)
0  -O                                                                        (1 = 100.0%)
1  ... 

Histogram: Extensions.Management_Refresh recorded 1 samples, mean = 0.0 (flags = 0x41)
0  -O                                                                        (1 = 100.0%)
1  ... 

Histogram: Extensions.ManifestVersion2Count.Component recorded 1 samples, mean = 1.0 (flags = 0x41)
0  O                                                                         (0 = 0.0%)
1  -O                                                                        (1 = 100.0%) {0.0%}
2  ... 

Histogram: Extensions.ManifestVersion2Count.External recorded 1 samples, mean = 0.0 (flags = 0x41)
0  -O                                                                        (1 = 100.0%)
1  ... 

Histogram: Extensions.ManifestVersion2Count.Internal recorded 1 samples, mean = 0.0 (flags = 0x41)
0  -O                                                                        (1 = 100.0%)
1  ... 

Histogram: Extensions.ManifestVersion2Count.Policy recorded 1 samples, mean = 0.0 (flags = 0x41)
0  -O                                                                        (1 = 100.0%)
1  ... 

Histogram: Extensions.ManifestVersion2Count.Unpacked recorded 1 samples, mean = 0.0 (flags = 0x41)
0  -O                                                                        (1 = 100.0%)
1  ... 

Histogram: Extensions.ManifestVersion3Count.Component recorded 1 samples, mean = 0.0 (flags = 0x41)
0  -O                                                                        (1 = 100.0%)
1  ... 

Histogram: Extensions.ManifestVersion3Count.External recorded 1 samples, mean = 0.0 (flags = 0x41)
0  -O                                                                        (1 = 100.0%)
1  ... 

Histogram: Extensions.ManifestVersion3Count.Internal recorded 1 samples, mean = 0.0 (flags = 0x41)
0  -O                                                                        (1 = 100.0%)
1  ... 

Histogram: Extensions.ManifestVersion3Count.Policy recorded 1 samples, mean = 0.0 (flags = 0x41)
0  -O                                                                        (1 = 100.0%)
1  ... 

Histogram: Extensions.ManifestVersion3Count.Unpacked recorded 1 samples, mean = 0.0 (flags = 0x41)
0  -O                                                                        (1 = 100.0%)
1  ... 

Histogram: Extensions.ManifestVersionByLocation.Component recorded 1 samples, mean = 2.0 (flags = 0x41)
0  ... 
2  -O                                                                        (1 = 100.0%) {0.0%}
3  ... 

Histogram: Extensions.ManifestVersionPopulationSplit.Component recorded 1 samples, mean = 1.0 (flags = 0x41)
0  O                                                                         (0 = 0.0%)
1  -O                                                                        (1 = 100.0%) {0.0%}
2  ... 

Histogram: Extensions.ManifestVersionPopulationSplit.External recorded 1 samples, mean = 0.0 (flags = 0x41)
0  -O                                                                        (1 = 100.0%)
1  ... 

Histogram: Extensions.ManifestVersionPopulationSplit.Internal recorded 1 samples, mean = 0.0 (flags = 0x41)
0  -O                                                                        (1 = 100.0%)
1  ... 

Histogram: Extensions.ManifestVersionPopulationSplit.InternalAndExternal recorded 1 samples, mean = 0.0 (flags = 0x41)
0  -O                                                                        (1 = 100.0%)
1  ... 

Histogram: Extensions.ManifestVersionPopulationSplit.Unpacked recorded 1 samples, mean = 0.0 (flags = 0x41)
0  -O                                                                        (1 = 100.0%)
1  ... 

Histogram: Extensions.NewTabPageOverrides recorded 1 samples, mean = 0.0 (flags = 0x41)
0  -O                                                                        (1 = 100.0%)
1  ... 

Histogram: Extensions.NewTabPageOverrides2 recorded 1 samples, mean = 0.0 (flags = 0x41)
0  -O                                                                        (1 = 100.0%)
1  ... 

Histogram: Extensions.NonWebStoreNewTabPageOverrides recorded 1 samples, mean = 0.0 (flags = 0x41)
0  -O                                                                        (1 = 100.0%)
1  ... 

Histogram: Extensions.NonWebStoreNewTabPageOverrides2 recorded 1 samples, mean = 0.0 (flags = 0x41)
0  -O                                                                        (1 = 100.0%)
1  ... 

Histogram: Extensions.NonWebstoreLocation recorded 2 samples, mean = 5.0 (flags = 0x41)
0  ... 
5  --O                                                                       (2 = 100.0%) {0.0%}
6  ... 

Histogram: Extensions.NonWebstoreLocation2 recorded 2 samples, mean = 5.0 (flags = 0x41)
0  ... 
5  --O                                                                       (2 = 100.0%) {0.0%}
6  ... 

Histogram: Extensions.NonWebstoreLocationWithDeveloperModeOff.Enabled3 recorded 2 samples, mean = 5.0 (flags = 0x41)
0  ... 
5  --O                                                                       (2 = 100.0%) {0.0%}
6  ... 

Histogram: Extensions.NotAllowlistedDisabled recorded 1 samples, mean = 0.0 (flags = 0x41)
0  -O                                                                        (1 = 100.0%)
1  ... 

Histogram: Extensions.NotAllowlistedDisabled2 recorded 1 samples, mean = 0.0 (flags = 0x41)
0  -O                                                                        (1 = 100.0%)
1  ... 

Histogram: Extensions.NotAllowlistedEnabled recorded 1 samples, mean = 0.0 (flags = 0x41)
0  -O                                                                        (1 = 100.0%)
1  ... 

Histogram: Extensions.NotAllowlistedEnabled2 recorded 1 samples, mean = 0.0 (flags = 0x41)
0  -O                                                                        (1 = 100.0%)
1  ... 

Histogram: Extensions.ProcessManagerStartupHostsTime2 recorded 1 samples, mean = 0.0 (flags = 0x41)
0  -O                                                                        (1 = 100.0%)
1  ... 

Histogram: Extensions.SearchEngineOverrides recorded 1 samples, mean = 0.0 (flags = 0x41)
0  -O                                                                        (1 = 100.0%)
1  ... 

Histogram: Extensions.SearchEngineOverrides2 recorded 1 samples, mean = 0.0 (flags = 0x41)
0  -O                                                                        (1 = 100.0%)
1  ... 

Histogram: Extensions.StartupPagesOverrides recorded 1 samples, mean = 0.0 (flags = 0x41)
0  -O                                                                        (1 = 100.0%)
1  ... 

Histogram: Extensions.StartupPagesOverrides2 recorded 1 samples, mean = 0.0 (flags = 0x41)
0  -O                                                                        (1 = 100.0%)
1  ... 

Histogram: Extensions.WebRequestBlockingCount recorded 1 samples, mean = 0.0 (flags = 0x41)
0  -O                                                                        (1 = 100.0%)
1  ... 

Histogram: Extensions.WebRequestBlockingCount2 recorded 1 samples, mean = 0.0 (flags = 0x41)
0  -O                                                                        (1 = 100.0%)
1  ... 

Histogram: Extensions.WebRequestCount recorded 1 samples, mean = 0.0 (flags = 0x41)
0  -O                                                                        (1 = 100.0%)
1  ... 

Histogram: Extensions.WebRequestCount2 recorded 1 samples, mean = 0.0 (flags = 0x41)
0  -O                                                                        (1 = 100.0%)
1  ... 

Histogram: FetchKeepAlive.Renderer.Total.ReceivedResponse recorded 1 samples, mean = 1.0 (flags = 0x41)
0  O                                                                         (0 = 0.0%)
1  -O                                                                        (1 = 100.0%) {0.0%}
2  O                                                                         (0 = 0.0%) {100.0%}

Histogram: FetchKeepAlive.Renderer.Total.Started recorded 1 samples, mean = 1.0 (flags = 0x41)
0  O                                                                         (0 = 0.0%)
1  -O                                                                        (1 = 100.0%) {0.0%}
2  O                                                                         (0 = 0.0%) {100.0%}

Histogram: FetchKeepAlive.Requests2.Network recorded 2 samples, mean = 0.5 (flags = 0x41)
0  -O                                                                        (1 = 50.0%)
1  -O                                                                        (1 = 50.0%) {50.0%}
2  O                                                                         (0 = 0.0%) {100.0%}

Histogram: FetchKeepAlive.Requests2.SentToService.Renderer recorded 1 samples, mean = 2.0 (flags = 0x41)
0  ... 
2  -O                                                                        (1 = 100.0%) {0.0%}
3  ... 

Histogram: FetchKeepAlive.Requests2.Started.IsContextDetached.Renderer recorded 1 samples, mean = 0.0 (flags = 0x41)
0  -O                                                                        (1 = 100.0%)
1  ... 

Histogram: FetchKeepAlive.Requests2.Started.Renderer recorded 1 samples, mean = 1.0 (flags = 0x41)
0  O                                                                         (0 = 0.0%)
1  -O                                                                        (1 = 100.0%) {0.0%}
2  ... 

Histogram: FetchKeepAlive.Requests2.Succeeded.IsContextDetached.Renderer recorded 1 samples, mean = 0.0 (flags = 0x41)
0  -O                                                                        (1 = 100.0%)
1  ... 

Histogram: FetchKeepAlive.Requests2.Succeeded.Renderer recorded 1 samples, mean = 1.0 (flags = 0x41)
0  O                                                                         (0 = 0.0%)
1  -O                                                                        (1 = 100.0%) {0.0%}
2  ... 

Histogram: FetchKeepAlive.Requests2.Total.Renderer recorded 1 samples, mean = 1.0 (flags = 0x41)
0  O                                                                         (0 = 0.0%)
1  -O                                                                        (1 = 100.0%) {0.0%}
2  ... 

Histogram: FirstPartySets.Database.InitStatus recorded 1 samples, mean = 1.0 (flags = 0x41)
0  O                                                                         (0 = 0.0%)
1  -O                                                                        (1 = 100.0%) {0.0%}
2  ... 

Histogram: FirstPartySets.Database.TransactionFailed recorded 7 samples, mean = 0.0 (flags = 0x41)
0  -------O                                                                  (7 = 100.0%)
1  ... 

Histogram: FirstPartySets.Initialization.ClearSiteDataOutcome recorded 1 samples, mean = 1.0 (flags = 0x41)
0  O                                                                         (0 = 0.0%)
1  -O                                                                        (1 = 100.0%) {0.0%}
2  O                                                                         (0 = 0.0%) {100.0%}

Histogram: FirstPartySets.Initialization.SitesToClear.Count recorded 1 samples, mean = 0.0 (flags = 0x41)
0  -O                                                                        (1 = 100.0%)
1  ... 

Histogram: GPU.ANGLE.D3DShaderBlobSizeKB recorded 4 samples, mean = 0.5 (flags = 0x41)
0  ----O                                                                     (4 = 100.0%)
1000... 

Histogram: GPU.ANGLE.D3DShaderCompilationTimeUs recorded 4 samples, mean = 3770.5 (flags = 0x41)
0     ... 
1774  --O                                                                       (2 = 50.0%) {0.0%}
2336  ... 
4053  -O                                                                        (1 = 25.0%) {50.0%}
5338  -O                                                                        (1 = 25.0%) {75.0%}
7031  ... 

Histogram: GPU.BlocklistFeatureTestResults.Accelerated2dCanvas recorded 1 samples, mean = 0.0 (flags = 0x41)
0  -O                                                                        (1 = 100.0%)
1  ... 

Histogram: GPU.BlocklistFeatureTestResults.GpuCompositing recorded 1 samples, mean = 0.0 (flags = 0x41)
0  -O                                                                        (1 = 100.0%)
1  ... 

Histogram: GPU.BlocklistFeatureTestResults.GpuRasterization recorded 1 samples, mean = 0.0 (flags = 0x41)
0  -O                                                                        (1 = 100.0%)
1  ... 

Histogram: GPU.BlocklistFeatureTestResults.Webgl recorded 1 samples, mean = 0.0 (flags = 0x41)
0  -O                                                                        (1 = 100.0%)
1  ... 

Histogram: GPU.BlocklistFeatureTestResults.Webgl2 recorded 1 samples, mean = 0.0 (flags = 0x41)
0  -O                                                                        (1 = 100.0%)
1  ... 

Histogram: GPU.BlocklistFeatureTestResults.Webgpu recorded 1 samples, mean = 2.0 (flags = 0x41)
0  ... 
2  -O                                                                        (1 = 100.0%) {0.0%}
3  ... 

Histogram: GPU.BlocklistTestResultsPerEntry recorded 1 samples, mean = 0.0 (flags = 0x41)
0  -O                                                                        (1 = 100.0%)
1  ... 

Histogram: GPU.CanvasOopRaster.OopRasterAndGpuAcceleration recorded 1 samples, mean = 0.0 (flags = 0x41)
0  -O                                                                        (1 = 100.0%)
1  ... 

Histogram: GPU.CompositingMode recorded 4 samples, mean = 1.0 (flags = 0x41)
0  O                                                                         (0 = 0.0%)
1  ----O                                                                     (4 = 100.0%) {0.0%}
2  ... 

Histogram: GPU.D3D12FeatureLevel recorded 1 samples, mean = 5.0 (flags = 0x41)
0  ... 
5  -O                                                                        (1 = 100.0%) {0.0%}
6  O                                                                         (0 = 0.0%) {100.0%}

Histogram: GPU.D3D12HighestShaderModel2 recorded 1 samples, mean = 9.0 (flags = 0x41)
0  ... 
9  -O                                                                        (1 = 100.0%) {0.0%}
10 O                                                                         (0 = 0.0%) {100.0%}

Histogram: GPU.DriverBugTestResultsPerEntry recorded 16 samples (flags = 0x41)
0    -O                                                                        (1 = 6.2%)
17   -O                                                                        (1 = 6.2%)
132  -O                                                                        (1 = 6.2%)
206  -O                                                                        (1 = 6.2%)
256  -O                                                                        (1 = 6.2%)
315  -O                                                                        (1 = 6.2%)
346  -O                                                                        (1 = 6.2%)
347  -O                                                                        (1 = 6.2%)
360  -O                                                                        (1 = 6.2%)
362  -O                                                                        (1 = 6.2%)
371  -O                                                                        (1 = 6.2%)
380  -O                                                                        (1 = 6.2%)
413  -O                                                                        (1 = 6.2%)
414  -O                                                                        (1 = 6.2%)
419  -O                                                                        (1 = 6.2%)
430  -O                                                                        (1 = 6.2%)

Histogram: GPU.EstablishGpuChannelSyncTime recorded 2 samples, mean = 325.5 (flags = 0x41)
0    ... 
318  --O                                                                       (2 = 100.0%) {0.0%}
378  ... 

Histogram: GPU.EstablishGpuChannelSyncTime.FirstRun recorded 2 samples, mean = 325.5 (flags = 0x41)
0    ... 
318  --O                                                                       (2 = 100.0%) {0.0%}
378  ... 

Histogram: GPU.GPUProcessLaunchTime recorded 2 samples, mean = 2341.5 (flags = 0x41)
0     ... 
48    -O                                                                        (1 = 50.0%) {0.0%}
57    ... 
4222  -O                                                                        (1 = 50.0%) {50.0%}
5017  ... 

Histogram: GPU.GPUProcessTerminationStatus2 recorded 1 samples, mean = 4.0 (flags = 0x41)
0  ... 
4  -O                                                                        (1 = 100.0%) {0.0%}
5  ... 

Histogram: GPU.HardwareAccelerationModeEnabled recorded 1 samples, mean = 1.0 (flags = 0x41)
0  O                                                                         (0 = 0.0%)
1  -O                                                                        (1 = 100.0%) {0.0%}
2  O                                                                         (0 = 0.0%) {100.0%}

Histogram: GPU.Output.HDR recorded 1 samples, mean = 0.0 (flags = 0x41)
0  -O                                                                        (1 = 100.0%)
1  ... 

Histogram: GPU.ProcessLifetimeEvents.HardwareAccelerated recorded 1 samples, mean = 0.0 (flags = 0x41)
0  -O                                                                        (1 = 100.0%)
1  ... 

Histogram: GPU.RasterDecoder.TimeToFlush recorded 2 samples, mean = 664.0 (flags = 0x41)
0    ... 
364  -O                                                                        (1 = 50.0%) {0.0%}
414  ... 
901  -O                                                                        (1 = 50.0%) {50.0%}
1026 ... 

Histogram: GPU.SharedImage.BackingType recorded 5 samples, mean = 8.0 (flags = 0x41)
0   ... 
2   --O                                                                       (2 = 40.0%) {0.0%}
3   ... 
12  ---O                                                                      (3 = 60.0%) {40.0%}
13  ... 

Histogram: GPU.SharedImage.ContentConsumed recorded 11 samples, mean = 0.5 (flags = 0x41)
0  ------O                                                                   (6 = 54.5%)
1  -----O                                                                    (5 = 45.5%) {54.5%}
2  O                                                                         (0 = 0.0%) {100.0%}

Histogram: GPU.SkiaBackendType recorded 1 samples, mean = 2.0 (flags = 0x41)
0  ... 
2  -O                                                                        (1 = 100.0%) {0.0%}
3  ... 

Histogram: GPU.SupportsDX12 recorded 1 samples, mean = 1.0 (flags = 0x41)
0  O                                                                         (0 = 0.0%)
1  -O                                                                        (1 = 100.0%) {0.0%}
2  O                                                                         (0 = 0.0%) {100.0%}

Histogram: GPU.WatchdogThread.Event recorded 1 samples, mean = 0.0 (flags = 0x41)
0  -O                                                                        (1 = 100.0%)
1  ... 

Histogram: GPU.WatchdogThread.Event.main recorded 1 samples, mean = 0.0 (flags = 0x41)
0  -O                                                                        (1 = 100.0%)
1  ... 

Histogram: GPU.WatchdogThread.Timeout recorded 44 samples, mean = 0.0 (flags = 0x41)
0  --------------------------------------------O                             (44 = 100.0%)
1  ... 

Histogram: GPU.WatchdogThread.Timeout.Normal recorded 44 samples, mean = 0.0 (flags = 0x41)
0  --------------------------------------------O                             (44 = 100.0%)
1  ... 

Histogram: GPU.WatchdogThread.Timeout.Normal.main recorded 44 samples, mean = 0.0 (flags = 0x41)
0  --------------------------------------------O                             (44 = 100.0%)
1  ... 

Histogram: GPU.WatchdogThread.Timeout.main recorded 44 samples, mean = 0.0 (flags = 0x41)
0  --------------------------------------------O                             (44 = 100.0%)
1  ... 

Histogram: Gaia.AuthFetcher.ListAccounts.NetErrorCodes recorded 1 samples (flags = 0x41)
0  -O                                                                        (1 = 100.0%)

Histogram: Gpu.FenceHandle.CloneCountsPerSubmit recorded 5 samples, mean = 0.0 (flags = 0x41)
0  -----O                                                                    (5 = 100.0%)
1  ... 

Histogram: Gpu.GrCompileShaderUs recorded 4 samples, mean = 576.0 (flags = 0x41)
0     ... 
149   -O                                                                        (1 = 25.0%) {0.0%}
196   O                                                                         (0 = 0.0%) {25.0%}
258   -O                                                                        (1 = 25.0%) {25.0%}
340   ... 
590   -O                                                                        (1 = 25.0%) {50.0%}
777   O                                                                         (0 = 0.0%) {75.0%}
1023  -O                                                                        (1 = 25.0%) {75.0%}
1347  ... 

Histogram: Gpu.GrLinkProgramUs recorded 2 samples, mean = 7230.0 (flags = 0x41)
0     ... 
2336  -O                                                                        (1 = 50.0%) {0.0%}
3077  ... 
9260  -O                                                                        (1 = 50.0%) {50.0%}
12196 ... 

Histogram: Gpu.PassthroughProgramCacheLoadHitInCache recorded 2 samples, mean = 0.0 (flags = 0x41)
0  --O                                                                       (2 = 100.0%)
1  ... 

Histogram: Gpu.Rasterization.Raster.MSAASampleCountLog2 recorded 2 samples, mean = 0.0 (flags = 0x41)
0  --O                                                                       (2 = 100.0%)
1  ... 

Histogram: HangWatcher.IsThreadHung.BrowserProcess.IOThread.Normal recorded 136 samples, mean = 0.0 (flags = 0x41)
0  ------------------------------------------------------------------------O (136 = 100.0%)
1  ... 

Histogram: HangWatcher.IsThreadHung.BrowserProcess.UIThread.Normal recorded 136 samples, mean = 0.0 (flags = 0x41)
0  ------------------------------------------------------------------------O (136 = 100.0%)
1  ... 

Histogram: HangWatcher.IsThreadHung.RendererProcess.IOThread recorded 135 samples, mean = 0.0 (flags = 0x41)
0  ------------------------------------------------------------------------O (135 = 100.0%)
1  ... 

Histogram: HangWatcher.IsThreadHung.RendererProcess.IOThread.BestEffort recorded 137 samples, mean = 0.0 (flags = 0x41)
0  ------------------------------------------------------------------------O (137 = 100.0%)
1  ... 

Histogram: HangWatcher.IsThreadHung.RendererProcess.MainThread recorded 135 samples, mean = 0.0 (flags = 0x41)
0  ------------------------------------------------------------------------O (135 = 100.0%)
1  ... 

Histogram: HangWatcher.IsThreadHung.RendererProcess.MainThread.BestEffort recorded 137 samples, mean = 0.0 (flags = 0x41)
0  ------------------------------------------------------------------------O (137 = 100.0%)
1  ... 

Histogram: HangWatcher.IsThreadHung.UtilityProcess.IOThread recorded 272 samples, mean = 0.0 (flags = 0x41)
0  ------------------------------------------------------------------------O (272 = 100.0%)
1  ... 

Histogram: HangWatcher.IsThreadHung.UtilityProcess.MainThread recorded 272 samples, mean = 0.0 (flags = 0x41)
0  ------------------------------------------------------------------------O (272 = 100.0%)
1  ... 

Histogram: HangWatcher.SleepDrift.BrowserProcess recorded 680 samples, mean = 6.0 (flags = 0x41)
0   ------------------------------------------------------------------------O (150 = 22.1%)
1   ----------------------O                                                   (46 = 6.8%) {22.1%}
2   --------------------O                                                     (42 = 6.2%) {28.8%}
3   ----------------O                                                         (34 = 5.0%) {35.0%}
4   ---------------O                                                          (32 = 4.7%) {40.0%}
5   ------------O                                                             (25 = 3.7%) {44.7%}
6   -------------O                                                            (27 = 4.0%) {48.4%}
7   -------------------O                                                      (39 = 5.7%) {52.4%}
8   ----------------------------------------------O                           (95 = 14.0%) {58.1%}
10  --------------------------------O                                         (67 = 9.9%) {72.1%}
12  ----------------------------------O                                       (70 = 10.3%) {81.9%}
14  -----------------------O                                                  (47 = 6.9%) {92.2%}
17  -O                                                                        (3 = 0.4%) {99.1%}
20  -O                                                                        (2 = 0.3%) {99.6%}
24  O                                                                         (1 = 0.1%) {99.9%}
29  ... 

Histogram: Hardware.Display.Count.OnStartup recorded 1 samples, mean = 1.0 (flags = 0x41)
0  O                                                                         (0 = 0.0%)
1  -O                                                                        (1 = 100.0%) {0.0%}
2  ... 

Histogram: Hardware.Display.SupportsHDR recorded 2 samples, mean = 0.0 (flags = 0x41)
0  --O                                                                       (2 = 100.0%)
1  ... 

Histogram: HeapProfiling.InProcess.Enabled recorded 1 samples, mean = 0.0 (flags = 0x41)
0  -O                                                                        (1 = 100.0%)
1  ... 

Histogram: HeapProfiling.InProcess.Enabled.Browser recorded 1 samples, mean = 0.0 (flags = 0x41)
0  -O                                                                        (1 = 100.0%)
1  ... 

Histogram: Histogram.TooManyBuckets.1000 recorded 4 samples (flags = 0x41)
-2140283801 --O                                                                       (2 = 50.0%)
1721222685  --O                                                                       (2 = 50.0%)

Histogram: History.Backend.TransactionCommitSuccess recorded 2 samples, mean = 1.0 (flags = 0x41)
0  O                                                                         (0 = 0.0%)
1  --O                                                                       (2 = 100.0%) {0.0%}
2  O                                                                         (0 = 0.0%) {100.0%}

Histogram: History.ClearBrowsingData.TaskQueueAtShutdown recorded 1 samples, mean = 0.0 (flags = 0x41)
0  -O                                                                        (1 = 100.0%)
1  ... 

Histogram: History.DomainCount1Day_V2 recorded 1 samples, mean = 1.0 (flags = 0x41)
0  O                                                                         (0 = 0.0%)
1  -O                                                                        (1 = 100.0%) {0.0%}
2  ... 

Histogram: History.DomainCount1Day_V3 recorded 1 samples, mean = 1.0 (flags = 0x41)
0  O                                                                         (0 = 0.0%)
1  -O                                                                        (1 = 100.0%) {0.0%}
2  ... 

Histogram: History.DomainCount28Day_V2 recorded 1 samples, mean = 2.0 (flags = 0x41)
0  ... 
2  -O                                                                        (1 = 100.0%) {0.0%}
3  ... 

Histogram: History.DomainCount28Day_V3 recorded 1 samples, mean = 2.0 (flags = 0x41)
0  ... 
2  -O                                                                        (1 = 100.0%) {0.0%}
3  ... 

Histogram: History.DomainCount7Day_V2 recorded 1 samples, mean = 1.0 (flags = 0x41)
0  O                                                                         (0 = 0.0%)
1  -O                                                                        (1 = 100.0%) {0.0%}
2  ... 

Histogram: History.DomainCount7Day_V3 recorded 1 samples, mean = 1.0 (flags = 0x41)
0  O                                                                         (0 = 0.0%)
1  -O                                                                        (1 = 100.0%) {0.0%}
2  ... 

Histogram: History.InMemoryDBItemCount recorded 1 samples, mean = 3.0 (flags = 0x41)
0  ... 
3  -O                                                                        (1 = 100.0%) {0.0%}
4  ... 

Histogram: History.TopSites.QueryFromHistoryTime recorded 1 samples, mean = 23.0 (flags = 0x41)
0   ... 
20  -O                                                                        (1 = 100.0%) {0.0%}
24  ... 

Histogram: History.VisitedLinks.HashTableLengthOnReaderInit recorded 3 samples, mean = 16381.0 (flags = 0x41)
0      ... 
14319  ---O                                                                      (3 = 100.0%) {0.0%}
19866  ... 

Histogram: History.VisitedLinks.HashTableSizeOnTableCreate recorded 2 samples, mean = 0.0 (flags = 0x41)
0  --O                                                                       (2 = 100.0%)
1  ... 

Histogram: History.VisitedLinks.HashTableUsageOnLinkAdded recorded 3 samples, mean = 12.7 (flags = 0x41)
0   -O                                                                        (1 = 33.3%)
1   ... 
15  --O                                                                       (2 = 66.7%) {33.3%}
21  ... 

Histogram: History.VisitedLinks.TryToAddFingerprint recorded 4 samples, mean = 0.8 (flags = 0x41)
0  -O                                                                        (1 = 25.0%)
1  ---O                                                                      (3 = 75.0%) {25.0%}
2  ... 

Histogram: History.VisitedLinks.VisitLoggedFromMainFrame recorded 3 samples, mean = 1.0 (flags = 0x41)
0  O                                                                         (0 = 0.0%)
1  ---O                                                                      (3 = 100.0%) {0.0%}
2  O                                                                         (0 = 0.0%) {100.0%}

Histogram: History.VisitedLinks.VisitLoggedFromTransition recorded 3 samples, mean = 1.7 (flags = 0x41)
0  O                                                                         (0 = 0.0%)
1  -O                                                                        (1 = 33.3%) {0.0%}
2  --O                                                                       (2 = 66.7%) {33.3%}
3  ... 

Histogram: HttpCache.AccessToDone2 recorded 49 samples, mean = 317.2 (flags = 0x41)
0    ... 
13   -O                                                                        (1 = 2.0%) {0.0%}
14   ... 
18   -O                                                                        (1 = 2.0%) {2.0%}
20   --O                                                                       (2 = 4.1%) {4.1%}
22   ... 
26   --O                                                                       (2 = 4.1%) {8.2%}
28   O                                                                         (0 = 0.0%) {12.2%}
31   -O                                                                        (1 = 2.0%) {12.2%}
34   -O                                                                        (1 = 2.0%) {14.3%}
37   -O                                                                        (1 = 2.0%) {16.3%}
41   O                                                                         (0 = 0.0%) {18.4%}
45   -O                                                                        (1 = 2.0%) {18.4%}
49   ... 
162  -O                                                                        (1 = 2.0%) {20.4%}
177  ... 
212  -O                                                                        (1 = 2.0%) {22.4%}
232  -O                                                                        (1 = 2.0%) {24.5%}
254  -O                                                                        (1 = 2.0%) {26.5%}
278  --O                                                                       (2 = 4.1%) {28.6%}
304  O                                                                         (0 = 0.0%) {32.7%}
333  ------------O                                                             (12 = 24.5%) {32.7%}
364  -----------------O                                                        (17 = 34.7%) {57.1%}
398  ... 
625  -O                                                                        (1 = 2.0%) {91.8%}
684  --O                                                                       (2 = 4.1%) {93.9%}
748  ... 
979  -O                                                                        (1 = 2.0%) {98.0%}
1071 ... 

Histogram: HttpCache.AccessToDone2.SentRequest recorded 48 samples, mean = 323.5 (flags = 0x41)
0    ... 
18   -O                                                                        (1 = 2.1%) {0.0%}
20   --O                                                                       (2 = 4.2%) {2.1%}
22   ... 
26   --O                                                                       (2 = 4.2%) {6.2%}
28   O                                                                         (0 = 0.0%) {10.4%}
31   -O                                                                        (1 = 2.1%) {10.4%}
34   -O                                                                        (1 = 2.1%) {12.5%}
37   -O                                                                        (1 = 2.1%) {14.6%}
41   O                                                                         (0 = 0.0%) {16.7%}
45   -O                                                                        (1 = 2.1%) {16.7%}
49   ... 
162  -O                                                                        (1 = 2.1%) {18.8%}
177  ... 
212  -O                                                                        (1 = 2.1%) {20.8%}
232  -O                                                                        (1 = 2.1%) {22.9%}
254  -O                                                                        (1 = 2.1%) {25.0%}
278  --O                                                                       (2 = 4.2%) {27.1%}
304  O                                                                         (0 = 0.0%) {31.2%}
333  ------------O                                                             (12 = 25.0%) {31.2%}
364  -----------------O                                                        (17 = 35.4%) {56.2%}
398  ... 
625  -O                                                                        (1 = 2.1%) {91.7%}
684  --O                                                                       (2 = 4.2%) {93.8%}
748  ... 
979  -O                                                                        (1 = 2.1%) {97.9%}
1071 ... 

Histogram: HttpCache.AccessToDone2.Used recorded 1 samples, mean = 13.0 (flags = 0x41)
0   ... 
13  -O                                                                        (1 = 100.0%) {0.0%}
14  ... 

Histogram: HttpCache.AddTransactionToEntry recorded 49 samples, mean = 0.0 (flags = 0x41)
0  -------------------------------------------------O                        (49 = 100.0%)
1  ... 

Histogram: HttpCache.BeforeSend recorded 48 samples, mean = 0.4 (flags = 0x41)
0  ----------------------------------------O                                 (40 = 83.3%)
1  --O                                                                       (2 = 4.2%) {83.3%}
2  ---O                                                                      (3 = 6.2%) {87.5%}
3  --O                                                                       (2 = 4.2%) {93.8%}
4  O                                                                         (0 = 0.0%) {97.9%}
5  -O                                                                        (1 = 2.1%) {97.9%}
6  ... 

Histogram: HttpCache.BeforeSend.CantConditionalize recorded 4 samples, mean = 1.2 (flags = 0x41)
0  -O                                                                        (1 = 25.0%)
1  -O                                                                        (1 = 25.0%) {25.0%}
2  --O                                                                       (2 = 50.0%) {50.0%}
3  ... 

Histogram: HttpCache.BeforeSend.NotCached recorded 40 samples, mean = 0.2 (flags = 0x41)
0  -------------------------------------O                                    (37 = 92.5%)
1  O                                                                         (0 = 0.0%) {92.5%}
2  -O                                                                        (1 = 2.5%) {92.5%}
3  --O                                                                       (2 = 5.0%) {95.0%}
4  ... 

Histogram: HttpCache.BeforeSend.Updated recorded 2 samples, mean = 2.5 (flags = 0x41)
0  -O                                                                        (1 = 50.0%)
1  ... 
5  -O                                                                        (1 = 50.0%) {50.0%}
6  ... 

Histogram: HttpCache.BeforeSend.Validated recorded 2 samples, mean = 0.5 (flags = 0x41)
0  -O                                                                        (1 = 50.0%)
1  -O                                                                        (1 = 50.0%) {50.0%}
2  ... 

Histogram: HttpCache.CreateDiskEntry recorded 40 samples, mean = 0.2 (flags = 0x41)
0  -------------------------------------O                                    (37 = 92.5%)
1  O                                                                         (0 = 0.0%) {92.5%}
2  -O                                                                        (1 = 2.5%) {92.5%}
3  --O                                                                       (2 = 5.0%) {95.0%}
4  ... 

Histogram: HttpCache.HardReset recorded 1 samples, mean = 0.0 (flags = 0x40)
0  -O                                                                        (1 = 100.0%)
1  ... 

Histogram: HttpCache.IsNoStore recorded 49 samples, mean = 0.1 (flags = 0x41)
0  --------------------------------------------O                             (44 = 89.8%)
1  -----O                                                                    (5 = 10.2%) {89.8%}
2  O                                                                         (0 = 0.0%) {100.0%}

Histogram: HttpCache.IsNoStore.MainFrameHTML recorded 1 samples, mean = 1.0 (flags = 0x41)
0  O                                                                         (0 = 0.0%)
1  -O                                                                        (1 = 100.0%) {0.0%}
2  O                                                                         (0 = 0.0%) {100.0%}

Histogram: HttpCache.MaxFileSizeOnInit recorded 1 samples, mean = 29943.0 (flags = 0x41)
0      ... 
28965  -O                                                                        (1 = 100.0%) {0.0%}
32969  ... 

Histogram: HttpCache.OpenDiskEntry recorded 9 samples, mean = 0.6 (flags = 0x41)
0  ------O                                                                   (6 = 66.7%)
1  --O                                                                       (2 = 22.2%) {66.7%}
2  O                                                                         (0 = 0.0%) {88.9%}
3  -O                                                                        (1 = 11.1%) {88.9%}
4  ... 

Histogram: HttpCache.Pattern recorded 49 samples, mean = 2.6 (flags = 0x41)
0  ... 
2  ----------------------------------------O                                 (40 = 81.6%) {0.0%}
3  -O                                                                        (1 = 2.0%) {81.6%}
4  --O                                                                       (2 = 4.1%) {83.7%}
5  --O                                                                       (2 = 4.1%) {87.8%}
6  ----O                                                                     (4 = 8.2%) {91.8%}
7  O                                                                         (0 = 0.0%) {100.0%}

Histogram: HttpCache.Pattern.CSS recorded 8 samples, mean = 2.2 (flags = 0x41)
0  ... 
2  -------O                                                                  (7 = 87.5%) {0.0%}
3  O                                                                         (0 = 0.0%) {87.5%}
4  -O                                                                        (1 = 12.5%) {87.5%}
5  ... 

Histogram: HttpCache.Pattern.CSSThirdParty recorded 8 samples, mean = 2.2 (flags = 0x41)
0  ... 
2  -------O                                                                  (7 = 87.5%) {0.0%}
3  O                                                                         (0 = 0.0%) {87.5%}
4  -O                                                                        (1 = 12.5%) {87.5%}
5  ... 

Histogram: HttpCache.Pattern.Font recorded 5 samples, mean = 2.0 (flags = 0x41)
0  ... 
2  -----O                                                                    (5 = 100.0%) {0.0%}
3  ... 

Histogram: HttpCache.Pattern.FontThirdParty recorded 5 samples, mean = 2.0 (flags = 0x41)
0  ... 
2  -----O                                                                    (5 = 100.0%) {0.0%}
3  ... 

Histogram: HttpCache.Pattern.Image recorded 1 samples, mean = 2.0 (flags = 0x41)
0  ... 
2  -O                                                                        (1 = 100.0%) {0.0%}
3  ... 

Histogram: HttpCache.Pattern.JavaScript recorded 26 samples, mean = 2.3 (flags = 0x41)
0  ... 
2  -----------------------O                                                  (23 = 88.5%) {0.0%}
3  -O                                                                        (1 = 3.8%) {88.5%}
4  O                                                                         (0 = 0.0%) {92.3%}
5  -O                                                                        (1 = 3.8%) {92.3%}
6  -O                                                                        (1 = 3.8%) {96.2%}
7  O                                                                         (0 = 0.0%) {100.0%}

Histogram: HttpCache.Pattern.JavaScriptThirdParty recorded 25 samples, mean = 2.2 (flags = 0x41)
0  ... 
2  -----------------------O                                                  (23 = 92.0%) {0.0%}
3  -O                                                                        (1 = 4.0%) {92.0%}
4  O                                                                         (0 = 0.0%) {96.0%}
5  -O                                                                        (1 = 4.0%) {96.0%}
6  ... 

Histogram: HttpCache.Pattern.MainFrameHTML recorded 1 samples, mean = 2.0 (flags = 0x41)
0  ... 
2  -O                                                                        (1 = 100.0%) {0.0%}
3  ... 

Histogram: HttpCache.Pattern.NonTinyImage recorded 1 samples, mean = 2.0 (flags = 0x41)
0  ... 
2  -O                                                                        (1 = 100.0%) {0.0%}
3  ... 

Histogram: HttpCache.TotalDiskCacheTimePerTransaction.Read recorded 8 samples, mean = 0.1 (flags = 0x41)
0  -------O                                                                  (7 = 87.5%)
1  -O                                                                        (1 = 12.5%) {87.5%}
2  ... 

Histogram: HttpCache.TotalDiskCacheTimePerTransaction.Write recorded 43 samples, mean = 2.9 (flags = 0x41)
0   ---------O                                                                (9 = 20.9%)
1   ---------O                                                                (9 = 20.9%) {20.9%}
2   --------O                                                                 (8 = 18.6%) {41.9%}
3   ---O                                                                      (3 = 7.0%) {60.5%}
4   ---O                                                                      (3 = 7.0%) {67.4%}
5   ---O                                                                      (3 = 7.0%) {74.4%}
6   --O                                                                       (2 = 4.7%) {81.4%}
7   -O                                                                        (1 = 2.3%) {86.0%}
8   ----O                                                                     (4 = 9.3%) {88.4%}
10  O                                                                         (0 = 0.0%) {97.7%}
12  -O                                                                        (1 = 2.3%) {97.7%}
14  ... 

Histogram: ImageDecoder.Png.UiGfxIntoSkBitmap recorded 1 samples, mean = 123.0 (flags = 0x41)
0    ... 
113  -O                                                                        (1 = 100.0%) {0.0%}
149  ... 

Histogram: ImportantFile.FileReplaceRetryCount recorded 33 samples, mean = 0.0 (flags = 0x41)
0  ---------------------------------O                                        (33 = 100.0%)
1  ... 

Histogram: ImportantFile.SerializationDuration recorded 11 samples, mean = 0.0 (flags = 0x41)
0  -----------O                                                              (11 = 100.0%)
1  ... 

Histogram: ImportantFile.SerializationDuration.Local_State recorded 4 samples, mean = 0.0 (flags = 0x41)
0  ----O                                                                     (4 = 100.0%)
1  ... 

Histogram: ImportantFile.SerializationDuration.Preferences recorded 4 samples, mean = 0.0 (flags = 0x41)
0  ----O                                                                     (4 = 100.0%)
1  ... 

Histogram: ImportantFile.SerializationDuration.TransportSecurityPersister recorded 11 samples, mean = 0.0 (flags = 0x41)
0  -----------O                                                              (11 = 100.0%)
1  ... 

Histogram: ImportantFile.WriteDuration recorded 11 samples, mean = 16.4 (flags = 0x41)
0   ... 
8   -O                                                                        (1 = 9.1%) {0.0%}
10  -O                                                                        (1 = 9.1%) {9.1%}
12  O                                                                         (0 = 0.0%) {18.2%}
14  --O                                                                       (2 = 18.2%) {18.2%}
17  ----O                                                                     (4 = 36.4%) {36.4%}
20  ---O                                                                      (3 = 27.3%) {72.7%}
24  ... 

Histogram: ImportantFile.WriteDuration.Local_State recorded 4 samples, mean = 15.5 (flags = 0x41)
0   ... 
5   -O                                                                        (1 = 25.0%) {0.0%}
6   -O                                                                        (1 = 25.0%) {25.0%}
7   O                                                                         (0 = 0.0%) {50.0%}
8   -O                                                                        (1 = 25.0%) {50.0%}
10  ... 
40  -O                                                                        (1 = 25.0%) {75.0%}
48  ... 

Histogram: ImportantFile.WriteDuration.Preferences recorded 4 samples, mean = 7.8 (flags = 0x41)
0  ... 
6  -O                                                                        (1 = 25.0%) {0.0%}
7  O                                                                         (0 = 0.0%) {25.0%}
8  ---O                                                                      (3 = 75.0%) {25.0%}
10 ... 

Histogram: ImportantFile.WriteDuration.SCTAuditing recorded 2 samples, mean = 38.5 (flags = 0x41)
0   ... 
12  -O                                                                        (1 = 50.0%) {0.0%}
14  ... 
57  -O                                                                        (1 = 50.0%) {50.0%}
68  ... 

Histogram: ImportantFile.WriteDuration.TransportSecurityPersister recorded 11 samples, mean = 15.4 (flags = 0x41)
0   ... 
6   -O                                                                        (1 = 9.1%) {0.0%}
7   O                                                                         (0 = 0.0%) {9.1%}
8   -O                                                                        (1 = 9.1%) {9.1%}
10  --O                                                                       (2 = 18.2%) {18.2%}
12  O                                                                         (0 = 0.0%) {36.4%}
14  -O                                                                        (1 = 9.1%) {36.4%}
17  ---O                                                                      (3 = 27.3%) {45.5%}
20  --O                                                                       (2 = 18.2%) {72.7%}
24  -O                                                                        (1 = 9.1%) {90.9%}
29  ... 

Histogram: ImportantFile.WriteDuration.TrustedVault recorded 1 samples, mean = 12.0 (flags = 0x41)
0   ... 
12  -O                                                                        (1 = 100.0%) {0.0%}
14  ... 

Histogram: InProductHelp.Config.ParsingEvent recorded 68 samples, mean = 6.4 (flags = 0x41)
0   -----------------------------O                                            (29 = 42.6%)
1   O                                                                         (0 = 0.0%) {42.6%}
2   ---------O                                                                (9 = 13.2%) {42.6%}
3   ... 
14  ------------------------------O                                           (30 = 44.1%) {55.9%}
15  ... 

Histogram: InProductHelp.Db.Init.AvailabilityStore recorded 1 samples, mean = 1.0 (flags = 0x41)
0  O                                                                         (0 = 0.0%)
1  -O                                                                        (1 = 100.0%) {0.0%}
2  O                                                                         (0 = 0.0%) {100.0%}

Histogram: InProductHelp.Db.Init.EventStore recorded 1 samples, mean = 1.0 (flags = 0x41)
0  O                                                                         (0 = 0.0%)
1  -O                                                                        (1 = 100.0%) {0.0%}
2  O                                                                         (0 = 0.0%) {100.0%}

Histogram: InProductHelp.Db.Load.AvailabilityStore recorded 1 samples, mean = 1.0 (flags = 0x41)
0  O                                                                         (0 = 0.0%)
1  -O                                                                        (1 = 100.0%) {0.0%}
2  O                                                                         (0 = 0.0%) {100.0%}

Histogram: InProductHelp.Db.Load.EventStore recorded 1 samples, mean = 1.0 (flags = 0x41)
0  O                                                                         (0 = 0.0%)
1  -O                                                                        (1 = 100.0%) {0.0%}
2  O                                                                         (0 = 0.0%) {100.0%}

Histogram: InProductHelp.Db.TotalEvents recorded 1 samples, mean = 0.0 (flags = 0x41)
0  -O                                                                        (1 = 100.0%)
1  ... 

Histogram: InProductHelp.Db.Update.AvailabilityStore recorded 1 samples, mean = 1.0 (flags = 0x41)
0  O                                                                         (0 = 0.0%)
1  -O                                                                        (1 = 100.0%) {0.0%}
2  O                                                                         (0 = 0.0%) {100.0%}

Histogram: IndexedDB.ContextShutdownDuration recorded 1 samples, mean = 1.0 (flags = 0x41)
0  O                                                                         (0 = 0.0%)
1  -O                                                                        (1 = 100.0%) {0.0%}
2  ... 

Histogram: Input.Digitizer.MaxTouchPoints.Touch recorded 1 samples, mean = 10.0 (flags = 0x41)
0   ... 
10  -O                                                                        (1 = 100.0%) {0.0%}
11  ... 

Histogram: Input.Digitizer.MaxTouchPointsSupportedBySystemAtStartup recorded 1 samples, mean = 10.0 (flags = 0x41)
0   ... 
10  -O                                                                        (1 = 100.0%) {0.0%}
11  ... 

Histogram: Input.Digitizer.OnStartup recorded 1 samples, mean = 3.0 (flags = 0x41)
0  ... 
3  -O                                                                        (1 = 100.0%) {0.0%}
4  ... 

Histogram: Input.PointerTypePrimary recorded 1 samples, mean = 2.0 (flags = 0x41)
0  ... 
2  -O                                                                        (1 = 100.0%) {0.0%}
3  O                                                                         (0 = 0.0%) {100.0%}

Histogram: Input.PointerTypesAll recorded 1 samples, mean = 3.0 (flags = 0x41)
0  ... 
3  -O                                                                        (1 = 100.0%) {0.0%}
4  O                                                                         (0 = 0.0%) {100.0%}

Histogram: LanguageDetection.TFLiteModel.WasModelRequestDeferred recorded 2 samples, mean = 1.0 (flags = 0x41)
0  O                                                                         (0 = 0.0%)
1  --O                                                                       (2 = 100.0%) {0.0%}
2  O                                                                         (0 = 0.0%) {100.0%}

Histogram: LanguageUsage.AcceptLanguage recorded 2 samples (flags = 0x41)
25966  -O                                                                        (1 = 50.0%)
27503  -O                                                                        (1 = 50.0%)

Histogram: LanguageUsage.AcceptLanguage.Count recorded 1 samples, mean = 2.0 (flags = 0x41)
0  ... 
2  -O                                                                        (1 = 100.0%) {0.0%}
3  ... 

Histogram: LanguageUsage.AcceptLanguageAndContentLanguageUsage recorded 1 samples, mean = 0.0 (flags = 0x41)
0  -O                                                                        (1 = 100.0%)
1  ... 

Histogram: LanguageUsage.AcceptLanguageAndXmlHtmlLangUsage recorded 1 samples, mean = 7.0 (flags = 0x41)
0  ... 
7  -O                                                                        (1 = 100.0%) {0.0%}
8  O                                                                         (0 = 0.0%) {100.0%}

Histogram: LevelDB.ApproximateMemTableMemoryUse.BudgetManager recorded 0 samples (flags = 0x41)
0 ... 

Histogram: LevelDB.ApproximateMemTableMemoryUse.CartDatabase recorded 0 samples (flags = 0x41)
0 ... 

Histogram: LevelDB.ApproximateMemTableMemoryUse.ClientCertificatesDatabase recorded 0 samples (flags = 0x41)
0 ... 

Histogram: LevelDB.ApproximateMemTableMemoryUse.CommerceParcelTrackingDatabase recorded 0 samples (flags = 0x41)
0 ... 

Histogram: LevelDB.ApproximateMemTableMemoryUse.CommerceSubscriptionDatabase recorded 0 samples (flags = 0x41)
0 ... 

Histogram: LevelDB.ApproximateMemTableMemoryUse.CouponDatabase recorded 0 samples (flags = 0x41)
0 ... 

Histogram: LevelDB.ApproximateMemTableMemoryUse.DiscountsDatabase recorded 0 samples (flags = 0x41)
0 ... 

Histogram: LevelDB.ApproximateMemTableMemoryUse.DownloadDB recorded 0 samples (flags = 0x41)
0 ... 

Histogram: LevelDB.ApproximateMemTableMemoryUse.DownloadService recorded 0 samples (flags = 0x41)
0 ... 

Histogram: LevelDB.ApproximateMemTableMemoryUse.FeatureEngagementTrackerAvailabilityStore recorded 0 samples (flags = 0x41)
0 ... 

Histogram: LevelDB.ApproximateMemTableMemoryUse.FeatureEngagementTrackerEventStore recorded 0 samples (flags = 0x41)
0 ... 

Histogram: LevelDB.ApproximateMemTableMemoryUse.Metadata recorded 1 samples, mean = 4104.0 (flags = 0x41)
0  O                                                                         (0 = 0.0%)
1  -O                                                                        (1 = 100.0%) {0.0%}
270601... 

Histogram: LevelDB.ApproximateMemTableMemoryUse.PersistentOriginTrials recorded 0 samples (flags = 0x41)
0 ... 

Histogram: LevelDB.ApproximateMemTableMemoryUse.PreviewsHintCacheStore recorded 0 samples (flags = 0x41)
0 ... 

Histogram: LevelDB.ApproximateMemTableMemoryUse.SegmentInfoDatabase recorded 0 samples (flags = 0x41)
0 ... 

Histogram: LevelDB.ApproximateMemTableMemoryUse.SharedProtoDB recorded 1 samples, mean = 24624.0 (flags = 0x41)
0  O                                                                         (0 = 0.0%)
1  -O                                                                        (1 = 100.0%) {0.0%}
270601... 

Histogram: LevelDB.ApproximateMemTableMemoryUse.SignalDatabase recorded 0 samples (flags = 0x41)
0 ... 

Histogram: LevelDB.ApproximateMemTableMemoryUse.SignalStorageConfigDatabase recorded 0 samples (flags = 0x41)
0 ... 

Histogram: LevelDB.ApproximateMemTableMemoryUse.StrikeService recorded 0 samples (flags = 0x41)
0 ... 

Histogram: LevelDBEnv.DeleteTableBackupFile recorded 0 samples (flags = 0x41)
0 ... 

Histogram: LevelDBEnv.SyncResult recorded 20 samples, mean = 0.0 (flags = 0x41)
0  --------------------O                                                     (20 = 100.0%)
1  ... 

Histogram: LevelDBWrapper.CommitDelay recorded 2 samples, mean = 5000.0 (flags = 0x41)
0     ... 
4516  --O                                                                       (2 = 100.0%) {0.0%}
6118  ... 

Histogram: LoadingPredictor.PreconnectCount recorded 1 samples, mean = 1.0 (flags = 0x41)
0  O                                                                         (0 = 0.0%)
1  -O                                                                        (1 = 100.0%) {0.0%}
2  ... 

Histogram: LoadingPredictor.PreconnectHitsPercentage recorded 1 samples, mean = 100.0 (flags = 0x41)
0    ... 
100  -O                                                                        (1 = 100.0%) {0.0%}
101  O                                                                         (0 = 0.0%) {100.0%}

Histogram: LoadingPredictor.PredictorDatabaseFileSize recorded 1 samples, mean = 44.0 (flags = 0x41)
0   ... 
37  -O                                                                        (1 = 100.0%) {0.0%}
49  ... 

Histogram: LoadingPredictor.PreresolveCount recorded 1 samples, mean = 1.0 (flags = 0x41)
0  O                                                                         (0 = 0.0%)
1  -O                                                                        (1 = 100.0%) {0.0%}
2  ... 

Histogram: LoadingPredictor.PreresolveHitsPercentage recorded 1 samples, mean = 100.0 (flags = 0x41)
0    ... 
100  -O                                                                        (1 = 100.0%) {0.0%}
101  O                                                                         (0 = 0.0%) {100.0%}

Histogram: LocalStorage.MojoSizeInKB recorded 1 samples, mean = 1.0 (flags = 0x41)
0  O                                                                         (0 = 0.0%)
1  -O                                                                        (1 = 100.0%) {0.0%}
2  ... 

Histogram: LocalStorage.MojoTimeToPrime recorded 1 samples, mean = 0.0 (flags = 0x41)
0  -O                                                                        (1 = 100.0%)
1  ... 

Histogram: LocalStorage.MojoTimeToPrimeForUnder100KB recorded 1 samples, mean = 0.0 (flags = 0x41)
0  -O                                                                        (1 = 100.0%)
1  ... 

Histogram: LocalStorage.RendererAreaCacheHit recorded 2 samples, mean = 1.0 (flags = 0x41)
0  -O                                                                        (1 = 50.0%)
1  O                                                                         (0 = 0.0%) {50.0%}
2  -O                                                                        (1 = 50.0%) {50.0%}
3  O                                                                         (0 = 0.0%) {100.0%}

Histogram: LocalStorageContext.ShutDown.MaybeDroppedChanges recorded 1 samples, mean = 0.0 (flags = 0x40)
0  -O                                                                        (1 = 100.0%)
1  ... 

Histogram: MPArch.ChildProcessLaunchFirst recorded 1 samples, mean = 33.0 (flags = 0x41)
0   ... 
29  -O                                                                        (1 = 100.0%) {0.0%}
34  ... 

Histogram: MPArch.ChildProcessLaunchSubsequent recorded 7 samples, mean = 8.7 (flags = 0x41)
0   ... 
5   -O                                                                        (1 = 14.3%) {0.0%}
6   ... 
8   ----O                                                                     (4 = 57.1%) {14.3%}
10  --O                                                                       (2 = 28.6%) {71.4%}
12  ... 

Histogram: ManagedUsers.BlockedIframeCount recorded 1 samples, mean = 0.0 (flags = 0x41)
0  -O                                                                        (1 = 100.0%)
1  ... 

Histogram: Manifest.HasProperty.description recorded 1 samples, mean = 0.0 (flags = 0x41)
0  -O                                                                        (1 = 100.0%)
1  ... 

Histogram: Manifest.HasProperty.display recorded 1 samples, mean = 1.0 (flags = 0x41)
0  O                                                                         (0 = 0.0%)
1  -O                                                                        (1 = 100.0%) {0.0%}
2  O                                                                         (0 = 0.0%) {100.0%}

Histogram: Manifest.HasProperty.gcm_sender_id recorded 1 samples, mean = 0.0 (flags = 0x41)
0  -O                                                                        (1 = 100.0%)
1  ... 

Histogram: Manifest.HasProperty.icons recorded 1 samples, mean = 1.0 (flags = 0x41)
0  O                                                                         (0 = 0.0%)
1  -O                                                                        (1 = 100.0%) {0.0%}
2  O                                                                         (0 = 0.0%) {100.0%}

Histogram: Manifest.HasProperty.name recorded 1 samples, mean = 1.0 (flags = 0x41)
0  O                                                                         (0 = 0.0%)
1  -O                                                                        (1 = 100.0%) {0.0%}
2  O                                                                         (0 = 0.0%) {100.0%}

Histogram: Manifest.HasProperty.orientation recorded 1 samples, mean = 0.0 (flags = 0x41)
0  -O                                                                        (1 = 100.0%)
1  ... 

Histogram: Manifest.HasProperty.protocol_handlers recorded 1 samples, mean = 0.0 (flags = 0x41)
0  -O                                                                        (1 = 100.0%)
1  ... 

Histogram: Manifest.HasProperty.screenshots recorded 1 samples, mean = 0.0 (flags = 0x41)
0  -O                                                                        (1 = 100.0%)
1  ... 

Histogram: Manifest.HasProperty.share_target recorded 1 samples, mean = 0.0 (flags = 0x41)
0  -O                                                                        (1 = 100.0%)
1  ... 

Histogram: Manifest.HasProperty.short_name recorded 1 samples, mean = 1.0 (flags = 0x41)
0  O                                                                         (0 = 0.0%)
1  -O                                                                        (1 = 100.0%) {0.0%}
2  O                                                                         (0 = 0.0%) {100.0%}

Histogram: Manifest.HasProperty.start_url recorded 1 samples, mean = 1.0 (flags = 0x41)
0  O                                                                         (0 = 0.0%)
1  -O                                                                        (1 = 100.0%) {0.0%}
2  O                                                                         (0 = 0.0%) {100.0%}

Histogram: Manifest.ParseIdResult recorded 1 samples, mean = 1.0 (flags = 0x41)
0  O                                                                         (0 = 0.0%)
1  -O                                                                        (1 = 100.0%) {0.0%}
2  ... 

Histogram: Media.GPU.VideoDecoderType recorded 1 samples, mean = 11.0 (flags = 0x41)
0   ... 
11  -O                                                                        (1 = 100.0%) {0.0%}
12  ... 

Histogram: Media.MediaHistory.DatabaseExists recorded 1 samples, mean = 0.0 (flags = 0x41)
0  -O                                                                        (1 = 100.0%)
1  ... 

Histogram: MediaRouter.Cast.Discovery.ConnectedDevicesCount recorded 1 samples, mean = 0.0 (flags = 0x41)
0  -O                                                                        (1 = 100.0%)
1  ... 

Histogram: MediaRouter.Cast.Discovery.KnownDevicesCount recorded 1 samples, mean = 0.0 (flags = 0x41)
0  -O                                                                        (1 = 100.0%)
1  ... 

Histogram: MediaRouter.Dial.AvailableDevicesCount recorded 1 samples, mean = 0.0 (flags = 0x41)
0  -O                                                                        (1 = 100.0%)
1  ... 

Histogram: MediaRouter.Dial.KnownDevicesCount recorded 1 samples, mean = 0.0 (flags = 0x41)
0  -O                                                                        (1 = 100.0%)
1  ... 

Histogram: Memory.Discardable.FreelistSize.Foreground recorded 4 samples, mean = 0.0 (flags = 0x41)
0  ----O                                                                     (4 = 100.0%)
1  ... 

Histogram: Memory.Discardable.Size.Foreground recorded 4 samples, mean = 0.0 (flags = 0x41)
0  ----O                                                                     (4 = 100.0%)
1  ... 

Histogram: Memory.Discardable.VirtualSize.Foreground recorded 4 samples, mean = 0.0 (flags = 0x41)
0  ----O                                                                     (4 = 100.0%)
1  ... 

Histogram: Memory.Experimental.AvailableMemoryMB recorded 11 samples, mean = 4063.5 (flags = 0x41)
0     ... 
3276  -O                                                                        (1 = 9.1%) {0.0%}
3617  ----O                                                                     (4 = 36.4%) {9.1%}
3994  ----O                                                                     (4 = 36.4%) {45.5%}
4410  --O                                                                       (2 = 18.2%) {81.8%}
4869  ... 

Histogram: Memory.Experimental.AvailableMemoryPercent recorded 11 samples, mean = 12.0 (flags = 0x41)
0   ... 
10  -O                                                                        (1 = 9.1%) {0.0%}
11  ---O                                                                      (3 = 27.3%) {9.1%}
12  ----O                                                                     (4 = 36.4%) {36.4%}
13  -O                                                                        (1 = 9.1%) {72.7%}
14  --O                                                                       (2 = 18.2%) {81.8%}
15  ... 

Histogram: Memory.Experimental.Renderer.HighestPrivateMemoryFootprint.0to2min recorded 1 samples, mean = 77.0 (flags = 0x41)
0   ... 
75  -O                                                                        (1 = 100.0%) {0.0%}
84  ... 

Histogram: Memory.Experimental.Renderer.HighestPrivateMemoryFootprint.2to4min recorded 1 samples, mean = 59.0 (flags = 0x41)
0   ... 
53  -O                                                                        (1 = 100.0%) {0.0%}
60  ... 

Histogram: Memory.Experimental.Renderer.HighestPrivateMemoryFootprint.4to8min recorded 1 samples, mean = 59.0 (flags = 0x41)
0   ... 
53  -O                                                                        (1 = 100.0%) {0.0%}
60  ... 

Histogram: Memory.Experimental.Renderer.HighestPrivateMemoryFootprint.8to16min recorded 1 samples, mean = 59.0 (flags = 0x41)
0   ... 
53  -O                                                                        (1 = 100.0%) {0.0%}
60  ... 

Histogram: Memory.GPU.PeakMemoryAllocationSource2.PageLoad.SharedContextState recorded 1 samples, mean = 0.0 (flags = 0x41)
0  -O                                                                        (1 = 100.0%)
1  ... 

Histogram: Memory.GPU.PeakMemoryAllocationSource2.PageLoad.SharedImageStub recorded 1 samples, mean = 0.0 (flags = 0x41)
0  -O                                                                        (1 = 100.0%)
1  ... 

Histogram: Memory.GPU.PeakMemoryAllocationSource2.PageLoad.Skia recorded 1 samples, mean = 0.0 (flags = 0x41)
0  -O                                                                        (1 = 100.0%)
1  ... 

Histogram: Memory.GPU.PeakMemoryUsage2.PageLoad recorded 1 samples, mean = 0.0 (flags = 0x41)
0  -O                                                                        (1 = 100.0%)
1  ... 

Histogram: Memory.ParkableString.Compression.Latency recorded 18 samples, mean = 10712.7 (flags = 0x41)
0      -O                                                                        (1 = 5.6%)
500    ... 
737    -O                                                                        (1 = 5.6%) {5.6%}
796    O                                                                         (0 = 0.0%) {11.1%}
860    -O                                                                        (1 = 5.6%) {11.1%}
929    -O                                                                        (1 = 5.6%) {16.7%}
1004   O                                                                         (0 = 0.0%) {22.2%}
1085   -O                                                                        (1 = 5.6%) {22.2%}
1173   ... 
2752   -O                                                                        (1 = 5.6%) {27.8%}
2974   ... 
4737   -O                                                                        (1 = 5.6%) {33.3%}
5119   O                                                                         (0 = 0.0%) {38.9%}
5532   --O                                                                       (2 = 11.1%) {38.9%}
5978   O                                                                         (0 = 0.0%) {50.0%}
6460   -O                                                                        (1 = 5.6%) {50.0%}
6981   -O                                                                        (1 = 5.6%) {55.6%}
7544   O                                                                         (0 = 0.0%) {61.1%}
8152   -O                                                                        (1 = 5.6%) {61.1%}
8810   -O                                                                        (1 = 5.6%) {66.7%}
9521   ... 
11119  -O                                                                        (1 = 5.6%) {72.2%}
12016  ... 
26100  -O                                                                        (1 = 5.6%) {77.8%}
28205  -O                                                                        (1 = 5.6%) {83.3%}
30480  O                                                                         (0 = 0.0%) {88.9%}
32938  -O                                                                        (1 = 5.6%) {88.9%}
35595  -O                                                                        (1 = 5.6%) {94.4%}
38466  ... 

Histogram: Memory.ParkableString.Compression.SizeKb recorded 18 samples, mean = 267.4 (flags = 0x41)
0    ... 
14   -O                                                                        (1 = 5.6%) {0.0%}
16   ... 
23   -O                                                                        (1 = 5.6%) {5.6%}
26   -O                                                                        (1 = 5.6%) {11.1%}
29   -O                                                                        (1 = 5.6%) {16.7%}
33   ... 
60   -O                                                                        (1 = 5.6%) {22.2%}
67   -O                                                                        (1 = 5.6%) {27.8%}
75   O                                                                         (0 = 0.0%) {33.3%}
84   -O                                                                        (1 = 5.6%) {33.3%}
95   O                                                                         (0 = 0.0%) {38.9%}
107  -O                                                                        (1 = 5.6%) {38.9%}
120  O                                                                         (0 = 0.0%) {44.4%}
135  -O                                                                        (1 = 5.6%) {44.4%}
152  O                                                                         (0 = 0.0%) {50.0%}
171  --O                                                                       (2 = 11.1%) {50.0%}
192  -O                                                                        (1 = 5.6%) {61.1%}
216  ... 
307  -O                                                                        (1 = 5.6%) {66.7%}
345  -O                                                                        (1 = 5.6%) {72.2%}
388  ... 
623  -O                                                                        (1 = 5.6%) {77.8%}
701  -O                                                                        (1 = 5.6%) {83.3%}
789  --O                                                                       (2 = 11.1%) {88.9%}
888  ... 

Histogram: Memory.ParkableString.Decompression.Latency recorded 3 samples, mean = 598.0 (flags = 0x41)
0    -O                                                                        (1 = 33.3%)
500  ... 
796  -O                                                                        (1 = 33.3%) {33.3%}
860  -O                                                                        (1 = 33.3%) {66.7%}
929  ... 

Histogram: Memory.ParkableString.Decompression.ThroughputMBps recorded 3 samples, mean = 256.0 (flags = 0x41)
0    ... 
120  -O                                                                        (1 = 33.3%) {0.0%}
135  ... 
192  -O                                                                        (1 = 33.3%) {33.3%}
216  ... 
388  -O                                                                        (1 = 33.3%) {66.7%}
437  ... 

Histogram: Memory.ParkableString.DiskReadTime.5min recorded 1 samples, mean = 0.0 (flags = 0x41)
0  -O                                                                        (1 = 100.0%)
1  ... 

Histogram: Memory.ParkableString.DiskWriteTime.5min recorded 1 samples, mean = 27.0 (flags = 0x41)
0   ... 
24  -O                                                                        (1 = 100.0%) {0.0%}
29  ... 

Histogram: Memory.ParkableString.OnDiskSizeKb.5min recorded 1 samples, mean = 952.0 (flags = 0x41)
0    ... 
896  -O                                                                        (1 = 100.0%) {0.0%}
1122 ... 

Histogram: Memory.ParkableString.Read.Latency recorded 3 samples, mean = 249.3 (flags = 0x41)
0  ---O                                                                      (3 = 100.0%)
500... 

Histogram: Memory.ParkableString.TotalParkingThreadTime.5min recorded 1 samples, mean = 158.0 (flags = 0x41)
0    ... 
135  -O                                                                        (1 = 100.0%) {0.0%}
160  ... 

Histogram: Memory.ParkableString.TotalUnparkingTime.5min recorded 1 samples, mean = 0.0 (flags = 0x41)
0  -O                                                                        (1 = 100.0%)
1  ... 

Histogram: Memory.PartitionAlloc.MemoryReclaim recorded 1306 samples, mean = 386.2 (flags = 0x41)
0     ... 
49    ------O                                                                   (24 = 1.8%) {0.0%}
65    --------------------------------O                                         (132 = 10.1%) {1.8%}
86    ----------------------------------------O                                 (167 = 12.8%) {11.9%}
113   --------------------------------------------O                             (182 = 13.9%) {24.7%}
149   ---------------O                                                          (63 = 4.8%) {38.7%}
196   -----------O                                                              (47 = 3.6%) {43.5%}
258   -------------O                                                            (54 = 4.1%) {47.1%}
340   ----------------------O                                                   (93 = 7.1%) {51.2%}
448   ------------------------------------------------------------------------O (300 = 23.0%) {58.3%}
590   ----------------------------O                                             (116 = 8.9%) {81.3%}
777   --------------O                                                           (60 = 4.6%) {90.2%}
1023  ----------O                                                               (43 = 3.3%) {94.8%}
1347  ----O                                                                     (17 = 1.3%) {98.1%}
1774  -O                                                                        (6 = 0.5%) {99.4%}
2336  O                                                                         (2 = 0.2%) {99.8%}
3077  ... 

Histogram: Memory.PartitionAlloc.PartitionRoot.ExtrasSize recorded 1 samples, mean = 4.0 (flags = 0x41)
0  ... 
4  -O                                                                        (1 = 100.0%) {0.0%}
5  ... 

Histogram: Memory.PartitionAlloc.PeriodicPurge recorded 175 samples, mean = 38.6 (flags = 0x41)
0    ... 
4    -O                                                                        (1 = 0.6%) {0.0%}
5    ----------O                                                               (10 = 5.7%) {0.6%}
7    -----O                                                                    (5 = 2.9%) {6.3%}
9    --------------O                                                           (14 = 8.0%) {9.1%}
12   ------------O                                                             (12 = 6.9%) {17.1%}
16   ----------------------------O                                             (28 = 16.0%) {24.0%}
21   ---------------------------------O                                        (33 = 18.9%) {40.0%}
28   ---------------------------O                                              (27 = 15.4%) {58.9%}
37   ----------------O                                                         (16 = 9.1%) {74.3%}
49   ----------O                                                               (10 = 5.7%) {83.4%}
65   ------O                                                                   (6 = 3.4%) {89.1%}
86   ----O                                                                     (4 = 2.3%) {92.6%}
113  ----O                                                                     (4 = 2.3%) {94.9%}
149  --O                                                                       (2 = 1.1%) {97.1%}
196  ... 
340  --O                                                                       (2 = 1.1%) {98.3%}
448  -O                                                                        (1 = 0.6%) {99.4%}
590  ... 

Histogram: Memory.PressureLevel2 recorded 1368 samples, mean = 0.0 (flags = 0x41)
0  ------------------------------------------------------------------------O (1368 = 100.0%)
1  ... 

Histogram: Mojo.Channel.WriteReceiveMessageProcessType recorded 4 samples, mean = 4.0 (flags = 0x41)
0   --O                                                                       (2 = 50.0%)
1   ... 
6   -O                                                                        (1 = 25.0%) {50.0%}
7   ... 
10  -O                                                                        (1 = 25.0%) {75.0%}
11  ... 

Histogram: NQE.ContentObserver.NetworkQualityMeaningfullyChanged recorded 15 samples, mean = 0.4 (flags = 0x40)
0  ---------O                                                                (9 = 60.0%)
1  ------O                                                                   (6 = 40.0%) {60.0%}
2  O                                                                         (0 = 0.0%) {100.0%}

Histogram: NQE.RTT.Error.Absolute recorded 82 samples, mean = 36.3 (flags = 0x41)
0    -------O                                                                  (7 = 8.5%)
1    ------O                                                                   (6 = 7.3%) {8.5%}
2    O                                                                         (0 = 0.0%) {15.9%}
3    ------O                                                                   (6 = 7.3%) {15.9%}
4    ------O                                                                   (6 = 7.3%) {23.2%}
5    O                                                                         (0 = 0.0%) {30.5%}
6    -O                                                                        (1 = 1.2%) {30.5%}
7    -O                                                                        (1 = 1.2%) {31.7%}
8    -O                                                                        (1 = 1.2%) {32.9%}
10   --O                                                                       (2 = 2.4%) {34.1%}
12   ---O                                                                      (3 = 3.7%) {36.6%}
14   ---------O                                                                (9 = 11.0%) {40.2%}
17   --O                                                                       (2 = 2.4%) {51.2%}
20   O                                                                         (0 = 0.0%) {53.7%}
24   --O                                                                       (2 = 2.4%) {53.7%}
29   ---O                                                                      (3 = 3.7%) {56.1%}
34   ---------O                                                                (9 = 11.0%) {59.8%}
40   -----O                                                                    (5 = 6.1%) {70.7%}
48   ----------O                                                               (10 = 12.2%) {76.8%}
57   O                                                                         (0 = 0.0%) {89.0%}
68   -O                                                                        (1 = 1.2%) {89.0%}
81   -O                                                                        (1 = 1.2%) {90.2%}
96   O                                                                         (0 = 0.0%) {91.5%}
114  --O                                                                       (2 = 2.4%) {91.5%}
135  O                                                                         (0 = 0.0%) {93.9%}
160  ---O                                                                      (3 = 3.7%) {93.9%}
190  O                                                                         (0 = 0.0%) {97.6%}
226  --O                                                                       (2 = 2.4%) {97.6%}
268  ... 

Histogram: NQE.RTT.Error.IsZero recorded 82 samples, mean = 0.0 (flags = 0x41)
0  ------------------------------------------------------------------------O (82 = 100.0%)
1  ... 

Histogram: NQE.RTT.Error.Negative recorded 35 samples, mean = 34.9 (flags = 0x41)
0    -O                                                                        (1 = 2.9%)
1    --O                                                                       (2 = 5.7%) {2.9%}
2    O                                                                         (0 = 0.0%) {8.6%}
3    --O                                                                       (2 = 5.7%) {8.6%}
4    ---O                                                                      (3 = 8.6%) {14.3%}
5    ... 
10   --O                                                                       (2 = 5.7%) {22.9%}
12   O                                                                         (0 = 0.0%) {28.6%}
14   -O                                                                        (1 = 2.9%) {28.6%}
17   -O                                                                        (1 = 2.9%) {31.4%}
20   O                                                                         (0 = 0.0%) {34.3%}
24   -O                                                                        (1 = 2.9%) {34.3%}
29   ---O                                                                      (3 = 8.6%) {37.1%}
34   ---------O                                                                (9 = 25.7%) {45.7%}
40   ---O                                                                      (3 = 8.6%) {71.4%}
48   ---O                                                                      (3 = 8.6%) {80.0%}
57   O                                                                         (0 = 0.0%) {88.6%}
68   -O                                                                        (1 = 2.9%) {88.6%}
81   -O                                                                        (1 = 2.9%) {91.4%}
96   O                                                                         (0 = 0.0%) {94.3%}
114  --O                                                                       (2 = 5.7%) {94.3%}
135  ... 

Histogram: NQE.RTT.Error.Positive recorded 47 samples, mean = 37.3 (flags = 0x41)
0    ------O                                                                   (6 = 12.8%)
1    ----O                                                                     (4 = 8.5%) {12.8%}
2    O                                                                         (0 = 0.0%) {21.3%}
3    ----O                                                                     (4 = 8.5%) {21.3%}
4    ---O                                                                      (3 = 6.4%) {29.8%}
5    O                                                                         (0 = 0.0%) {36.2%}
6    -O                                                                        (1 = 2.1%) {36.2%}
7    -O                                                                        (1 = 2.1%) {38.3%}
8    -O                                                                        (1 = 2.1%) {40.4%}
10   O                                                                         (0 = 0.0%) {42.6%}
12   ---O                                                                      (3 = 6.4%) {42.6%}
14   --------O                                                                 (8 = 17.0%) {48.9%}
17   -O                                                                        (1 = 2.1%) {66.0%}
20   O                                                                         (0 = 0.0%) {68.1%}
24   -O                                                                        (1 = 2.1%) {68.1%}
29   ... 
40   --O                                                                       (2 = 4.3%) {70.2%}
48   -------O                                                                  (7 = 14.9%) {74.5%}
57   ... 
160  ---O                                                                      (3 = 6.4%) {89.4%}
190  O                                                                         (0 = 0.0%) {95.7%}
226  --O                                                                       (2 = 4.3%) {95.7%}
268  ... 

Histogram: NQE.RTT.HittingThreshold.EndToEnd.FallbackSuccess recorded 12 samples, mean = 0.0 (flags = 0x41)
0  ------------O                                                             (12 = 100.0%)
1  ... 

Histogram: NQE.RTT.HittingThreshold.Transport.FallbackSuccess recorded 1 samples, mean = 0.0 (flags = 0x41)
0  -O                                                                        (1 = 100.0%)
1  ... 

Histogram: NQE.RTT.ObservationSource recorded 142 samples, mean = 1.0 (flags = 0x41)
0  ------------------------------------------------------------------------O (82 = 57.7%)
1  O                                                                         (0 = 0.0%) {57.7%}
2  ----------------------------------------------O                           (52 = 36.6%) {57.7%}
3  ---O                                                                      (3 = 2.1%) {94.4%}
4  -O                                                                        (1 = 0.7%) {96.5%}
5  O                                                                         (0 = 0.0%) {97.2%}
6  ---O                                                                      (3 = 2.1%) {97.2%}
7  -O                                                                        (1 = 0.7%) {99.3%}
8  ... 

Histogram: NQE.RTT.OnECTComputation recorded 37 samples, mean = 103.5 (flags = 0x41)
0    ... 
40   --O                                                                       (2 = 5.4%) {0.0%}
48   -------O                                                                  (7 = 18.9%) {5.4%}
57   ---O                                                                      (3 = 8.1%) {24.3%}
68   ... 
96   --------O                                                                 (8 = 21.6%) {32.4%}
114  ---------O                                                                (9 = 24.3%) {54.1%}
135  -----O                                                                    (5 = 13.5%) {78.4%}
160  ---O                                                                      (3 = 8.1%) {91.9%}
190  ... 

Histogram: NQE.RenderThreadNotified recorded 9 samples, mean = 1.0 (flags = 0x40)
0  O                                                                         (0 = 0.0%)
1  ---------O                                                                (9 = 100.0%) {0.0%}
2  O                                                                         (0 = 0.0%) {100.0%}

Histogram: NQE.TransportRTT.OnECTComputation recorded 36 samples, mean = 61.2 (flags = 0x41)
0    ... 
24   -O                                                                        (1 = 2.8%) {0.0%}
29   -----O                                                                    (5 = 13.9%) {2.8%}
34   O                                                                         (0 = 0.0%) {16.7%}
40   ----O                                                                     (4 = 11.1%) {16.7%}
48   ---------O                                                                (9 = 25.0%) {27.8%}
57   -----O                                                                    (5 = 13.9%) {52.8%}
68   ------O                                                                   (6 = 16.7%) {66.7%}
81   O                                                                         (0 = 0.0%) {83.3%}
96   ----O                                                                     (4 = 11.1%) {83.3%}
114  --O                                                                       (2 = 5.6%) {94.4%}
135  ... 

Histogram: Navigation.BeginNavigationImpl.MainFrame recorded 2 samples, mean = 0.0 (flags = 0x41)
0  --O                                                                       (2 = 100.0%)
1  ... 

Histogram: Navigation.BrowserInitiatedSessionHistoryCount recorded 1 samples, mean = 0.0 (flags = 0x41)
0  -O                                                                        (1 = 100.0%)
1  ... 

Histogram: Navigation.CommitRenderFrame recorded 1 samples, mean = 12.0 (flags = 0x41)
0   ... 
12  -O                                                                        (1 = 100.0%) {0.0%}
14  ... 

Histogram: Navigation.CommitToCompositorCreation recorded 1 samples, mean = 356.0 (flags = 0x41)
0    ... 
288  -O                                                                        (1 = 100.0%) {0.0%}
375  ... 

Histogram: Navigation.CompositorRequestedBeforeCommit2 recorded 1 samples, mean = 0.0 (flags = 0x41)
0  -O                                                                        (1 = 100.0%)
1  ... 

Histogram: Navigation.CompositorRequestedBeforeSwapRFH2 recorded 1 samples, mean = 0.0 (flags = 0x41)
0  -O                                                                        (1 = 100.0%)
1  ... 

Histogram: Navigation.CreateSpeculativeRFH recorded 1 samples, mean = 3.0 (flags = 0x41)
0  ... 
3  -O                                                                        (1 = 100.0%) {0.0%}
4  ... 

Histogram: Navigation.DidCommitSameDocumentNavigation.Duration recorded 1 samples, mean = 0.0 (flags = 0x41)
0  -O                                                                        (1 = 100.0%)
1  ... 

Histogram: Navigation.DidStartLoading.MainFrame recorded 3 samples, mean = 0.0 (flags = 0x41)
0  ---O                                                                      (3 = 100.0%)
1  ... 

Histogram: Navigation.DidStartLoading.Subframe recorded 2 samples, mean = 0.0 (flags = 0x41)
0  --O                                                                       (2 = 100.0%)
1  ... 

Histogram: Navigation.EarlyRenderFrameHostSwapType recorded 6 samples, mean = 0.0 (flags = 0x41)
0  ------O                                                                   (6 = 100.0%)
1  ... 

Histogram: Navigation.EngagementTime.HTTPS recorded 1 samples, mean = 1363711.0 (flags = 0x41)
0        ... 
1318909  -O                                                                        (1 = 100.0%) {0.0%}
1522345  ... 

Histogram: Navigation.GetFrameHostForNavigation recorded 4 samples, mean = 2.5 (flags = 0x41)
0  --O                                                                       (2 = 50.0%)
1  ... 
3  -O                                                                        (1 = 25.0%) {50.0%}
4  ... 
7  -O                                                                        (1 = 25.0%) {75.0%}
8  ... 

Histogram: Navigation.GetFrameHostForNavigationTime.InDidCreateNavigationRequest.IsHTTPOrHTTPS recorded 3 samples, mean = 2471.7 (flags = 0x41)
0     ... 
76    -O                                                                        (1 = 33.3%) {0.0%}
105   O                                                                         (0 = 0.0%) {33.3%}
146   -O                                                                        (1 = 33.3%) {33.3%}
203   ... 
5362  -O                                                                        (1 = 33.3%) {66.7%}
7439  ... 

Histogram: Navigation.IsGuest recorded 1 samples, mean = 0.0 (flags = 0x41)
0  -O                                                                        (1 = 100.0%)
1  ... 

Histogram: Navigation.IsLockedProcess recorded 1 samples, mean = 1.0 (flags = 0x41)
0  O                                                                         (0 = 0.0%)
1  -O                                                                        (1 = 100.0%) {0.0%}
2  O                                                                         (0 = 0.0%) {100.0%}

Histogram: Navigation.IsLockedProcess.HTTPOrHTTPS recorded 1 samples, mean = 1.0 (flags = 0x41)
0  O                                                                         (0 = 0.0%)
1  -O                                                                        (1 = 100.0%) {0.0%}
2  O                                                                         (0 = 0.0%) {100.0%}

Histogram: Navigation.IsProcessBackgrounded.OnCommit recorded 1 samples, mean = 0.0 (flags = 0x41)
0  -O                                                                        (1 = 100.0%)
1  ... 

Histogram: Navigation.IsProcessBackgrounded.OnDOMContentLoaded recorded 1 samples, mean = 0.0 (flags = 0x41)
0  -O                                                                        (1 = 100.0%)
1  ... 

Histogram: Navigation.IsSameBrowsingInstance recorded 1 samples, mean = 0.0 (flags = 0x41)
0  -O                                                                        (1 = 100.0%)
1  ... 

Histogram: Navigation.IsSameSiteInstance recorded 1 samples, mean = 0.0 (flags = 0x41)
0  -O                                                                        (1 = 100.0%)
1  ... 

Histogram: Navigation.IsSameSiteInstance.MainFrame recorded 1 samples, mean = 0.0 (flags = 0x41)
0  -O                                                                        (1 = 100.0%)
1  ... 

Histogram: Navigation.LoaderCreateToRequestStart.MainFrame recorded 1 samples, mean = 0.0 (flags = 0x41)
0  -O                                                                        (1 = 100.0%)
1  ... 

Histogram: Navigation.MainFrame.FrameCount recorded 1 samples, mean = 2.0 (flags = 0x41)
0  ... 
2  -O                                                                        (1 = 100.0%) {0.0%}
3  ... 

Histogram: Navigation.MainFrame.MaxFrameCount recorded 3 samples, mean = 2.0 (flags = 0x41)
0  O                                                                         (0 = 0.0%)
1  -O                                                                        (1 = 33.3%) {0.0%}
2  -O                                                                        (1 = 33.3%) {33.3%}
3  -O                                                                        (1 = 33.3%) {66.7%}
4  ... 

Histogram: Navigation.MainFrame.NewNavigation.IgnoreRestore.IsHTTPOrHTTPS.BeginNavigationToLoaderStart.Time2 recorded 1 samples, mean = 1.0 (flags = 0x41)
0  O                                                                         (0 = 0.0%)
1  -O                                                                        (1 = 100.0%) {0.0%}
2  ... 

Histogram: Navigation.MainFrame.NewNavigation.IgnoreRestore.IsHTTPOrHTTPS.FetchStart.Time2 recorded 1 samples, mean = 407.0 (flags = 0x41)
0    ... 
378  -O                                                                        (1 = 100.0%) {0.0%}
449  ... 

Histogram: Navigation.MainFrame.NewNavigation.IgnoreRestore.IsHTTPOrHTTPS.LoaderStartToFetchStart.Time2 recorded 1 samples, mean = 457.0 (flags = 0x41)
0    ... 
449  -O                                                                        (1 = 100.0%) {0.0%}
533  ... 

Histogram: Navigation.MainFrame.NewNavigation.IgnoreRestore.IsHTTPOrHTTPS.LoaderStartToReceiveResponse.Time2 recorded 1 samples, mean = 1525.0 (flags = 0x41)
0     ... 
1500  -O                                                                        (1 = 100.0%) {0.0%}
1782  ... 

Histogram: Navigation.MainFrame.NewNavigation.IgnoreRestore.IsHTTPOrHTTPS.NavigationStartToBeginNavigation.Time2 recorded 1 samples, mean = 4453.0 (flags = 0x41)
0     ... 
4222  -O                                                                        (1 = 100.0%) {0.0%}
5017  ... 

Histogram: Navigation.MainFrame.NewNavigation.IgnoreRestore.IsHTTPOrHTTPS.ReceiveHeaders.Time2 recorded 1 samples, mean = 285.0 (flags = 0x41)
0    ... 
268  -O                                                                        (1 = 100.0%) {0.0%}
318  ... 

Histogram: Navigation.MainFrame.NewNavigation.IgnoreRestore.IsHTTPOrHTTPS.ReceiveHeadersToReceiveResponse.Time2 recorded 1 samples, mean = 374.0 (flags = 0x41)
0    ... 
318  -O                                                                        (1 = 100.0%) {0.0%}
378  ... 

Histogram: Navigation.MainFrame.NewNavigation.IgnoreRestore.IsHTTPOrHTTPS.ReceiveResponseToCommitNavigation.Time2 recorded 1 samples, mean = 7.0 (flags = 0x41)
0  ... 
7  -O                                                                        (1 = 100.0%) {0.0%}
8  ... 

Histogram: Navigation.MainFrame.RendererInitiated.InitiatorFramePresentAtStart recorded 1 samples, mean = 0.0 (flags = 0x41)
0  -O                                                                        (1 = 100.0%)
1  ... 

Histogram: Navigation.MainFrame.SiteEngagementLevel recorded 1 samples, mean = 2.0 (flags = 0x41)
0  ... 
2  -O                                                                        (1 = 100.0%) {0.0%}
3  ... 

Histogram: Navigation.MainFrame.ThirdPartyCookieBlockingEnabled recorded 2 samples, mean = 0.0 (flags = 0x41)
0  --O                                                                       (2 = 100.0%)
1  ... 

Histogram: Navigation.MainFrameHasRTLDomain2 recorded 2 samples, mean = 0.0 (flags = 0x41)
0  --O                                                                       (2 = 100.0%)
1  ... 

Histogram: Navigation.MainFrameHasRTLDomainDifferentPage2 recorded 1 samples, mean = 0.0 (flags = 0x41)
0  -O                                                                        (1 = 100.0%)
1  ... 

Histogram: Navigation.MainFrameProfileType2 recorded 2 samples, mean = 0.0 (flags = 0x41)
0  --O                                                                       (2 = 100.0%)
1  ... 

Histogram: Navigation.MainFrameScheme2 recorded 2 samples, mean = 2.0 (flags = 0x41)
0  ... 
2  --O                                                                       (2 = 100.0%) {0.0%}
3  ... 

Histogram: Navigation.MainFrameSchemeDifferentPage2 recorded 1 samples, mean = 2.0 (flags = 0x41)
0  ... 
2  -O                                                                        (1 = 100.0%) {0.0%}
3  ... 

Histogram: Navigation.OnBeforeUnloadOverheadTime recorded 2 samples, mean = 2232.0 (flags = 0x41)
0     ... 
10    -O                                                                        (1 = 50.0%) {0.0%}
12    ... 
4222  -O                                                                        (1 = 50.0%) {50.0%}
5017  ... 

Histogram: Navigation.OnBeforeUnloadTotalTime recorded 2 samples, mean = 0.0 (flags = 0x41)
0  --O                                                                       (2 = 100.0%)
1  ... 

Histogram: Navigation.OriginAgentCluster.Result recorded 1 samples, mean = 9.0 (flags = 0x41)
0  ... 
9  -O                                                                        (1 = 100.0%) {0.0%}
10 O                                                                         (0 = 0.0%) {100.0%}

Histogram: Navigation.PendingCommit.DidBlockGetFrameHostForNavigation.Regular recorded 1 samples, mean = 0.0 (flags = 0x41)
0  -O                                                                        (1 = 100.0%)
1  ... 

Histogram: Navigation.PendingCommit.Duration.Regular recorded 1 samples, mean = 32.0 (flags = 0x41)
0   ... 
29  -O                                                                        (1 = 100.0%) {0.0%}
34  ... 

Histogram: Navigation.Preconnect.PreresolveJobQueueLength recorded 16 samples, mean = 0.5 (flags = 0x41)
0  --------O                                                                 (8 = 50.0%)
1  --------O                                                                 (8 = 50.0%) {50.0%}
2  ... 

Histogram: Navigation.Preconnect.PreresolveJobQueueingTime recorded 8 samples, mean = 0.0 (flags = 0x41)
0  --------O                                                                 (8 = 100.0%)
1  ... 

Histogram: Navigation.Preconnect.ProxyLookupCallbackQueueingTime recorded 8 samples, mean = 21.9 (flags = 0x41)
0   -O                                                                        (1 = 12.5%)
1   ---O                                                                      (3 = 37.5%) {12.5%}
2   ... 
14  -O                                                                        (1 = 12.5%) {50.0%}
17  ... 
34  -O                                                                        (1 = 12.5%) {62.5%}
40  ... 
57  --O                                                                       (2 = 25.0%) {75.0%}
68  ... 

Histogram: Navigation.Preconnect.ProxyLookupLatency recorded 8 samples, mean = 679.2 (flags = 0x41)
0     -O                                                                        (1 = 12.5%)
1     --O                                                                       (2 = 25.0%) {12.5%}
2     -O                                                                        (1 = 12.5%) {37.5%}
3     ... 
14    -O                                                                        (1 = 12.5%) {50.0%}
17    ... 
34    -O                                                                        (1 = 12.5%) {62.5%}
40    ... 
378   -O                                                                        (1 = 12.5%) {75.0%}
449   ... 
4222  -O                                                                        (1 = 12.5%) {87.5%}
5017  ... 

Histogram: Navigation.Preconnect.ResolveHostCallbackQueueingTime recorded 8 samples, mean = 146.5 (flags = 0x41)
0    --O                                                                       (2 = 25.0%)
1    ... 
6    -O                                                                        (1 = 12.5%) {25.0%}
7    ... 
17   -O                                                                        (1 = 12.5%) {37.5%}
20   ... 
226  ---O                                                                      (3 = 37.5%) {50.0%}
268  ... 
378  -O                                                                        (1 = 12.5%) {87.5%}
449  ... 

Histogram: Navigation.Preconnect.ResolveHostLatency recorded 8 samples, mean = 190.5 (flags = 0x41)
0    --O                                                                       (2 = 25.0%)
1    ... 
17   -O                                                                        (1 = 12.5%) {25.0%}
20   ... 
96   -O                                                                        (1 = 12.5%) {37.5%}
114  ... 
318  ---O                                                                      (3 = 37.5%) {50.0%}
378  -O                                                                        (1 = 12.5%) {87.5%}
449  ... 

Histogram: Navigation.ProcessNavigationThrottlesTime.WillStartRequest.MainFrame recorded 2 samples, mean = 1.0 (flags = 0x41)
0  O                                                                         (0 = 0.0%)
1  --O                                                                       (2 = 100.0%) {0.0%}
2  ... 

Histogram: Navigation.QueueTime.OnReceiveResponse.MainFrame recorded 1 samples, mean = 372.0 (flags = 0x41)
0    ... 
318  -O                                                                        (1 = 100.0%) {0.0%}
378  ... 

Histogram: Navigation.ReadyToCommitUntilCommit2 recorded 1 samples, mean = 31.0 (flags = 0x41)
0   ... 
25  -O                                                                        (1 = 100.0%) {0.0%}
32  ... 

Histogram: Navigation.ReadyToCommitUntilCommit2.ForegroundProcessPriority recorded 1 samples, mean = 31.0 (flags = 0x41)
0   ... 
25  -O                                                                        (1 = 100.0%) {0.0%}
32  ... 

Histogram: Navigation.ReadyToCommitUntilCommit2.NewNavigation recorded 1 samples, mean = 31.0 (flags = 0x41)
0   ... 
25  -O                                                                        (1 = 100.0%) {0.0%}
32  ... 

Histogram: Navigation.RegisterNavigationThrottlesTime.MainFrame recorded 2 samples, mean = 0.0 (flags = 0x41)
0  --O                                                                       (2 = 100.0%)
1  ... 

Histogram: Navigation.RenderFrameDelete recorded 1 samples, mean = 0.0 (flags = 0x41)
0  -O                                                                        (1 = 100.0%)
1  ... 

Histogram: Navigation.RenderFrameHostConstructor recorded 4 samples, mean = 0.0 (flags = 0x41)
0  ----O                                                                     (4 = 100.0%)
1  ... 

Histogram: Navigation.RenderFrameHostDestructor recorded 4 samples, mean = 0.5 (flags = 0x41)
0  --O                                                                       (2 = 50.0%)
1  --O                                                                       (2 = 50.0%) {50.0%}
2  ... 

Histogram: Navigation.RenderViewHostConstructor recorded 2 samples, mean = 0.0 (flags = 0x41)
0  --O                                                                       (2 = 100.0%)
1  ... 

Histogram: Navigation.RenderViewHostDestructor recorded 2 samples, mean = 0.0 (flags = 0x41)
0  --O                                                                       (2 = 100.0%)
1  ... 

Histogram: Navigation.RenderWidgetHostConstructor recorded 2 samples, mean = 0.0 (flags = 0x41)
0  --O                                                                       (2 = 100.0%)
1  ... 

Histogram: Navigation.RenderWidgetHostDestructor recorded 2 samples, mean = 0.0 (flags = 0x41)
0  --O                                                                       (2 = 100.0%)
1  ... 

Histogram: Navigation.RendererCommitDelay.MainFrame recorded 1 samples, mean = 14.0 (flags = 0x41)
0   ... 
14  -O                                                                        (1 = 100.0%) {0.0%}
17  ... 

Histogram: Navigation.RendererCommitQueueTime.MainFrame recorded 1 samples, mean = 7.0 (flags = 0x41)
0  ... 
7  -O                                                                        (1 = 100.0%) {0.0%}
8  ... 

Histogram: Navigation.RendererDidNavigateTime.MainFrame recorded 1 samples, mean = 0.0 (flags = 0x41)
0  -O                                                                        (1 = 100.0%)
1  ... 

Histogram: Navigation.RendererDidNavigateTime.Subframe recorded 2 samples, mean = 0.0 (flags = 0x41)
0  --O                                                                       (2 = 100.0%)
1  ... 

Histogram: Navigation.RequiresDedicatedProcess recorded 1 samples, mean = 1.0 (flags = 0x41)
0  O                                                                         (0 = 0.0%)
1  -O                                                                        (1 = 100.0%) {0.0%}
2  O                                                                         (0 = 0.0%) {100.0%}

Histogram: Navigation.RequiresDedicatedProcess.HTTPOrHTTPS recorded 1 samples, mean = 1.0 (flags = 0x41)
0  O                                                                         (0 = 0.0%)
1  -O                                                                        (1 = 100.0%) {0.0%}
2  O                                                                         (0 = 0.0%) {100.0%}

Histogram: Navigation.SameDocumentNavigationWithScreenshot recorded 1 samples, mean = 0.0 (flags = 0x41)
0  -O                                                                        (1 = 100.0%)
1  ... 

Histogram: Navigation.SendCommitNavigationTime.MainFrame recorded 1 samples, mean = 0.0 (flags = 0x41)
0  -O                                                                        (1 = 100.0%)
1  ... 

Histogram: Navigation.StartToCommit recorded 3 samples, mean = 2005.7 (flags = 0x41)
0     --O                                                                       (2 = 66.7%)
1     ... 
4955  -O                                                                        (1 = 33.3%) {66.7%}
6296  ... 

Histogram: Navigation.StartToCommit.CrossProcess recorded 1 samples, mean = 6017.0 (flags = 0x41)
0     ... 
4955  -O                                                                        (1 = 100.0%) {0.0%}
6296  ... 

Histogram: Navigation.StartToCommit.CrossProcess.ForegroundProcessPriority recorded 1 samples, mean = 6017.0 (flags = 0x41)
0     ... 
4955  -O                                                                        (1 = 100.0%) {0.0%}
6296  ... 

Histogram: Navigation.StartToCommit.CrossProcess.MainFrame recorded 1 samples, mean = 6017.0 (flags = 0x41)
0     ... 
4955  -O                                                                        (1 = 100.0%) {0.0%}
6296  ... 

Histogram: Navigation.StartToCommit.CrossProcess.MainFrame.ForegroundProcessPriority recorded 1 samples, mean = 6017.0 (flags = 0x41)
0     ... 
4955  -O                                                                        (1 = 100.0%) {0.0%}
6296  ... 

Histogram: Navigation.StartToCommit.CrossProcess.MainFrame.NewNavigation recorded 1 samples, mean = 6017.0 (flags = 0x41)
0     ... 
4955  -O                                                                        (1 = 100.0%) {0.0%}
6296  ... 

Histogram: Navigation.StartToCommit.CrossProcess.NewNavigation recorded 1 samples, mean = 6017.0 (flags = 0x41)
0     ... 
4955  -O                                                                        (1 = 100.0%) {0.0%}
6296  ... 

Histogram: Navigation.StartToCommit.ForegroundProcessPriority recorded 3 samples, mean = 2005.7 (flags = 0x41)
0     --O                                                                       (2 = 66.7%)
1     ... 
4955  -O                                                                        (1 = 33.3%) {66.7%}
6296  ... 

Histogram: Navigation.StartToCommit.MainFrame recorded 1 samples, mean = 6017.0 (flags = 0x41)
0     ... 
4955  -O                                                                        (1 = 100.0%) {0.0%}
6296  ... 

Histogram: Navigation.StartToCommit.MainFrame.ForegroundProcessPriority recorded 1 samples, mean = 6017.0 (flags = 0x41)
0     ... 
4955  -O                                                                        (1 = 100.0%) {0.0%}
6296  ... 

Histogram: Navigation.StartToCommit.MainFrame.NewNavigation recorded 1 samples, mean = 6017.0 (flags = 0x41)
0     ... 
4955  -O                                                                        (1 = 100.0%) {0.0%}
6296  ... 

Histogram: Navigation.StartToCommit.NewNavigation recorded 3 samples, mean = 2005.7 (flags = 0x41)
0     --O                                                                       (2 = 66.7%)
1     ... 
4955  -O                                                                        (1 = 33.3%) {66.7%}
6296  ... 

Histogram: Navigation.StartToCommit.SameProcess recorded 2 samples, mean = 0.0 (flags = 0x41)
0  --O                                                                       (2 = 100.0%)
1  ... 

Histogram: Navigation.StartToCommit.SameProcess.ForegroundProcessPriority recorded 2 samples, mean = 0.0 (flags = 0x41)
0  --O                                                                       (2 = 100.0%)
1  ... 

Histogram: Navigation.StartToCommit.SameProcess.NewNavigation recorded 2 samples, mean = 0.0 (flags = 0x41)
0  --O                                                                       (2 = 100.0%)
1  ... 

Histogram: Navigation.StartToCommit.SameProcess.Subframe recorded 2 samples, mean = 0.0 (flags = 0x41)
0  --O                                                                       (2 = 100.0%)
1  ... 

Histogram: Navigation.StartToCommit.SameProcess.Subframe.ForegroundProcessPriority recorded 2 samples, mean = 0.0 (flags = 0x41)
0  --O                                                                       (2 = 100.0%)
1  ... 

Histogram: Navigation.StartToCommit.SameProcess.Subframe.NewNavigation recorded 2 samples, mean = 0.0 (flags = 0x41)
0  --O                                                                       (2 = 100.0%)
1  ... 

Histogram: Navigation.StartToCommit.Subframe recorded 2 samples, mean = 0.0 (flags = 0x41)
0  --O                                                                       (2 = 100.0%)
1  ... 

Histogram: Navigation.StartToCommit.Subframe.ForegroundProcessPriority recorded 2 samples, mean = 0.0 (flags = 0x41)
0  --O                                                                       (2 = 100.0%)
1  ... 

Histogram: Navigation.StartToCommit.Subframe.NewNavigation recorded 2 samples, mean = 0.0 (flags = 0x41)
0  --O                                                                       (2 = 100.0%)
1  ... 

Histogram: Navigation.SuddenTerminationDisabler.AllOrigins recorded 1 samples, mean = 13.0 (flags = 0x41)
0   ... 
13  -O                                                                        (1 = 100.0%) {0.0%}
14  ... 

Histogram: Navigation.SuddenTerminationDisabler.SameOrigin recorded 1 samples, mean = 13.0 (flags = 0x41)
0   ... 
13  -O                                                                        (1 = 100.0%) {0.0%}
14  ... 

Histogram: Navigation.SwapRFHToCompositorCreation recorded 1 samples, mean = 329.0 (flags = 0x41)
0    ... 
288  -O                                                                        (1 = 100.0%) {0.0%}
375  ... 

Histogram: Navigation.ThrottleCount recorded 2 samples, mean = 20.0 (flags = 0x41)
0   ... 
20  --O                                                                       (2 = 100.0%) {0.0%}
21  ... 

Histogram: Navigation.ThrottleEventDurationTime.WillProcessResponse recorded 1 samples, mean = 0.0 (flags = 0x41)
0  -O                                                                        (1 = 100.0%)
1  ... 

Histogram: Navigation.ThrottleEventDurationTime.WillStartRequest recorded 2 samples, mean = 0.5 (flags = 0x41)
0  -O                                                                        (1 = 50.0%)
1  -O                                                                        (1 = 50.0%) {50.0%}
2  ... 

Histogram: Navigation.ThrottleEventExecutionTime.WillProcessResponse recorded 1 samples, mean = 0.0 (flags = 0x41)
0  -O                                                                        (1 = 100.0%)
1  ... 

Histogram: Navigation.ThrottleEventExecutionTime.WillStartRequest recorded 2 samples, mean = 0.5 (flags = 0x41)
0  -O                                                                        (1 = 50.0%)
1  -O                                                                        (1 = 50.0%) {50.0%}
2  ... 

Histogram: Navigation.ThrottleExecutionTime.WillProcessResponse recorded 20 samples, mean = 0.0 (flags = 0x41)
0  --------------------O                                                     (20 = 100.0%)
1  ... 

Histogram: Navigation.ThrottleExecutionTime.WillStartRequest recorded 40 samples, mean = 0.0 (flags = 0x41)
0  ----------------------------------------O                                 (40 = 100.0%)
1  ... 

Histogram: Navigation.ThrottleTotalDeferCount recorded 5 samples, mean = 0.0 (flags = 0x41)
0  -----O                                                                    (5 = 100.0%)
1  ... 

Histogram: Navigation.ThrottleTotalDeferCount.Request recorded 5 samples, mean = 0.0 (flags = 0x41)
0  -----O                                                                    (5 = 100.0%)
1  ... 

Histogram: Navigation.ThrottleTotalDeferTime recorded 5 samples, mean = 0.0 (flags = 0x41)
0  -----O                                                                    (5 = 100.0%)
1  ... 

Histogram: Navigation.ThrottleTotalDeferTime.Request recorded 5 samples, mean = 0.0 (flags = 0x41)
0  -----O                                                                    (5 = 100.0%)
1  ... 

Histogram: Navigation.Throttles.PolicyBlocklist.DeferDurationTime recorded 2 samples, mean = 0.0 (flags = 0x41)
0  --O                                                                       (2 = 100.0%)
1  ... 

Histogram: Navigation.Throttles.PolicyBlocklist.RequestThrottleAction recorded 2 samples, mean = 2.5 (flags = 0x41)
0  O                                                                         (0 = 0.0%)
1  -O                                                                        (1 = 50.0%) {0.0%}
2  ... 
4  -O                                                                        (1 = 50.0%) {50.0%}
5  ... 

Histogram: Navigation.Throttles.PolicyBlocklist.RequestToResponseTime recorded 1 samples, mean = 0.0 (flags = 0x41)
0  -O                                                                        (1 = 100.0%)
1  ... 

Histogram: Navigation.TimeToReadyToCommit2 recorded 1 samples, mean = 5985.0 (flags = 0x41)
0     ... 
4955  -O                                                                        (1 = 100.0%) {0.0%}
6296  ... 

Histogram: Navigation.TimeToReadyToCommit2.CrossProcess recorded 1 samples, mean = 5985.0 (flags = 0x41)
0     ... 
4955  -O                                                                        (1 = 100.0%) {0.0%}
6296  ... 

Histogram: Navigation.TimeToReadyToCommit2.CrossProcess.NewNavigation recorded 1 samples, mean = 5985.0 (flags = 0x41)
0     ... 
4955  -O                                                                        (1 = 100.0%) {0.0%}
6296  ... 

Histogram: Navigation.TimeToReadyToCommit2.MainFrame recorded 1 samples, mean = 5985.0 (flags = 0x41)
0     ... 
4955  -O                                                                        (1 = 100.0%) {0.0%}
6296  ... 

Histogram: Navigation.TimeToReadyToCommit2.MainFrame.NewNavigation recorded 1 samples, mean = 5985.0 (flags = 0x41)
0     ... 
4955  -O                                                                        (1 = 100.0%) {0.0%}
6296  ... 

Histogram: Navigation.TimeToReadyToCommit2.NewNavigation recorded 1 samples, mean = 5985.0 (flags = 0x41)
0     ... 
4955  -O                                                                        (1 = 100.0%) {0.0%}
6296  ... 

Histogram: Navigation.Unload recorded 1 samples, mean = 0.0 (flags = 0x41)
0  -O                                                                        (1 = 100.0%)
1  ... 

Histogram: Navigation.UserAgentStringType recorded 3 samples, mean = 1.0 (flags = 0x41)
0  O                                                                         (0 = 0.0%)
1  ---O                                                                      (3 = 100.0%) {0.0%}
2  ... 

Histogram: Navigation.WillStartRequestToLoaderStart.MainFrame recorded 2 samples, mean = 0.5 (flags = 0x41)
0  -O                                                                        (1 = 50.0%)
1  -O                                                                        (1 = 50.0%) {50.0%}
2  ... 

Histogram: NavigationPredictor.SearchEnginePreconnector.IsBrowserAppLikelyInForeground recorded 23 samples, mean = 0.1 (flags = 0x41)
0  --------------------O                                                     (20 = 87.0%)
1  ---O                                                                      (3 = 13.0%) {87.0%}
2  O                                                                         (0 = 0.0%) {100.0%}

Histogram: NavigationSuggestion.GetDomainInfoDelayBeforeAllowingNavigation recorded 1 samples, mean = 0.0 (flags = 0x41)
0  -O                                                                        (1 = 100.0%)
1  ... 

Histogram: NavigationSuggestion.IsLookalikeUrlDelayBeforeAllowingNavigation recorded 1 samples, mean = 0.0 (flags = 0x41)
0  -O                                                                        (1 = 100.0%)
1  ... 

Histogram: NavigationSuggestion.PerformChecksDelayBeforeAllowingNavigation recorded 1 samples, mean = 0.0 (flags = 0x41)
0  -O                                                                        (1 = 100.0%)
1  ... 

Histogram: Net.AlternateProtocolUsage recorded 104 samples, mean = 3.6 (flags = 0x41)
0  -------------O                                                            (13 = 12.5%)
1  ---------------------------------O                                        (33 = 31.7%) {12.5%}
2  -----------O                                                              (11 = 10.6%) {44.2%}
3  ---O                                                                      (3 = 2.9%) {54.8%}
4  ... 
7  --------------------------------------------O                             (44 = 42.3%) {57.7%}
8  O                                                                         (0 = 0.0%) {100.0%}

Histogram: Net.AlternateProtocolUsageGoogle recorded 10 samples, mean = 1.6 (flags = 0x41)
0  O                                                                         (0 = 0.0%)
1  ---------O                                                                (9 = 90.0%) {0.0%}
2  ... 
7  -O                                                                        (1 = 10.0%) {90.0%}
8  O                                                                         (0 = 0.0%) {100.0%}

Histogram: Net.AlternativeServiceTypeForRequest recorded 111 samples, mean = 0.5 (flags = 0x41)
0  ----------------------------------------------------O                     (52 = 46.8%)
1  -----------------------------------------------------------O              (59 = 53.2%) {46.8%}
2  ... 

Histogram: Net.CertVerifier.PathBuilderIterationCount recorded 16 samples, mean = 2.0 (flags = 0x41)
0  ... 
2  ----------------O                                                         (16 = 100.0%) {0.0%}
3  ... 

Histogram: Net.CertVerifier_First_Job_Latency recorded 3 samples, mean = 265.7 (flags = 0x41)
0    ... 
164  --O                                                                       (2 = 66.7%) {0.0%}
186  ... 
446  -O                                                                        (1 = 33.3%) {66.7%}
505  ... 

Histogram: Net.CertVerifier_Job_Latency recorded 16 samples, mean = 273.6 (flags = 0x41)
0    ... 
48   -O                                                                        (1 = 6.2%) {0.0%}
54   ... 
78   -O                                                                        (1 = 6.2%) {6.2%}
88   ... 
113  --O                                                                       (2 = 12.5%) {12.5%}
128  O                                                                         (0 = 0.0%) {25.0%}
145  -O                                                                        (1 = 6.2%) {25.0%}
164  --O                                                                       (2 = 12.5%) {31.2%}
186  -O                                                                        (1 = 6.2%) {43.8%}
211  -O                                                                        (1 = 6.2%) {50.0%}
239  -O                                                                        (1 = 6.2%) {56.2%}
271  -O                                                                        (1 = 6.2%) {62.5%}
307  O                                                                         (0 = 0.0%) {68.8%}
348  -O                                                                        (1 = 6.2%) {68.8%}
394  O                                                                         (0 = 0.0%) {75.0%}
446  -O                                                                        (1 = 6.2%) {75.0%}
505  --O                                                                       (2 = 12.5%) {81.2%}
572  -O                                                                        (1 = 6.2%) {93.8%}
648  ... 

Histogram: Net.Certificate.TrustAnchor.Request recorded 100 samples (flags = 0x41)
200  -O                                                                        (1 = 1.0%)
210  ---------------------------------------O                                  (39 = 39.0%)
483  -O                                                                        (1 = 1.0%)
486  -----------------------------------------------------------O              (59 = 59.0%)

Histogram: Net.Certificate.TrustAnchor.Verify recorded 16 samples (flags = 0x41)
200  -O                                                                        (1 = 6.2%)
210  ---O                                                                      (3 = 18.8%)
483  -O                                                                        (1 = 6.2%)
486  -----------O                                                              (11 = 68.8%)

Histogram: Net.ConnectionInfo.MainFrame recorded 1 samples, mean = 4.0 (flags = 0x41)
0  ... 
4  -O                                                                        (1 = 100.0%) {0.0%}
5  ... 

Histogram: Net.ConnectionInfo.SubResource recorded 47 samples, mean = 10.1 (flags = 0x41)
0   O                                                                         (0 = 0.0%)
1   -O                                                                        (1 = 2.1%) {0.0%}
2   ... 
4   --------------------------------------O                                   (38 = 80.9%) {2.1%}
5   ... 
40  --------O                                                                 (8 = 17.0%) {83.0%}
41  ... 

Histogram: Net.ContentEncodingType recorded 99 samples, mean = 0.4 (flags = 0x41)
0  -------------------------------------------------------------O            (61 = 61.6%)
1  ----------------------------------O                                       (34 = 34.3%) {61.6%}
2  ----O                                                                     (4 = 4.0%) {96.0%}
3  ... 

Histogram: Net.Cors.AccessCheckResult recorded 10 samples, mean = 0.0 (flags = 0x41)
0  ----------O                                                               (10 = 100.0%)
1  ... 

Histogram: Net.CountOfQuicServerInfos recorded 1 samples, mean = 0.0 (flags = 0x41)
0  -O                                                                        (1 = 100.0%)
1  ... 

Histogram: Net.DNS.DnsConfig.DnsClientCapability recorded 75 samples, mean = 3.0 (flags = 0x41)
0  ... 
3  ------------------------------------------------------------------------O (75 = 100.0%) {0.0%}
4  O                                                                         (0 = 0.0%) {100.0%}

Histogram: Net.DNS.DnsConfig.SecureDnsMode recorded 1 samples, mean = 4.0 (flags = 0x41)
0  ... 
4  -O                                                                        (1 = 100.0%) {0.0%}
5  ... 

Histogram: Net.DNS.DnsConfig.Windows.Compatibility recorded 25 samples, mean = 0.0 (flags = 0x41)
0  -------------------------O                                                (25 = 100.0%)
1  ... 

Histogram: Net.DNS.DnsConfig.Windows.ReadSystemSettings0 recorded 16 samples, mean = 0.0 (flags = 0x41)
0  ----------------O                                                         (16 = 100.0%)
1  ... 

Histogram: Net.DNS.DnsHosts.Count recorded 6 samples, mean = 0.0 (flags = 0x41)
0  ------O                                                                   (6 = 100.0%)
1  ... 

Histogram: Net.DNS.DnsHosts.EstimateMemoryUsage recorded 6 samples, mean = 0.0 (flags = 0x41)
0  ------O                                                                   (6 = 100.0%)
1000... 

Histogram: Net.DNS.DnsHosts.FileSize recorded 6 samples, mean = 854.0 (flags = 0x41)
0    ... 
737  ------O                                                                   (6 = 100.0%) {0.0%}
1065 ... 

Histogram: Net.DNS.DnsTask.SuccessTime recorded 31 samples, mean = 60.2 (flags = 0x41)
0    ... 
10   ------O                                                                   (6 = 19.4%) {0.0%}
12   ---O                                                                      (3 = 9.7%) {19.4%}
14   ---O                                                                      (3 = 9.7%) {29.0%}
16   O                                                                         (0 = 0.0%) {38.7%}
18   -O                                                                        (1 = 3.2%) {38.7%}
21   O                                                                         (0 = 0.0%) {41.9%}
24   --O                                                                       (2 = 6.5%) {41.9%}
28   ... 
50   -O                                                                        (1 = 3.2%) {48.4%}
58   ----O                                                                     (4 = 12.9%) {51.6%}
67   -O                                                                        (1 = 3.2%) {64.5%}
77   --O                                                                       (2 = 6.5%) {67.7%}
89   O                                                                         (0 = 0.0%) {74.2%}
103  --O                                                                       (2 = 6.5%) {74.2%}
119  ---O                                                                      (3 = 9.7%) {80.6%}
137  -O                                                                        (1 = 3.2%) {90.3%}
158  -O                                                                        (1 = 3.2%) {93.5%}
182  -O                                                                        (1 = 3.2%) {96.8%}
210  ... 

Histogram: Net.DNS.DnsTask.SvcbHttpsTransactionError recorded 29 samples, mean = 0.0 (flags = 0x41)
0  -----------------------------O                                            (29 = 100.0%)
1  ... 

Histogram: Net.DNS.DnsTransaction.AttemptType recorded 62 samples, mean = 1.5 (flags = 0x41)
0  ------------------------------O                                           (30 = 48.4%)
1  ... 
3  --------------------------------O                                         (32 = 51.6%) {48.4%}
4  O                                                                         (0 = 0.0%) {100.0%}

Histogram: Net.DNS.DnsTransaction.Insecure.Other.SuccessTime recorded 30 samples, mean = 13.5 (flags = 0x41)
0   ... 
8   ---O                                                                      (3 = 10.0%) {0.0%}
10  ----------------O                                                         (16 = 53.3%) {10.0%}
13  -----O                                                                    (5 = 16.7%) {63.3%}
16  O                                                                         (0 = 0.0%) {80.0%}
20  ----O                                                                     (4 = 13.3%) {80.0%}
25  --O                                                                       (2 = 6.7%) {93.3%}
32  ... 

Histogram: Net.DNS.DnsTransaction.SecureValidated.Google.SuccessTime recorded 39 samples, mean = 134.0 (flags = 0x41)
0    ... 
52   --------O                                                                 (8 = 20.5%) {0.0%}
66   ------O                                                                   (6 = 15.4%) {20.5%}
84   --O                                                                       (2 = 5.1%) {35.9%}
107  ----------O                                                               (10 = 25.6%) {41.0%}
136  -----O                                                                    (5 = 12.8%) {66.7%}
173  ----O                                                                     (4 = 10.3%) {79.5%}
220  -O                                                                        (1 = 2.6%) {89.7%}
280  --O                                                                       (2 = 5.1%) {92.3%}
356  -O                                                                        (1 = 2.6%) {97.4%}
452  ... 

Histogram: Net.DNS.H3SupportedGoogleHost.TaskTypeMetadataAvailability2 recorded 2 samples, mean = 4.0 (flags = 0x41)
0  ... 
3  -O                                                                        (1 = 50.0%) {0.0%}
4  O                                                                         (0 = 0.0%) {50.0%}
5  -O                                                                        (1 = 50.0%) {50.0%}
6  ... 

Histogram: Net.DNS.HTTPSSVC.RecordHttps.Insecure.ExpectNoerror.DnsRcode recorded 15 samples, mean = 3.0 (flags = 0x41)
0  ... 
3  ---------------O                                                          (15 = 100.0%) {0.0%}
4  ... 

Histogram: Net.DNS.HTTPSSVC.RecordHttps.Insecure.ExpectNoerror.Parsable recorded 1 samples, mean = 1.0 (flags = 0x41)
0  O                                                                         (0 = 0.0%)
1  -O                                                                        (1 = 100.0%) {0.0%}
2  O                                                                         (0 = 0.0%) {100.0%}

Histogram: Net.DNS.HTTPSSVC.RecordHttps.Insecure.ExpectNoerror.ResolveTimeAddress recorded 15 samples, mean = 13.7 (flags = 0x41)
0   ... 
8   -O                                                                        (1 = 6.7%) {0.0%}
10  --------O                                                                 (8 = 53.3%) {6.7%}
13  ---O                                                                      (3 = 20.0%) {60.0%}
16  O                                                                         (0 = 0.0%) {80.0%}
20  --O                                                                       (2 = 13.3%) {80.0%}
25  -O                                                                        (1 = 6.7%) {93.3%}
32  ... 

Histogram: Net.DNS.HTTPSSVC.RecordHttps.Insecure.ExpectNoerror.ResolveTimeExperimental recorded 15 samples, mean = 13.6 (flags = 0x41)
0   ... 
8   -O                                                                        (1 = 6.7%) {0.0%}
10  --------O                                                                 (8 = 53.3%) {6.7%}
13  ---O                                                                      (3 = 20.0%) {60.0%}
16  O                                                                         (0 = 0.0%) {80.0%}
20  --O                                                                       (2 = 13.3%) {80.0%}
25  -O                                                                        (1 = 6.7%) {93.3%}
32  ... 

Histogram: Net.DNS.HTTPSSVC.RecordHttps.Insecure.ExpectNoerror.ResolveTimeRatio recorded 15 samples, mean = 9.6 (flags = 0x41)
0   ... 
8   --O                                                                       (2 = 13.3%) {0.0%}
9   ------O                                                                   (6 = 40.0%) {13.3%}
10  -----O                                                                    (5 = 33.3%) {53.3%}
11  -O                                                                        (1 = 6.7%) {86.7%}
12  O                                                                         (0 = 0.0%) {93.3%}
13  -O                                                                        (1 = 6.7%) {93.3%}
14  ... 

Histogram: Net.DNS.HTTPSSVC.RecordHttps.Secure.ExpectNoerror.DnsRcode recorded 16 samples, mean = 2.6 (flags = 0x41)
0  --O                                                                       (2 = 12.5%)
1  ... 
3  --------------O                                                           (14 = 87.5%) {12.5%}
4  ... 

Histogram: Net.DNS.HTTPSSVC.RecordHttps.Secure.ExpectNoerror.Parsable recorded 4 samples, mean = 1.0 (flags = 0x41)
0  O                                                                         (0 = 0.0%)
1  ----O                                                                     (4 = 100.0%) {0.0%}
2  O                                                                         (0 = 0.0%) {100.0%}

Histogram: Net.DNS.HTTPSSVC.RecordHttps.Secure.ExpectNoerror.ResolveTimeAddress recorded 16 samples, mean = 101.0 (flags = 0x41)
0    ... 
52   ----O                                                                     (4 = 25.0%) {0.0%}
66   ----O                                                                     (4 = 25.0%) {25.0%}
84   -O                                                                        (1 = 6.2%) {50.0%}
107  ----O                                                                     (4 = 25.0%) {56.2%}
136  --O                                                                       (2 = 12.5%) {81.2%}
173  -O                                                                        (1 = 6.2%) {93.8%}
220  ... 

Histogram: Net.DNS.HTTPSSVC.RecordHttps.Secure.ExpectNoerror.ResolveTimeExperimental recorded 16 samples, mean = 103.1 (flags = 0x41)
0    ... 
52   ----O                                                                     (4 = 25.0%) {0.0%}
66   ---O                                                                      (3 = 18.8%) {25.0%}
84   --O                                                                       (2 = 12.5%) {43.8%}
107  ----O                                                                     (4 = 25.0%) {56.2%}
136  --O                                                                       (2 = 12.5%) {81.2%}
173  -O                                                                        (1 = 6.2%) {93.8%}
220  ... 

Histogram: Net.DNS.HTTPSSVC.RecordHttps.Secure.ExpectNoerror.ResolveTimeRatio recorded 16 samples, mean = 9.7 (flags = 0x41)
0   ... 
9   ---------O                                                                (9 = 56.2%) {0.0%}
10  -----O                                                                    (5 = 31.2%) {56.2%}
11  O                                                                         (0 = 0.0%) {87.5%}
12  --O                                                                       (2 = 12.5%) {87.5%}
13  ... 

Histogram: Net.DNS.JobQueueTime.PerTransaction recorded 62 samples, mean = 0.0 (flags = 0x41)
0  -------------------------------------------------------------O            (61 = 98.4%)
1  -O                                                                        (1 = 1.6%) {98.4%}
2  ... 

Histogram: Net.DNS.JobQueueTime.Success recorded 31 samples, mean = 0.0 (flags = 0x41)
0  ------------------------------O                                           (30 = 96.8%)
1  -O                                                                        (1 = 3.2%) {96.8%}
2  ... 

Histogram: Net.DNS.ProbeSequence.ConfigChange.Success.AttemptTime recorded 9 samples, mean = 236.6 (flags = 0x41)
0    ... 
118  --O                                                                       (2 = 22.2%) {0.0%}
160  --O                                                                       (2 = 22.2%) {22.2%}
217  --O                                                                       (2 = 22.2%) {44.4%}
294  ---O                                                                      (3 = 33.3%) {66.7%}
398  ... 

Histogram: Net.DNS.Request.TotalTime recorded 296 samples, mean = 6.1 (flags = 0x41)
0    ------------------------------------------------------------------------O (264 = 89.2%)
10   --O                                                                       (6 = 2.0%) {89.2%}
12   --O                                                                       (6 = 2.0%) {91.2%}
15   O                                                                         (1 = 0.3%) {93.2%}
18   -O                                                                        (2 = 0.7%) {93.6%}
22   -O                                                                        (2 = 0.7%) {94.3%}
27   ... 
50   -O                                                                        (3 = 1.0%) {94.9%}
61   -O                                                                        (3 = 1.0%) {95.9%}
75   -O                                                                        (2 = 0.7%) {97.0%}
92   O                                                                         (0 = 0.0%) {97.6%}
113  -O                                                                        (4 = 1.4%) {97.6%}
139  -O                                                                        (2 = 0.7%) {99.0%}
171  O                                                                         (1 = 0.3%) {99.7%}
210  ... 

Histogram: Net.DNS.Request.TotalTimeAsync recorded 56 samples, mean = 32.3 (flags = 0x41)
0    ------------------------O                                                 (24 = 42.9%)
10   ------O                                                                   (6 = 10.7%) {42.9%}
12   ------O                                                                   (6 = 10.7%) {53.6%}
15   -O                                                                        (1 = 1.8%) {64.3%}
18   --O                                                                       (2 = 3.6%) {66.1%}
22   --O                                                                       (2 = 3.6%) {69.6%}
27   ... 
50   ---O                                                                      (3 = 5.4%) {73.2%}
61   ---O                                                                      (3 = 5.4%) {78.6%}
75   --O                                                                       (2 = 3.6%) {83.9%}
92   O                                                                         (0 = 0.0%) {87.5%}
113  ----O                                                                     (4 = 7.1%) {87.5%}
139  --O                                                                       (2 = 3.6%) {94.6%}
171  -O                                                                        (1 = 1.8%) {98.2%}
210  ... 

Histogram: Net.DNS.ResolveCategory recorded 58 samples, mean = 0.6 (flags = 0x41)
0  ----------------------------O                                             (28 = 48.3%)
1  ---------------------------O                                              (27 = 46.6%) {48.3%}
2  ---O                                                                      (3 = 5.2%) {94.8%}
3  ... 

Histogram: Net.DNS.ResolveContext.DohAutoupgrade.Google.Status recorded 9 samples, mean = 0.0 (flags = 0x41)
0  ---------O                                                                (9 = 100.0%)
1  ... 

Histogram: Net.DNS.ResolveError.Fast recorded 25 samples (flags = 0x41)
105  -------------------------O                                                (25 = 100.0%)

Histogram: Net.DNS.ResolveError.Slow recorded 2 samples (flags = 0x41)
105  --O                                                                       (2 = 100.0%)

Histogram: Net.DNS.ResolveFailureTime recorded 27 samples, mean = 2.2 (flags = 0x41)
0   ------------------O                                                       (18 = 66.7%)
1   --O                                                                       (2 = 7.4%) {66.7%}
2   -O                                                                        (1 = 3.7%) {74.1%}
3   ... 
5   -O                                                                        (1 = 3.7%) {77.8%}
6   O                                                                         (0 = 0.0%) {81.5%}
7   --O                                                                       (2 = 7.4%) {81.5%}
8   -O                                                                        (1 = 3.7%) {88.9%}
9   O                                                                         (0 = 0.0%) {92.6%}
10  -O                                                                        (1 = 3.7%) {92.6%}
12  ... 
18  -O                                                                        (1 = 3.7%) {96.3%}
21  ... 

Histogram: Net.DNS.ResolveSuccessTime recorded 28 samples, mean = 60.3 (flags = 0x41)
0    ... 
10   -----O                                                                    (5 = 17.9%) {0.0%}
12   ---O                                                                      (3 = 10.7%) {17.9%}
14   ---O                                                                      (3 = 10.7%) {28.6%}
16   O                                                                         (0 = 0.0%) {39.3%}
18   -O                                                                        (1 = 3.6%) {39.3%}
21   O                                                                         (0 = 0.0%) {42.9%}
24   --O                                                                       (2 = 7.1%) {42.9%}
28   ... 
50   -O                                                                        (1 = 3.6%) {50.0%}
58   ---O                                                                      (3 = 10.7%) {53.6%}
67   -O                                                                        (1 = 3.6%) {64.3%}
77   --O                                                                       (2 = 7.1%) {67.9%}
89   O                                                                         (0 = 0.0%) {75.0%}
103  -O                                                                        (1 = 3.6%) {75.0%}
119  ---O                                                                      (3 = 10.7%) {78.6%}
137  -O                                                                        (1 = 3.6%) {89.3%}
158  -O                                                                        (1 = 3.6%) {92.9%}
182  -O                                                                        (1 = 3.6%) {96.4%}
210  ... 

Histogram: Net.DNS.SystemTask.FailureTime recorded 27 samples, mean = 2.2 (flags = 0x41)
0   ------------------O                                                       (18 = 66.7%)
1   --O                                                                       (2 = 7.4%) {66.7%}
2   -O                                                                        (1 = 3.7%) {74.1%}
3   ... 
5   -O                                                                        (1 = 3.7%) {77.8%}
6   O                                                                         (0 = 0.0%) {81.5%}
7   --O                                                                       (2 = 7.4%) {81.5%}
8   -O                                                                        (1 = 3.7%) {88.9%}
9   O                                                                         (0 = 0.0%) {92.6%}
10  -O                                                                        (1 = 3.7%) {92.6%}
12  ... 
18  -O                                                                        (1 = 3.7%) {96.3%}
21  ... 

Histogram: Net.DNS.UpgradeConfig.HasPublicInsecureNameserver recorded 3 samples, mean = 1.0 (flags = 0x41)
0  O                                                                         (0 = 0.0%)
1  ---O                                                                      (3 = 100.0%) {0.0%}
2  O                                                                         (0 = 0.0%) {100.0%}

Histogram: Net.DNS.UpgradeConfig.Ineligible.DohSpecified recorded 1 samples, mean = 0.0 (flags = 0x41)
0  -O                                                                        (1 = 100.0%)
1  ... 

Histogram: Net.DNS.UpgradeConfig.Ineligible.UnhandledOptions recorded 1 samples, mean = 0.0 (flags = 0x41)
0  -O                                                                        (1 = 100.0%)
1  ... 

Histogram: Net.DNS.UpgradeConfig.InsecureUpgradeSucceeded recorded 3 samples, mean = 1.0 (flags = 0x41)
0  O                                                                         (0 = 0.0%)
1  ---O                                                                      (3 = 100.0%) {0.0%}
2  O                                                                         (0 = 0.0%) {100.0%}

Histogram: Net.DNS_Resolution_And_TCP_Connection_Latency2 recorded 16 samples, mean = 64.9 (flags = 0x41)
0    ... 
9    -O                                                                        (1 = 6.2%) {0.0%}
10   --O                                                                       (2 = 12.5%) {6.2%}
11   --O                                                                       (2 = 12.5%) {18.8%}
12   O                                                                         (0 = 0.0%) {31.2%}
14   -O                                                                        (1 = 6.2%) {31.2%}
16   -O                                                                        (1 = 6.2%) {37.5%}
18   ... 
42   ---O                                                                      (3 = 18.8%) {43.8%}
48   O                                                                         (0 = 0.0%) {62.5%}
54   -O                                                                        (1 = 6.2%) {62.5%}
61   ... 
88   -O                                                                        (1 = 6.2%) {68.8%}
100  O                                                                         (0 = 0.0%) {75.0%}
113  --O                                                                       (2 = 12.5%) {75.0%}
128  ... 
186  -O                                                                        (1 = 6.2%) {87.5%}
211  -O                                                                        (1 = 6.2%) {93.8%}
239  ... 

Histogram: Net.ErrorCodesForMainFrame4 recorded 2 samples (flags = 0x41)
0  -O                                                                        (1 = 50.0%)
3  -O                                                                        (1 = 50.0%)

Histogram: Net.ErrorCodesForSubresources3 recorded 52 samples (flags = 0x41)
0    ------------------------------------------------O                         (48 = 92.3%)
400  ----O                                                                     (4 = 7.7%)

Histogram: Net.HttpJob.BytesReceived2 recorded 105 samples, mean = 13498.0 (flags = 0x41)
0       -----O                                                                    (5 = 4.8%)
1       ... 
39      -O                                                                        (1 = 1.0%) {4.8%}
56      ... 
340     --O                                                                       (2 = 1.9%) {5.7%}
488     ----------------------------------------O                                 (40 = 38.1%) {7.6%}
700     -----O                                                                    (5 = 4.8%) {45.7%}
1004    -----------------O                                                        (17 = 16.2%) {50.5%}
1440    --O                                                                       (2 = 1.9%) {66.7%}
2065    -O                                                                        (1 = 1.0%) {68.6%}
2961    --------O                                                                 (8 = 7.6%) {69.5%}
4246    -O                                                                        (1 = 1.0%) {77.1%}
6089    -O                                                                        (1 = 1.0%) {78.1%}
8732    ---O                                                                      (3 = 2.9%) {79.0%}
12523   O                                                                         (0 = 0.0%) {81.9%}
17959   -----O                                                                    (5 = 4.8%) {81.9%}
25755   --O                                                                       (2 = 1.9%) {86.7%}
36935   ----O                                                                     (4 = 3.8%) {88.6%}
52968   O                                                                         (0 = 0.0%) {92.4%}
75961   -----O                                                                    (5 = 4.8%) {92.4%}
108935  --O                                                                       (2 = 1.9%) {97.1%}
156223  -O                                                                        (1 = 1.0%) {99.0%}
224038  ... 

Histogram: Net.HttpJob.BytesSent2 recorded 105 samples, mean = 431.6 (flags = 0x41)
0      ----O                                                                     (4 = 3.8%)
1      ... 
13     ----------------------------O                                             (28 = 26.7%) {3.8%}
19     ... 
56     -------O                                                                  (7 = 6.7%) {30.5%}
80     ------------------------O                                                 (24 = 22.9%) {37.1%}
115    -O                                                                        (1 = 1.0%) {60.0%}
165    --------------O                                                           (14 = 13.3%) {61.0%}
237    -O                                                                        (1 = 1.0%) {74.3%}
340    --O                                                                       (2 = 1.9%) {75.2%}
488    ------O                                                                   (6 = 5.7%) {77.1%}
700    ------O                                                                   (6 = 5.7%) {82.9%}
1004   -----------O                                                              (11 = 10.5%) {88.6%}
1440   ... 
12523  -O                                                                        (1 = 1.0%) {99.0%}
17959  ... 

Histogram: Net.HttpJob.MainJobWaitTimeWithAvailableSpdySession recorded 12 samples, mean = 0.0 (flags = 0x41)
0  ------------O                                                             (12 = 100.0%)
1  ... 

Histogram: Net.HttpJob.MainJobWaitTimeWithoutAvailableSpdySession recorded 67 samples, mean = 176.0 (flags = 0x41)
0    -------O                                                                  (7 = 10.4%)
1    ... 
14   -O                                                                        (1 = 1.5%) {10.4%}
17   -O                                                                        (1 = 1.5%) {11.9%}
20   -O                                                                        (1 = 1.5%) {13.4%}
24   ... 
57   --O                                                                       (2 = 3.0%) {14.9%}
68   ------------O                                                             (12 = 17.9%) {17.9%}
81   -O                                                                        (1 = 1.5%) {35.8%}
96   -------O                                                                  (7 = 10.4%) {37.3%}
114  -O                                                                        (1 = 1.5%) {47.8%}
135  -O                                                                        (1 = 1.5%) {49.3%}
160  --O                                                                       (2 = 3.0%) {50.7%}
190  ... 
268  -------------------------------O                                          (31 = 46.3%) {53.7%}
318  ... 

Histogram: Net.HttpJob.PrefilterBytesRead recorded 105 samples, mean = 13394.9 (flags = 0x41)
0       ---------O                                                                (9 = 8.6%)
1       ... 
13      -O                                                                        (1 = 1.0%) {8.6%}
19      -O                                                                        (1 = 1.0%) {9.5%}
27      O                                                                         (0 = 0.0%) {10.5%}
39      -O                                                                        (1 = 1.0%) {10.5%}
56      -O                                                                        (1 = 1.0%) {11.4%}
80      -O                                                                        (1 = 1.0%) {12.4%}
115     O                                                                         (0 = 0.0%) {13.3%}
165     -O                                                                        (1 = 1.0%) {13.3%}
237     O                                                                         (0 = 0.0%) {14.3%}
340     ----------------------------------------O                                 (40 = 38.1%) {14.3%}
488     ----O                                                                     (4 = 3.8%) {52.4%}
700     ----O                                                                     (4 = 3.8%) {56.2%}
1004    ----------O                                                               (10 = 9.5%) {60.0%}
1440    --O                                                                       (2 = 1.9%) {69.5%}
2065    --O                                                                       (2 = 1.9%) {71.4%}
2961    --O                                                                       (2 = 1.9%) {73.3%}
4246    --O                                                                       (2 = 1.9%) {75.2%}
6089    -O                                                                        (1 = 1.0%) {77.1%}
8732    ---O                                                                      (3 = 2.9%) {78.1%}
12523   O                                                                         (0 = 0.0%) {81.0%}
17959   ------O                                                                   (6 = 5.7%) {81.0%}
25755   --O                                                                       (2 = 1.9%) {86.7%}
36935   ----O                                                                     (4 = 3.8%) {88.6%}
52968   O                                                                         (0 = 0.0%) {92.4%}
75961   -----O                                                                    (5 = 4.8%) {92.4%}
108935  --O                                                                       (2 = 1.9%) {97.1%}
156223  -O                                                                        (1 = 1.0%) {99.0%}
224038  ... 

Histogram: Net.HttpJob.PrefilterBytesRead.Cache recorded 3 samples, mean = 10587.0 (flags = 0x41)
0      ... 
340    -O                                                                        (1 = 33.3%) {0.0%}
488    ... 
4246   -O                                                                        (1 = 33.3%) {33.3%}
6089   ... 
17959  -O                                                                        (1 = 33.3%) {66.7%}
25755  ... 

Histogram: Net.HttpJob.PrefilterBytesRead.Net recorded 102 samples, mean = 13477.5 (flags = 0x41)
0       ---------O                                                                (9 = 8.8%)
1       ... 
13      -O                                                                        (1 = 1.0%) {8.8%}
19      -O                                                                        (1 = 1.0%) {9.8%}
27      O                                                                         (0 = 0.0%) {10.8%}
39      -O                                                                        (1 = 1.0%) {10.8%}
56      -O                                                                        (1 = 1.0%) {11.8%}
80      -O                                                                        (1 = 1.0%) {12.7%}
115     O                                                                         (0 = 0.0%) {13.7%}
165     -O                                                                        (1 = 1.0%) {13.7%}
237     O                                                                         (0 = 0.0%) {14.7%}
340     ---------------------------------------O                                  (39 = 38.2%) {14.7%}
488     ----O                                                                     (4 = 3.9%) {52.9%}
700     ----O                                                                     (4 = 3.9%) {56.9%}
1004    ----------O                                                               (10 = 9.8%) {60.8%}
1440    --O                                                                       (2 = 2.0%) {70.6%}
2065    --O                                                                       (2 = 2.0%) {72.5%}
2961    --O                                                                       (2 = 2.0%) {74.5%}
4246    -O                                                                        (1 = 1.0%) {76.5%}
6089    -O                                                                        (1 = 1.0%) {77.5%}
8732    ---O                                                                      (3 = 2.9%) {78.4%}
12523   O                                                                         (0 = 0.0%) {81.4%}
17959   -----O                                                                    (5 = 4.9%) {81.4%}
25755   --O                                                                       (2 = 2.0%) {86.3%}
36935   ----O                                                                     (4 = 3.9%) {88.2%}
52968   O                                                                         (0 = 0.0%) {92.2%}
75961   -----O                                                                    (5 = 4.9%) {92.2%}
108935  --O                                                                       (2 = 2.0%) {97.1%}
156223  -O                                                                        (1 = 1.0%) {99.0%}
224038  ... 

Histogram: Net.HttpJob.ProxyTypeSuccess recorded 101 samples, mean = 1.0 (flags = 0x41)
0  O                                                                         (0 = 0.0%)
1  ------------------------------------------------------------------------O (101 = 100.0%) {0.0%}
2  ... 

Histogram: Net.HttpJob.TotalTime recorded 106 samples, mean = 255.8 (flags = 0x41)
0    O                                                                         (0 = 0.0%)
1    ----O                                                                     (4 = 3.8%) {0.0%}
2    ... 
12   -O                                                                        (1 = 0.9%) {3.8%}
14   O                                                                         (0 = 0.0%) {4.7%}
17   ---O                                                                      (3 = 2.8%) {4.7%}
20   -O                                                                        (1 = 0.9%) {7.5%}
24   --O                                                                       (2 = 1.9%) {8.5%}
29   -O                                                                        (1 = 0.9%) {10.4%}
34   --O                                                                       (2 = 1.9%) {11.3%}
40   -O                                                                        (1 = 0.9%) {13.2%}
48   --O                                                                       (2 = 1.9%) {14.2%}
57   ------------O                                                             (12 = 11.3%) {16.0%}
68   O                                                                         (0 = 0.0%) {27.4%}
81   --O                                                                       (2 = 1.9%) {27.4%}
96   --O                                                                       (2 = 1.9%) {29.2%}
114  ----------O                                                               (10 = 9.4%) {31.1%}
135  --O                                                                       (2 = 1.9%) {40.6%}
160  -------O                                                                  (7 = 6.6%) {42.5%}
190  ---O                                                                      (3 = 2.8%) {49.1%}
226  ---O                                                                      (3 = 2.8%) {51.9%}
268  --O                                                                       (2 = 1.9%) {54.7%}
318  ---------------------O                                                    (21 = 19.8%) {56.6%}
378  ------------O                                                             (12 = 11.3%) {76.4%}
449  --O                                                                       (2 = 1.9%) {87.7%}
533  ----O                                                                     (4 = 3.8%) {89.6%}
633  -----O                                                                    (5 = 4.7%) {93.4%}
752  -O                                                                        (1 = 0.9%) {98.1%}
894  -O                                                                        (1 = 0.9%) {99.1%}
1062 ... 

Histogram: Net.HttpJob.TotalTime.Secure.Quic recorded 9 samples, mean = 589.8 (flags = 0x41)
0    ... 
356  -O                                                                        (1 = 11.1%) {0.0%}
452  --O                                                                       (2 = 22.2%) {11.1%}
574  -----O                                                                    (5 = 55.6%) {33.3%}
729  -O                                                                        (1 = 11.1%) {88.9%}
926  ... 

Histogram: Net.HttpJob.TotalTime.TLS13.Google recorded 1 samples, mean = 641.0 (flags = 0x41)
0    ... 
633  -O                                                                        (1 = 100.0%) {0.0%}
752  ... 

Histogram: Net.HttpJob.TotalTimeCached recorded 3 samples, mean = 173.3 (flags = 0x41)
0    ... 
12   -O                                                                        (1 = 33.3%) {0.0%}
14   ... 
160  -O                                                                        (1 = 33.3%) {33.3%}
190  ... 
318  -O                                                                        (1 = 33.3%) {66.7%}
378  ... 

Histogram: Net.HttpJob.TotalTimeCancel recorded 6 samples, mean = 28.3 (flags = 0x41)
0   O                                                                         (0 = 0.0%)
1   ----O                                                                     (4 = 66.7%) {0.0%}
2   ... 
81  --O                                                                       (2 = 33.3%) {66.7%}
96  ... 

Histogram: Net.HttpJob.TotalTimeNotCached recorded 102 samples, mean = 259.9 (flags = 0x41)
0    O                                                                         (0 = 0.0%)
1    ----O                                                                     (4 = 3.9%) {0.0%}
2    ... 
17   ---O                                                                      (3 = 2.9%) {3.9%}
20   -O                                                                        (1 = 1.0%) {6.9%}
24   --O                                                                       (2 = 2.0%) {7.8%}
29   -O                                                                        (1 = 1.0%) {9.8%}
34   --O                                                                       (2 = 2.0%) {10.8%}
40   -O                                                                        (1 = 1.0%) {12.7%}
48   --O                                                                       (2 = 2.0%) {13.7%}
57   ------------O                                                             (12 = 11.8%) {15.7%}
68   O                                                                         (0 = 0.0%) {27.5%}
81   -O                                                                        (1 = 1.0%) {27.5%}
96   --O                                                                       (2 = 2.0%) {28.4%}
114  ----------O                                                               (10 = 9.8%) {30.4%}
135  --O                                                                       (2 = 2.0%) {40.2%}
160  ------O                                                                   (6 = 5.9%) {42.2%}
190  ---O                                                                      (3 = 2.9%) {48.0%}
226  ---O                                                                      (3 = 2.9%) {51.0%}
268  --O                                                                       (2 = 2.0%) {53.9%}
318  --------------------O                                                     (20 = 19.6%) {55.9%}
378  ------------O                                                             (12 = 11.8%) {75.5%}
449  --O                                                                       (2 = 2.0%) {87.3%}
533  ----O                                                                     (4 = 3.9%) {89.2%}
633  -----O                                                                    (5 = 4.9%) {93.1%}
752  -O                                                                        (1 = 1.0%) {98.0%}
894  -O                                                                        (1 = 1.0%) {99.0%}
1062 ... 

Histogram: Net.HttpJob.TotalTimeNotCached.Secure.Quic recorded 9 samples, mean = 589.8 (flags = 0x41)
0    ... 
356  -O                                                                        (1 = 11.1%) {0.0%}
452  --O                                                                       (2 = 22.2%) {11.1%}
574  -----O                                                                    (5 = 55.6%) {33.3%}
729  -O                                                                        (1 = 11.1%) {88.9%}
926  ... 

Histogram: Net.HttpJob.TotalTimeSuccess recorded 100 samples, mean = 269.5 (flags = 0x41)
0    ... 
12   -O                                                                        (1 = 1.0%) {0.0%}
14   O                                                                         (0 = 0.0%) {1.0%}
17   ---O                                                                      (3 = 3.0%) {1.0%}
20   -O                                                                        (1 = 1.0%) {4.0%}
24   --O                                                                       (2 = 2.0%) {5.0%}
29   -O                                                                        (1 = 1.0%) {7.0%}
34   --O                                                                       (2 = 2.0%) {8.0%}
40   -O                                                                        (1 = 1.0%) {10.0%}
48   --O                                                                       (2 = 2.0%) {11.0%}
57   ------------O                                                             (12 = 12.0%) {13.0%}
68   ... 
96   --O                                                                       (2 = 2.0%) {25.0%}
114  ----------O                                                               (10 = 10.0%) {27.0%}
135  --O                                                                       (2 = 2.0%) {37.0%}
160  -------O                                                                  (7 = 7.0%) {39.0%}
190  ---O                                                                      (3 = 3.0%) {46.0%}
226  ---O                                                                      (3 = 3.0%) {49.0%}
268  --O                                                                       (2 = 2.0%) {52.0%}
318  ---------------------O                                                    (21 = 21.0%) {54.0%}
378  ------------O                                                             (12 = 12.0%) {75.0%}
449  --O                                                                       (2 = 2.0%) {87.0%}
533  ----O                                                                     (4 = 4.0%) {89.0%}
633  -----O                                                                    (5 = 5.0%) {93.0%}
752  -O                                                                        (1 = 1.0%) {98.0%}
894  -O                                                                        (1 = 1.0%) {99.0%}
1062 ... 

Histogram: Net.HttpJob.TotalTimeSuccess.Priority1 recorded 32 samples, mean = 273.4 (flags = 0x41)
0    ... 
57   -----O                                                                    (5 = 15.6%) {0.0%}
68   ... 
96   --O                                                                       (2 = 6.2%) {15.6%}
114  --------O                                                                 (8 = 25.0%) {21.9%}
135  --O                                                                       (2 = 6.2%) {46.9%}
160  ----O                                                                     (4 = 12.5%) {53.1%}
190  O                                                                         (0 = 0.0%) {65.6%}
226  -O                                                                        (1 = 3.1%) {65.6%}
268  ... 
378  -O                                                                        (1 = 3.1%) {68.8%}
449  --O                                                                       (2 = 6.2%) {71.9%}
533  ----O                                                                     (4 = 12.5%) {78.1%}
633  --O                                                                       (2 = 6.2%) {90.6%}
752  -O                                                                        (1 = 3.1%) {96.9%}
894  ... 

Histogram: Net.HttpJob.TotalTimeSuccess.Priority2 recorded 41 samples, mean = 291.4 (flags = 0x41)
0    ... 
12   -O                                                                        (1 = 2.4%) {0.0%}
14   O                                                                         (0 = 0.0%) {2.4%}
17   --O                                                                       (2 = 4.9%) {2.4%}
20   -O                                                                        (1 = 2.4%) {7.3%}
24   -O                                                                        (1 = 2.4%) {9.8%}
29   -O                                                                        (1 = 2.4%) {12.2%}
34   ... 
57   ---O                                                                      (3 = 7.3%) {14.6%}
68   ... 
114  --O                                                                       (2 = 4.9%) {22.0%}
135  O                                                                         (0 = 0.0%) {26.8%}
160  --O                                                                       (2 = 4.9%) {26.8%}
190  ---O                                                                      (3 = 7.3%) {31.7%}
226  ... 
318  ------------O                                                             (12 = 29.3%) {39.0%}
378  -----------O                                                              (11 = 26.8%) {68.3%}
449  ... 
633  -O                                                                        (1 = 2.4%) {95.1%}
752  O                                                                         (0 = 0.0%) {97.6%}
894  -O                                                                        (1 = 2.4%) {97.6%}
1062 ... 

Histogram: Net.HttpJob.TotalTimeSuccess.Priority3 recorded 1 samples, mean = 263.0 (flags = 0x41)
0    ... 
226  -O                                                                        (1 = 100.0%) {0.0%}
268  ... 

Histogram: Net.HttpJob.TotalTimeSuccess.Priority4 recorded 13 samples, mean = 184.6 (flags = 0x41)
0    ... 
17   -O                                                                        (1 = 7.7%) {0.0%}
20   ... 
48   --O                                                                       (2 = 15.4%) {7.7%}
57   ----O                                                                     (4 = 30.8%) {23.1%}
68   ... 
160  -O                                                                        (1 = 7.7%) {53.8%}
190  O                                                                         (0 = 0.0%) {61.5%}
226  -O                                                                        (1 = 7.7%) {61.5%}
268  --O                                                                       (2 = 15.4%) {69.2%}
318  -O                                                                        (1 = 7.7%) {84.6%}
378  ... 
633  -O                                                                        (1 = 7.7%) {92.3%}
752  ... 

Histogram: Net.HttpJob.TotalTimeSuccess.Priority5 recorded 13 samples, mean = 275.8 (flags = 0x41)
0    ... 
24   -O                                                                        (1 = 7.7%) {0.0%}
29   O                                                                         (0 = 0.0%) {7.7%}
34   --O                                                                       (2 = 15.4%) {7.7%}
40   -O                                                                        (1 = 7.7%) {23.1%}
48   ... 
318  --------O                                                                 (8 = 61.5%) {30.8%}
378  ... 
633  -O                                                                        (1 = 7.7%) {92.3%}
752  ... 

Histogram: Net.HttpRequestSSLUpgradeDecision recorded 1 samples, mean = 5.0 (flags = 0x41)
0  ... 
5  -O                                                                        (1 = 100.0%) {0.0%}
6  O                                                                         (0 = 0.0%) {100.0%}

Histogram: Net.HttpRequestStsState recorded 1 samples, mean = 2.0 (flags = 0x41)
0  ... 
2  -O                                                                        (1 = 100.0%) {0.0%}
3  ... 

Histogram: Net.HttpResponseCode recorded 151 samples, mean = 216.2 (flags = 0x41)
0    ... 
200  ------------------------------------------------------------------------O (134 = 88.7%) {0.0%}
201  ... 
204  -O                                                                        (2 = 1.3%) {88.7%}
205  ... 
302  --O                                                                       (4 = 2.6%) {90.1%}
303  O                                                                         (0 = 0.0%) {92.7%}
304  -O                                                                        (2 = 1.3%) {92.7%}
305  ... 
403  -----O                                                                    (9 = 6.0%) {94.0%}
404  ... 

Histogram: Net.HttpTimeToFirstByte recorded 105 samples, mean = 256.2 (flags = 0x41)
0    -----O                                                                    (5 = 4.8%)
10   O                                                                         (0 = 0.0%) {4.8%}
12   -O                                                                        (1 = 1.0%) {4.8%}
15   -O                                                                        (1 = 1.0%) {5.7%}
18   ---O                                                                      (3 = 2.9%) {6.7%}
22   --O                                                                       (2 = 1.9%) {9.5%}
27   -O                                                                        (1 = 1.0%) {11.4%}
33   O                                                                         (0 = 0.0%) {12.4%}
41   --O                                                                       (2 = 1.9%) {12.4%}
50   ---O                                                                      (3 = 2.9%) {14.3%}
61   ------------O                                                             (12 = 11.4%) {17.1%}
75   O                                                                         (0 = 0.0%) {28.6%}
92   --O                                                                       (2 = 1.9%) {28.6%}
113  ----------O                                                               (10 = 9.5%) {30.5%}
139  -----O                                                                    (5 = 4.8%) {40.0%}
171  ----O                                                                     (4 = 3.8%) {44.8%}
210  ----O                                                                     (4 = 3.8%) {48.6%}
258  ----O                                                                     (4 = 3.8%) {52.4%}
317  ------------------------O                                                 (24 = 22.9%) {56.2%}
389  ---------O                                                                (9 = 8.6%) {79.0%}
477  -----O                                                                    (5 = 4.8%) {87.6%}
585  ------O                                                                   (6 = 5.7%) {92.4%}
718  -O                                                                        (1 = 1.0%) {98.1%}
881  -O                                                                        (1 = 1.0%) {99.0%}
1081 ... 

Histogram: Net.HttpTimeToFirstByte.TLS13.Google recorded 1 samples, mean = 665.0 (flags = 0x41)
0    ... 
574  -O                                                                        (1 = 100.0%) {0.0%}
729  ... 

Histogram: Net.NetworkChangeNotifier.NewConnectionCost recorded 2 samples, mean = 1.0 (flags = 0x41)
0  O                                                                         (0 = 0.0%)
1  --O                                                                       (2 = 100.0%) {0.0%}
2  ... 

Histogram: Net.NetworkChangeNotifier.NewConnectionType recorded 4 samples, mean = 2.0 (flags = 0x41)
0  ... 
2  ----O                                                                     (4 = 100.0%) {0.0%}
3  ... 

Histogram: Net.NumQuicSessionsAtShutdown recorded 3 samples, mean = 0.0 (flags = 0x41)
0  ---O                                                                      (3 = 100.0%)
1  ... 

Histogram: Net.OnTransferSizeUpdated.Experimental.OverridenBy recorded 88 samples, mean = 11.9 (flags = 0x41)
0   O                                                                         (0 = 0.0%)
1   ------------------------------------O                                     (36 = 40.9%) {0.0%}
2   ... 
11  -------------------------O                                                (25 = 28.4%) {40.9%}
12  -O                                                                        (1 = 1.1%) {69.3%}
13  ... 
26  -O                                                                        (1 = 1.1%) {70.5%}
27  O                                                                         (0 = 0.0%) {71.6%}
28  -------------------------O                                                (25 = 28.4%) {71.6%}
29  ... 

Histogram: Net.QuicActiveSessions recorded 30 samples, mean = 1.0 (flags = 0x41)
0  ----------------O                                                         (16 = 53.3%)
1  ---------O                                                                (9 = 30.0%) {53.3%}
2  -O                                                                        (1 = 3.3%) {83.3%}
3  -O                                                                        (1 = 3.3%) {86.7%}
4  -O                                                                        (1 = 3.3%) {90.0%}
5  --O                                                                       (2 = 6.7%) {93.3%}
7  ... 

Histogram: Net.QuicChromiumClientStream.HandleOnCloseConnectionError recorded 46 samples (flags = 0x41)
0  ----------------------------------------------O                           (46 = 100.0%)

Histogram: Net.QuicChromiumClientStream.HandleOnCloseNetError recorded 46 samples (flags = 0x41)
100  ---------------------------------------------O                            (45 = 97.8%)
356  -O                                                                        (1 = 2.2%)

Histogram: Net.QuicChromiumClientStream.HandleOnCloseStreamError recorded 46 samples (flags = 0x41)
0  ---------------------------------------------O                            (45 = 97.8%)
6  -O                                                                        (1 = 2.2%)

Histogram: Net.QuicChromiumClientStream.HeaderDecodingDelay recorded 45 samples, mean = 13.1 (flags = 0x41)
0   ----------------------------------O                                       (34 = 75.6%)
1   ... 
20  -O                                                                        (1 = 2.2%) {75.6%}
24  ... 
40  ---O                                                                      (3 = 6.7%) {77.8%}
48  ---O                                                                      (3 = 6.7%) {84.4%}
57  --O                                                                       (2 = 4.4%) {91.1%}
68  -O                                                                        (1 = 2.2%) {95.6%}
81  -O                                                                        (1 = 2.2%) {97.8%}
96  ... 

Histogram: Net.QuicChromiumClientStream.HeaderDecodingDelayGoogle recorded 9 samples, mean = 0.0 (flags = 0x41)
0  ---------O                                                                (9 = 100.0%)
1  ... 

Histogram: Net.QuicConnection.WritePacketStatus recorded 401 samples, mean = 0.0 (flags = 0x41)
0  ------------------------------------------------------------------------O (401 = 100.0%)
1  ... 

Histogram: Net.QuicCryptoClientConfig.PopulatedFromCanonicalConfig recorded 9 samples, mean = 0.0 (flags = 0x41)
0  ---------O                                                                (9 = 100.0%)
1  ... 

Histogram: Net.QuicDroppedPacketReason recorded 5 samples, mean = 6.0 (flags = 0x41)
0  ... 
6  -----O                                                                    (5 = 100.0%) {0.0%}
7  O                                                                         (0 = 0.0%) {100.0%}

Histogram: Net.QuicHandshakeState recorded 90 samples, mean = 1.0 (flags = 0x41)
0  ------------------------------O                                           (30 = 33.3%)
1  ------------------------------O                                           (30 = 33.3%) {33.3%}
2  ------------------------------O                                           (30 = 33.3%) {66.7%}
3  ... 

Histogram: Net.QuicHttpStream.ProcessResponseHeaderSuccess recorded 45 samples, mean = 1.0 (flags = 0x41)
0  O                                                                         (0 = 0.0%)
1  ---------------------------------------------O                            (45 = 100.0%) {0.0%}
2  O                                                                         (0 = 0.0%) {100.0%}

Histogram: Net.QuicSession.AbortedPendingStreamRequests recorded 30 samples, mean = 0.0 (flags = 0x41)
0  ------------------------------O                                           (30 = 100.0%)
1  ... 

Histogram: Net.QuicSession.AcceptChForOrigin recorded 46 samples, mean = 0.2 (flags = 0x41)
0  ------------------------------------O                                     (36 = 78.3%)
1  ----------O                                                               (10 = 21.7%) {78.3%}
2  O                                                                         (0 = 0.0%) {100.0%}

Histogram: Net.QuicSession.AcceptChFrameReceivedViaAlps recorded 26 samples, mean = 1.0 (flags = 0x41)
0  O                                                                         (0 = 0.0%)
1  --------------------------O                                               (26 = 100.0%) {0.0%}
2  ... 

Histogram: Net.QuicSession.AsyncRead recorded 498 samples, mean = 0.5 (flags = 0x41)
0  ------------------------------------------------------------------------O (263 = 52.8%)
1  ----------------------------------------------------------------O         (235 = 47.2%) {52.8%}
2  O                                                                         (0 = 0.0%) {100.0%}

Histogram: Net.QuicSession.BlockedFrames.Received recorded 30 samples, mean = 0.0 (flags = 0x41)
0  ------------------------------O                                           (30 = 100.0%)
1  ... 

Histogram: Net.QuicSession.BlockedFrames.Sent recorded 30 samples, mean = 0.0 (flags = 0x41)
0  ------------------------------O                                           (30 = 100.0%)
1  ... 

Histogram: Net.QuicSession.CertVerificationResult recorded 30 samples (flags = 0x41)
0  ------------------------------O                                           (30 = 100.0%)

Histogram: Net.QuicSession.ClientSideMtu recorded 30 samples (flags = 0x41)
1250  ------------------------------O                                           (30 = 100.0%)

Histogram: Net.QuicSession.CloseAllSessionsError recorded 3 samples (flags = 0x41)
3  ---O                                                                      (3 = 100.0%)

Histogram: Net.QuicSession.ClosedDuringInitializeSession recorded 30 samples, mean = 0.0 (flags = 0x41)
0  ------------------------------O                                           (30 = 100.0%)
1  ... 

Histogram: Net.QuicSession.CoalesceStreamFrameStatus recorded 266 samples, mean = 0.3 (flags = 0x41)
0  ------------------------------------------------------------------------O (199 = 74.8%)
1  ------------------------O                                                 (67 = 25.2%) {74.8%}
2  O                                                                         (0 = 0.0%) {100.0%}

Histogram: Net.QuicSession.ConnectRandomPortForHTTPS recorded 30 samples, mean = 0.0 (flags = 0x41)
0  ------------------------------O                                           (30 = 100.0%)
1  ... 

Histogram: Net.QuicSession.ConnectRandomPortRequiringConfirmationForHTTPS recorded 4 samples, mean = 0.0 (flags = 0x41)
0  ----O                                                                     (4 = 100.0%)
1  ... 

Histogram: Net.QuicSession.ConnectionClose.NumOpenStreams.TimedOut recorded 30 samples, mean = 0.0 (flags = 0x41)
0  ------------------------------O                                           (30 = 100.0%)
1  ... 

Histogram: Net.QuicSession.ConnectionCloseErrorCodeClient recorded 30 samples (flags = 0x41)
25  ------------------------------O                                           (30 = 100.0%)

Histogram: Net.QuicSession.ConnectionCloseErrorCodeClient.HandshakeConfirmed recorded 30 samples (flags = 0x41)
25  ------------------------------O                                           (30 = 100.0%)

Histogram: Net.QuicSession.ConnectionCloseErrorCodeClientGoogle recorded 12 samples (flags = 0x41)
25  ------------O                                                             (12 = 100.0%)

Histogram: Net.QuicSession.ConnectionCloseErrorCodeClientGoogle.HandshakeConfirmed recorded 12 samples (flags = 0x41)
25  ------------O                                                             (12 = 100.0%)

Histogram: Net.QuicSession.ConnectionDuration recorded 30 samples, mean = 30525.6 (flags = 0x41)
0      ... 
27425  ---------------------------O                                              (27 = 90.0%) {0.0%}
31655  -O                                                                        (1 = 3.3%) {90.0%}
36538  -O                                                                        (1 = 3.3%) {93.3%}
42174  ... 
56188  -O                                                                        (1 = 3.3%) {96.7%}
64855  ... 

Histogram: Net.QuicSession.ConnectionFlowControlBlocked recorded 5 samples, mean = 1.0 (flags = 0x41)
0  O                                                                         (0 = 0.0%)
1  -----O                                                                    (5 = 100.0%) {0.0%}
2  O                                                                         (0 = 0.0%) {100.0%}

Histogram: Net.QuicSession.ConnectionIpPooled recorded 30 samples, mean = 0.0 (flags = 0x41)
0  ------------------------------O                                           (30 = 100.0%)
1  ... 

Histogram: Net.QuicSession.ConnectionTypeFromSelf recorded 30 samples, mean = 1.0 (flags = 0x41)
0  O                                                                         (0 = 0.0%)
1  ------------------------------O                                           (30 = 100.0%) {0.0%}
2  O                                                                         (0 = 0.0%) {100.0%}

Histogram: Net.QuicSession.CryptoRetransmitCount.HandshakeConfirmed recorded 30 samples, mean = 0.2 (flags = 0x41)
0  -------------------------O                                                (25 = 83.3%)
1  ----O                                                                     (4 = 13.3%) {83.3%}
2  -O                                                                        (1 = 3.3%) {96.7%}
3  ... 

Histogram: Net.QuicSession.DuplicatePacketsReceived recorded 30 samples, mean = 0.0 (flags = 0x41)
0  ------------------------------O                                           (30 = 100.0%)
1  ... 

Histogram: Net.QuicSession.EcnMarksObserved recorded 30 samples, mean = 1.0 (flags = 0x41)
0  O                                                                         (0 = 0.0%)
1  ------------------------------O                                           (30 = 100.0%) {0.0%}
2  ... 

Histogram: Net.QuicSession.EncryptionEstablishedTime recorded 30 samples, mean = 76.5 (flags = 0x41)
0    --------------------O                                                     (20 = 66.7%)
1    -O                                                                        (1 = 3.3%) {66.7%}
2    ... 
17   -O                                                                        (1 = 3.3%) {70.0%}
20   ... 
57   -O                                                                        (1 = 3.3%) {73.3%}
68   ... 
96   -O                                                                        (1 = 3.3%) {76.7%}
114  -O                                                                        (1 = 3.3%) {80.0%}
135  --O                                                                       (2 = 6.7%) {83.3%}
160  ... 
378  -O                                                                        (1 = 3.3%) {90.0%}
449  O                                                                         (0 = 0.0%) {93.3%}
533  -O                                                                        (1 = 3.3%) {93.3%}
633  -O                                                                        (1 = 3.3%) {96.7%}
752  ... 

Histogram: Net.QuicSession.FinchConfigIsValid recorded 3 samples, mean = 1.0 (flags = 0x41)
0  O                                                                         (0 = 0.0%)
1  ---O                                                                      (3 = 100.0%) {0.0%}
2  O                                                                         (0 = 0.0%) {100.0%}

Histogram: Net.QuicSession.FindMatchingIpSessionResult recorded 61 samples, mean = 2.0 (flags = 0x41)
0  ... 
2  -------------------------------------------------------------O            (61 = 100.0%) {0.0%}
3  O                                                                         (0 = 0.0%) {100.0%}

Histogram: Net.QuicSession.FindMatchingIpSessionResultGoogle recorded 24 samples, mean = 2.0 (flags = 0x41)
0  ... 
2  ------------------------O                                                 (24 = 100.0%) {0.0%}
3  O                                                                         (0 = 0.0%) {100.0%}

Histogram: Net.QuicSession.HandshakeConfirmedTime recorded 30 samples, mean = 128.4 (flags = 0x41)
0    ... 
17   -O                                                                        (1 = 3.3%) {0.0%}
20   ... 
48   -O                                                                        (1 = 3.3%) {3.3%}
57   ----------O                                                               (10 = 33.3%) {6.7%}
68   ----O                                                                     (4 = 13.3%) {40.0%}
81   -----O                                                                    (5 = 16.7%) {53.3%}
96   --O                                                                       (2 = 6.7%) {70.0%}
114  -O                                                                        (1 = 3.3%) {76.7%}
135  ---O                                                                      (3 = 10.0%) {80.0%}
160  ... 
378  -O                                                                        (1 = 3.3%) {90.0%}
449  O                                                                         (0 = 0.0%) {93.3%}
533  -O                                                                        (1 = 3.3%) {93.3%}
633  -O                                                                        (1 = 3.3%) {96.7%}
752  ... 

Histogram: Net.QuicSession.HeaderCompressionRatioQpackReceived recorded 45 samples, mean = 16.5 (flags = 0x41)
0   ... 
3   ---------------------------O                                              (27 = 60.0%) {0.0%}
4   O                                                                         (0 = 0.0%) {60.0%}
5   ---------O                                                                (9 = 20.0%) {60.0%}
6   ... 
63  -O                                                                        (1 = 2.2%) {80.0%}
64  -O                                                                        (1 = 2.2%) {82.2%}
65  ... 
68  -O                                                                        (1 = 2.2%) {84.4%}
69  ----O                                                                     (4 = 8.9%) {86.7%}
70  -O                                                                        (1 = 2.2%) {95.6%}
71  ... 
74  -O                                                                        (1 = 2.2%) {97.8%}
75  ... 

Histogram: Net.QuicSession.HeaderCompressionRatioQpackSent recorded 46 samples, mean = 60.3 (flags = 0x41)
0   ... 
47  -----------O                                                              (11 = 23.9%) {0.0%}
48  --O                                                                       (2 = 4.3%) {23.9%}
49  -O                                                                        (1 = 2.2%) {28.3%}
50  ... 
59  -----O                                                                    (5 = 10.9%) {30.4%}
60  ---------O                                                                (9 = 19.6%) {41.3%}
61  ... 
69  ----------O                                                               (10 = 21.7%) {60.9%}
70  --O                                                                       (2 = 4.3%) {82.6%}
71  O                                                                         (0 = 0.0%) {87.0%}
72  -O                                                                        (1 = 2.2%) {87.0%}
73  O                                                                         (0 = 0.0%) {89.1%}
74  -O                                                                        (1 = 2.2%) {89.1%}
75  ----O                                                                     (4 = 8.7%) {91.3%}
76  ... 

Histogram: Net.QuicSession.HostResolution.HandshakeConfirmedTime recorded 30 samples, mean = 128.9 (flags = 0x41)
0    ... 
17   -O                                                                        (1 = 3.3%) {0.0%}
20   ... 
57   ----------O                                                               (10 = 33.3%) {3.3%}
68   -----O                                                                    (5 = 16.7%) {36.7%}
81   ----O                                                                     (4 = 13.3%) {53.3%}
96   ---O                                                                      (3 = 10.0%) {66.7%}
114  -O                                                                        (1 = 3.3%) {76.7%}
135  ---O                                                                      (3 = 10.0%) {80.0%}
160  ... 
378  -O                                                                        (1 = 3.3%) {90.0%}
449  O                                                                         (0 = 0.0%) {93.3%}
533  -O                                                                        (1 = 3.3%) {93.3%}
633  -O                                                                        (1 = 3.3%) {96.7%}
752  ... 

Histogram: Net.QuicSession.IncorrectConnectionIDsReceived recorded 30 samples, mean = 0.0 (flags = 0x41)
0  ------------------------------O                                           (30 = 100.0%)
1  ... 

Histogram: Net.QuicSession.InitialRttEsitmateSource recorded 30 samples, mean = 0.9 (flags = 0x41)
0  ---O                                                                      (3 = 10.0%)
1  ---------------------------O                                              (27 = 90.0%) {10.0%}
2  ... 

Histogram: Net.QuicSession.KeyUpdate.PerConnection2 recorded 30 samples, mean = 0.0 (flags = 0x41)
0  ------------------------------O                                           (30 = 100.0%)
1  ... 

Histogram: Net.QuicSession.KeyUpdate.PotentialPeerKeyUpdateAttemptCount recorded 30 samples, mean = 0.0 (flags = 0x41)
0  ------------------------------O                                           (30 = 100.0%)
1  ... 

Histogram: Net.QuicSession.MaxConsecutiveRtoWithForwardProgress recorded 30 samples, mean = 0.2 (flags = 0x41)
0  ------------------------O                                                 (24 = 80.0%)
1  ------O                                                                   (6 = 20.0%) {80.0%}
2  ... 

Histogram: Net.QuicSession.MinRTT recorded 30 samples, mean = 48.5 (flags = 0x41)
0   ... 
8   -O                                                                        (1 = 3.3%) {0.0%}
10  ---O                                                                      (3 = 10.0%) {3.3%}
12  ... 
40  ---------O                                                                (9 = 30.0%) {13.3%}
48  ---------O                                                                (9 = 30.0%) {43.3%}
57  --O                                                                       (2 = 6.7%) {73.3%}
68  ------O                                                                   (6 = 20.0%) {80.0%}
81  ... 

Histogram: Net.QuicSession.MtuProbesSent recorded 30 samples, mean = 0.0 (flags = 0x41)
0  ------------------------------O                                           (30 = 100.0%)
1  ... 

Histogram: Net.QuicSession.NumDefaultPathDegrading recorded 30 samples, mean = 0.0 (flags = 0x41)
0  ------------------------------O                                           (30 = 100.0%)
1  ... 

Histogram: Net.QuicSession.NumMigrations recorded 30 samples, mean = 0.0 (flags = 0x41)
0  ------------------------------O                                           (30 = 100.0%)
1  ... 

Histogram: Net.QuicSession.NumOpenStreams recorded 46 samples, mean = 1.4 (flags = 0x41)
0  O                                                                         (0 = 0.0%)
1  --------------------------------O                                         (32 = 69.6%) {0.0%}
2  ------------O                                                             (12 = 26.1%) {69.6%}
3  -O                                                                        (1 = 2.2%) {95.7%}
4  -O                                                                        (1 = 2.2%) {97.8%}
5  ... 

Histogram: Net.QuicSession.NumPingsSent recorded 30 samples, mean = 0.2 (flags = 0x41)
0  -------------------------O                                                (25 = 83.3%)
1  -----O                                                                    (5 = 16.7%) {83.3%}
2  ... 

Histogram: Net.QuicSession.NumQueuedPacketsBeforeWrite recorded 476 samples, mean = 0.0 (flags = 0x41)
0  ------------------------------------------------------------------------O (476 = 100.0%)
1  ... 

Histogram: Net.QuicSession.NumTotalStreams recorded 30 samples, mean = 1.5 (flags = 0x41)
0  ---O                                                                      (3 = 10.0%)
1  -----------------O                                                        (17 = 56.7%) {10.0%}
2  -------O                                                                  (7 = 23.3%) {66.7%}
3  -O                                                                        (1 = 3.3%) {90.0%}
4  O                                                                         (0 = 0.0%) {93.3%}
5  --O                                                                       (2 = 6.7%) {93.3%}
7  ... 

Histogram: Net.QuicSession.OutOfOrderGapReceived recorded 1 samples, mean = 1.0 (flags = 0x41)
0  O                                                                         (0 = 0.0%)
1  -O                                                                        (1 = 100.0%) {0.0%}
2  ... 

Histogram: Net.QuicSession.OutOfOrderLargePacketsReceived recorded 30 samples, mean = 0.0 (flags = 0x41)
0  ------------------------------O                                           (30 = 100.0%)
1  ... 

Histogram: Net.QuicSession.OutOfOrderPacketsReceived recorded 30 samples, mean = 0.0 (flags = 0x41)
0  -----------------------------O                                            (29 = 96.7%)
1  -O                                                                        (1 = 3.3%) {96.7%}
2  ... 

Histogram: Net.QuicSession.PacketGapReceived recorded 4 samples, mean = 1.0 (flags = 0x41)
0  O                                                                         (0 = 0.0%)
1  ----O                                                                     (4 = 100.0%) {0.0%}
2  ... 

Histogram: Net.QuicSession.PacketGapReceivedNearPing recorded 5 samples, mean = 1.2 (flags = 0x41)
0  O                                                                         (0 = 0.0%)
1  ----O                                                                     (4 = 80.0%) {0.0%}
2  -O                                                                        (1 = 20.0%) {80.0%}
3  ... 

Histogram: Net.QuicSession.PacketLossRate_CONNECTION_WIFI recorded 3 samples, mean = 3.3 (flags = 0x41)
0   --O                                                                       (2 = 66.7%)
1   ... 
10  -O                                                                        (1 = 33.3%) {66.7%}
11  ... 

Histogram: Net.QuicSession.PacketWriteTime.Synchronous recorded 393 samples, mean = 0.0 (flags = 0x41)
0  ------------------------------------------------------------------------O (393 = 100.0%)
1  ... 

Histogram: Net.QuicSession.PacketsBeforeEcnTransition recorded 30 samples, mean = 0.0 (flags = 0x41)
0  ------------------------------O                                           (30 = 100.0%)
1  ... 

Histogram: Net.QuicSession.PreferAesGcm recorded 3 samples, mean = 1.0 (flags = 0x41)
0  O                                                                         (0 = 0.0%)
1  ---O                                                                      (3 = 100.0%) {0.0%}
2  O                                                                         (0 = 0.0%) {100.0%}

Histogram: Net.QuicSession.Qpack.HeaderListCountWhenBlockedStreamLimited recorded 9 samples, mean = 2.7 (flags = 0x41)
0  O                                                                         (0 = 0.0%)
1  ----O                                                                     (4 = 44.4%) {0.0%}
2  -O                                                                        (1 = 11.1%) {44.4%}
3  -O                                                                        (1 = 11.1%) {55.6%}
4  -O                                                                        (1 = 11.1%) {66.7%}
5  -O                                                                        (1 = 11.1%) {77.8%}
6  -O                                                                        (1 = 11.1%) {88.9%}
7  ... 

Histogram: Net.QuicSession.Qpack.HeaderListCountWhenInsertionNotBlocked recorded 46 samples, mean = 1.9 (flags = 0x41)
0  O                                                                         (0 = 0.0%)
1  ---------------------------O                                              (27 = 58.7%) {0.0%}
2  ----------O                                                               (10 = 21.7%) {58.7%}
3  ---O                                                                      (3 = 6.5%) {80.4%}
4  --O                                                                       (2 = 4.3%) {87.0%}
5  --O                                                                       (2 = 4.3%) {91.3%}
6  --O                                                                       (2 = 4.3%) {95.7%}
7  ... 

Histogram: Net.QuicSession.Qpack.HeaderListCountWhenNotBlockedStreamLimited recorded 37 samples, mean = 1.7 (flags = 0x41)
0  O                                                                         (0 = 0.0%)
1  -----------------------O                                                  (23 = 62.2%) {0.0%}
2  ---------O                                                                (9 = 24.3%) {62.2%}
3  --O                                                                       (2 = 5.4%) {86.5%}
4  -O                                                                        (1 = 2.7%) {91.9%}
5  -O                                                                        (1 = 2.7%) {94.6%}
6  -O                                                                        (1 = 2.7%) {97.3%}
7  ... 

Histogram: Net.QuicSession.QuicVersion recorded 30 samples (flags = 0x41)
80  ------------------------------O                                           (30 = 100.0%)

Histogram: Net.QuicSession.ReceivedSettings.BlockedStreams recorded 26 samples, mean = 100.0 (flags = 0x41)
0   ... 
95  --------------------------O                                               (26 = 100.0%) {0.0%}
107 ... 

Histogram: Net.QuicSession.ReceivedSettings.CountPlusOne recorded 30 samples, mean = 6.5 (flags = 0x41)
0  ... 
3  ----O                                                                     (4 = 13.3%) {0.0%}
4  ... 
7  --------------------------O                                               (26 = 86.7%) {13.3%}
8  ... 

Histogram: Net.QuicSession.ReceivedSettings.MaxHeaderListSize2 recorded 30 samples, mean = 74274.1 (flags = 0x41)
0       ... 
63662   --------------------------O                                               (26 = 86.7%) {0.0%}
83848   O                                                                         (0 = 0.0%) {86.7%}
110434  ----O                                                                     (4 = 13.3%) {86.7%}
145450  ... 

Histogram: Net.QuicSession.ReceivedSettings.MaxTableCapacity2 recorded 26 samples, mean = 65536.0 (flags = 0x41)
0      ... 
63662  --------------------------O                                               (26 = 100.0%) {0.0%}
83848  ... 

Histogram: Net.QuicSession.ReceivedSettings.ReservedCountPlusOne recorded 30 samples, mean = 2.0 (flags = 0x41)
0  ... 
2  ------------------------------O                                           (30 = 100.0%) {0.0%}
3  ... 

Histogram: Net.QuicSession.RstStreamErrorCodeClient recorded 1 samples (flags = 0x41)
6  -O                                                                        (1 = 100.0%)

Histogram: Net.QuicSession.RstStreamErrorCodeServer recorded 5 samples (flags = 0x41)
6   -O                                                                        (1 = 20.0%)
20  ----O                                                                     (4 = 80.0%)

Histogram: Net.QuicSession.SendPacketSize.0RTT recorded 40 samples, mean = 156.3 (flags = 0x41)
0    ... 
68   -----O                                                                    (5 = 12.5%) {0.0%}
77   ----------------O                                                         (16 = 40.0%) {12.5%}
87   ... 
214  --------O                                                                 (8 = 20.0%) {52.5%}
243  -----------O                                                              (11 = 27.5%) {72.5%}
276  ... 

Histogram: Net.QuicSession.SendPacketSize.ForwardSecure recorded 235 samples, mean = 212.4 (flags = 0x41)
0     ... 
28    --------------------------------------------O                             (44 = 18.7%) {0.0%}
32    -----------------------------------------O                                (41 = 17.4%) {18.7%}
36    -----------------O                                                        (17 = 7.2%) {36.2%}
41    ----------------------------------------------------------------O         (64 = 27.2%) {43.4%}
47    ------O                                                                   (6 = 2.6%) {70.6%}
53    ... 
68    --O                                                                       (2 = 0.9%) {73.2%}
77    --------O                                                                 (8 = 3.4%) {74.0%}
87    ... 
128   -O                                                                        (1 = 0.4%) {77.4%}
145   ... 
188   ------O                                                                   (6 = 2.6%) {77.9%}
214   -O                                                                        (1 = 0.4%) {80.4%}
243   ---O                                                                      (3 = 1.3%) {80.9%}
276   -O                                                                        (1 = 0.4%) {82.1%}
314   --------O                                                                 (8 = 3.4%) {82.6%}
357   ... 
461   -O                                                                        (1 = 0.4%) {86.0%}
524   --O                                                                       (2 = 0.9%) {86.4%}
595   ... 
768   -O                                                                        (1 = 0.4%) {87.2%}
872   --O                                                                       (2 = 0.9%) {87.7%}
991   ---O                                                                      (3 = 1.3%) {88.5%}
1126  ------------------------O                                                 (24 = 10.2%) {89.8%}
1279  ... 

Histogram: Net.QuicSession.SendPacketSize.Handshake recorded 49 samples, mean = 69.4 (flags = 0x41)
0   ... 
36  -----------O                                                              (11 = 22.4%) {0.0%}
41  O                                                                         (0 = 0.0%) {22.4%}
47  -------O                                                                  (7 = 14.3%) {22.4%}
53  ... 
77  ----------------------O                                                   (22 = 44.9%) {36.7%}
87  --------O                                                                 (8 = 16.3%) {81.6%}
99  -O                                                                        (1 = 2.0%) {98.0%}
113 ... 

Histogram: Net.QuicSession.SendPacketSize.Initial recorded 77 samples, mean = 903.8 (flags = 0x41)
0     ... 
41    -----O                                                                    (5 = 6.5%) {0.0%}
47    ----O                                                                     (4 = 5.2%) {6.5%}
53    ... 
99    ---O                                                                      (3 = 3.9%) {11.7%}
113   -O                                                                        (1 = 1.3%) {15.6%}
128   --O                                                                       (2 = 2.6%) {16.9%}
145   -O                                                                        (1 = 1.3%) {19.5%}
165   O                                                                         (0 = 0.0%) {20.8%}
188   -O                                                                        (1 = 1.3%) {20.8%}
214   ... 
524   ------O                                                                   (6 = 7.8%) {22.1%}
595   ---O                                                                      (3 = 3.9%) {29.9%}
676   ... 
1126  ---------------------------------------------------O                      (51 = 66.2%) {33.8%}
1279  ... 

Histogram: Net.QuicSession.ServerSideMtu recorded 30 samples (flags = 0x41)
1200  ----O                                                                     (4 = 13.3%)
1250  --------------------------O                                               (26 = 86.7%)

Histogram: Net.QuicSession.SmoothedRTT recorded 30 samples, mean = 55.4 (flags = 0x41)
0   ... 
10  --O                                                                       (2 = 6.7%) {0.0%}
12  O                                                                         (0 = 0.0%) {6.7%}
14  --O                                                                       (2 = 6.7%) {6.7%}
17  ... 
40  ------O                                                                   (6 = 20.0%) {13.3%}
48  --------O                                                                 (8 = 26.7%) {33.3%}
57  ---O                                                                      (3 = 10.0%) {60.0%}
68  ------O                                                                   (6 = 20.0%) {70.0%}
81  O                                                                         (0 = 0.0%) {90.0%}
96  ---O                                                                      (3 = 10.0%) {90.0%}
114 ... 

Histogram: Net.QuicSession.StopSendingErrorCodeClient recorded 5 samples (flags = 0x41)
6   -O                                                                        (1 = 20.0%)
20  ----O                                                                     (4 = 80.0%)

Histogram: Net.QuicSession.StreamFlowControlBlocked recorded 5 samples, mean = 1.0 (flags = 0x41)
0  O                                                                         (0 = 0.0%)
1  -----O                                                                    (5 = 100.0%) {0.0%}
2  O                                                                         (0 = 0.0%) {100.0%}

Histogram: Net.QuicSession.StreamFrameDuplicatedShortConnection recorded 27 samples, mean = 0.0 (flags = 0x41)
0  ---------------------------O                                              (27 = 100.0%)
1  ... 

Histogram: Net.QuicSession.TimeFromResolveHostToConfirmConnection recorded 30 samples, mean = 123.6 (flags = 0x41)
0    --O                                                                       (2 = 6.7%)
1    -----O                                                                    (5 = 16.7%) {6.7%}
2    ... 
10   --O                                                                       (2 = 6.7%) {23.3%}
12   O                                                                         (0 = 0.0%) {30.0%}
14   ---O                                                                      (3 = 10.0%) {30.0%}
17   --O                                                                       (2 = 6.7%) {40.0%}
20   -O                                                                        (1 = 3.3%) {46.7%}
24   ... 
68   -O                                                                        (1 = 3.3%) {50.0%}
81   ... 
114  ----O                                                                     (4 = 13.3%) {53.3%}
135  --O                                                                       (2 = 6.7%) {66.7%}
160  ----O                                                                     (4 = 13.3%) {73.3%}
190  O                                                                         (0 = 0.0%) {86.7%}
226  -O                                                                        (1 = 3.3%) {86.7%}
268  ... 
378  -O                                                                        (1 = 3.3%) {90.0%}
449  ... 
633  --O                                                                       (2 = 6.7%) {93.3%}
752  ... 

Histogram: Net.QuicSession.TooManyOpenStreams recorded 46 samples, mean = 0.0 (flags = 0x41)
0  ----------------------------------------------O                           (46 = 100.0%)
1  ... 

Histogram: Net.QuicSession.TooSmallInitialSentPacket recorded 35 samples, mean = 708.1 (flags = 0x41)
0     ... 
5     -O                                                                        (1 = 2.9%) {0.0%}
6     ... 
14    -O                                                                        (1 = 2.9%) {2.9%}
16    --O                                                                       (2 = 5.7%) {5.7%}
18    O                                                                         (0 = 0.0%) {11.4%}
20    -O                                                                        (1 = 2.9%) {11.4%}
23    -O                                                                        (1 = 2.9%) {14.3%}
26    ... 
42    -O                                                                        (1 = 2.9%) {17.1%}
48    --O                                                                       (2 = 5.7%) {20.0%}
54    ... 
505   -O                                                                        (1 = 2.9%) {25.7%}
571   ----O                                                                     (4 = 11.4%) {28.6%}
646   ----O                                                                     (4 = 11.4%) {40.0%}
731   ... 
936   --O                                                                       (2 = 5.7%) {51.4%}
1060  ---------------O                                                          (15 = 42.9%) {57.1%}
1200  O                                                                         (0 = 0.0%) {100.0%}

Histogram: Net.QuicSession.UndecryptablePacketsReceived recorded 30 samples, mean = 0.2 (flags = 0x41)
0  ----------------------------O                                             (28 = 93.3%)
1  O                                                                         (0 = 0.0%) {93.3%}
2  -O                                                                        (1 = 3.3%) {93.3%}
3  -O                                                                        (1 = 3.3%) {96.7%}
4  ... 

Histogram: Net.QuicSession.UndecryptablePacketsReceivedWithDecrypter recorded 30 samples, mean = 0.0 (flags = 0x41)
0  ------------------------------O                                           (30 = 100.0%)
1  ... 

Histogram: Net.QuicSession.ValidConnectionTime recorded 21 samples, mean = 0.9 (flags = 0x41)
0  ------O                                                                   (6 = 28.6%)
1  -----------O                                                              (11 = 52.4%) {28.6%}
2  ----O                                                                     (4 = 19.0%) {81.0%}
3  ... 

Histogram: Net.QuicSession.VerifyProofTime recorded 30 samples, mean = 57.2 (flags = 0x41)
0    -------------------------O                                                (25 = 83.3%)
1    ... 
48   -O                                                                        (1 = 3.3%) {83.3%}
57   ... 
81   -O                                                                        (1 = 3.3%) {86.7%}
96   ... 
378  -O                                                                        (1 = 3.3%) {90.0%}
449  O                                                                         (0 = 0.0%) {93.3%}
533  --O                                                                       (2 = 6.7%) {93.3%}
633  ... 

Histogram: Net.QuicSession.VerifyProofTime.google recorded 3 samples, mean = 207.0 (flags = 0x41)
0    --O                                                                       (2 = 66.7%)
1    ... 
533  -O                                                                        (1 = 33.3%) {66.7%}
633  ... 

Histogram: Net.QuicSession.ZeroRttReason recorded 30 samples, mean = 2.9 (flags = 0x41)
0  ... 
2  ---------------------O                                                    (21 = 70.0%) {0.0%}
3  ... 
5  ---------O                                                                (9 = 30.0%) {70.0%}
6  ... 

Histogram: Net.QuicSession.ZeroRttReasonGoogle recorded 12 samples, mean = 2.5 (flags = 0x41)
0  ... 
2  ----------O                                                               (10 = 83.3%) {0.0%}
3  ... 
5  --O                                                                       (2 = 16.7%) {83.3%}
6  ... 

Histogram: Net.QuicSession.ZeroRttReasonNonGoogle recorded 18 samples, mean = 3.2 (flags = 0x41)
0  ... 
2  -----------O                                                              (11 = 61.1%) {0.0%}
3  ... 
5  -------O                                                                  (7 = 38.9%) {61.1%}
6  ... 

Histogram: Net.QuicSession.ZeroRttState recorded 30 samples, mean = 0.6 (flags = 0x41)
0  ---------------------O                                                    (21 = 70.0%)
1  O                                                                         (0 = 0.0%) {70.0%}
2  ---------O                                                                (9 = 30.0%) {70.0%}
3  O                                                                         (0 = 0.0%) {100.0%}

Histogram: Net.RestrictedCookieManager.GetCookiesString.Count30Seconds recorded 45 samples, mean = 0.0 (flags = 0x41)
0  --------------------------------------------O                             (44 = 97.8%)
1  O                                                                         (0 = 0.0%) {97.8%}
2  -O                                                                        (1 = 2.2%) {97.8%}
3  ... 

Histogram: Net.RestrictedCookieManager.SiteForCookiesOK recorded 2 samples, mean = 1.0 (flags = 0x41)
0  O                                                                         (0 = 0.0%)
1  --O                                                                       (2 = 100.0%) {0.0%}
2  O                                                                         (0 = 0.0%) {100.0%}

Histogram: Net.RestrictedCookieManager.TopFrameOriginOK recorded 2 samples, mean = 1.0 (flags = 0x41)
0  O                                                                         (0 = 0.0%)
1  --O                                                                       (2 = 100.0%) {0.0%}
2  O                                                                         (0 = 0.0%) {100.0%}

Histogram: Net.SSLHandshakeDetails recorded 16 samples, mean = 6.1 (flags = 0x41)
0  ... 
6  --------------O                                                           (14 = 87.5%) {0.0%}
7  --O                                                                       (2 = 12.5%) {87.5%}
8  ... 

Histogram: Net.SSLNegotiatedAlpnProtocol recorded 16 samples, mean = 1.9 (flags = 0x41)
0  O                                                                         (0 = 0.0%)
1  -O                                                                        (1 = 6.2%) {0.0%}
2  ---------------O                                                          (15 = 93.8%) {6.2%}
3  ... 

Histogram: Net.SSLRenegotiationInfoSupported recorded 16 samples, mean = 1.0 (flags = 0x41)
0  O                                                                         (0 = 0.0%)
1  ----------------O                                                         (16 = 100.0%) {0.0%}
2  O                                                                         (0 = 0.0%) {100.0%}

Histogram: Net.SSLSignatureAlgorithm recorded 16 samples (flags = 0x41)
1027  -----------O                                                              (11 = 68.8%)
2052  -----O                                                                    (5 = 31.2%)

Histogram: Net.SSLVersion recorded 16 samples, mean = 6.0 (flags = 0x41)
0  ... 
6  ----------------O                                                         (16 = 100.0%) {0.0%}
7  ... 

Histogram: Net.SSL_CipherSuite recorded 16 samples (flags = 0x41)
4865  ---------------O                                                          (15 = 93.8%)
4866  -O                                                                        (1 = 6.2%)

Histogram: Net.SSL_Connection_Error recorded 16 samples (flags = 0x41)
0  ----------------O                                                         (16 = 100.0%)

Histogram: Net.SSL_Connection_Latency_2 recorded 16 samples, mean = 247.4 (flags = 0x41)
0    ... 
56   -O                                                                        (1 = 6.2%) {0.0%}
62   --O                                                                       (2 = 12.5%) {6.2%}
68   ... 
122  -O                                                                        (1 = 6.2%) {18.8%}
135  ... 
181  -O                                                                        (1 = 6.2%) {25.0%}
200  -O                                                                        (1 = 6.2%) {31.2%}
221  ---O                                                                      (3 = 18.8%) {37.5%}
244  ---O                                                                      (3 = 18.8%) {56.2%}
269  ... 
362  -O                                                                        (1 = 6.2%) {75.0%}
399  -O                                                                        (1 = 6.2%) {81.2%}
440  -O                                                                        (1 = 6.2%) {87.5%}
485  -O                                                                        (1 = 6.2%) {93.8%}
535  ... 

Histogram: Net.SSL_KeyExchange.ECDHE recorded 16 samples (flags = 0x41)
29     ------------O                                                             (12 = 75.0%)
25497  ----O                                                                     (4 = 25.0%)

Histogram: Net.SharedDictionaryStorageOnDisk.IsMetadataReadyOnFirstUse recorded 1 samples, mean = 1.0 (flags = 0x41)
0  O                                                                         (0 = 0.0%)
1  -O                                                                        (1 = 100.0%) {0.0%}
2  O                                                                         (0 = 0.0%) {100.0%}

Histogram: Net.SharedDictionaryStorageOnDisk.MetadataReadTime.Empty recorded 1 samples, mean = 1.0 (flags = 0x41)
0  O                                                                         (0 = 0.0%)
1  -O                                                                        (1 = 100.0%) {0.0%}
2  ... 

Histogram: Net.SharedDictionaryStore.DeleteExpiredDictionaries.Error recorded 2 samples, mean = 0.0 (flags = 0x41)
0  --O                                                                       (2 = 100.0%)
1  ... 

Histogram: Net.SharedDictionaryStore.GetDictionaries.Error recorded 1 samples, mean = 0.0 (flags = 0x41)
0  -O                                                                        (1 = 100.0%)
1  ... 

Histogram: Net.SharedDictionaryStore.ProcessEviction.Error recorded 1 samples, mean = 0.0 (flags = 0x41)
0  -O                                                                        (1 = 100.0%)
1  ... 

Histogram: Net.SpdyFrameStreamAndSessionFlowControlState recorded 1 samples, mean = 0.0 (flags = 0x41)
0  -O                                                                        (1 = 100.0%)
1  ... 

Histogram: Net.SpdyHeadersCompressionPercentage recorded 54 samples, mean = 77.9 (flags = 0x41)
0   ... 
32  -O                                                                        (1 = 1.9%) {0.0%}
33  -O                                                                        (1 = 1.9%) {1.9%}
34  -O                                                                        (1 = 1.9%) {3.7%}
35  ... 
40  --O                                                                       (2 = 3.7%) {5.6%}
41  -O                                                                        (1 = 1.9%) {9.3%}
42  O                                                                         (0 = 0.0%) {11.1%}
43  -O                                                                        (1 = 1.9%) {11.1%}
44  ... 
49  ---O                                                                      (3 = 5.6%) {13.0%}
50  ... 
60  --O                                                                       (2 = 3.7%) {18.5%}
61  -------O                                                                  (7 = 13.0%) {22.2%}
62  -O                                                                        (1 = 1.9%) {35.2%}
63  ... 
80  -O                                                                        (1 = 1.9%) {37.0%}
81  ... 
84  --O                                                                       (2 = 3.7%) {38.9%}
85  ... 
92  ---O                                                                      (3 = 5.6%) {42.6%}
93  -O                                                                        (1 = 1.9%) {48.1%}
94  --O                                                                       (2 = 3.7%) {50.0%}
95  ------------------O                                                       (18 = 33.3%) {53.7%}
96  -------O                                                                  (7 = 13.0%) {87.0%}
97  ... 

Histogram: Net.SpdyResponseCode recorded 54 samples (flags = 0x41)
200  ---------------------------------------------------O                      (51 = 94.4%)
204  -O                                                                        (1 = 1.9%)
302  -O                                                                        (1 = 1.9%)
304  -O                                                                        (1 = 1.9%)

Histogram: Net.SpdySession.AcceptChForOrigin recorded 54 samples, mean = 0.3 (flags = 0x41)
0  ----------------------------------------O                                 (40 = 74.1%)
1  --------------O                                                           (14 = 25.9%) {74.1%}
2  O                                                                         (0 = 0.0%) {100.0%}

Histogram: Net.SpdySession.AlpsAcceptChEntries recorded 4 samples, mean = 1.0 (flags = 0x41)
0  O                                                                         (0 = 0.0%)
1  ----O                                                                     (4 = 100.0%) {0.0%}
2  ... 

Histogram: Net.SpdySession.AlpsDecoderStatus recorded 4 samples, mean = 0.0 (flags = 0x41)
0  ----O                                                                     (4 = 100.0%)
1  ... 

Histogram: Net.SpdySession.AlpsDecoderStatus.Bypassed recorded 4 samples, mean = 0.0 (flags = 0x41)
0  ----O                                                                     (4 = 100.0%)
1  ... 

Histogram: Net.SpdySession.AlpsSettingParameterCount recorded 4 samples, mean = 0.0 (flags = 0x41)
0  ----O                                                                     (4 = 100.0%)
1  ... 

Histogram: Net.SpdySession.ClosedOnError recorded 10 samples (flags = 0x41)
0  ----------O                                                               (10 = 100.0%)

Histogram: Net.SpdySession.CreateStreamWithSocketConnected recorded 54 samples, mean = 1.0 (flags = 0x41)
0  O                                                                         (0 = 0.0%)
1  ------------------------------------------------------O                   (54 = 100.0%) {0.0%}
2  O                                                                         (0 = 0.0%) {100.0%}

Histogram: Net.SpdySession.GoAwayReceived recorded 10 samples (flags = 0x41)
0  ----------O                                                               (10 = 100.0%)

Histogram: Net.SpdySession.OnSettings.ActiveStreamCount2 recorded 10 samples, mean = 3.6 (flags = 0x41)
0   O                                                                         (0 = 0.0%)
1   ---------O                                                                (9 = 90.0%) {0.0%}
2   ... 
26  -O                                                                        (1 = 10.0%) {90.0%}
29  ... 

Histogram: Net.SpdySession.OnSettings.CreatedAndActiveStreamCount2 recorded 10 samples, mean = 3.6 (flags = 0x41)
0   O                                                                         (0 = 0.0%)
1   ---------O                                                                (9 = 90.0%) {0.0%}
2   ... 
26  -O                                                                        (1 = 10.0%) {90.0%}
29  ... 

Histogram: Net.SpdySession.OnSettings.CreatedStreamCount2 recorded 10 samples, mean = 0.0 (flags = 0x41)
0  ----------O                                                               (10 = 100.0%)
1  ... 

Histogram: Net.SpdySession.OnSettings.PendingStreamCount2 recorded 10 samples, mean = 0.0 (flags = 0x41)
0  ----------O                                                               (10 = 100.0%)
1  ... 

Histogram: Net.SpdySession.ServerSupportsWebSocket recorded 10 samples, mean = 0.0 (flags = 0x41)
0  ----------O                                                               (10 = 100.0%)
1  ... 

Histogram: Net.SpdySessionErrorDetails2 recorded 1 samples, mean = 15.0 (flags = 0x41)
0   ... 
15  -O                                                                        (1 = 100.0%) {0.0%}
16  ... 

Histogram: Net.SpdySessionGet recorded 28 samples, mean = 1.7 (flags = 0x41)
0  O                                                                         (0 = 0.0%)
1  ------------------O                                                       (18 = 64.3%) {0.0%}
2  O                                                                         (0 = 0.0%) {64.3%}
3  ----------O                                                               (10 = 35.7%) {64.3%}
4  O                                                                         (0 = 0.0%) {100.0%}

Histogram: Net.SpdyStreamsAbandonedPerSession recorded 10 samples, mean = 0.0 (flags = 0x41)
0  ----------O                                                               (10 = 100.0%)
1  ... 

Histogram: Net.SpdyStreamsPerSession recorded 10 samples, mean = 5.4 (flags = 0x41)
0   O                                                                         (0 = 0.0%)
1   ------O                                                                   (6 = 60.0%) {0.0%}
2   -O                                                                        (1 = 10.0%) {60.0%}
3   ... 
5   -O                                                                        (1 = 10.0%) {70.0%}
6   ... 
11  -O                                                                        (1 = 10.0%) {80.0%}
12  ... 
30  -O                                                                        (1 = 10.0%) {90.0%}
33  ... 

Histogram: Net.TCP_Connection_Latency recorded 16 samples, mean = 64.9 (flags = 0x41)
0    ... 
9    -O                                                                        (1 = 6.2%) {0.0%}
10   --O                                                                       (2 = 12.5%) {6.2%}
11   --O                                                                       (2 = 12.5%) {18.8%}
12   O                                                                         (0 = 0.0%) {31.2%}
14   -O                                                                        (1 = 6.2%) {31.2%}
16   -O                                                                        (1 = 6.2%) {37.5%}
18   ... 
42   ---O                                                                      (3 = 18.8%) {43.8%}
48   O                                                                         (0 = 0.0%) {62.5%}
54   -O                                                                        (1 = 6.2%) {62.5%}
61   ... 
88   -O                                                                        (1 = 6.2%) {68.8%}
100  O                                                                         (0 = 0.0%) {75.0%}
113  --O                                                                       (2 = 12.5%) {75.0%}
128  ... 
186  -O                                                                        (1 = 6.2%) {87.5%}
211  -O                                                                        (1 = 6.2%) {93.8%}
239  ... 

Histogram: Net.TcpConnectAttempt.Latency.Success recorded 16 samples, mean = 64.7 (flags = 0x41)
0    -O                                                                        (1 = 6.2%)
10   ----O                                                                     (4 = 25.0%) {6.2%}
12   -O                                                                        (1 = 6.2%) {31.2%}
15   -O                                                                        (1 = 6.2%) {37.5%}
18   ... 
41   ---O                                                                      (3 = 18.8%) {43.8%}
50   -O                                                                        (1 = 6.2%) {62.5%}
61   ... 
92   -O                                                                        (1 = 6.2%) {68.8%}
113  --O                                                                       (2 = 12.5%) {75.0%}
139  O                                                                         (0 = 0.0%) {87.5%}
171  -O                                                                        (1 = 6.2%) {87.5%}
210  -O                                                                        (1 = 6.2%) {93.8%}
258  ... 

Histogram: Net.UDPSocketWinClose recorded 99 samples, mean = 0.0 (flags = 0x41)
0  ------------------------------------------------------------------------O (99 = 100.0%)
1  ... 

Histogram: Net.URLLoaderThrottle.OnReceiveResponseTime recorded 49 samples, mean = 0.2 (flags = 0x41)
0  ----------------------------------------------O                           (46 = 93.9%)
1  O                                                                         (0 = 0.0%) {93.9%}
2  --O                                                                       (2 = 4.1%) {93.9%}
3  ... 
7  -O                                                                        (1 = 2.0%) {98.0%}
8  ... 

Histogram: Net.URLLoaderThrottleExecutionTime.BeforeWillProcessResponse recorded 247 samples, mean = 0.0 (flags = 0x41)
0  ------------------------------------------------------------------------O (247 = 100.0%)
1  ... 

Histogram: Net.URLLoaderThrottleExecutionTime.WillOnCompleteWithError recorded 20 samples, mean = 0.0 (flags = 0x41)
0  --------------------O                                                     (20 = 100.0%)
1  ... 

Histogram: Net.URLLoaderThrottleExecutionTime.WillProcessResponse recorded 247 samples, mean = 0.0 (flags = 0x41)
0  ------------------------------------------------------------------------O (247 = 100.0%)
1  ... 

Histogram: Net.URLLoaderThrottleExecutionTime.WillRedirectRequest recorded 10 samples, mean = 0.0 (flags = 0x41)
0  ----------O                                                               (10 = 100.0%)
1  ... 

Histogram: Net.URLLoaderThrottleExecutionTime.WillStartRequest recorded 267 samples, mean = 0.0 (flags = 0x41)
0  ------------------------------------------------------------------------O (267 = 100.0%)
1  ... 

Histogram: Net.URLRequest.ReferrerHasInformativePath.CrossOrigin recorded 94 samples, mean = 0.0 (flags = 0x41)
0  ------------------------------------------------------------------------O (94 = 100.0%)
1  ... 

Histogram: Net.URLRequest.ReferrerHasInformativePath.SameOrigin recorded 12 samples, mean = 1.0 (flags = 0x41)
0  O                                                                         (0 = 0.0%)
1  ------------O                                                             (12 = 100.0%) {0.0%}
2  O                                                                         (0 = 0.0%) {100.0%}

Histogram: Net.URLRequest.ReferrerPolicyForRequest.CrossOrigin recorded 94 samples, mean = 1.0 (flags = 0x41)
0  --------------------------------------O                                   (38 = 40.4%)
1  -------------------------------------------O                              (43 = 45.7%) {40.4%}
2  O                                                                         (0 = 0.0%) {86.2%}
3  ----------O                                                               (10 = 10.6%) {86.2%}
4  ... 
7  ---O                                                                      (3 = 3.2%) {96.8%}
8  O                                                                         (0 = 0.0%) {100.0%}

Histogram: Net.URLRequest.ReferrerPolicyForRequest.SameOrigin recorded 12 samples, mean = 1.0 (flags = 0x41)
0  O                                                                         (0 = 0.0%)
1  ------------O                                                             (12 = 100.0%) {0.0%}
2  ... 

Histogram: Network.Mdns.Googlecast recorded 15 samples, mean = 0.0 (flags = 0x41)
0  ---------------O                                                          (15 = 100.0%)
1  ... 

Histogram: NetworkService.DeletedOldCacheData recorded 1 samples, mean = 0.0 (flags = 0x41)
0  -O                                                                        (1 = 100.0%)
1  ... 

Histogram: NetworkService.GrantSandboxResult recorded 3 samples, mean = 9.0 (flags = 0x41)
0   ... 
7   -O                                                                        (1 = 33.3%) {0.0%}
8   ... 
10  --O                                                                       (2 = 66.7%) {33.3%}
11  ... 

Histogram: NetworkService.NetworkLoaderCompletionTime2.DiskCache recorded 3 samples, mean = 176.3 (flags = 0x41)
0    ... 
14   -O                                                                        (1 = 33.3%) {0.0%}
17   ... 
160  -O                                                                        (1 = 33.3%) {33.3%}
190  ... 
318  -O                                                                        (1 = 33.3%) {66.7%}
378  ... 

Histogram: NetworkService.NetworkLoaderCompletionTime2.Network recorded 56 samples, mean = 365.2 (flags = 0x41)
0    ... 
17   -O                                                                        (1 = 1.8%) {0.0%}
20   ---O                                                                      (3 = 5.4%) {1.8%}
24   --O                                                                       (2 = 3.6%) {7.1%}
29   O                                                                         (0 = 0.0%) {10.7%}
34   -O                                                                        (1 = 1.8%) {10.7%}
40   -O                                                                        (1 = 1.8%) {12.5%}
48   -O                                                                        (1 = 1.8%) {14.3%}
57   ... 
190  -O                                                                        (1 = 1.8%) {16.1%}
226  --O                                                                       (2 = 3.6%) {17.9%}
268  ---O                                                                      (3 = 5.4%) {21.4%}
318  ---------------O                                                          (15 = 26.8%) {26.8%}
378  --------------O                                                           (14 = 25.0%) {53.6%}
449  --O                                                                       (2 = 3.6%) {78.6%}
533  ----O                                                                     (4 = 7.1%) {82.1%}
633  -----O                                                                    (5 = 8.9%) {89.3%}
752  -O                                                                        (1 = 1.8%) {98.2%}
894  ... 

Histogram: NetworkService.TimeToGrantCacheAccess recorded 1 samples, mean = 356.0 (flags = 0x41)
0    ... 
318  -O                                                                        (1 = 100.0%) {0.0%}
378  ... 

Histogram: NetworkService.TimeToGrantDataAccess recorded 2 samples, mean = 2.5 (flags = 0x41)
0  O                                                                         (0 = 0.0%)
1  -O                                                                        (1 = 50.0%) {0.0%}
2  ... 
4  -O                                                                        (1 = 50.0%) {50.0%}
5  ... 

Histogram: NetworkService.TimeToGrantSharedDictionaryAccess recorded 1 samples, mean = 4.0 (flags = 0x41)
0  ... 
4  -O                                                                        (1 = 100.0%) {0.0%}
5  ... 

Histogram: NetworkedProfile.Check recorded 1 samples, mean = 4.0 (flags = 0x41)
0  ... 
4  -O                                                                        (1 = 100.0%) {0.0%}
5  ... 

Histogram: NewTabPage.MostVisited.DeciScore.0.Local recorded 1 samples, mean = 89.0 (flags = 0x41)
0   ... 
86  -O                                                                        (1 = 100.0%) {0.0%}
113 ... 

Histogram: NewTabPage.MostVisited.DeciScore.1.Local recorded 1 samples, mean = 89.0 (flags = 0x41)
0   ... 
86  -O                                                                        (1 = 100.0%) {0.0%}
113 ... 

Histogram: Notifications.UsingSystemNotificationCenter recorded 1 samples, mean = 0.0 (flags = 0x41)
0  -O                                                                        (1 = 100.0%)
1  ... 

Histogram: Notifications.Windows.GetDisplayedStatus recorded 1 samples, mean = 0.0 (flags = 0x41)
0  -O                                                                        (1 = 100.0%)
1  ... 

Histogram: Notifications.Windows.GetSettingPolicyStartup recorded 1 samples, mean = 2.0 (flags = 0x41)
0  ... 
2  -O                                                                        (1 = 100.0%) {0.0%}
3  ... 

Histogram: Notifications.Windows.GetSettingStatusStartup recorded 1 samples, mean = 0.0 (flags = 0x41)
0  -O                                                                        (1 = 100.0%)
1  ... 

Histogram: Notifications.Windows.HistoryStatus recorded 1 samples, mean = 0.0 (flags = 0x41)
0  -O                                                                        (1 = 100.0%)
1  ... 

Histogram: Notifications.Windows.SetReadyCallbackStatus2 recorded 1 samples, mean = 3.0 (flags = 0x41)
0  ... 
3  -O                                                                        (1 = 100.0%) {0.0%}
4  ... 

Histogram: Notifications.Windows.StartMenuShortcutStatus recorded 1 samples, mean = 2.0 (flags = 0x41)
0  ... 
2  -O                                                                        (1 = 100.0%) {0.0%}
3  ... 

Histogram: OSCrypt.AppBoundEncryption.SupportLevel recorded 1 samples, mean = 4.0 (flags = 0x41)
0  ... 
4  -O                                                                        (1 = 100.0%) {0.0%}
5  ... 

Histogram: OSCrypt.AppBoundProvider.KeyRetrieval.Status recorded 1 samples, mean = 1.0 (flags = 0x41)
0  O                                                                         (0 = 0.0%)
1  -O                                                                        (1 = 100.0%) {0.0%}
2  ... 

Histogram: OSCrypt.AsyncInitialization.Result recorded 1 samples, mean = 1.0 (flags = 0x41)
0  O                                                                         (0 = 0.0%)
1  -O                                                                        (1 = 100.0%) {0.0%}
2  O                                                                         (0 = 0.0%) {100.0%}

Histogram: OSCrypt.AsyncInitialization.Time recorded 1 samples, mean = 1.0 (flags = 0x41)
0  O                                                                         (0 = 0.0%)
1  -O                                                                        (1 = 100.0%) {0.0%}
2  ... 

Histogram: OSCrypt.DPAPIProvider.Status recorded 1 samples, mean = 0.0 (flags = 0x41)
0  -O                                                                        (1 = 100.0%)
1  ... 

Histogram: OSCrypt.Win.Decrypt.Result recorded 1 samples, mean = 1.0 (flags = 0x41)
0  O                                                                         (0 = 0.0%)
1  -O                                                                        (1 = 100.0%) {0.0%}
2  O                                                                         (0 = 0.0%) {100.0%}

Histogram: OSCrypt.Win.Decrypt.Time recorded 1 samples, mean = 0.0 (flags = 0x41)
0  -O                                                                        (1 = 100.0%)
1  ... 

Histogram: Omnibox.TemplateUrl.RlzPresent recorded 29 samples, mean = 0.0 (flags = 0x41)
0  -----------------------------O                                            (29 = 100.0%)
1  ... 

Histogram: Omnibox.TemplateUrl.SearchClientPresent recorded 29 samples, mean = 0.0 (flags = 0x41)
0  -----------------------------O                                            (29 = 100.0%)
1  ... 

Histogram: OptimizationGuide.ApplyDecision.AboutThisSite recorded 1 samples, mean = 8.0 (flags = 0x41)
0  ... 
8  -O                                                                        (1 = 100.0%) {0.0%}
9  ... 

Histogram: OptimizationGuide.ApplyDecision.V8CompileHints recorded 1 samples, mean = 8.0 (flags = 0x41)
0  ... 
8  -O                                                                        (1 = 100.0%) {0.0%}
9  ... 

Histogram: OptimizationGuide.HintCacheLevelDBStore.LoadMetadataResult recorded 1 samples, mean = 6.0 (flags = 0x41)
0  ... 
6  -O                                                                        (1 = 100.0%) {0.0%}
7  O                                                                         (0 = 0.0%) {100.0%}

Histogram: OptimizationGuide.HintCacheLevelDBStore.Status recorded 3 samples, mean = 1.0 (flags = 0x41)
0  -O                                                                        (1 = 33.3%)
1  -O                                                                        (1 = 33.3%) {33.3%}
2  -O                                                                        (1 = 33.3%) {66.7%}
3  ... 

Histogram: OptimizationGuide.HintsManager.HintCacheInitialized recorded 1 samples, mean = 1.0 (flags = 0x40)
0  O                                                                         (0 = 0.0%)
1  -O                                                                        (1 = 100.0%) {0.0%}
2  O                                                                         (0 = 0.0%) {100.0%}

Histogram: OptimizationGuide.LoadedHint.Result recorded 3 samples, mean = 0.0 (flags = 0x40)
0  ---O                                                                      (3 = 100.0%)
1  ... 

Histogram: OptimizationGuide.ModelExecution.FeatureCurrentlyEnabledResult.Compose recorded 1 samples, mean = 1.0 (flags = 0x41)
0  O                                                                         (0 = 0.0%)
1  -O                                                                        (1 = 100.0%) {0.0%}
2  ... 

Histogram: OptimizationGuide.ModelExecution.FeatureCurrentlyEnabledResult.HistorySearch recorded 2 samples, mean = 3.0 (flags = 0x41)
0  ... 
3  --O                                                                       (2 = 100.0%) {0.0%}
4  ... 

Histogram: OptimizationGuide.ModelExecution.FeatureCurrentlyEnabledResult.TabOrganization recorded 1 samples, mean = 3.0 (flags = 0x41)
0  ... 
3  -O                                                                        (1 = 100.0%) {0.0%}
4  ... 

Histogram: OptimizationGuide.ModelExecution.FeatureCurrentlyEnabledResult.WallpaperSearch recorded 1 samples, mean = 1.0 (flags = 0x41)
0  O                                                                         (0 = 0.0%)
1  -O                                                                        (1 = 100.0%) {0.0%}
2  ... 

Histogram: OptimizationGuide.ModelExecution.FeatureEnabledAtStartup.Compose recorded 1 samples, mean = 0.0 (flags = 0x41)
0  -O                                                                        (1 = 100.0%)
1  ... 

Histogram: OptimizationGuide.ModelExecution.FeatureEnabledAtStartup.HistorySearch recorded 1 samples, mean = 0.0 (flags = 0x41)
0  -O                                                                        (1 = 100.0%)
1  ... 

Histogram: OptimizationGuide.ModelExecution.FeatureEnabledAtStartup.TabOrganization recorded 1 samples, mean = 0.0 (flags = 0x41)
0  -O                                                                        (1 = 100.0%)
1  ... 

Histogram: OptimizationGuide.ModelExecution.FeatureEnabledAtStartup.WallpaperSearch recorded 1 samples, mean = 0.0 (flags = 0x41)
0  -O                                                                        (1 = 100.0%)
1  ... 

Histogram: OptimizationGuide.ModelExecution.OnDeviceModelInstallCriteria.AtRegistration.All recorded 1 samples, mean = 0.0 (flags = 0x41)
0  -O                                                                        (1 = 100.0%)
1  ... 

Histogram: OptimizationGuide.ModelExecution.OnDeviceModelInstallCriteria.AtRegistration.DeviceCapability recorded 1 samples, mean = 0.0 (flags = 0x41)
0  -O                                                                        (1 = 100.0%)
1  ... 

Histogram: OptimizationGuide.ModelExecution.OnDeviceModelInstallCriteria.AtRegistration.DiskSpace recorded 1 samples, mean = 1.0 (flags = 0x41)
0  O                                                                         (0 = 0.0%)
1  -O                                                                        (1 = 100.0%) {0.0%}
2  O                                                                         (0 = 0.0%) {100.0%}

Histogram: OptimizationGuide.ModelExecution.OnDeviceModelInstallCriteria.AtRegistration.EnabledByEnterprisePolicy recorded 1 samples, mean = 1.0 (flags = 0x41)
0  O                                                                         (0 = 0.0%)
1  -O                                                                        (1 = 100.0%) {0.0%}
2  O                                                                         (0 = 0.0%) {100.0%}

Histogram: OptimizationGuide.ModelExecution.OnDeviceModelInstallCriteria.AtRegistration.EnabledByFeature recorded 1 samples, mean = 0.0 (flags = 0x41)
0  -O                                                                        (1 = 100.0%)
1  ... 

Histogram: OptimizationGuide.ModelExecution.OnDeviceModelInstallCriteria.AtRegistration.FeatureUse recorded 1 samples, mean = 0.0 (flags = 0x41)
0  -O                                                                        (1 = 100.0%)
1  ... 

Histogram: OptimizationGuide.ModelHandler.HandlerCreated.GeolocationPermissions recorded 1 samples, mean = 1.0 (flags = 0x41)
0  O                                                                         (0 = 0.0%)
1  -O                                                                        (1 = 100.0%) {0.0%}
2  O                                                                         (0 = 0.0%) {100.0%}

Histogram: OptimizationGuide.ModelHandler.HandlerCreated.NewTabPageHistoryClustersModuleRanking recorded 1 samples, mean = 1.0 (flags = 0x41)
0  O                                                                         (0 = 0.0%)
1  -O                                                                        (1 = 100.0%) {0.0%}
2  O                                                                         (0 = 0.0%) {100.0%}

Histogram: OptimizationGuide.ModelHandler.HandlerCreated.NotificationPermissions recorded 1 samples, mean = 1.0 (flags = 0x41)
0  O                                                                         (0 = 0.0%)
1  -O                                                                        (1 = 100.0%) {0.0%}
2  O                                                                         (0 = 0.0%) {100.0%}

Histogram: OptimizationGuide.ModelHandler.HandlerCreated.OmniboxUrlScoring recorded 1 samples, mean = 1.0 (flags = 0x41)
0  O                                                                         (0 = 0.0%)
1  -O                                                                        (1 = 100.0%) {0.0%}
2  O                                                                         (0 = 0.0%) {100.0%}

Histogram: OptimizationGuide.ModelHandler.HandlerCreated.PageTopicsV2 recorded 1 samples, mean = 1.0 (flags = 0x41)
0  O                                                                         (0 = 0.0%)
1  -O                                                                        (1 = 100.0%) {0.0%}
2  O                                                                         (0 = 0.0%) {100.0%}

Histogram: OptimizationGuide.ModelHandler.HandlerCreated.SegmentationChromeLowUserEngagement recorded 1 samples, mean = 1.0 (flags = 0x41)
0  O                                                                         (0 = 0.0%)
1  -O                                                                        (1 = 100.0%) {0.0%}
2  O                                                                         (0 = 0.0%) {100.0%}

Histogram: OptimizationGuide.ModelHandler.HandlerCreated.SegmentationComposePromotion recorded 1 samples, mean = 1.0 (flags = 0x41)
0  O                                                                         (0 = 0.0%)
1  -O                                                                        (1 = 100.0%) {0.0%}
2  O                                                                         (0 = 0.0%) {100.0%}

Histogram: OptimizationGuide.ModelHandler.HandlerCreated.SegmentationDeviceSwitcher recorded 1 samples, mean = 1.0 (flags = 0x41)
0  O                                                                         (0 = 0.0%)
1  -O                                                                        (1 = 100.0%) {0.0%}
2  O                                                                         (0 = 0.0%) {100.0%}

Histogram: OptimizationGuide.ModelHandler.HandlerCreated.SegmentationSearchUser recorded 1 samples, mean = 1.0 (flags = 0x41)
0  O                                                                         (0 = 0.0%)
1  -O                                                                        (1 = 100.0%) {0.0%}
2  O                                                                         (0 = 0.0%) {100.0%}

Histogram: OptimizationGuide.ModelHandler.HandlerCreated.SegmentationShoppingUser recorded 1 samples, mean = 1.0 (flags = 0x41)
0  O                                                                         (0 = 0.0%)
1  -O                                                                        (1 = 100.0%) {0.0%}
2  O                                                                         (0 = 0.0%) {100.0%}

Histogram: OptimizationGuide.ModelHandler.HandlerCreated.URLVisitResumptionRanker recorded 1 samples, mean = 1.0 (flags = 0x41)
0  O                                                                         (0 = 0.0%)
1  -O                                                                        (1 = 100.0%) {0.0%}
2  O                                                                         (0 = 0.0%) {100.0%}

Histogram: OptimizationGuide.ModelHandler.HandlerCreated.WebAppInstallationPromo recorded 1 samples, mean = 1.0 (flags = 0x41)
0  O                                                                         (0 = 0.0%)
1  -O                                                                        (1 = 100.0%) {0.0%}
2  O                                                                         (0 = 0.0%) {100.0%}

Histogram: OptimizationGuide.PageContentAnnotations.AnnotateVisitResultCached recorded 3 samples, mean = 0.0 (flags = 0x41)
0  ---O                                                                      (3 = 100.0%)
1  ... 

Histogram: OptimizationGuide.PageContentAnnotationsService.ContentAnnotated recorded 3 samples, mean = 0.0 (flags = 0x41)
0  ---O                                                                      (3 = 100.0%)
1  ... 

Histogram: OptimizationGuide.PredictionManager.DownloadServiceAvailabilityBlockedFetch recorded 9 samples, mean = 0.0 (flags = 0x41)
0  ---------O                                                                (9 = 100.0%)
1  ... 

Histogram: OptimizationGuide.PredictionManager.FirstModelFetchSinceServiceInit recorded 1 samples, mean = 9983.0 (flags = 0x41)
0     ... 
8000  -O                                                                        (1 = 100.0%) {0.0%}
10165 ... 

Histogram: OptimizationGuide.PredictionManager.ModelAvailableAtRegistration.ClientSidePhishing recorded 1 samples, mean = 0.0 (flags = 0x41)
0  -O                                                                        (1 = 100.0%)
1  ... 

Histogram: OptimizationGuide.PredictionManager.ModelAvailableAtRegistration.GeolocationPermissions recorded 1 samples, mean = 0.0 (flags = 0x41)
0  -O                                                                        (1 = 100.0%)
1  ... 

Histogram: OptimizationGuide.PredictionManager.ModelAvailableAtRegistration.LanguageDetection recorded 2 samples, mean = 0.0 (flags = 0x41)
0  --O                                                                       (2 = 100.0%)
1  ... 

Histogram: OptimizationGuide.PredictionManager.ModelAvailableAtRegistration.NewTabPageHistoryClustersModuleRanking recorded 1 samples, mean = 0.0 (flags = 0x41)
0  -O                                                                        (1 = 100.0%)
1  ... 

Histogram: OptimizationGuide.PredictionManager.ModelAvailableAtRegistration.NotificationPermissions recorded 1 samples, mean = 0.0 (flags = 0x41)
0  -O                                                                        (1 = 100.0%)
1  ... 

Histogram: OptimizationGuide.PredictionManager.ModelAvailableAtRegistration.OmniboxUrlScoring recorded 1 samples, mean = 0.0 (flags = 0x41)
0  -O                                                                        (1 = 100.0%)
1  ... 

Histogram: OptimizationGuide.PredictionManager.ModelAvailableAtRegistration.PageTopicsV2 recorded 1 samples, mean = 0.0 (flags = 0x41)
0  -O                                                                        (1 = 100.0%)
1  ... 

Histogram: OptimizationGuide.PredictionManager.ModelAvailableAtRegistration.SegmentationChromeLowUserEngagement recorded 1 samples, mean = 0.0 (flags = 0x41)
0  -O                                                                        (1 = 100.0%)
1  ... 

Histogram: OptimizationGuide.PredictionManager.ModelAvailableAtRegistration.SegmentationComposePromotion recorded 1 samples, mean = 0.0 (flags = 0x41)
0  -O                                                                        (1 = 100.0%)
1  ... 

Histogram: OptimizationGuide.PredictionManager.ModelAvailableAtRegistration.SegmentationDeviceSwitcher recorded 1 samples, mean = 0.0 (flags = 0x41)
0  -O                                                                        (1 = 100.0%)
1  ... 

Histogram: OptimizationGuide.PredictionManager.ModelAvailableAtRegistration.SegmentationSearchUser recorded 1 samples, mean = 0.0 (flags = 0x41)
0  -O                                                                        (1 = 100.0%)
1  ... 

Histogram: OptimizationGuide.PredictionManager.ModelAvailableAtRegistration.SegmentationShoppingUser recorded 1 samples, mean = 0.0 (flags = 0x41)
0  -O                                                                        (1 = 100.0%)
1  ... 

Histogram: OptimizationGuide.PredictionManager.ModelAvailableAtRegistration.TextSafety recorded 1 samples, mean = 0.0 (flags = 0x41)
0  -O                                                                        (1 = 100.0%)
1  ... 

Histogram: OptimizationGuide.PredictionManager.ModelAvailableAtRegistration.URLVisitResumptionRanker recorded 1 samples, mean = 0.0 (flags = 0x41)
0  -O                                                                        (1 = 100.0%)
1  ... 

Histogram: OptimizationGuide.PredictionManager.ModelAvailableAtRegistration.VisualSearchClassification recorded 1 samples, mean = 0.0 (flags = 0x41)
0  -O                                                                        (1 = 100.0%)
1  ... 

Histogram: OptimizationGuide.PredictionManager.ModelAvailableAtRegistration.WebAppInstallationPromo recorded 1 samples, mean = 0.0 (flags = 0x41)
0  -O                                                                        (1 = 100.0%)
1  ... 

Histogram: OptimizationGuide.PredictionManager.ModelDeliveryEvents.ClientSidePhishing recorded 18 samples, mean = 5.5 (flags = 0x41)
0  ... 
3  ---------O                                                                (9 = 50.0%) {0.0%}
4  ... 
8  ---------O                                                                (9 = 50.0%) {50.0%}
9  ... 

Histogram: OptimizationGuide.PredictionManager.ModelDeliveryEvents.GeolocationPermissions recorded 18 samples, mean = 5.5 (flags = 0x41)
0  ... 
3  ---------O                                                                (9 = 50.0%) {0.0%}
4  ... 
8  ---------O                                                                (9 = 50.0%) {50.0%}
9  ... 

Histogram: OptimizationGuide.PredictionManager.ModelDeliveryEvents.LanguageDetection recorded 18 samples, mean = 5.5 (flags = 0x41)
0  ... 
3  ---------O                                                                (9 = 50.0%) {0.0%}
4  ... 
8  ---------O                                                                (9 = 50.0%) {50.0%}
9  ... 

Histogram: OptimizationGuide.PredictionManager.ModelDeliveryEvents.NewTabPageHistoryClustersModuleRanking recorded 18 samples, mean = 5.5 (flags = 0x41)
0  ... 
3  ---------O                                                                (9 = 50.0%) {0.0%}
4  ... 
8  ---------O                                                                (9 = 50.0%) {50.0%}
9  ... 

Histogram: OptimizationGuide.PredictionManager.ModelDeliveryEvents.NotificationPermissions recorded 18 samples, mean = 5.5 (flags = 0x41)
0  ... 
3  ---------O                                                                (9 = 50.0%) {0.0%}
4  ... 
8  ---------O                                                                (9 = 50.0%) {50.0%}
9  ... 

Histogram: OptimizationGuide.PredictionManager.ModelDeliveryEvents.OmniboxUrlScoring recorded 18 samples, mean = 5.5 (flags = 0x41)
0  ... 
3  ---------O                                                                (9 = 50.0%) {0.0%}
4  ... 
8  ---------O                                                                (9 = 50.0%) {50.0%}
9  ... 

Histogram: OptimizationGuide.PredictionManager.ModelDeliveryEvents.PageTopicsV2 recorded 18 samples, mean = 5.5 (flags = 0x41)
0  ... 
3  ---------O                                                                (9 = 50.0%) {0.0%}
4  ... 
8  ---------O                                                                (9 = 50.0%) {50.0%}
9  ... 

Histogram: OptimizationGuide.PredictionManager.ModelDeliveryEvents.SegmentationChromeLowUserEngagement recorded 18 samples, mean = 5.5 (flags = 0x41)
0  ... 
3  ---------O                                                                (9 = 50.0%) {0.0%}
4  ... 
8  ---------O                                                                (9 = 50.0%) {50.0%}
9  ... 

Histogram: OptimizationGuide.PredictionManager.ModelDeliveryEvents.SegmentationComposePromotion recorded 18 samples, mean = 5.5 (flags = 0x41)
0  ... 
3  ---------O                                                                (9 = 50.0%) {0.0%}
4  ... 
8  ---------O                                                                (9 = 50.0%) {50.0%}
9  ... 

Histogram: OptimizationGuide.PredictionManager.ModelDeliveryEvents.SegmentationDeviceSwitcher recorded 18 samples, mean = 5.5 (flags = 0x41)
0  ... 
3  ---------O                                                                (9 = 50.0%) {0.0%}
4  ... 
8  ---------O                                                                (9 = 50.0%) {50.0%}
9  ... 

Histogram: OptimizationGuide.PredictionManager.ModelDeliveryEvents.SegmentationSearchUser recorded 18 samples, mean = 5.5 (flags = 0x41)
0  ... 
3  ---------O                                                                (9 = 50.0%) {0.0%}
4  ... 
8  ---------O                                                                (9 = 50.0%) {50.0%}
9  ... 

Histogram: OptimizationGuide.PredictionManager.ModelDeliveryEvents.SegmentationShoppingUser recorded 18 samples, mean = 5.5 (flags = 0x41)
0  ... 
3  ---------O                                                                (9 = 50.0%) {0.0%}
4  ... 
8  ---------O                                                                (9 = 50.0%) {50.0%}
9  ... 

Histogram: OptimizationGuide.PredictionManager.ModelDeliveryEvents.TextSafety recorded 18 samples, mean = 5.5 (flags = 0x41)
0  ... 
3  ---------O                                                                (9 = 50.0%) {0.0%}
4  ... 
8  ---------O                                                                (9 = 50.0%) {50.0%}
9  ... 

Histogram: OptimizationGuide.PredictionManager.ModelDeliveryEvents.URLVisitResumptionRanker recorded 18 samples, mean = 5.5 (flags = 0x41)
0  ... 
3  ---------O                                                                (9 = 50.0%) {0.0%}
4  ... 
8  ---------O                                                                (9 = 50.0%) {50.0%}
9  ... 

Histogram: OptimizationGuide.PredictionManager.ModelDeliveryEvents.VisualSearchClassification recorded 18 samples, mean = 5.5 (flags = 0x41)
0  ... 
3  ---------O                                                                (9 = 50.0%) {0.0%}
4  ... 
8  ---------O                                                                (9 = 50.0%) {50.0%}
9  ... 

Histogram: OptimizationGuide.PredictionManager.ModelDeliveryEvents.WebAppInstallationPromo recorded 18 samples, mean = 5.5 (flags = 0x41)
0  ... 
3  ---------O                                                                (9 = 50.0%) {0.0%}
4  ... 
8  ---------O                                                                (9 = 50.0%) {50.0%}
9  ... 

Histogram: OptimizationGuide.PredictionManager.RegistrationTimeSinceServiceInit.ClientSidePhishing recorded 1 samples, mean = 0.0 (flags = 0x41)
0  -O                                                                        (1 = 100.0%)
1  ... 

Histogram: OptimizationGuide.PredictionManager.RegistrationTimeSinceServiceInit.GeolocationPermissions recorded 1 samples, mean = 0.0 (flags = 0x41)
0  -O                                                                        (1 = 100.0%)
1  ... 

Histogram: OptimizationGuide.PredictionManager.RegistrationTimeSinceServiceInit.LanguageDetection recorded 2 samples, mean = 6.5 (flags = 0x41)
0   -O                                                                        (1 = 50.0%)
1   ... 
13  -O                                                                        (1 = 50.0%) {50.0%}
16  ... 

Histogram: OptimizationGuide.PredictionManager.RegistrationTimeSinceServiceInit.NewTabPageHistoryClustersModuleRanking recorded 1 samples, mean = 0.0 (flags = 0x41)
0  -O                                                                        (1 = 100.0%)
1  ... 

Histogram: OptimizationGuide.PredictionManager.RegistrationTimeSinceServiceInit.NotificationPermissions recorded 1 samples, mean = 0.0 (flags = 0x41)
0  -O                                                                        (1 = 100.0%)
1  ... 

Histogram: OptimizationGuide.PredictionManager.RegistrationTimeSinceServiceInit.OmniboxUrlScoring recorded 1 samples, mean = 0.0 (flags = 0x41)
0  -O                                                                        (1 = 100.0%)
1  ... 

Histogram: OptimizationGuide.PredictionManager.RegistrationTimeSinceServiceInit.PageTopicsV2 recorded 1 samples, mean = 0.0 (flags = 0x41)
0  -O                                                                        (1 = 100.0%)
1  ... 

Histogram: OptimizationGuide.PredictionManager.RegistrationTimeSinceServiceInit.SegmentationChromeLowUserEngagement recorded 1 samples, mean = 4915.0 (flags = 0x41)
0     ... 
3900  -O                                                                        (1 = 100.0%) {0.0%}
4955  ... 

Histogram: OptimizationGuide.PredictionManager.RegistrationTimeSinceServiceInit.SegmentationComposePromotion recorded 1 samples, mean = 4915.0 (flags = 0x41)
0     ... 
3900  -O                                                                        (1 = 100.0%) {0.0%}
4955  ... 

Histogram: OptimizationGuide.PredictionManager.RegistrationTimeSinceServiceInit.SegmentationDeviceSwitcher recorded 1 samples, mean = 4915.0 (flags = 0x41)
0     ... 
3900  -O                                                                        (1 = 100.0%) {0.0%}
4955  ... 

Histogram: OptimizationGuide.PredictionManager.RegistrationTimeSinceServiceInit.SegmentationSearchUser recorded 1 samples, mean = 4915.0 (flags = 0x41)
0     ... 
3900  -O                                                                        (1 = 100.0%) {0.0%}
4955  ... 

Histogram: OptimizationGuide.PredictionManager.RegistrationTimeSinceServiceInit.SegmentationShoppingUser recorded 1 samples, mean = 4915.0 (flags = 0x41)
0     ... 
3900  -O                                                                        (1 = 100.0%) {0.0%}
4955  ... 

Histogram: OptimizationGuide.PredictionManager.RegistrationTimeSinceServiceInit.TextSafety recorded 1 samples, mean = 0.0 (flags = 0x41)
0  -O                                                                        (1 = 100.0%)
1  ... 

Histogram: OptimizationGuide.PredictionManager.RegistrationTimeSinceServiceInit.URLVisitResumptionRanker recorded 1 samples, mean = 4915.0 (flags = 0x41)
0     ... 
3900  -O                                                                        (1 = 100.0%) {0.0%}
4955  ... 

Histogram: OptimizationGuide.PredictionManager.RegistrationTimeSinceServiceInit.VisualSearchClassification recorded 1 samples, mean = 0.0 (flags = 0x41)
0  -O                                                                        (1 = 100.0%)
1  ... 

Histogram: OptimizationGuide.PredictionManager.RegistrationTimeSinceServiceInit.WebAppInstallationPromo recorded 1 samples, mean = 4915.0 (flags = 0x41)
0     ... 
3900  -O                                                                        (1 = 100.0%) {0.0%}
4955  ... 

Histogram: OptimizationGuide.PredictionManager.StoreInitialized recorded 1 samples, mean = 1.0 (flags = 0x40)
0  O                                                                         (0 = 0.0%)
1  -O                                                                        (1 = 100.0%) {0.0%}
2  O                                                                         (0 = 0.0%) {100.0%}

Histogram: OptimizationGuide.PredictionManager.SupportedModelEngineVersion recorded 9 samples, mean = 18.0 (flags = 0x40)
0   ... 
18  ---------O                                                                (9 = 100.0%) {0.0%}
19  ... 

Histogram: OptimizationGuide.PredictionModelFetcher.GetModelsResponse.NetErrorCode recorded 9 samples (flags = 0x41)
379  ---------O                                                                (9 = 100.0%)

Histogram: OptimizationGuide.PredictionModelFetcher.GetModelsResponse.NetErrorCode.ClientSidePhishing recorded 9 samples (flags = 0x41)
379  ---------O                                                                (9 = 100.0%)

Histogram: OptimizationGuide.PredictionModelFetcher.GetModelsResponse.NetErrorCode.GeolocationPermissions recorded 9 samples (flags = 0x41)
379  ---------O                                                                (9 = 100.0%)

Histogram: OptimizationGuide.PredictionModelFetcher.GetModelsResponse.NetErrorCode.LanguageDetection recorded 9 samples (flags = 0x41)
379  ---------O                                                                (9 = 100.0%)

Histogram: OptimizationGuide.PredictionModelFetcher.GetModelsResponse.NetErrorCode.NewTabPageHistoryClustersModuleRanking recorded 9 samples (flags = 0x41)
379  ---------O                                                                (9 = 100.0%)

Histogram: OptimizationGuide.PredictionModelFetcher.GetModelsResponse.NetErrorCode.NotificationPermissions recorded 9 samples (flags = 0x41)
379  ---------O                                                                (9 = 100.0%)

Histogram: OptimizationGuide.PredictionModelFetcher.GetModelsResponse.NetErrorCode.OmniboxUrlScoring recorded 9 samples (flags = 0x41)
379  ---------O                                                                (9 = 100.0%)

Histogram: OptimizationGuide.PredictionModelFetcher.GetModelsResponse.NetErrorCode.PageTopicsV2 recorded 9 samples (flags = 0x41)
379  ---------O                                                                (9 = 100.0%)

Histogram: OptimizationGuide.PredictionModelFetcher.GetModelsResponse.NetErrorCode.SegmentationChromeLowUserEngagement recorded 9 samples (flags = 0x41)
379  ---------O                                                                (9 = 100.0%)

Histogram: OptimizationGuide.PredictionModelFetcher.GetModelsResponse.NetErrorCode.SegmentationComposePromotion recorded 9 samples (flags = 0x41)
379  ---------O                                                                (9 = 100.0%)

Histogram: OptimizationGuide.PredictionModelFetcher.GetModelsResponse.NetErrorCode.SegmentationDeviceSwitcher recorded 9 samples (flags = 0x41)
379  ---------O                                                                (9 = 100.0%)

Histogram: OptimizationGuide.PredictionModelFetcher.GetModelsResponse.NetErrorCode.SegmentationSearchUser recorded 9 samples (flags = 0x41)
379  ---------O                                                                (9 = 100.0%)

Histogram: OptimizationGuide.PredictionModelFetcher.GetModelsResponse.NetErrorCode.SegmentationShoppingUser recorded 9 samples (flags = 0x41)
379  ---------O                                                                (9 = 100.0%)

Histogram: OptimizationGuide.PredictionModelFetcher.GetModelsResponse.NetErrorCode.TextSafety recorded 9 samples (flags = 0x41)
379  ---------O                                                                (9 = 100.0%)

Histogram: OptimizationGuide.PredictionModelFetcher.GetModelsResponse.NetErrorCode.URLVisitResumptionRanker recorded 9 samples (flags = 0x41)
379  ---------O                                                                (9 = 100.0%)

Histogram: OptimizationGuide.PredictionModelFetcher.GetModelsResponse.NetErrorCode.VisualSearchClassification recorded 9 samples (flags = 0x41)
379  ---------O                                                                (9 = 100.0%)

Histogram: OptimizationGuide.PredictionModelFetcher.GetModelsResponse.NetErrorCode.WebAppInstallationPromo recorded 9 samples (flags = 0x41)
379  ---------O                                                                (9 = 100.0%)

Histogram: OptimizationGuide.PredictionModelFetcher.GetModelsResponse.Status recorded 9 samples, mean = 403.0 (flags = 0x41)
0    ... 
403  ---------O                                                                (9 = 100.0%) {0.0%}
404  ... 

Histogram: OptimizationGuide.PredictionModelFetcher.GetModelsResponse.Status.ClientSidePhishing recorded 9 samples, mean = 403.0 (flags = 0x41)
0    ... 
403  ---------O                                                                (9 = 100.0%) {0.0%}
404  ... 

Histogram: OptimizationGuide.PredictionModelFetcher.GetModelsResponse.Status.GeolocationPermissions recorded 9 samples, mean = 403.0 (flags = 0x41)
0    ... 
403  ---------O                                                                (9 = 100.0%) {0.0%}
404  ... 

Histogram: OptimizationGuide.PredictionModelFetcher.GetModelsResponse.Status.LanguageDetection recorded 9 samples, mean = 403.0 (flags = 0x41)
0    ... 
403  ---------O                                                                (9 = 100.0%) {0.0%}
404  ... 

Histogram: OptimizationGuide.PredictionModelFetcher.GetModelsResponse.Status.NewTabPageHistoryClustersModuleRanking recorded 9 samples, mean = 403.0 (flags = 0x41)
0    ... 
403  ---------O                                                                (9 = 100.0%) {0.0%}
404  ... 

Histogram: OptimizationGuide.PredictionModelFetcher.GetModelsResponse.Status.NotificationPermissions recorded 9 samples, mean = 403.0 (flags = 0x41)
0    ... 
403  ---------O                                                                (9 = 100.0%) {0.0%}
404  ... 

Histogram: OptimizationGuide.PredictionModelFetcher.GetModelsResponse.Status.OmniboxUrlScoring recorded 9 samples, mean = 403.0 (flags = 0x41)
0    ... 
403  ---------O                                                                (9 = 100.0%) {0.0%}
404  ... 

Histogram: OptimizationGuide.PredictionModelFetcher.GetModelsResponse.Status.PageTopicsV2 recorded 9 samples, mean = 403.0 (flags = 0x41)
0    ... 
403  ---------O                                                                (9 = 100.0%) {0.0%}
404  ... 

Histogram: OptimizationGuide.PredictionModelFetcher.GetModelsResponse.Status.SegmentationChromeLowUserEngagement recorded 9 samples, mean = 403.0 (flags = 0x41)
0    ... 
403  ---------O                                                                (9 = 100.0%) {0.0%}
404  ... 

Histogram: OptimizationGuide.PredictionModelFetcher.GetModelsResponse.Status.SegmentationComposePromotion recorded 9 samples, mean = 403.0 (flags = 0x41)
0    ... 
403  ---------O                                                                (9 = 100.0%) {0.0%}
404  ... 

Histogram: OptimizationGuide.PredictionModelFetcher.GetModelsResponse.Status.SegmentationDeviceSwitcher recorded 9 samples, mean = 403.0 (flags = 0x41)
0    ... 
403  ---------O                                                                (9 = 100.0%) {0.0%}
404  ... 

Histogram: OptimizationGuide.PredictionModelFetcher.GetModelsResponse.Status.SegmentationSearchUser recorded 9 samples, mean = 403.0 (flags = 0x41)
0    ... 
403  ---------O                                                                (9 = 100.0%) {0.0%}
404  ... 

Histogram: OptimizationGuide.PredictionModelFetcher.GetModelsResponse.Status.SegmentationShoppingUser recorded 9 samples, mean = 403.0 (flags = 0x41)
0    ... 
403  ---------O                                                                (9 = 100.0%) {0.0%}
404  ... 

Histogram: OptimizationGuide.PredictionModelFetcher.GetModelsResponse.Status.TextSafety recorded 9 samples, mean = 403.0 (flags = 0x41)
0    ... 
403  ---------O                                                                (9 = 100.0%) {0.0%}
404  ... 

Histogram: OptimizationGuide.PredictionModelFetcher.GetModelsResponse.Status.URLVisitResumptionRanker recorded 9 samples, mean = 403.0 (flags = 0x41)
0    ... 
403  ---------O                                                                (9 = 100.0%) {0.0%}
404  ... 

Histogram: OptimizationGuide.PredictionModelFetcher.GetModelsResponse.Status.VisualSearchClassification recorded 9 samples, mean = 403.0 (flags = 0x41)
0    ... 
403  ---------O                                                                (9 = 100.0%) {0.0%}
404  ... 

Histogram: OptimizationGuide.PredictionModelFetcher.GetModelsResponse.Status.WebAppInstallationPromo recorded 9 samples, mean = 403.0 (flags = 0x41)
0    ... 
403  ---------O                                                                (9 = 100.0%) {0.0%}
404  ... 

Histogram: OptimizationGuide.ProcessingComponentAtShutdown recorded 1 samples, mean = 0.0 (flags = 0x41)
0  -O                                                                        (1 = 100.0%)
1  ... 

Histogram: OptimizationGuide.RemoteFetchingEnabled recorded 1 samples, mean = 0.0 (flags = 0x41)
0  -O                                                                        (1 = 100.0%)
1  ... 

Histogram: OriginTrials.PersistentOriginTrial.LevelDbInitSuccess recorded 1 samples, mean = 1.0 (flags = 0x41)
0  O                                                                         (0 = 0.0%)
1  -O                                                                        (1 = 100.0%) {0.0%}
2  O                                                                         (0 = 0.0%) {100.0%}

Histogram: OriginTrials.PersistentOriginTrial.LevelDbLoadSize recorded 1 samples, mean = 0.0 (flags = 0x41)
0  -O                                                                        (1 = 100.0%)
1  ... 

Histogram: OriginTrials.PersistentOriginTrial.LevelDbLoadSuccess recorded 1 samples, mean = 1.0 (flags = 0x41)
0  O                                                                         (0 = 0.0%)
1  -O                                                                        (1 = 100.0%) {0.0%}
2  O                                                                         (0 = 0.0%) {100.0%}

Histogram: OriginTrials.PersistentOriginTrial.LevelDbLoadTime recorded 1 samples, mean = 4998.0 (flags = 0x41)
0     ... 
4222  -O                                                                        (1 = 100.0%) {0.0%}
5017  ... 

Histogram: OriginTrials.PersistentOriginTrial.OriginLookupsBeforeDbLoad recorded 1 samples, mean = 0.0 (flags = 0x41)
0  -O                                                                        (1 = 100.0%)
1  ... 

Histogram: OriginTrials.PersistentOriginTrial.OriginsAddedBeforeDbLoad recorded 1 samples, mean = 0.0 (flags = 0x41)
0  -O                                                                        (1 = 100.0%)
1  ... 

Histogram: PageActionController.ExtensionsWithPageActions recorded 1 samples, mean = 0.0 (flags = 0x41)
0  -O                                                                        (1 = 100.0%)
1  ... 

Histogram: PageContentAnnotations.AnnotateVisit.AnnotationRequestQueued recorded 3 samples, mean = 1.0 (flags = 0x40)
0  O                                                                         (0 = 0.0%)
1  ---O                                                                      (3 = 100.0%) {0.0%}
2  O                                                                         (0 = 0.0%) {100.0%}

Histogram: PageContentAnnotations.AnnotateVisit.AnnotationRequested recorded 3 samples, mean = 1.0 (flags = 0x40)
0  O                                                                         (0 = 0.0%)
1  ---O                                                                      (3 = 100.0%) {0.0%}
2  O                                                                         (0 = 0.0%) {100.0%}

Histogram: PageContentAnnotations.AnnotateVisit.BatchAnnotationStarted recorded 1 samples, mean = 1.0 (flags = 0x40)
0  O                                                                         (0 = 0.0%)
1  -O                                                                        (1 = 100.0%) {0.0%}
2  O                                                                         (0 = 0.0%) {100.0%}

Histogram: PageLoad.Clients.Ads.AllPages.NonAdNetworkBytes recorded 1 samples, mean = 1351.0 (flags = 0x41)
0     ... 
1174  -O                                                                        (1 = 100.0%) {0.0%}
1529  ... 

Histogram: PageLoad.Clients.Ads.AllPages.PercentNetworkBytesAds recorded 1 samples, mean = 0.0 (flags = 0x41)
0  -O                                                                        (1 = 100.0%)
1  ... 

Histogram: PageLoad.Clients.Ads.AllPages.PercentTotalBytesAds recorded 1 samples, mean = 0.0 (flags = 0x41)
0  -O                                                                        (1 = 100.0%)
1  ... 

Histogram: PageLoad.Clients.Ads.AverageViewportAdDensity recorded 1 samples, mean = 0.0 (flags = 0x41)
0  -O                                                                        (1 = 100.0%)
1  ... 

Histogram: PageLoad.Clients.Ads.FrameCounts.AdFrames.Total recorded 1 samples, mean = 0.0 (flags = 0x41)
0  -O                                                                        (1 = 100.0%)
1  ... 

Histogram: PageLoad.Clients.Ads.NonVisible.FrameCounts.AdFrames.Total recorded 1 samples, mean = 0.0 (flags = 0x41)
0  -O                                                                        (1 = 100.0%)
1  ... 

Histogram: PageLoad.Clients.Ads.Visible.FrameCounts.AdFrames.Total recorded 1 samples, mean = 0.0 (flags = 0x41)
0  -O                                                                        (1 = 100.0%)
1  ... 

Histogram: PageLoad.Clients.CrossOrigin.LayoutInstability.CumulativeShiftScore recorded 1 samples, mean = 0.0 (flags = 0x41)
0  -O                                                                        (1 = 100.0%)
1  ... 

Histogram: PageLoad.Clients.CrossOrigin.LayoutInstability.CumulativeShiftScore.MainFrame recorded 1 samples, mean = 0.0 (flags = 0x41)
0  -O                                                                        (1 = 100.0%)
1  ... 

Histogram: PageLoad.Clients.Leakage2.AbandonReasonAt.LoaderStart recorded 1 samples, mean = 10.0 (flags = 0x41)
0   ... 
10  -O                                                                        (1 = 100.0%) {0.0%}
11  ... 

Histogram: PageLoad.Clients.Leakage2.LastMilestoneBeforeAbandon.NewReloadNavigation recorded 1 samples, mean = 1.0 (flags = 0x41)
0  O                                                                         (0 = 0.0%)
1  -O                                                                        (1 = 100.0%) {0.0%}
2  ... 

Histogram: PageLoad.Clients.Leakage2.LoaderStartToAbandon.NewReloadNavigation recorded 1 samples, mean = 4503.0 (flags = 0x41)
0     ... 
4272  -O                                                                        (1 = 100.0%) {0.0%}
4780  ... 

Histogram: PageLoad.Clients.Leakage2.NavigationStart recorded 2 samples, mean = 5282.5 (flags = 0x41)
0     ... 
4272  -O                                                                        (1 = 50.0%) {0.0%}
4780  ... 
5985  -O                                                                        (1 = 50.0%) {50.0%}
6697  ... 

Histogram: PageLoad.Clients.Leakage2.NavigationStartToCommitReceived recorded 1 samples, mean = 6002.0 (flags = 0x41)
0     ... 
5985  -O                                                                        (1 = 100.0%) {0.0%}
6697  ... 

Histogram: PageLoad.Clients.Leakage2.NavigationStartToCommitSent recorded 1 samples, mean = 5988.0 (flags = 0x41)
0     ... 
5985  -O                                                                        (1 = 100.0%) {0.0%}
6697  ... 

Histogram: PageLoad.Clients.Leakage2.NavigationStartToDOMContentLoaded recorded 1 samples, mean = 6761.0 (flags = 0x41)
0     ... 
6697  -O                                                                        (1 = 100.0%) {0.0%}
7494  ... 

Histogram: PageLoad.Clients.Leakage2.NavigationStartToDidCommit recorded 1 samples, mean = 6017.0 (flags = 0x41)
0     ... 
5985  -O                                                                        (1 = 100.0%) {0.0%}
6697  ... 

Histogram: PageLoad.Clients.Leakage2.NavigationStartToLoadStarted recorded 1 samples, mean = 7447.0 (flags = 0x41)
0     ... 
6697  -O                                                                        (1 = 100.0%) {0.0%}
7494  ... 

Histogram: PageLoad.Clients.Leakage2.NavigationStartToLoaderStart recorded 2 samples, mean = 2249.5 (flags = 0x41)
0     ... 
43    -O                                                                        (1 = 50.0%) {0.0%}
48    ... 
4272  -O                                                                        (1 = 50.0%) {50.0%}
4780  ... 

Histogram: PageLoad.Clients.Leakage2.NavigationStartToNonRedirectResponseLoaderCallback recorded 1 samples, mean = 5981.0 (flags = 0x41)
0     ... 
5349  -O                                                                        (1 = 100.0%) {0.0%}
5985  ... 

Histogram: PageLoad.Clients.Leakage2.NavigationStartToNonRedirectResponseStart recorded 1 samples, mean = 5605.0 (flags = 0x41)
0     ... 
5349  -O                                                                        (1 = 100.0%) {0.0%}
5985  ... 

Histogram: PageLoad.Clients.Leakage2.NavigationStartToNonRedirectedRequestStart recorded 1 samples, mean = 5320.0 (flags = 0x41)
0     ... 
4780  -O                                                                        (1 = 100.0%) {0.0%}
5349  ... 

Histogram: PageLoad.Clients.Leakage2.NavigationStartToParseStart recorded 1 samples, mean = 6008.0 (flags = 0x41)
0     ... 
5985  -O                                                                        (1 = 100.0%) {0.0%}
6697  ... 

Histogram: PageLoad.Clients.Leakage2.RendererProcessCreatedBeforeNav recorded 1 samples, mean = 1.0 (flags = 0x41)
0  O                                                                         (0 = 0.0%)
1  -O                                                                        (1 = 100.0%) {0.0%}
2  O                                                                         (0 = 0.0%) {100.0%}

Histogram: PageLoad.Clients.LinkPreview.Usage recorded 1 samples, mean = 0.0 (flags = 0x41)
0  -O                                                                        (1 = 100.0%)
1  ... 

Histogram: PageLoad.Clients.MultiTabLoading.WithTabCount_0.DocumentTiming.NavigationToDOMContentLoadedEventFired recorded 1 samples, mean = 6761.0 (flags = 0x41)
0     ... 
6697  -O                                                                        (1 = 100.0%) {0.0%}
7494  ... 

Histogram: PageLoad.Clients.MultiTabLoading.WithTabCount_0.DocumentTiming.NavigationToLoadEventFired recorded 1 samples, mean = 7447.0 (flags = 0x41)
0     ... 
6697  -O                                                                        (1 = 100.0%) {0.0%}
7494  ... 

Histogram: PageLoad.Clients.MultiTabLoading.With_0_OtherLoading.DocumentTiming.NavigationToDOMContentLoadedEventFired recorded 1 samples, mean = 6761.0 (flags = 0x41)
0     ... 
6697  -O                                                                        (1 = 100.0%) {0.0%}
7494  ... 

Histogram: PageLoad.Clients.MultiTabLoading.With_0_OtherLoading.DocumentTiming.NavigationToLoadEventFired recorded 1 samples, mean = 7447.0 (flags = 0x41)
0     ... 
6697  -O                                                                        (1 = 100.0%) {0.0%}
7494  ... 

Histogram: PageLoad.Clients.PerformanceManager.LoadedIdleWithoutLCP recorded 1 samples, mean = 10384.0 (flags = 0x41)
0      ... 
10165  -O                                                                        (1 = 100.0%) {0.0%}
12916  ... 

Histogram: PageLoad.Clients.PerformanceManager.LoadedIdleWithoutLCP.Foreground recorded 1 samples, mean = 10384.0 (flags = 0x41)
0      ... 
10165  -O                                                                        (1 = 100.0%) {0.0%}
12916  ... 

Histogram: PageLoad.Clients.Protocol.H2.DocumentTiming.NavigationToDOMContentLoadedEventFired recorded 1 samples, mean = 6761.0 (flags = 0x41)
0     ... 
6697  -O                                                                        (1 = 100.0%) {0.0%}
7494  ... 

Histogram: PageLoad.Clients.Protocol.H2.DocumentTiming.NavigationToLoadEventFired recorded 1 samples, mean = 7447.0 (flags = 0x41)
0     ... 
6697  -O                                                                        (1 = 100.0%) {0.0%}
7494  ... 

Histogram: PageLoad.Clients.Protocol.H2.ParseTiming.NavigationToParseStart recorded 1 samples, mean = 6008.0 (flags = 0x41)
0     ... 
5985  -O                                                                        (1 = 100.0%) {0.0%}
6697  ... 

Histogram: PageLoad.Clients.Scheme.HTTPS.ParseTiming.NavigationToParseStart recorded 1 samples, mean = 6008.0 (flags = 0x41)
0     ... 
5985  -O                                                                        (1 = 100.0%) {0.0%}
6697  ... 

Histogram: PageLoad.Clients.SubresourceLoading.DaysSinceLastVisitToOrigin recorded 1 samples, mean = 0.0 (flags = 0x40)
0  -O                                                                        (1 = 100.0%)
1  ... 

Histogram: PageLoad.Clients.SubresourceLoading.HasPreviousVisitToOrigin recorded 1 samples, mean = 1.0 (flags = 0x40)
0  O                                                                         (0 = 0.0%)
1  -O                                                                        (1 = 100.0%) {0.0%}
2  O                                                                         (0 = 0.0%) {100.0%}

Histogram: PageLoad.Clients.TPCD.CookieAccess.ThirdPartyCookieAllowMechanism3 recorded 1 samples, mean = 2.0 (flags = 0x41)
0  ... 
2  -O                                                                        (1 = 100.0%) {0.0%}
3  ... 

Histogram: PageLoad.Clients.TPCD.ThirdPartyCookieAccessBlockedByExperiment2 recorded 1 samples, mean = 0.0 (flags = 0x41)
0  -O                                                                        (1 = 100.0%)
1  ... 

Histogram: PageLoad.Clients.ThirdParty.Origins.CookieRead2 recorded 1 samples, mean = 0.0 (flags = 0x41)
0  -O                                                                        (1 = 100.0%)
1  ... 

Histogram: PageLoad.Cpu.TotalUsage recorded 1 samples, mean = 393.0 (flags = 0x41)
0    ... 
360  -O                                                                        (1 = 100.0%) {0.0%}
403  ... 

Histogram: PageLoad.Cpu.TotalUsageForegrounded recorded 1 samples, mean = 393.0 (flags = 0x41)
0    ... 
360  -O                                                                        (1 = 100.0%) {0.0%}
403  ... 

Histogram: PageLoad.DocumentTiming.NavigationToDOMContentLoadedEventFired recorded 1 samples, mean = 6761.0 (flags = 0x41)
0     ... 
6697  -O                                                                        (1 = 100.0%) {0.0%}
7494  ... 

Histogram: PageLoad.DocumentTiming.NavigationToLoadEventFired recorded 1 samples, mean = 7447.0 (flags = 0x41)
0     ... 
6697  -O                                                                        (1 = 100.0%) {0.0%}
7494  ... 

Histogram: PageLoad.Experimental.NavigationTiming.FinalLoaderCallbackToNavigationCommitSent recorded 1 samples, mean = 7.0 (flags = 0x41)
0  -O                                                                        (1 = 100.0%)
10 ... 

Histogram: PageLoad.Experimental.NavigationTiming.FinalRequestStartToFinalResponseStart recorded 1 samples, mean = 285.0 (flags = 0x41)
0    ... 
257  -O                                                                        (1 = 100.0%) {0.0%}
288  ... 

Histogram: PageLoad.Experimental.NavigationTiming.FinalResponseStartToFinalLoaderCallback recorded 1 samples, mean = 375.0 (flags = 0x41)
0    ... 
360  -O                                                                        (1 = 100.0%) {0.0%}
403  ... 

Histogram: PageLoad.Experimental.NavigationTiming.FirstRequestStartToFirstResponseStart recorded 1 samples, mean = 285.0 (flags = 0x41)
0    ... 
257  -O                                                                        (1 = 100.0%) {0.0%}
288  ... 

Histogram: PageLoad.Experimental.NavigationTiming.FirstResponseStartToFirstLoaderCallback recorded 1 samples, mean = 375.0 (flags = 0x41)
0    ... 
360  -O                                                                        (1 = 100.0%) {0.0%}
403  ... 

Histogram: PageLoad.Experimental.NavigationTiming.NavigationStartToFinalLoaderCallback recorded 1 samples, mean = 5981.0 (flags = 0x41)
0     ... 
5349  -O                                                                        (1 = 100.0%) {0.0%}
5985  ... 

Histogram: PageLoad.Experimental.NavigationTiming.NavigationStartToFinalRequestStart recorded 1 samples, mean = 5320.0 (flags = 0x41)
0     ... 
4780  -O                                                                        (1 = 100.0%) {0.0%}
5349  ... 

Histogram: PageLoad.Experimental.NavigationTiming.NavigationStartToFinalResponseStart recorded 1 samples, mean = 5605.0 (flags = 0x41)
0     ... 
5349  -O                                                                        (1 = 100.0%) {0.0%}
5985  ... 

Histogram: PageLoad.Experimental.NavigationTiming.NavigationStartToFirstLoaderCallback recorded 1 samples, mean = 5981.0 (flags = 0x41)
0     ... 
5349  -O                                                                        (1 = 100.0%) {0.0%}
5985  ... 

Histogram: PageLoad.Experimental.NavigationTiming.NavigationStartToFirstRequestStart recorded 1 samples, mean = 5320.0 (flags = 0x41)
0     ... 
4780  -O                                                                        (1 = 100.0%) {0.0%}
5349  ... 

Histogram: PageLoad.Experimental.NavigationTiming.NavigationStartToFirstResponseStart recorded 1 samples, mean = 5605.0 (flags = 0x41)
0     ... 
5349  -O                                                                        (1 = 100.0%) {0.0%}
5985  ... 

Histogram: PageLoad.Experimental.NavigationTiming.NavigationStartToNavigationCommitSent recorded 1 samples, mean = 5988.0 (flags = 0x41)
0     ... 
5985  -O                                                                        (1 = 100.0%) {0.0%}
6697  ... 

Histogram: PageLoad.Experimental.PageTiming.CachedResourceLoadTime. recorded 1 samples, mean = 173.0 (flags = 0x41)
0    ... 
173  -O                                                                        (1 = 100.0%) {0.0%}
220  ... 

Histogram: PageLoad.Experimental.PageTiming.CachedResourceLoadTime.script recorded 1 samples, mean = 1.0 (flags = 0x41)
0  O                                                                         (0 = 0.0%)
1  -O                                                                        (1 = 100.0%) {0.0%}
2  ... 

Histogram: PageLoad.Experimental.PageTiming.CachedResourceLoadTime.style recorded 1 samples, mean = 340.0 (flags = 0x41)
0    ... 
280  -O                                                                        (1 = 100.0%) {0.0%}
356  ... 

Histogram: PageLoad.Experimental.PageTiming.CommitSentToFirstSubresourceLoadStart recorded 1 samples, mean = 359.0 (flags = 0x41)
0    ... 
322  -O                                                                        (1 = 100.0%) {0.0%}
360  ... 

Histogram: PageLoad.Experimental.PageTiming.NavigationToFirstSubresourceLoadStart recorded 1 samples, mean = 6347.0 (flags = 0x41)
0     ... 
5985  -O                                                                        (1 = 100.0%) {0.0%}
6697  ... 

Histogram: PageLoad.Experimental.PageTiming.ResourceLoadTime. recorded 6 samples, mean = 296.5 (flags = 0x41)
0    ... 
16   -O                                                                        (1 = 16.7%) {0.0%}
20   ... 
220  --O                                                                       (2 = 33.3%) {16.7%}
280  --O                                                                       (2 = 33.3%) {50.0%}
356  ... 
574  -O                                                                        (1 = 16.7%) {83.3%}
729  ... 

Histogram: PageLoad.Experimental.PageTiming.ResourceLoadTime.document recorded 1 samples, mean = 692.0 (flags = 0x41)
0    ... 
574  -O                                                                        (1 = 100.0%) {0.0%}
729  ... 

Histogram: PageLoad.Experimental.PageTiming.ResourceLoadTime.font recorded 5 samples, mean = 95.6 (flags = 0x41)
0    ... 
16   -O                                                                        (1 = 20.0%) {0.0%}
20   O                                                                         (0 = 0.0%) {20.0%}
25   -O                                                                        (1 = 20.0%) {20.0%}
32   O                                                                         (0 = 0.0%) {40.0%}
41   --O                                                                       (2 = 40.0%) {40.0%}
52   ... 
280  -O                                                                        (1 = 20.0%) {80.0%}
356  ... 

Histogram: PageLoad.Experimental.PageTiming.ResourceLoadTime.image recorded 1 samples, mean = 215.0 (flags = 0x41)
0    ... 
173  -O                                                                        (1 = 100.0%) {0.0%}
220  ... 

Histogram: PageLoad.Experimental.PageTiming.ResourceLoadTime.manifest recorded 1 samples, mean = 263.0 (flags = 0x41)
0    ... 
220  -O                                                                        (1 = 100.0%) {0.0%}
280  ... 

Histogram: PageLoad.Experimental.PageTiming.ResourceLoadTime.script recorded 25 samples, mean = 333.5 (flags = 0x41)
0    ... 
13   -O                                                                        (1 = 4.0%) {0.0%}
16   --O                                                                       (2 = 8.0%) {4.0%}
20   -O                                                                        (1 = 4.0%) {12.0%}
25   ... 
280  ---O                                                                      (3 = 12.0%) {16.0%}
356  -----------------O                                                        (17 = 68.0%) {28.0%}
452  O                                                                         (0 = 0.0%) {96.0%}
574  -O                                                                        (1 = 4.0%) {96.0%}
729  ... 

Histogram: PageLoad.Experimental.PageTiming.ResourceLoadTime.style recorded 7 samples, mean = 349.7 (flags = 0x41)
0    ... 
280  -------O                                                                  (7 = 100.0%) {0.0%}
356  ... 

Histogram: PageLoad.Experimental.PageVisitFinalStatus recorded 1 samples, mean = 1.0 (flags = 0x41)
0  O                                                                         (0 = 0.0%)
1  -O                                                                        (1 = 100.0%) {0.0%}
2  ... 

Histogram: PageLoad.Experimental.PageVisitType2 recorded 1 samples, mean = 6.0 (flags = 0x41)
0  ... 
6  -O                                                                        (1 = 100.0%) {0.0%}
7  ... 

Histogram: PageLoad.Experimental.PaintTiming.FirstEligibleToPaintToFirstPaint recorded 1 samples, mean = 1043.0 (flags = 0x41)
0    ... 
990  -O                                                                        (1 = 100.0%) {0.0%}
1108 ... 

Histogram: PageLoad.Experimental.TotalForegroundDuration recorded 1 samples, mean = 1368166.0 (flags = 0x41)
0        ... 
1267914  -O                                                                        (1 = 100.0%) {0.0%}
1444579  ... 

Histogram: PageLoad.Experimental.TotalForegroundDuration.AllVisit recorded 1 samples, mean = 1368166.0 (flags = 0x41)
0        ... 
1267914  -O                                                                        (1 = 100.0%) {0.0%}
1444579  ... 

Histogram: PageLoad.Experimental.TotalForegroundDuration.IndependentUIVisit recorded 1 samples, mean = 1368166.0 (flags = 0x41)
0        ... 
1267914  -O                                                                        (1 = 100.0%) {0.0%}
1444579  ... 

Histogram: PageLoad.Expermental.SoftNavigations.Count recorded 1 samples, mean = 0.0 (flags = 0x41)
0  -O                                                                        (1 = 100.0%)
1  ... 

Histogram: PageLoad.Internal.ErrorCode recorded 1 samples, mean = 17.0 (flags = 0x41)
0   ... 
17  -O                                                                        (1 = 100.0%) {0.0%}
18  O                                                                         (0 = 0.0%) {100.0%}

Histogram: PageLoad.Internal.PageLoadTimingStatus recorded 15 samples, mean = 0.0 (flags = 0x41)
0  ---------------O                                                          (15 = 100.0%)
1  ... 

Histogram: PageLoad.Internal.PageLoadTimingStatus.AtTimingCallbackDispatch recorded 4 samples, mean = 0.0 (flags = 0x41)
0  ----O                                                                     (4 = 100.0%)
1  ... 

Histogram: PageLoad.Internal.PageType recorded 2 samples, mean = 0.0 (flags = 0x41)
0  --O                                                                       (2 = 100.0%)
1  ... 

Histogram: PageLoad.Internal.SuppressedEventsBeforeMissingFirstPaint recorded 1 samples, mean = 0.0 (flags = 0x41)
0  -O                                                                        (1 = 100.0%)
1  ... 

Histogram: PageLoad.Internal.SuppressedEventsCountBeforePaint3 recorded 1 samples, mean = 0.0 (flags = 0x41)
0  -O                                                                        (1 = 100.0%)
1  ... 

Histogram: PageLoad.Internal.SuppressedEventsTimingBeforePaint3 recorded 1 samples, mean = 0.0 (flags = 0x41)
0  -O                                                                        (1 = 100.0%)
1  ... 

Histogram: PageLoad.Internal.SuppressedInteractionsCountBeforePaint3 recorded 1 samples, mean = 0.0 (flags = 0x41)
0  -O                                                                        (1 = 100.0%)
1  ... 

Histogram: PageLoad.LayoutInstability.CumulativeShiftScore recorded 1 samples, mean = 0.0 (flags = 0x41)
0  -O                                                                        (1 = 100.0%)
1  ... 

Histogram: PageLoad.LayoutInstability.CumulativeShiftScore.MainFrame recorded 1 samples, mean = 0.0 (flags = 0x41)
0  -O                                                                        (1 = 100.0%)
1  ... 

Histogram: PageLoad.LayoutInstability.MaxCumulativeShiftScore.SessionWindow.Gap1000ms.Max5000ms recorded 1 samples, mean = 0.0 (flags = 0x41)
0  -O                                                                        (1 = 100.0%)
1  ... 

Histogram: PageLoad.LayoutInstability.MaxCumulativeShiftScore.SessionWindow.Gap1000ms.Max5000ms2 recorded 1 samples, mean = 0.0 (flags = 0x41)
0  -O                                                                        (1 = 100.0%)
1  ... 

Histogram: PageLoad.PageTiming.ForegroundDuration recorded 1 samples, mean = 1368165.0 (flags = 0x41)
0        ... 
1267914  -O                                                                        (1 = 100.0%) {0.0%}
1444579  ... 

Histogram: PageLoad.PageTiming.ForegroundDuration.AfterPaint recorded 1 samples, mean = 1360389.0 (flags = 0x41)
0        ... 
1267914  -O                                                                        (1 = 100.0%) {0.0%}
1444579  ... 

Histogram: PageLoad.PageTiming.ForegroundDuration.NoCommit recorded 1 samples, mean = 92.0 (flags = 0x41)
0   ... 
92  -O                                                                        (1 = 100.0%) {0.0%}
105 ... 

Histogram: PageLoad.PageTiming.ForegroundDuration.WithPaint recorded 1 samples, mean = 1368165.0 (flags = 0x41)
0        ... 
1267914  -O                                                                        (1 = 100.0%) {0.0%}
1444579  ... 

Histogram: PageLoad.PaintTiming.NavigationToFirstPaint recorded 1 samples, mean = 7776.0 (flags = 0x41)
0     ... 
7494  -O                                                                        (1 = 100.0%) {0.0%}
8385  ... 

Histogram: PageLoad.ParseTiming.NavigationToParseStart recorded 1 samples, mean = 6008.0 (flags = 0x41)
0     ... 
5985  -O                                                                        (1 = 100.0%) {0.0%}
6697  ... 

Histogram: PageLoad.ParseTiming.NavigationToParseStart.LoadType.NewNavigation recorded 1 samples, mean = 6008.0 (flags = 0x41)
0     ... 
5985  -O                                                                        (1 = 100.0%) {0.0%}
6697  ... 

Histogram: PageLoad.ParseTiming.ParseBlockedOnScriptExecution recorded 1 samples, mean = 6.0 (flags = 0x41)
0  -O                                                                        (1 = 100.0%)
10 ... 

Histogram: PageLoad.ParseTiming.ParseBlockedOnScriptExecutionFromDocumentWrite recorded 1 samples, mean = 0.0 (flags = 0x41)
0  -O                                                                        (1 = 100.0%)
10 ... 

Histogram: PageLoad.ParseTiming.ParseBlockedOnScriptLoad recorded 1 samples, mean = 714.0 (flags = 0x41)
0    ... 
707  -O                                                                        (1 = 100.0%) {0.0%}
791  ... 

Histogram: PaintHolding.CommitTrigger2 recorded 1 samples, mean = 3.0 (flags = 0x41)
0  ... 
3  -O                                                                        (1 = 100.0%) {0.0%}
4  ... 

Histogram: PasswordManager.AccountStore.InaccessiblePasswords3 recorded 1 samples, mean = 0.0 (flags = 0x41)
0  -O                                                                        (1 = 100.0%)
1  ... 

Histogram: PasswordManager.AccountStore.LoginDatabaseEncryptionStatus recorded 1 samples, mean = 0.0 (flags = 0x41)
0  -O                                                                        (1 = 100.0%)
1  ... 

Histogram: PasswordManager.AffiliationDatabase.DatabaseSize recorded 1 samples, mean = 52.0 (flags = 0x41)
0  -O                                                                        (1 = 100.0%)
1000... 

Histogram: PasswordManager.BubbleSuppression.AccountsInStatisticsTable2 recorded 1 samples, mean = 0.0 (flags = 0x41)
0  -O                                                                        (1 = 100.0%)
1  ... 

Histogram: PasswordManager.GetAllLogins.TimeSinceInit recorded 2 samples, mean = 30067.5 (flags = 0x41)
0      ... 
26495  --O                                                                       (2 = 100.0%) {0.0%}
33665  ... 

Histogram: PasswordManager.GetAutofillableLogins.TimeSinceInit recorded 2 samples, mean = 6079.5 (flags = 0x41)
0     ... 
4955  --O                                                                       (2 = 100.0%) {0.0%}
6296  ... 

Histogram: PasswordManager.LoginDatabaseInit2 recorded 2 samples, mean = 0.0 (flags = 0x41)
0  --O                                                                       (2 = 100.0%)
1  ... 

Histogram: PasswordManager.OnEncryptorReceived.Success recorded 2 samples, mean = 1.0 (flags = 0x41)
0  O                                                                         (0 = 0.0%)
1  --O                                                                       (2 = 100.0%) {0.0%}
2  O                                                                         (0 = 0.0%) {100.0%}

Histogram: PasswordManager.PasswordStore.InitTime recorded 2 samples, mean = 4553.5 (flags = 0x41)
0     ... 
4222  --O                                                                       (2 = 100.0%) {0.0%}
5017  ... 

Histogram: PasswordManager.PasswordStoreBackend.GetAllLoginsAsync recorded 4 samples, mean = 1.0 (flags = 0x41)
0  --O                                                                       (2 = 50.0%)
1  O                                                                         (0 = 0.0%) {50.0%}
2  --O                                                                       (2 = 50.0%) {50.0%}
3  ... 

Histogram: PasswordManager.PasswordStoreBackend.GetAllLoginsAsync.Latency recorded 2 samples, mean = 1.0 (flags = 0x41)
0  O                                                                         (0 = 0.0%)
1  --O                                                                       (2 = 100.0%) {0.0%}
2  ... 

Histogram: PasswordManager.PasswordStoreBackend.GetAllLoginsAsync.Success recorded 2 samples, mean = 1.0 (flags = 0x41)
0  O                                                                         (0 = 0.0%)
1  --O                                                                       (2 = 100.0%) {0.0%}
2  O                                                                         (0 = 0.0%) {100.0%}

Histogram: PasswordManager.PasswordStoreBackend.GetAutofillableLoginsAsync recorded 4 samples, mean = 1.0 (flags = 0x41)
0  --O                                                                       (2 = 50.0%)
1  O                                                                         (0 = 0.0%) {50.0%}
2  --O                                                                       (2 = 50.0%) {50.0%}
3  ... 

Histogram: PasswordManager.PasswordStoreBackend.GetAutofillableLoginsAsync.Latency recorded 2 samples, mean = 28.0 (flags = 0x41)
0   ... 
25  --O                                                                       (2 = 100.0%) {0.0%}
32  ... 

Histogram: PasswordManager.PasswordStoreBackend.GetAutofillableLoginsAsync.Success recorded 2 samples, mean = 1.0 (flags = 0x41)
0  O                                                                         (0 = 0.0%)
1  --O                                                                       (2 = 100.0%) {0.0%}
2  O                                                                         (0 = 0.0%) {100.0%}

Histogram: PasswordManager.PasswordStoreBuiltInBackend.GetAllLoginsAsync recorded 4 samples, mean = 1.0 (flags = 0x41)
0  --O                                                                       (2 = 50.0%)
1  O                                                                         (0 = 0.0%) {50.0%}
2  --O                                                                       (2 = 50.0%) {50.0%}
3  ... 

Histogram: PasswordManager.PasswordStoreBuiltInBackend.GetAllLoginsAsync.Latency recorded 2 samples, mean = 1.0 (flags = 0x41)
0  O                                                                         (0 = 0.0%)
1  --O                                                                       (2 = 100.0%) {0.0%}
2  ... 

Histogram: PasswordManager.PasswordStoreBuiltInBackend.GetAllLoginsAsync.Success recorded 2 samples, mean = 1.0 (flags = 0x41)
0  O                                                                         (0 = 0.0%)
1  --O                                                                       (2 = 100.0%) {0.0%}
2  O                                                                         (0 = 0.0%) {100.0%}

Histogram: PasswordManager.PasswordStoreBuiltInBackend.GetAutofillableLoginsAsync recorded 4 samples, mean = 1.0 (flags = 0x41)
0  --O                                                                       (2 = 50.0%)
1  O                                                                         (0 = 0.0%) {50.0%}
2  --O                                                                       (2 = 50.0%) {50.0%}
3  ... 

Histogram: PasswordManager.PasswordStoreBuiltInBackend.GetAutofillableLoginsAsync.Latency recorded 2 samples, mean = 28.0 (flags = 0x41)
0   ... 
25  --O                                                                       (2 = 100.0%) {0.0%}
32  ... 

Histogram: PasswordManager.PasswordStoreBuiltInBackend.GetAutofillableLoginsAsync.Success recorded 2 samples, mean = 1.0 (flags = 0x41)
0  O                                                                         (0 = 0.0%)
1  --O                                                                       (2 = 100.0%) {0.0%}
2  O                                                                         (0 = 0.0%) {100.0%}

Histogram: PasswordManager.ProfileStore.InaccessiblePasswords3 recorded 1 samples, mean = 0.0 (flags = 0x41)
0  -O                                                                        (1 = 100.0%)
1  ... 

Histogram: PasswordManager.ProfileStore.LoginDatabaseEncryptionStatus recorded 1 samples, mean = 0.0 (flags = 0x41)
0  -O                                                                        (1 = 100.0%)
1  ... 

Histogram: PasswordManager.SavedGaiaPasswordHashCount2 recorded 1 samples, mean = 0.0 (flags = 0x41)
0  -O                                                                        (1 = 100.0%)
1  ... 

Histogram: PasswordManager.SyncMetadataReadError2 recorded 2 samples, mean = 0.0 (flags = 0x41)
0  --O                                                                       (2 = 100.0%)
1  ... 

Histogram: PaymentRequest.IsCanMakePaymentAllowedByPref.Startup recorded 1 samples, mean = 1.0 (flags = 0x41)
0  O                                                                         (0 = 0.0%)
1  -O                                                                        (1 = 100.0%) {0.0%}
2  O                                                                         (0 = 0.0%) {100.0%}

Histogram: PerformanceManager.LoadingNotQuiescentPageCount.All recorded 45 samples, mean = 0.0 (flags = 0x41)
0  ---------------------------------------------O                            (45 = 100.0%)
1  ... 

Histogram: PerformanceManager.LoadingNotQuiescentPageCount.Hidden recorded 45 samples, mean = 0.0 (flags = 0x41)
0  ---------------------------------------------O                            (45 = 100.0%)
1  ... 

Histogram: PerformanceManager.LoadingNotQuiescentPageCount.MixedVisibility recorded 45 samples, mean = 0.0 (flags = 0x41)
0  ---------------------------------------------O                            (45 = 100.0%)
1  ... 

Histogram: PerformanceManager.LoadingNotQuiescentPageCount.Visible recorded 45 samples, mean = 0.0 (flags = 0x41)
0  ---------------------------------------------O                            (45 = 100.0%)
1  ... 

Histogram: PerformanceManager.QuiescentPageCount recorded 45 samples, mean = 1.0 (flags = 0x41)
0  O                                                                         (0 = 0.0%)
1  ---------------------------------------------O                            (45 = 100.0%) {0.0%}
2  ... 

Histogram: PerformanceManager.SiteDB.DatabaseInit recorded 1 samples, mean = 0.0 (flags = 0x41)
0  -O                                                                        (1 = 100.0%)
1  ... 

Histogram: PerformanceManager.SiteDB.OnDiskSize recorded 1 samples, mean = 1.0 (flags = 0x41)
0  -O                                                                        (1 = 100.0%)
1000... 

Histogram: PerformanceManager.SiteDB.WriteCompleted.WriteSiteDataIntoStore recorded 1 samples, mean = 1.0 (flags = 0x41)
0  O                                                                         (0 = 0.0%)
1  -O                                                                        (1 = 100.0%) {0.0%}
2  O                                                                         (0 = 0.0%) {100.0%}

Histogram: PerformanceManager.SiteDB.WriteScheduled.WriteSiteDataIntoStore recorded 1 samples, mean = 1.0 (flags = 0x41)
0  O                                                                         (0 = 0.0%)
1  -O                                                                        (1 = 100.0%) {0.0%}
2  O                                                                         (0 = 0.0%) {100.0%}

Histogram: PerformanceManager.TabRevisitTracker.TimeToClose2 recorded 1 samples, mean = 1368.0 (flags = 0x41)
0     ... 
1301  -O                                                                        (1 = 100.0%) {0.0%}
1369  ... 

Histogram: PerformanceManager.UserTuning.BatterySaverModeEnabledPercent recorded 1 samples, mean = 0.0 (flags = 0x41)
0  -O                                                                        (1 = 100.0%)
1  ... 

Histogram: PerformanceManager.UserTuning.MemorySaverModeEnabledPercent recorded 1 samples, mean = 0.0 (flags = 0x41)
0  -O                                                                        (1 = 100.0%)
1  ... 

Histogram: PerformanceMonitor.AverageCPU8.BrowserProcess recorded 11 samples, mean = 13452.7 (flags = 0x41)
0      ... 
3043   -O                                                                        (1 = 9.1%) {0.0%}
3673   ... 
7801   -O                                                                        (1 = 9.1%) {9.1%}
9417   --O                                                                       (2 = 18.2%) {18.2%}
11368  --O                                                                       (2 = 18.2%) {36.4%}
13724  -O                                                                        (1 = 9.1%) {54.5%}
16567  ---O                                                                      (3 = 27.3%) {63.6%}
20000  -O                                                                        (1 = 9.1%) {90.9%}

Histogram: PerformanceMonitor.AverageCPU8.GPUProcess recorded 11 samples, mean = 582.4 (flags = 0x41)
0     --O                                                                       (2 = 18.2%)
1     ----O                                                                     (4 = 36.4%) {18.2%}
2     -O                                                                        (1 = 9.1%) {54.5%}
3     ... 
5     -O                                                                        (1 = 9.1%) {63.6%}
6     ... 
8     -O                                                                        (1 = 9.1%) {72.7%}
10    -O                                                                        (1 = 9.1%) {81.8%}
12    ... 
5353  -O                                                                        (1 = 9.1%) {90.9%}
6462  ... 

Histogram: PerformanceMonitor.AverageCPU8.NetworkProcess recorded 11 samples, mean = 7.4 (flags = 0x41)
0   ... 
2   -O                                                                        (1 = 9.1%) {0.0%}
3   ---O                                                                      (3 = 27.3%) {9.1%}
4   --O                                                                       (2 = 18.2%) {36.4%}
5   --O                                                                       (2 = 18.2%) {54.5%}
6   ... 
8   --O                                                                       (2 = 18.2%) {72.7%}
10  ... 
33  -O                                                                        (1 = 9.1%) {90.9%}
40  ... 

Histogram: PerformanceMonitor.AverageCPU8.OtherProcess recorded 11 samples, mean = 0.0 (flags = 0x41)
0  -----------O                                                              (11 = 100.0%)
1  ... 

Histogram: PerformanceMonitor.AverageCPU8.RendererExtensionEventProcess recorded 11 samples, mean = 0.0 (flags = 0x41)
0  -----------O                                                              (11 = 100.0%)
1  ... 

Histogram: PerformanceMonitor.AverageCPU8.RendererExtensionPersistentProcess recorded 11 samples, mean = 0.0 (flags = 0x41)
0  -----------O                                                              (11 = 100.0%)
1  ... 

Histogram: PerformanceMonitor.AverageCPU8.RendererProcess recorded 11 samples, mean = 25.0 (flags = 0x41)
0    ------O                                                                   (6 = 54.5%)
1    --O                                                                       (2 = 18.2%) {54.5%}
2    ... 
5    --O                                                                       (2 = 18.2%) {72.7%}
6    ... 
263  -O                                                                        (1 = 9.1%) {90.9%}
317  ... 

Histogram: PerformanceMonitor.AverageCPU8.Total recorded 11 samples, mean = 13474.5 (flags = 0x41)
0      ... 
3043   -O                                                                        (1 = 9.1%) {0.0%}
3673   ... 
7801   -O                                                                        (1 = 9.1%) {9.1%}
9417   --O                                                                       (2 = 18.2%) {18.2%}
11368  --O                                                                       (2 = 18.2%) {36.4%}
13724  -O                                                                        (1 = 9.1%) {54.5%}
16567  ---O                                                                      (3 = 27.3%) {63.6%}
20000  -O                                                                        (1 = 9.1%) {90.9%}

Histogram: PerformanceMonitor.AverageCPU8.Total.ZeroWindow recorded 11 samples, mean = 13474.5 (flags = 0x41)
0      ... 
3043   -O                                                                        (1 = 9.1%) {0.0%}
3673   ... 
7801   -O                                                                        (1 = 9.1%) {9.1%}
9417   --O                                                                       (2 = 18.2%) {18.2%}
11368  --O                                                                       (2 = 18.2%) {36.4%}
13724  -O                                                                        (1 = 9.1%) {54.5%}
16567  ---O                                                                      (3 = 27.3%) {63.6%}
20000  -O                                                                        (1 = 9.1%) {90.9%}

Histogram: PerformanceMonitor.AverageCPU8.UtilityProcess recorded 11 samples, mean = 23.9 (flags = 0x41)
0    ---------O                                                                (9 = 81.8%)
1    -O                                                                        (1 = 9.1%) {81.8%}
2    ... 
218  -O                                                                        (1 = 9.1%) {90.9%}
263  ... 

Histogram: PerformanceMonitor.HasPreciseCPUUsage recorded 9 samples, mean = 1.0 (flags = 0x41)
0  O                                                                         (0 = 0.0%)
1  ---------O                                                                (9 = 100.0%) {0.0%}
2  O                                                                         (0 = 0.0%) {100.0%}

Histogram: PerformanceMonitor.UsageScenario.LongInterval recorded 11 samples, mean = 13.0 (flags = 0x41)
0   ... 
13  -----------O                                                              (11 = 100.0%) {0.0%}
14  ... 

Histogram: Permissions.API.CreatedPermissionStatusObjects recorded 1 samples, mean = 0.0 (flags = 0x41)
0  -O                                                                        (1 = 100.0%)
1  ... 

Histogram: Permissions.Experimental.PrimaryMainNavigationFinished.AudioCapture.TopLevelHeaderPolicy recorded 1 samples, mean = 0.0 (flags = 0x41)
0  -O                                                                        (1 = 100.0%)
1  ... 

Histogram: Permissions.Experimental.PrimaryMainNavigationFinished.Geolocation.TopLevelHeaderPolicy recorded 1 samples, mean = 0.0 (flags = 0x41)
0  -O                                                                        (1 = 100.0%)
1  ... 

Histogram: Permissions.Experimental.PrimaryMainNavigationFinished.VideoCapture.TopLevelHeaderPolicy recorded 1 samples, mean = 0.0 (flags = 0x41)
0  -O                                                                        (1 = 100.0%)
1  ... 

Histogram: Permissions.QuietNotificationPrompts.RegularProfile.IsEnabledInPrefs recorded 1 samples, mean = 0.0 (flags = 0x41)
0  -O                                                                        (1 = 100.0%)
1  ... 

Histogram: Platform.IntelMaxMicroArchitecture recorded 1 samples, mean = 10.0 (flags = 0x41)
0   ... 
10  -O                                                                        (1 = 100.0%) {0.0%}
11  ... 

Histogram: Power.BatteryDischargeGranularityAvailable recorded 21 samples, mean = 1.0 (flags = 0x41)
0  O                                                                         (0 = 0.0%)
1  ---------------------O                                                    (21 = 100.0%) {0.0%}
2  O                                                                         (0 = 0.0%) {100.0%}

Histogram: Power.BatteryDischargeGranularityIsOrdered recorded 35 samples, mean = 1.0 (flags = 0x41)
0  O                                                                         (0 = 0.0%)
1  -----------------------------------O                                      (35 = 100.0%) {0.0%}
2  O                                                                         (0 = 0.0%) {100.0%}

Histogram: Power.BatteryDischargeGranularityMilliwattHours2 recorded 21 samples, mean = 16.0 (flags = 0x41)
0   ... 
15  ---------------------O                                                    (21 = 100.0%) {0.0%}
18  ... 

Histogram: Power.BatteryDischargeGranularityRelative2 recorded 21 samples, mean = 2.0 (flags = 0x41)
0  ... 
2  ---------------------O                                                    (21 = 100.0%) {0.0%}
3  ... 

Histogram: Power.BatteryDischargeMode5 recorded 22 samples, mean = 0.3 (flags = 0x41)
0  ---------------------O                                                    (21 = 95.5%)
1  ... 
6  -O                                                                        (1 = 4.5%) {95.5%}
7  ... 

Histogram: Power.BatteryDischargeMode5.Initial recorded 1 samples, mean = 6.0 (flags = 0x41)
0  ... 
6  -O                                                                        (1 = 100.0%) {0.0%}
7  ... 

Histogram: Power.BatteryDischargeMode5.Periodic recorded 21 samples, mean = 0.0 (flags = 0x41)
0  ---------------------O                                                    (21 = 100.0%)
1  ... 

Histogram: Power.BatteryDischargeMode5.TenMinutes recorded 2 samples, mean = 3.0 (flags = 0x41)
0  -O                                                                        (1 = 50.0%)
1  ... 
6  -O                                                                        (1 = 50.0%) {50.0%}
7  ... 

Histogram: Power.BatteryDischargeMode5.ZeroWindow recorded 22 samples, mean = 0.3 (flags = 0x41)
0  ---------------------O                                                    (21 = 95.5%)
1  ... 
6  -O                                                                        (1 = 4.5%) {95.5%}
7  ... 

Histogram: Power.BatteryDischargeMode5.ZeroWindow.Initial recorded 1 samples, mean = 6.0 (flags = 0x41)
0  ... 
6  -O                                                                        (1 = 100.0%) {0.0%}
7  ... 

Histogram: Power.BatteryDischargeMode5.ZeroWindow.Periodic recorded 21 samples, mean = 0.0 (flags = 0x41)
0  ---------------------O                                                    (21 = 100.0%)
1  ... 

Histogram: Power.BatteryDischargeRateMilliwatts6 recorded 21 samples, mean = 29795.6 (flags = 0x41)
0      -------O                                                                  (7 = 33.3%)
1      ... 
40733  --------------O                                                           (14 = 66.7%) {33.3%}
50987  ... 

Histogram: Power.BatteryDischargeRateMilliwatts6.BatterySaverDisabled recorded 21 samples, mean = 29795.6 (flags = 0x41)
0      -------O                                                                  (7 = 33.3%)
1      ... 
40733  --------------O                                                           (14 = 66.7%) {33.3%}
50987  ... 

Histogram: Power.BatteryDischargeRateMilliwatts6.Periodic recorded 21 samples, mean = 29795.6 (flags = 0x41)
0      -------O                                                                  (7 = 33.3%)
1      ... 
40733  --------------O                                                           (14 = 66.7%) {33.3%}
50987  ... 

Histogram: Power.BatteryDischargeRateMilliwatts6.Periodic.BatterySaverDisabled recorded 21 samples, mean = 29795.6 (flags = 0x41)
0      -------O                                                                  (7 = 33.3%)
1      ... 
40733  --------------O                                                           (14 = 66.7%) {33.3%}
50987  ... 

Histogram: Power.BatteryDischargeRateMilliwatts6.TenMinutes recorded 1 samples, mean = 35737.0 (flags = 0x41)
0      ... 
32541  -O                                                                        (1 = 100.0%) {0.0%}
40733  ... 

Histogram: Power.BatteryDischargeRateMilliwatts6.ZeroWindow recorded 21 samples, mean = 29795.6 (flags = 0x41)
0      -------O                                                                  (7 = 33.3%)
1      ... 
40733  --------------O                                                           (14 = 66.7%) {33.3%}
50987  ... 

Histogram: Power.BatteryDischargeRateMilliwatts6.ZeroWindow.BatterySaverDisabled recorded 21 samples, mean = 29795.6 (flags = 0x41)
0      -------O                                                                  (7 = 33.3%)
1      ... 
40733  --------------O                                                           (14 = 66.7%) {33.3%}
50987  ... 

Histogram: Power.BatteryDischargeRateMilliwatts6.ZeroWindow.Periodic recorded 21 samples, mean = 29795.6 (flags = 0x41)
0      -------O                                                                  (7 = 33.3%)
1      ... 
40733  --------------O                                                           (14 = 66.7%) {33.3%}
50987  ... 

Histogram: Power.BatteryDischargeRateMilliwatts6.ZeroWindow.Periodic.BatterySaverDisabled recorded 21 samples, mean = 29795.6 (flags = 0x41)
0      -------O                                                                  (7 = 33.3%)
1      ... 
40733  --------------O                                                           (14 = 66.7%) {33.3%}
50987  ... 

Histogram: Power.BatteryDischargeRatePreciseMilliwatts recorded 21 samples, mean = 29795.6 (flags = 0x41)
0      -------O                                                                  (7 = 33.3%)
1      ... 
40733  --------------O                                                           (14 = 66.7%) {33.3%}
50987  ... 

Histogram: Power.BatteryDischargeRatePreciseMilliwatts.BatterySaverDisabled recorded 21 samples, mean = 29795.6 (flags = 0x41)
0      -------O                                                                  (7 = 33.3%)
1      ... 
40733  --------------O                                                           (14 = 66.7%) {33.3%}
50987  ... 

Histogram: Power.BatteryDischargeRatePreciseMilliwatts.Periodic recorded 21 samples, mean = 29795.6 (flags = 0x41)
0      -------O                                                                  (7 = 33.3%)
1      ... 
40733  --------------O                                                           (14 = 66.7%) {33.3%}
50987  ... 

Histogram: Power.BatteryDischargeRatePreciseMilliwatts.Periodic.BatterySaverDisabled recorded 21 samples, mean = 29795.6 (flags = 0x41)
0      -------O                                                                  (7 = 33.3%)
1      ... 
40733  --------------O                                                           (14 = 66.7%) {33.3%}
50987  ... 

Histogram: Power.BatteryDischargeRatePreciseMilliwatts.ZeroWindow recorded 21 samples, mean = 29795.6 (flags = 0x41)
0      -------O                                                                  (7 = 33.3%)
1      ... 
40733  --------------O                                                           (14 = 66.7%) {33.3%}
50987  ... 

Histogram: Power.BatteryDischargeRatePreciseMilliwatts.ZeroWindow.BatterySaverDisabled recorded 21 samples, mean = 29795.6 (flags = 0x41)
0      -------O                                                                  (7 = 33.3%)
1      ... 
40733  --------------O                                                           (14 = 66.7%) {33.3%}
50987  ... 

Histogram: Power.BatteryDischargeRatePreciseMilliwatts.ZeroWindow.Periodic recorded 21 samples, mean = 29795.6 (flags = 0x41)
0      -------O                                                                  (7 = 33.3%)
1      ... 
40733  --------------O                                                           (14 = 66.7%) {33.3%}
50987  ... 

Histogram: Power.BatteryDischargeRatePreciseMilliwatts.ZeroWindow.Periodic.BatterySaverDisabled recorded 21 samples, mean = 29795.6 (flags = 0x41)
0      -------O                                                                  (7 = 33.3%)
1      ... 
40733  --------------O                                                           (14 = 66.7%) {33.3%}
50987  ... 

Histogram: Power.BatteryDischargeRateRelative5 recorded 21 samples, mean = 66.2 (flags = 0x41)
0   -------O                                                                  (7 = 33.3%)
1   ... 
95  --------------O                                                           (14 = 66.7%) {33.3%}
107 ... 

Histogram: Power.BatteryDischargeRateRelative5.BatterySaverDisabled recorded 21 samples, mean = 66.2 (flags = 0x41)
0   -------O                                                                  (7 = 33.3%)
1   ... 
95  --------------O                                                           (14 = 66.7%) {33.3%}
107 ... 

Histogram: Power.BatteryDischargeRateRelative5.Periodic recorded 21 samples, mean = 66.2 (flags = 0x41)
0   -------O                                                                  (7 = 33.3%)
1   ... 
95  --------------O                                                           (14 = 66.7%) {33.3%}
107 ... 

Histogram: Power.BatteryDischargeRateRelative5.Periodic.BatterySaverDisabled recorded 21 samples, mean = 66.2 (flags = 0x41)
0   -------O                                                                  (7 = 33.3%)
1   ... 
95  --------------O                                                           (14 = 66.7%) {33.3%}
107 ... 

Histogram: Power.BatteryDischargeRateRelative5.ZeroWindow recorded 21 samples, mean = 66.2 (flags = 0x41)
0   -------O                                                                  (7 = 33.3%)
1   ... 
95  --------------O                                                           (14 = 66.7%) {33.3%}
107 ... 

Histogram: Power.BatteryDischargeRateRelative5.ZeroWindow.BatterySaverDisabled recorded 21 samples, mean = 66.2 (flags = 0x41)
0   -------O                                                                  (7 = 33.3%)
1   ... 
95  --------------O                                                           (14 = 66.7%) {33.3%}
107 ... 

Histogram: Power.BatteryDischargeRateRelative5.ZeroWindow.Periodic recorded 21 samples, mean = 66.2 (flags = 0x41)
0   -------O                                                                  (7 = 33.3%)
1   ... 
95  --------------O                                                           (14 = 66.7%) {33.3%}
107 ... 

Histogram: Power.BatteryDischargeRateRelative5.ZeroWindow.Periodic.BatterySaverDisabled recorded 21 samples, mean = 66.2 (flags = 0x41)
0   -------O                                                                  (7 = 33.3%)
1   ... 
95  --------------O                                                           (14 = 66.7%) {33.3%}
107 ... 

Histogram: Power.BatteryPercentDrop recorded 16 samples, mean = 1.0 (flags = 0x41)
0  O                                                                         (0 = 0.0%)
1  ----------------O                                                         (16 = 100.0%) {0.0%}
2  ... 

Histogram: Power.HasPreciseBatteryDischargeGranularity recorded 22 samples, mean = 1.0 (flags = 0x41)
0  O                                                                         (0 = 0.0%)
1  ----------------------O                                                   (22 = 100.0%) {0.0%}
2  O                                                                         (0 = 0.0%) {100.0%}

Histogram: Prefs.JSonStore.SetValueKey recorded 35 samples (flags = 0x41)
174384190   --O                                                                       (2 = 5.7%)
372921139   -----------O                                                              (11 = 31.4%)
819550135   -O                                                                        (1 = 2.9%)
852125461   --O                                                                       (2 = 5.7%)
1227647714  -O                                                                        (1 = 2.9%)
1923415074  ---O                                                                      (3 = 8.6%)
1927273959  -O                                                                        (1 = 2.9%)
1936820420  --O                                                                       (2 = 5.7%)
1956100443  --O                                                                       (2 = 5.7%)
2056672062  ---------O                                                                (9 = 25.7%)
2082524502  -O                                                                        (1 = 2.9%)

Histogram: Privacy.CookieControlsSetting.RegularProfile recorded 1 samples, mean = 2.0 (flags = 0x41)
0  ... 
2  -O                                                                        (1 = 100.0%) {0.0%}
3  O                                                                         (0 = 0.0%) {100.0%}

Histogram: Privacy.DIPS.BounceCategoryServer.Block3PC recorded 1 samples, mean = 0.0 (flags = 0x41)
0  -O                                                                        (1 = 100.0%)
1  ... 

Histogram: Privacy.DIPS.ClearedSitesCount.Block3PC recorded 1 samples, mean = 0.0 (flags = 0x41)
0  -O                                                                        (1 = 100.0%)
1  ... 

Histogram: Privacy.DIPS.DIPSErrorCodes recorded 4 samples, mean = 3.0 (flags = 0x41)
0  --O                                                                       (2 = 50.0%)
1  ... 
6  --O                                                                       (2 = 50.0%) {50.0%}
7  ... 

Histogram: Privacy.DIPS.Database.Operation.FilterSitesWithProtectiveEventTime recorded 1 samples, mean = 0.0 (flags = 0x41)
0  -O                                                                        (1 = 100.0%)
1  ... 

Histogram: Privacy.DIPS.Database.Operation.GetSitesThatBouncedWithStateTime recorded 1 samples, mean = 0.0 (flags = 0x41)
0  -O                                                                        (1 = 100.0%)
1  ... 

Histogram: Privacy.DIPS.Database.Operation.InitTime recorded 1 samples, mean = 4.0 (flags = 0x41)
0  ... 
4  -O                                                                        (1 = 100.0%) {0.0%}
5  ... 

Histogram: Privacy.DIPS.Database.Operation.ReadPopupTime recorded 1 samples, mean = 0.0 (flags = 0x41)
0  -O                                                                        (1 = 100.0%)
1  ... 

Histogram: Privacy.DIPS.Database.Operation.ReadTime recorded 3 samples, mean = 0.0 (flags = 0x41)
0  ---O                                                                      (3 = 100.0%)
1  ... 

Histogram: Privacy.DIPS.Database.Operation.RemoveRowsTime recorded 1 samples, mean = 27.0 (flags = 0x41)
0   ... 
24  -O                                                                        (1 = 100.0%) {0.0%}
29  ... 

Histogram: Privacy.DIPS.Database.Operation.WriteTime recorded 2 samples, mean = 5.5 (flags = 0x41)
0  ... 
5  -O                                                                        (1 = 50.0%) {0.0%}
6  -O                                                                        (1 = 50.0%) {50.0%}
7  ... 

Histogram: Privacy.DIPS.DatabaseEntryCount recorded 1 samples, mean = 2.0 (flags = 0x41)
0  ... 
2  -O                                                                        (1 = 100.0%) {0.0%}
3  ... 

Histogram: Privacy.DIPS.DatabaseHealthMetricsTime recorded 1 samples, mean = 1.0 (flags = 0x41)
0  O                                                                         (0 = 0.0%)
1  -O                                                                        (1 = 100.0%) {0.0%}
2  ... 

Histogram: Privacy.DIPS.DatabaseInit recorded 1 samples, mean = 1.0 (flags = 0x41)
0  O                                                                         (0 = 0.0%)
1  -O                                                                        (1 = 100.0%) {0.0%}
2  ... 

Histogram: Privacy.DIPS.DatabaseSize recorded 1 samples, mean = 36.0 (flags = 0x41)
0  -O                                                                        (1 = 100.0%)
1000... 

Histogram: Privacy.DoNotTrackSetting2 recorded 1 samples, mean = 0.0 (flags = 0x41)
0  -O                                                                        (1 = 100.0%)
1  ... 

Histogram: Privacy.ThirdPartyCookieBlockingSetting.RegularProfile recorded 1 samples, mean = 0.0 (flags = 0x41)
0  -O                                                                        (1 = 100.0%)
1  ... 

Histogram: PrivacyBudget.Identifiability.FinchConfigValidationResult recorded 1 samples, mean = 1.0 (flags = 0x41)
0  O                                                                         (0 = 0.0%)
1  -O                                                                        (1 = 100.0%) {0.0%}
2  O                                                                         (0 = 0.0%) {100.0%}

Histogram: PrivacySandbox.NoticeRequirement.IsVariationCountryEmpty recorded 3 samples, mean = 1.0 (flags = 0x41)
0  O                                                                         (0 = 0.0%)
1  ---O                                                                      (3 = 100.0%) {0.0%}
2  O                                                                         (0 = 0.0%) {100.0%}

Histogram: PrivacySandbox.NoticeRequirement.IsVariationServiceReady recorded 3 samples, mean = 1.0 (flags = 0x41)
0  O                                                                         (0 = 0.0%)
1  ---O                                                                      (3 = 100.0%) {0.0%}
2  O                                                                         (0 = 0.0%) {100.0%}

Histogram: PrivacySandbox.TrackingProtection.OnboardingStartup.State recorded 1 samples, mean = 0.0 (flags = 0x41)
0  -O                                                                        (1 = 100.0%)
1  ... 

Histogram: PrivacySandbox.TrackingProtection.SilentOnboardingStartup.State recorded 1 samples, mean = 0.0 (flags = 0x41)
0  -O                                                                        (1 = 100.0%)
1  ... 

Histogram: Profile.AppCount recorded 1 samples, mean = 0.0 (flags = 0x41)
0  -O                                                                        (1 = 100.0%)
1  ... 

Histogram: Profile.BookmarksSize recorded 1 samples, mean = 0.0 (flags = 0x41)
0  -O                                                                        (1 = 100.0%)
1  ... 

Histogram: Profile.CookiesSize recorded 1 samples, mean = 0.0 (flags = 0x41)
0  -O                                                                        (1 = 100.0%)
1  ... 

Histogram: Profile.Destroyer.OffTheRecord recorded 1 samples, mean = 1.0 (flags = 0x41)
0  O                                                                         (0 = 0.0%)
1  -O                                                                        (1 = 100.0%) {0.0%}
2  ... 

Histogram: Profile.DidDestroyProfileBeforeShutdown recorded 1 samples, mean = 0.0 (flags = 0x41)
0  -O                                                                        (1 = 100.0%)
1  ... 

Histogram: Profile.ExtensionSize recorded 1 samples, mean = 0.0 (flags = 0x41)
0  -O                                                                        (1 = 100.0%)
1  ... 

Histogram: Profile.FaviconsSize recorded 1 samples, mean = 0.0 (flags = 0x41)
0  -O                                                                        (1 = 100.0%)
1  ... 

Histogram: Profile.HistorySize recorded 1 samples, mean = 0.0 (flags = 0x41)
0  -O                                                                        (1 = 100.0%)
1  ... 

Histogram: Profile.KeepAliveLeakAtShutdown recorded 2 samples, mean = 3.5 (flags = 0x41)
0  -O                                                                        (1 = 50.0%)
1  ... 
7  -O                                                                        (1 = 50.0%) {50.0%}
8  ... 

Histogram: Profile.TopSitesSize recorded 1 samples, mean = 0.0 (flags = 0x41)
0  -O                                                                        (1 = 100.0%)
1  ... 

Histogram: Profile.TotalHistorySize recorded 1 samples, mean = 0.0 (flags = 0x41)
0  -O                                                                        (1 = 100.0%)
1  ... 

Histogram: Profile.TotalSize recorded 1 samples, mean = 0.0 (flags = 0x41)
0  -O                                                                        (1 = 100.0%)
1  ... 

Histogram: Profile.TotalSizeRecursive recorded 1 samples, mean = 72.0 (flags = 0x41)
0   ... 
68  -O                                                                        (1 = 100.0%) {0.0%}
81  ... 

Histogram: Profile.TriggeredReset recorded 1 samples, mean = 0.0 (flags = 0x41)
0  -O                                                                        (1 = 100.0%)
1  ... 

Histogram: Profile.VisitedLinksSize recorded 1 samples, mean = 0.0 (flags = 0x41)
0  -O                                                                        (1 = 100.0%)
1  ... 

Histogram: Profile.WebDataSize recorded 1 samples, mean = 0.0 (flags = 0x41)
0  -O                                                                        (1 = 100.0%)
1  ... 

Histogram: ProfilePicker.StartupMode.CreateInitialProfile recorded 1 samples, mean = 0.0 (flags = 0x41)
0  -O                                                                        (1 = 100.0%)
1  ... 

Histogram: ProfilePicker.StartupMode.GetStartupProfile recorded 1 samples, mean = 0.0 (flags = 0x41)
0  -O                                                                        (1 = 100.0%)
1  ... 

Histogram: ProfilePicker.StartupReason.GetStartupProfile recorded 1 samples, mean = 27.0 (flags = 0x41)
0   ... 
27  -O                                                                        (1 = 100.0%) {0.0%}
28  ... 

Histogram: ProtoDB.GetErrorStatus.Metadata recorded 0 samples (flags = 0x41)
0 ... 

Histogram: ProtoDB.GetFound.Metadata recorded 18 samples, mean = 1.0 (flags = 0x41)
0  O                                                                         (0 = 0.0%)
1  ------------------O                                                       (18 = 100.0%) {0.0%}
2  O                                                                         (0 = 0.0%) {100.0%}

Histogram: ProtoDB.GetSuccess.Metadata recorded 18 samples, mean = 1.0 (flags = 0x41)
0  O                                                                         (0 = 0.0%)
1  ------------------O                                                       (18 = 100.0%) {0.0%}
2  O                                                                         (0 = 0.0%) {100.0%}

Histogram: ProtoDB.InitStatus.BudgetManager recorded 1 samples, mean = 4.0 (flags = 0x41)
0  ... 
4  -O                                                                        (1 = 100.0%) {0.0%}
5  ... 

Histogram: ProtoDB.InitStatus.CartDatabase recorded 1 samples, mean = 4.0 (flags = 0x41)
0  ... 
4  -O                                                                        (1 = 100.0%) {0.0%}
5  ... 

Histogram: ProtoDB.InitStatus.ClientCertificatesDatabase recorded 1 samples, mean = 4.0 (flags = 0x41)
0  ... 
4  -O                                                                        (1 = 100.0%) {0.0%}
5  ... 

Histogram: ProtoDB.InitStatus.CommerceParcelTrackingDatabase recorded 1 samples, mean = 4.0 (flags = 0x41)
0  ... 
4  -O                                                                        (1 = 100.0%) {0.0%}
5  ... 

Histogram: ProtoDB.InitStatus.CommerceSubscriptionDatabase recorded 1 samples, mean = 4.0 (flags = 0x41)
0  ... 
4  -O                                                                        (1 = 100.0%) {0.0%}
5  ... 

Histogram: ProtoDB.InitStatus.CouponDatabase recorded 1 samples, mean = 4.0 (flags = 0x41)
0  ... 
4  -O                                                                        (1 = 100.0%) {0.0%}
5  ... 

Histogram: ProtoDB.InitStatus.DiscountsDatabase recorded 1 samples, mean = 4.0 (flags = 0x41)
0  ... 
4  -O                                                                        (1 = 100.0%) {0.0%}
5  ... 

Histogram: ProtoDB.InitStatus.DownloadDB recorded 1 samples, mean = 4.0 (flags = 0x41)
0  ... 
4  -O                                                                        (1 = 100.0%) {0.0%}
5  ... 

Histogram: ProtoDB.InitStatus.DownloadService recorded 1 samples, mean = 4.0 (flags = 0x41)
0  ... 
4  -O                                                                        (1 = 100.0%) {0.0%}
5  ... 

Histogram: ProtoDB.InitStatus.FeatureEngagementTrackerAvailabilityStore recorded 1 samples, mean = 4.0 (flags = 0x41)
0  ... 
4  -O                                                                        (1 = 100.0%) {0.0%}
5  ... 

Histogram: ProtoDB.InitStatus.FeatureEngagementTrackerEventStore recorded 1 samples, mean = 4.0 (flags = 0x41)
0  ... 
4  -O                                                                        (1 = 100.0%) {0.0%}
5  ... 

Histogram: ProtoDB.InitStatus.Metadata recorded 1 samples, mean = 0.0 (flags = 0x41)
0  -O                                                                        (1 = 100.0%)
1  ... 

Histogram: ProtoDB.InitStatus.PersistentOriginTrials recorded 1 samples, mean = 4.0 (flags = 0x41)
0  ... 
4  -O                                                                        (1 = 100.0%) {0.0%}
5  ... 

Histogram: ProtoDB.InitStatus.PreviewsHintCacheStore recorded 1 samples, mean = 4.0 (flags = 0x41)
0  ... 
4  -O                                                                        (1 = 100.0%) {0.0%}
5  ... 

Histogram: ProtoDB.InitStatus.SegmentInfoDatabase recorded 1 samples, mean = 4.0 (flags = 0x41)
0  ... 
4  -O                                                                        (1 = 100.0%) {0.0%}
5  ... 

Histogram: ProtoDB.InitStatus.SharedDb recorded 1 samples, mean = 0.0 (flags = 0x41)
0  -O                                                                        (1 = 100.0%)
1  ... 

Histogram: ProtoDB.InitStatus.SignalDatabase recorded 1 samples, mean = 4.0 (flags = 0x41)
0  ... 
4  -O                                                                        (1 = 100.0%) {0.0%}
5  ... 

Histogram: ProtoDB.InitStatus.SignalStorageConfigDatabase recorded 1 samples, mean = 4.0 (flags = 0x41)
0  ... 
4  -O                                                                        (1 = 100.0%) {0.0%}
5  ... 

Histogram: ProtoDB.InitStatus.StrikeService recorded 1 samples, mean = 4.0 (flags = 0x41)
0  ... 
4  -O                                                                        (1 = 100.0%) {0.0%}
5  ... 

Histogram: ProtoDB.LoadEntriesSuccess.CartDatabase recorded 1 samples, mean = 1.0 (flags = 0x41)
0  O                                                                         (0 = 0.0%)
1  -O                                                                        (1 = 100.0%) {0.0%}
2  O                                                                         (0 = 0.0%) {100.0%}

Histogram: ProtoDB.LoadEntriesSuccess.CouponDatabase recorded 1 samples, mean = 1.0 (flags = 0x41)
0  O                                                                         (0 = 0.0%)
1  -O                                                                        (1 = 100.0%) {0.0%}
2  O                                                                         (0 = 0.0%) {100.0%}

Histogram: ProtoDB.LoadEntriesSuccess.DownloadDB recorded 1 samples, mean = 1.0 (flags = 0x41)
0  O                                                                         (0 = 0.0%)
1  -O                                                                        (1 = 100.0%) {0.0%}
2  O                                                                         (0 = 0.0%) {100.0%}

Histogram: ProtoDB.LoadEntriesSuccess.DownloadService recorded 1 samples, mean = 1.0 (flags = 0x41)
0  O                                                                         (0 = 0.0%)
1  -O                                                                        (1 = 100.0%) {0.0%}
2  O                                                                         (0 = 0.0%) {100.0%}

Histogram: ProtoDB.LoadEntriesSuccess.FeatureEngagementTrackerAvailabilityStore recorded 1 samples, mean = 1.0 (flags = 0x41)
0  O                                                                         (0 = 0.0%)
1  -O                                                                        (1 = 100.0%) {0.0%}
2  O                                                                         (0 = 0.0%) {100.0%}

Histogram: ProtoDB.LoadEntriesSuccess.FeatureEngagementTrackerEventStore recorded 1 samples, mean = 1.0 (flags = 0x41)
0  O                                                                         (0 = 0.0%)
1  -O                                                                        (1 = 100.0%) {0.0%}
2  O                                                                         (0 = 0.0%) {100.0%}

Histogram: ProtoDB.LoadEntriesSuccess.PersistentOriginTrials recorded 1 samples, mean = 1.0 (flags = 0x41)
0  O                                                                         (0 = 0.0%)
1  -O                                                                        (1 = 100.0%) {0.0%}
2  O                                                                         (0 = 0.0%) {100.0%}

Histogram: ProtoDB.LoadEntriesSuccess.SegmentInfoDatabase recorded 1 samples, mean = 1.0 (flags = 0x41)
0  O                                                                         (0 = 0.0%)
1  -O                                                                        (1 = 100.0%) {0.0%}
2  O                                                                         (0 = 0.0%) {100.0%}

Histogram: ProtoDB.LoadEntriesSuccess.SignalStorageConfigDatabase recorded 1 samples, mean = 1.0 (flags = 0x41)
0  O                                                                         (0 = 0.0%)
1  -O                                                                        (1 = 100.0%) {0.0%}
2  O                                                                         (0 = 0.0%) {100.0%}

Histogram: ProtoDB.LoadKeysAndEntriesSuccess.PreviewsHintCacheStore recorded 2 samples, mean = 1.0 (flags = 0x41)
0  O                                                                         (0 = 0.0%)
1  --O                                                                       (2 = 100.0%) {0.0%}
2  O                                                                         (0 = 0.0%) {100.0%}

Histogram: ProtoDB.LoadKeysAndEntriesSuccess.SignalDatabase recorded 20 samples, mean = 1.0 (flags = 0x41)
0  O                                                                         (0 = 0.0%)
1  --------------------O                                                     (20 = 100.0%) {0.0%}
2  O                                                                         (0 = 0.0%) {100.0%}

Histogram: ProtoDB.LoadKeysAndEntriesSuccess.StrikeService recorded 1 samples, mean = 1.0 (flags = 0x41)
0  O                                                                         (0 = 0.0%)
1  -O                                                                        (1 = 100.0%) {0.0%}
2  O                                                                         (0 = 0.0%) {100.0%}

Histogram: ProtoDB.SharedDbInitStatus recorded 53 samples, mean = 11.4 (flags = 0x41)
0   ------------------O                                                       (18 = 34.0%)
1   ... 
11  -----------------O                                                        (17 = 32.1%) {34.0%}
12  ... 
23  -----------------O                                                        (17 = 32.1%) {66.0%}
24  ... 
27  -O                                                                        (1 = 1.9%) {98.1%}
28  ... 

Histogram: ProtoDB.UpdateErrorStatus.CartDatabase recorded 0 samples (flags = 0x41)
0 ... 

Histogram: ProtoDB.UpdateErrorStatus.CouponDatabase recorded 0 samples (flags = 0x41)
0 ... 

Histogram: ProtoDB.UpdateErrorStatus.Default recorded 0 samples (flags = 0x41)
0 ... 

Histogram: ProtoDB.UpdateErrorStatus.FeatureEngagementTrackerAvailabilityStore recorded 0 samples (flags = 0x41)
0 ... 

Histogram: ProtoDB.UpdateErrorStatus.Metadata recorded 0 samples (flags = 0x41)
0 ... 

Histogram: ProtoDB.UpdateErrorStatus.SegmentInfoDatabase recorded 0 samples (flags = 0x41)
0 ... 

Histogram: ProtoDB.UpdateSuccess.CartDatabase recorded 1 samples, mean = 1.0 (flags = 0x41)
0  O                                                                         (0 = 0.0%)
1  -O                                                                        (1 = 100.0%) {0.0%}
2  O                                                                         (0 = 0.0%) {100.0%}

Histogram: ProtoDB.UpdateSuccess.CouponDatabase recorded 1 samples, mean = 1.0 (flags = 0x41)
0  O                                                                         (0 = 0.0%)
1  -O                                                                        (1 = 100.0%) {0.0%}
2  O                                                                         (0 = 0.0%) {100.0%}

Histogram: ProtoDB.UpdateSuccess.Default recorded 5 samples, mean = 1.0 (flags = 0x41)
0  O                                                                         (0 = 0.0%)
1  -----O                                                                    (5 = 100.0%) {0.0%}
2  O                                                                         (0 = 0.0%) {100.0%}

Histogram: ProtoDB.UpdateSuccess.FeatureEngagementTrackerAvailabilityStore recorded 1 samples, mean = 1.0 (flags = 0x41)
0  O                                                                         (0 = 0.0%)
1  -O                                                                        (1 = 100.0%) {0.0%}
2  O                                                                         (0 = 0.0%) {100.0%}

Histogram: ProtoDB.UpdateSuccess.Metadata recorded 1 samples, mean = 1.0 (flags = 0x41)
0  O                                                                         (0 = 0.0%)
1  -O                                                                        (1 = 100.0%) {0.0%}
2  O                                                                         (0 = 0.0%) {100.0%}

Histogram: ProtoDB.UpdateSuccess.SegmentInfoDatabase recorded 11 samples, mean = 1.0 (flags = 0x41)
0  O                                                                         (0 = 0.0%)
1  -----------O                                                              (11 = 100.0%) {0.0%}
2  O                                                                         (0 = 0.0%) {100.0%}

Histogram: Quota.AvailableDiskSpace recorded 1 samples, mean = 23333.0 (flags = 0x41)
0      ... 
22105  -O                                                                        (1 = 100.0%) {0.0%}
25787  ... 

Histogram: Quota.GlobalTemporaryPoolSize recorded 1 samples, mean = 372380.0 (flags = 0x41)
0       ... 
353788  -O                                                                        (1 = 100.0%) {0.0%}
412711  ... 

Histogram: Quota.PercentDiskAvailable recorded 1 samples, mean = 5.0 (flags = 0x41)
0  ... 
5  -O                                                                        (1 = 100.0%) {0.0%}
6  ... 

Histogram: Quota.TotalDiskSpace recorded 1 samples, mean = 465475.0 (flags = 0x41)
0       ... 
412711  -O                                                                        (1 = 100.0%) {0.0%}
481447  ... 

Histogram: Quota.TotalDiskSpaceIsZero recorded 1 samples, mean = 0.0 (flags = 0x41)
0  -O                                                                        (1 = 100.0%)
1  ... 

Histogram: ReadingList.Read.Count.OnModelLoaded.AccountStorage recorded 1 samples, mean = 0.0 (flags = 0x41)
0  -O                                                                        (1 = 100.0%)
1  ... 

Histogram: ReadingList.Read.Count.OnModelLoaded.LocalStorage recorded 1 samples, mean = 0.0 (flags = 0x41)
0  -O                                                                        (1 = 100.0%)
1  ... 

Histogram: ReadingList.Unread.Count.OnModelLoaded.AccountStorage recorded 1 samples, mean = 0.0 (flags = 0x41)
0  -O                                                                        (1 = 100.0%)
1  ... 

Histogram: ReadingList.Unread.Count.OnModelLoaded.LocalStorage recorded 1 samples, mean = 0.0 (flags = 0x41)
0  -O                                                                        (1 = 100.0%)
1  ... 

Histogram: Renderer.BrowserLaunchToRunLoopStart recorded 1 samples, mean = 164.0 (flags = 0x41)
0    ... 
160  -O                                                                        (1 = 100.0%) {0.0%}
190  ... 

Histogram: Renderer.Core.Timing.Performance.SwapsPerPerformanceEntryInsertion recorded 50 samples, mean = 2.7 (flags = 0x41)
0   -----------------O                                                        (17 = 34.0%)
1   ------------O                                                             (12 = 24.0%) {34.0%}
2   ------O                                                                   (6 = 12.0%) {58.0%}
3   ----O                                                                     (4 = 8.0%) {70.0%}
4   ---O                                                                      (3 = 6.0%) {78.0%}
5   O                                                                         (0 = 0.0%) {84.0%}
6   -O                                                                        (1 = 2.0%) {84.0%}
7   -O                                                                        (1 = 2.0%) {86.0%}
8   ... 
11  --O                                                                       (2 = 4.0%) {88.0%}
12  --O                                                                       (2 = 4.0%) {92.0%}
14  --O                                                                       (2 = 4.0%) {96.0%}
16  ... 

Histogram: Renderer.CriticalFonts.BlockingResourcesLoadTime recorded 1 samples, mean = 6708.0 (flags = 0x41)
0     ... 
5961  -O                                                                        (1 = 100.0%) {0.0%}
7083  ... 

Histogram: Renderer.CriticalFonts.CriticalFontDelay recorded 1 samples, mean = 0.0 (flags = 0x41)
0  -O                                                                        (1 = 100.0%)
1  ... 

Histogram: Renderer.CriticalFonts.PreloadedFontsLoadTime recorded 1 samples, mean = 6695.0 (flags = 0x41)
0     ... 
5961  -O                                                                        (1 = 100.0%) {0.0%}
7083  ... 

Histogram: Renderer.Font.PrimaryFont.DomContentLoaded recorded 1 samples, mean = 0.0 (flags = 0x41)
0  -O                                                                        (1 = 100.0%)
1  ... 

Histogram: Renderer.Font.PrimaryFont.DomContentLoaded.Style recorded 1 samples, mean = 0.0 (flags = 0x41)
0  -O                                                                        (1 = 100.0%)
1  ... 

Histogram: Renderer.Font.SystemFallback.DomContentLoaded recorded 1 samples, mean = 0.0 (flags = 0x41)
0  -O                                                                        (1 = 100.0%)
1  ... 

Histogram: Renderer.Layout.TextWrapBalance recorded 2 samples, mean = 0.0 (flags = 0x41)
0  --O                                                                       (2 = 100.0%)
1  ... 

Histogram: Renderer.ProcessLifetime3 recorded 3 samples, mean = 909253.3 (flags = 0x41)
0        ... 
1786     -O                                                                        (1 = 33.3%) {0.0%}
2006     ... 
1327842  --O                                                                       (2 = 66.7%) {33.3%}
1491138  ... 

Histogram: Renderer.ProcessLifetime3.Empty recorded 1 samples, mean = 1362172.0 (flags = 0x41)
0        ... 
1327842  -O                                                                        (1 = 100.0%) {0.0%}
1491138  ... 

Histogram: Renderer.ProcessLifetime3.MainFrame recorded 1 samples, mean = 1363709.0 (flags = 0x41)
0        ... 
1327842  -O                                                                        (1 = 100.0%) {0.0%}
1491138  ... 

Histogram: Renderer.ProcessLifetime3.Speculative recorded 1 samples, mean = 1879.0 (flags = 0x41)
0     ... 
1786  -O                                                                        (1 = 100.0%) {0.0%}
2006  ... 

Histogram: Renderer.ReduceSubresourceResponseIPC.DidNotifyBrowser recorded 48 samples, mean = 1.0 (flags = 0x41)
0  O                                                                         (0 = 0.0%)
1  ------------------------------------------------O                         (48 = 100.0%) {0.0%}
2  O                                                                         (0 = 0.0%) {100.0%}

Histogram: Renderer.RenderThreadImpl.Init recorded 1 samples, mean = 15.0 (flags = 0x41)
0   ... 
14  -O                                                                        (1 = 100.0%) {0.0%}
17  ... 

Histogram: Renderer4.GpuRasterizationEnabled recorded 1 samples, mean = 1.0 (flags = 0x41)
0  O                                                                         (0 = 0.0%)
1  -O                                                                        (1 = 100.0%) {0.0%}
2  O                                                                         (0 = 0.0%) {100.0%}

Histogram: RendererScheduler.RendererMainThreadLoad5 recorded 1368 samples, mean = 0.0 (flags = 0x41)
0   ------------------------------------------------------------------------O (1367 = 99.9%)
1   ... 
36  O                                                                         (1 = 0.1%) {99.9%}
37  ... 

Histogram: RendererScheduler.RendererMainThreadLoad5.Background recorded 1363 samples, mean = 0.0 (flags = 0x41)
0  ------------------------------------------------------------------------O (1363 = 100.0%)
1  ... 

Histogram: RendererScheduler.RendererMainThreadLoad5.Background.AfterFifthMinute recorded 1063 samples, mean = 0.0 (flags = 0x41)
0  ------------------------------------------------------------------------O (1063 = 100.0%)
1  ... 

Histogram: RendererScheduler.RendererMainThreadLoad5.Background.AfterFirstMinute recorded 1303 samples, mean = 0.0 (flags = 0x41)
0  ------------------------------------------------------------------------O (1303 = 100.0%)
1  ... 

Histogram: RendererScheduler.RendererMainThreadLoad5.Background.AfterTenthMinute recorded 763 samples, mean = 0.0 (flags = 0x41)
0  ------------------------------------------------------------------------O (763 = 100.0%)
1  ... 

Histogram: RendererScheduler.RendererMainThreadLoad5.Foreground recorded 5 samples, mean = 7.2 (flags = 0x41)
0   ----O                                                                     (4 = 80.0%)
1   ... 
36  -O                                                                        (1 = 20.0%) {80.0%}
37  ... 

Histogram: RendererScheduler.RendererMainThreadLoad5.Foreground.AfterFirstMinute recorded 1303 samples, mean = 0.0 (flags = 0x41)
0  ------------------------------------------------------------------------O (1303 = 100.0%)
1  ... 

Histogram: ReportingAndNEL.NumberOfLoadedNELPolicies recorded 1 samples, mean = 0.0 (flags = 0x41)
0  -O                                                                        (1 = 100.0%)
1  ... 

Histogram: ReportingAndNEL.NumberOfLoadedNELPolicies2 recorded 1 samples, mean = 0.0 (flags = 0x41)
0  -O                                                                        (1 = 100.0%)
1  ... 

Histogram: ReportingAndNEL.TimeInitializeDB recorded 1 samples, mean = 5.0 (flags = 0x41)
0  ... 
5  -O                                                                        (1 = 100.0%) {0.0%}
6  ... 

Histogram: ResourceScheduler.RequestQueuingDuration.Priority1 recorded 11 samples, mean = 0.0 (flags = 0x41)
0  -----------O                                                              (11 = 100.0%)
1  ... 

Histogram: ResourceScheduler.RequestQueuingDuration.Priority2 recorded 29 samples, mean = 0.0 (flags = 0x41)
0  -----------------------------O                                            (29 = 100.0%)
1  ... 

Histogram: ResourceScheduler.RequestQueuingDuration.Priority3 recorded 1 samples, mean = 0.0 (flags = 0x41)
0  -O                                                                        (1 = 100.0%)
1  ... 

Histogram: ResourceScheduler.RequestQueuingDuration.Priority4 recorded 7 samples, mean = 0.0 (flags = 0x41)
0  -------O                                                                  (7 = 100.0%)
1  ... 

Histogram: ResourceScheduler.RequestQueuingDuration.Priority5 recorded 17 samples, mean = 0.0 (flags = 0x41)
0  -----------------O                                                        (17 = 100.0%)
1  ... 

Histogram: SBClientPhishing.Classifier.Event recorded 2 samples, mean = 1.0 (flags = 0x41)
0  O                                                                         (0 = 0.0%)
1  --O                                                                       (2 = 100.0%) {0.0%}
2  ... 

Histogram: SBClientPhishing.HighConfidenceAllowlistCheckDuration recorded 1 samples, mean = 320.0 (flags = 0x41)
0    ... 
280  -O                                                                        (1 = 100.0%) {0.0%}
356  ... 

Histogram: SBClientPhishing.ImageEmbedder.Event recorded 2 samples, mean = 1.0 (flags = 0x41)
0  O                                                                         (0 = 0.0%)
1  --O                                                                       (2 = 100.0%) {0.0%}
2  ... 

Histogram: SBClientPhishing.LoadReportTimesFromPrefAtServiceCreationSuccessful recorded 1 samples, mean = 1.0 (flags = 0x41)
0  O                                                                         (0 = 0.0%)
1  -O                                                                        (1 = 100.0%) {0.0%}
2  O                                                                         (0 = 0.0%) {100.0%}

Histogram: SBClientPhishing.MatchHighConfidenceAllowlist recorded 1 samples, mean = 3.0 (flags = 0x41)
0  ... 
3  -O                                                                        (1 = 100.0%) {0.0%}
4  O                                                                         (0 = 0.0%) {100.0%}

Histogram: SBClientPhishing.MatchHighConfidenceAllowlist.TriggerModel recorded 1 samples, mean = 3.0 (flags = 0x41)
0  ... 
3  -O                                                                        (1 = 100.0%) {0.0%}
4  O                                                                         (0 = 0.0%) {100.0%}

Histogram: SBClientPhishing.PreClassificationCheckResult recorded 1 samples, mean = 3.0 (flags = 0x41)
0  ... 
3  -O                                                                        (1 = 100.0%) {0.0%}
4  ... 

Histogram: SBIRS.DroppedIncident recorded 1 samples, mean = 1.0 (flags = 0x41)
0  O                                                                         (0 = 0.0%)
1  -O                                                                        (1 = 100.0%) {0.0%}
2  ... 

Histogram: SBIRS.ReceivedIncident recorded 1 samples, mean = 1.0 (flags = 0x41)
0  O                                                                         (0 = 0.0%)
1  -O                                                                        (1 = 100.0%) {0.0%}
2  ... 

Histogram: SSL.Experimental.SubresourceResponse recorded 48 samples, mean = 0.0 (flags = 0x41)
0  ------------------------------------------------O                         (48 = 100.0%)
1  ... 

Histogram: SafeBrowsing.AsyncCheck.CommittedNavigationIdsSize recorded 5 samples, mean = 1.6 (flags = 0x41)
0  -O                                                                        (1 = 20.0%)
1  -O                                                                        (1 = 20.0%) {20.0%}
2  --O                                                                       (2 = 40.0%) {40.0%}
3  -O                                                                        (1 = 20.0%) {80.0%}
4  ... 

Histogram: SafeBrowsing.BrowserThrottle.CheckerOnIOLifetime recorded 1 samples, mean = 1525.0 (flags = 0x41)
0     ... 
1496  -O                                                                        (1 = 100.0%) {0.0%}
1901  ... 

Histogram: SafeBrowsing.BrowserThrottle.IntervalBetweenStartAndProcess recorded 1 samples, mean = 1525.0 (flags = 0x41)
0     ... 
1500  -O                                                                        (1 = 100.0%) {0.0%}
1782  ... 

Histogram: SafeBrowsing.BrowserThrottle.IntervalBetweenStartAndProcess.FromNetwork recorded 1 samples, mean = 1525.0 (flags = 0x41)
0     ... 
1500  -O                                                                        (1 = 100.0%) {0.0%}
1782  ... 

Histogram: SafeBrowsing.BrowserThrottle.IsCheckCompletedOnProcessResponse recorded 1 samples, mean = 1.0 (flags = 0x41)
0  O                                                                         (0 = 0.0%)
1  -O                                                                        (1 = 100.0%) {0.0%}
2  O                                                                         (0 = 0.0%) {100.0%}

Histogram: SafeBrowsing.BrowserThrottle.RequestDestination recorded 1 samples, mean = 3.0 (flags = 0x41)
0  ... 
3  -O                                                                        (1 = 100.0%) {0.0%}
4  ... 

Histogram: SafeBrowsing.BrowserThrottle.RequestDestination.Checked recorded 1 samples, mean = 3.0 (flags = 0x41)
0  ... 
3  -O                                                                        (1 = 100.0%) {0.0%}
4  ... 

Histogram: SafeBrowsing.BrowserThrottle.TotalDelay2.FromNetwork recorded 1 samples, mean = 0.0 (flags = 0x41)
0  -O                                                                        (1 = 100.0%)
1  ... 

Histogram: SafeBrowsing.BrowserThrottle.TotalDelay2.HashPrefixDatabaseCheck recorded 1 samples, mean = 0.0 (flags = 0x41)
0  -O                                                                        (1 = 100.0%)
1  ... 

Histogram: SafeBrowsing.BrowserThrottle.WillProcessResponseCount recorded 1 samples, mean = 1.0 (flags = 0x41)
0  O                                                                         (0 = 0.0%)
1  -O                                                                        (1 = 100.0%) {0.0%}
2  ... 

Histogram: SafeBrowsing.CheckBrowseUrl.HasLocalMatch recorded 1 samples, mean = 1.0 (flags = 0x41)
0  O                                                                         (0 = 0.0%)
1  -O                                                                        (1 = 100.0%) {0.0%}
2  O                                                                         (0 = 0.0%) {100.0%}

Histogram: SafeBrowsing.CheckUrl.Action recorded 1 samples, mean = 0.0 (flags = 0x41)
0  -O                                                                        (1 = 100.0%)
1  ... 

Histogram: SafeBrowsing.CheckUrl.FirstRequestThreatType2 recorded 1 samples, mean = 1.0 (flags = 0x41)
0  O                                                                         (0 = 0.0%)
1  -O                                                                        (1 = 100.0%) {0.0%}
2  ... 

Histogram: SafeBrowsing.CheckUrl.FirstRequestThreatType2.LocalPVer4 recorded 1 samples, mean = 1.0 (flags = 0x41)
0  O                                                                         (0 = 0.0%)
1  -O                                                                        (1 = 100.0%) {0.0%}
2  ... 

Histogram: SafeBrowsing.CheckUrl.FirstRequestTimedOut recorded 1 samples, mean = 0.0 (flags = 0x41)
0  -O                                                                        (1 = 100.0%)
1  ... 

Histogram: SafeBrowsing.CheckUrl.FirstRequestTimedOut.LocalPVer4 recorded 1 samples, mean = 0.0 (flags = 0x41)
0  -O                                                                        (1 = 100.0%)
1  ... 

Histogram: SafeBrowsing.CheckUrl.IsDocumentCheckPrefetch recorded 1 samples, mean = 0.0 (flags = 0x41)
0  -O                                                                        (1 = 100.0%)
1  ... 

Histogram: SafeBrowsing.CheckUrl.TimeTaken.HashDatabase recorded 1 samples, mean = 345.0 (flags = 0x41)
0    ... 
318  -O                                                                        (1 = 100.0%) {0.0%}
378  ... 

Histogram: SafeBrowsing.CheckUrl.Timeout recorded 1 samples, mean = 0.0 (flags = 0x41)
0  -O                                                                        (1 = 100.0%)
1  ... 

Histogram: SafeBrowsing.CheckUrl.UrlScheme recorded 1 samples, mean = 10.0 (flags = 0x41)
0   ... 
10  -O                                                                        (1 = 100.0%) {0.0%}
11  ... 

Histogram: SafeBrowsing.ClientSidePhishingDetection.AllowlistMatchResult recorded 1 samples, mean = 1.0 (flags = 0x41)
0  O                                                                         (0 = 0.0%)
1  -O                                                                        (1 = 100.0%) {0.0%}
2  ... 

Histogram: SafeBrowsing.FileTypeUpdate.ResourceBundleResult recorded 1 samples (flags = 0x41)
1  -O                                                                        (1 = 100.0%)

Histogram: SafeBrowsing.FileTypeUpdate.ResourceBundleVersion recorded 1 samples (flags = 0x41)
66  -O                                                                        (1 = 100.0%)

Histogram: SafeBrowsing.HPRT.Cache.FullHashCount recorded 2 samples, mean = 0.0 (flags = 0x41)
0  --O                                                                       (2 = 100.0%)
1  ... 

Histogram: SafeBrowsing.HPRT.Cache.HashPrefixCount recorded 2 samples, mean = 0.0 (flags = 0x41)
0  --O                                                                       (2 = 100.0%)
1  ... 

Histogram: SafeBrowsing.HPRT.Ineligible.FeatureOff recorded 1 samples, mean = 0.0 (flags = 0x41)
0  -O                                                                        (1 = 100.0%)
1  ... 

Histogram: SafeBrowsing.HPRT.Ineligible.IneligibleForLocation recorded 1 samples, mean = 0.0 (flags = 0x41)
0  -O                                                                        (1 = 100.0%)
1  ... 

Histogram: SafeBrowsing.HPRT.Ineligible.IneligibleForSessionOrLocation recorded 1 samples, mean = 1.0 (flags = 0x41)
0  O                                                                         (0 = 0.0%)
1  -O                                                                        (1 = 100.0%) {0.0%}
2  O                                                                         (0 = 0.0%) {100.0%}

Histogram: SafeBrowsing.HPRT.Ineligible.NoGoogleChromeBranding recorded 1 samples, mean = 1.0 (flags = 0x41)
0  O                                                                         (0 = 0.0%)
1  -O                                                                        (1 = 100.0%) {0.0%}
2  O                                                                         (0 = 0.0%) {100.0%}

Histogram: SafeBrowsing.HPRT.Ineligible.NotAllowedByPolicy recorded 1 samples, mean = 0.0 (flags = 0x41)
0  -O                                                                        (1 = 100.0%)
1  ... 

Histogram: SafeBrowsing.HPRT.Ineligible.NotStandardProtection recorded 1 samples, mean = 0.0 (flags = 0x41)
0  -O                                                                        (1 = 100.0%)
1  ... 

Histogram: SafeBrowsing.HPRT.Ineligible.OffTheRecord recorded 1 samples, mean = 0.0 (flags = 0x41)
0  -O                                                                        (1 = 100.0%)
1  ... 

Histogram: SafeBrowsing.HasCookieAtStartup2 recorded 1 samples, mean = 0.0 (flags = 0x41)
0  -O                                                                        (1 = 100.0%)
1  ... 

Histogram: SafeBrowsing.PageLoadToken.TokenCount recorded 2 samples, mean = 0.0 (flags = 0x41)
0  --O                                                                       (2 = 100.0%)
1  ... 

Histogram: SafeBrowsing.Pref.Enhanced recorded 1 samples, mean = 0.0 (flags = 0x41)
0  -O                                                                        (1 = 100.0%)
1  ... 

Histogram: SafeBrowsing.Pref.Enhanced.RegularProfile recorded 1 samples, mean = 0.0 (flags = 0x41)
0  -O                                                                        (1 = 100.0%)
1  ... 

Histogram: SafeBrowsing.Pref.Extended recorded 1 samples, mean = 0.0 (flags = 0x41)
0  -O                                                                        (1 = 100.0%)
1  ... 

Histogram: SafeBrowsing.Pref.General recorded 1 samples, mean = 1.0 (flags = 0x41)
0  O                                                                         (0 = 0.0%)
1  -O                                                                        (1 = 100.0%) {0.0%}
2  O                                                                         (0 = 0.0%) {100.0%}

Histogram: SafeBrowsing.RT.CacheManager.CleanUpTime recorded 2 samples, mean = 0.0 (flags = 0x41)
0  --O                                                                       (2 = 100.0%)
1  ... 

Histogram: SafeBrowsing.RT.CanCheckDatabase recorded 1 samples, mean = 1.0 (flags = 0x41)
0  O                                                                         (0 = 0.0%)
1  -O                                                                        (1 = 100.0%) {0.0%}
2  O                                                                         (0 = 0.0%) {100.0%}

Histogram: SafeBrowsing.RT.ConsumerVersionReason recorded 2 samples, mean = 1.0 (flags = 0x41)
0  -O                                                                        (1 = 50.0%)
1  O                                                                         (0 = 0.0%) {50.0%}
2  -O                                                                        (1 = 50.0%) {50.0%}
3  ... 

Histogram: SafeBrowsing.RendererThrottle.IsCheckCompletedOnProcessResponse recorded 48 samples, mean = 1.0 (flags = 0x41)
0  O                                                                         (0 = 0.0%)
1  ------------------------------------------------O                         (48 = 100.0%) {0.0%}
2  O                                                                         (0 = 0.0%) {100.0%}

Histogram: SafeBrowsing.RendererThrottle.RequestDestination recorded 52 samples, mean = 10.2 (flags = 0x41)
0   -------O                                                                  (7 = 13.5%)
1   ... 
5   ---------O                                                                (9 = 17.3%) {13.5%}
6   ... 
8   -O                                                                        (1 = 1.9%) {30.8%}
9   -O                                                                        (1 = 1.9%) {32.7%}
10  ... 
13  --------------------------O                                               (26 = 50.0%) {34.6%}
14  ... 
16  --------O                                                                 (8 = 15.4%) {84.6%}
17  ... 

Histogram: SafeBrowsing.V4Database.Size recorded 1 samples, mean = 0.0 (flags = 0x41)
0  -O                                                                        (1 = 100.0%)
1  ... 

Histogram: SafeBrowsing.V4Database.Size.ChromeExtMalware recorded 1 samples, mean = 0.0 (flags = 0x41)
0  -O                                                                        (1 = 100.0%)
1  ... 

Histogram: SafeBrowsing.V4Database.Size.UrlBilling recorded 1 samples, mean = 0.0 (flags = 0x41)
0  -O                                                                        (1 = 100.0%)
1  ... 

Histogram: SafeBrowsing.V4Database.Size.UrlCsdDownloadAllowlist recorded 1 samples, mean = 0.0 (flags = 0x41)
0  -O                                                                        (1 = 100.0%)
1  ... 

Histogram: SafeBrowsing.V4Database.Size.UrlMalBin recorded 1 samples, mean = 0.0 (flags = 0x41)
0  -O                                                                        (1 = 100.0%)
1  ... 

Histogram: SafeBrowsing.V4Database.Size.UrlMalware recorded 1 samples, mean = 0.0 (flags = 0x41)
0  -O                                                                        (1 = 100.0%)
1  ... 

Histogram: SafeBrowsing.V4Database.Size.UrlSoceng recorded 1 samples, mean = 0.0 (flags = 0x41)
0  -O                                                                        (1 = 100.0%)
1  ... 

Histogram: SafeBrowsing.V4Database.Size.UrlUws recorded 1 samples, mean = 0.0 (flags = 0x41)
0  -O                                                                        (1 = 100.0%)
1  ... 

Histogram: SafeBrowsing.V4Database.SizeLinear recorded 1 samples, mean = 0.0 (flags = 0x41)
0  -O                                                                        (1 = 100.0%)
1  ... 

Histogram: SafeBrowsing.V4Database.SizeLinear.ChromeExtMalware recorded 1 samples, mean = 0.0 (flags = 0x41)
0  -O                                                                        (1 = 100.0%)
1  ... 

Histogram: SafeBrowsing.V4Database.SizeLinear.UrlMalBin recorded 1 samples, mean = 0.0 (flags = 0x41)
0  -O                                                                        (1 = 100.0%)
1  ... 

Histogram: SafeBrowsing.V4Database.SizeLinear.UrlSoceng recorded 1 samples, mean = 0.0 (flags = 0x41)
0  -O                                                                        (1 = 100.0%)
1  ... 

Histogram: SafeBrowsing.V4DatabaseInitializationTime recorded 1 samples, mean = 4563.0 (flags = 0x41)
0     ... 
4222  -O                                                                        (1 = 100.0%) {0.0%}
5017  ... 

Histogram: SafeBrowsing.V4Store.IsStoreValid recorded 7 samples, mean = 0.0 (flags = 0x41)
0  -------O                                                                  (7 = 100.0%)
1  ... 

Histogram: SafeBrowsing.V4Store.IsStoreValid.ChromeExtMalware recorded 1 samples, mean = 0.0 (flags = 0x41)
0  -O                                                                        (1 = 100.0%)
1  ... 

Histogram: SafeBrowsing.V4Store.IsStoreValid.UrlBilling recorded 1 samples, mean = 0.0 (flags = 0x41)
0  -O                                                                        (1 = 100.0%)
1  ... 

Histogram: SafeBrowsing.V4Store.IsStoreValid.UrlCsdDownloadAllowlist recorded 1 samples, mean = 0.0 (flags = 0x41)
0  -O                                                                        (1 = 100.0%)
1  ... 

Histogram: SafeBrowsing.V4Store.IsStoreValid.UrlMalBin recorded 1 samples, mean = 0.0 (flags = 0x41)
0  -O                                                                        (1 = 100.0%)
1  ... 

Histogram: SafeBrowsing.V4Store.IsStoreValid.UrlMalware recorded 1 samples, mean = 0.0 (flags = 0x41)
0  -O                                                                        (1 = 100.0%)
1  ... 

Histogram: SafeBrowsing.V4Store.IsStoreValid.UrlSoceng recorded 1 samples, mean = 0.0 (flags = 0x41)
0  -O                                                                        (1 = 100.0%)
1  ... 

Histogram: SafeBrowsing.V4Store.IsStoreValid.UrlUws recorded 1 samples, mean = 0.0 (flags = 0x41)
0  -O                                                                        (1 = 100.0%)
1  ... 

Histogram: SafeBrowsing.V4Store.ReadyOnStartup recorded 7 samples, mean = 0.0 (flags = 0x41)
0  -------O                                                                  (7 = 100.0%)
1  ... 

Histogram: SafeBrowsing.V4StoreRead.Result recorded 7 samples, mean = 2.0 (flags = 0x41)
0  ... 
2  -------O                                                                  (7 = 100.0%) {0.0%}
3  ... 

Histogram: Scheduling.MessagePumpTimeKeeper.BrowserIO recorded 0 samples (flags = 0x41)
0 ... 

Histogram: Scheduling.MessagePumpTimeKeeper.BrowserUI recorded 0 samples (flags = 0x41)
0 ... 

Histogram: Scheduling.Renderer.DrawInterval2 recorded 1 samples, mean = 559995.0 (flags = 0x41)
0       ... 
500000  -O                                                                        (1 = 100.0%) {0.0%}
1000000 ... 

Histogram: Scheduling.ThreadController.ActiveIntervalDuration.Any.BrowserUI recorded 29 samples, mean = 0.0 (flags = 0x41)
0  -----------------------------O                                            (29 = 100.0%)
1  ... 

Histogram: Scheduling.ThreadController.ActiveIntervalDuration.Any.Other recorded 26 samples, mean = 0.1 (flags = 0x41)
0  -------------------------O                                                (25 = 96.2%)
1  ... 
3  -O                                                                        (1 = 3.8%) {96.2%}
4  ... 

Histogram: Scheduling.ThreadController.ActiveIntervalDuration.Medium.Other recorded 1 samples, mean = 3.0 (flags = 0x41)
0  ... 
3  -O                                                                        (1 = 100.0%) {0.0%}
4  ... 

Histogram: Scheduling.ThreadController.ActiveIntervalDuration.Short.BrowserUI recorded 29 samples, mean = 4.2 (flags = 0x41)
0   ------O                                                                   (6 = 20.7%)
1   -------------O                                                            (13 = 44.8%) {20.7%}
2   ------O                                                                   (6 = 20.7%) {65.5%}
3   --O                                                                       (2 = 6.9%) {86.2%}
4   ... 
7   -O                                                                        (1 = 3.4%) {93.1%}
8   ... 
82  -O                                                                        (1 = 3.4%) {96.6%}
86  ... 

Histogram: Scheduling.ThreadController.ActiveIntervalDuration.Short.Other recorded 25 samples, mean = 60.3 (flags = 0x41)
0    ... 
3    -O                                                                        (1 = 4.0%) {0.0%}
4    -O                                                                        (1 = 4.0%) {4.0%}
5    O                                                                         (0 = 0.0%) {8.0%}
6    -O                                                                        (1 = 4.0%) {8.0%}
7    ---O                                                                      (3 = 12.0%) {12.0%}
8    ---O                                                                      (3 = 12.0%) {24.0%}
9    O                                                                         (0 = 0.0%) {36.0%}
10   -O                                                                        (1 = 4.0%) {36.0%}
11   O                                                                         (0 = 0.0%) {40.0%}
12   --O                                                                       (2 = 8.0%) {40.0%}
13   ---O                                                                      (3 = 12.0%) {48.0%}
14   ... 
22   -O                                                                        (1 = 4.0%) {60.0%}
23   O                                                                         (0 = 0.0%) {64.0%}
24   -O                                                                        (1 = 4.0%) {64.0%}
25   ... 
29   -O                                                                        (1 = 4.0%) {68.0%}
31   ... 
41   -O                                                                        (1 = 4.0%) {72.0%}
43   -O                                                                        (1 = 4.0%) {76.0%}
45   ... 
142  -O                                                                        (1 = 4.0%) {80.0%}
149  -O                                                                        (1 = 4.0%) {84.0%}
157  ... 
211  -O                                                                        (1 = 4.0%) {88.0%}
222  O                                                                         (0 = 0.0%) {92.0%}
233  -O                                                                        (1 = 4.0%) {92.0%}
245  ... 
448  -O                                                                        (1 = 4.0%) {96.0%}
471  ... 

Histogram: Scheduling.ThreadController.ActiveIntervalOffCpuDuration.Any.BrowserUI recorded 29 samples, mean = 0.0 (flags = 0x41)
0  -----------------------------O                                            (29 = 100.0%)
1  ... 

Histogram: Scheduling.ThreadController.ActiveIntervalOffCpuDuration.Any.Other recorded 26 samples, mean = 0.0 (flags = 0x41)
0  --------------------------O                                               (26 = 100.0%)
1  ... 

Histogram: Scheduling.ThreadController.ActiveIntervalOffCpuDuration.Medium.Other recorded 1 samples, mean = 0.0 (flags = 0x41)
0  -O                                                                        (1 = 100.0%)
1  ... 

Histogram: Scheduling.ThreadController.ActiveIntervalOffCpuDuration.Short.BrowserUI recorded 29 samples, mean = 2.8 (flags = 0x41)
0   --------------O                                                           (14 = 48.3%)
1   ------------O                                                             (12 = 41.4%) {48.3%}
2   --O                                                                       (2 = 6.9%) {89.7%}
3   ... 
64  -O                                                                        (1 = 3.4%) {96.6%}
67  ... 

Histogram: Scheduling.ThreadController.ActiveIntervalOffCpuDuration.Short.Other recorded 25 samples, mean = 17.2 (flags = 0x41)
0    ---O                                                                      (3 = 12.0%)
1    ----------O                                                               (10 = 40.0%) {12.0%}
2    --------O                                                                 (8 = 32.0%) {52.0%}
3    -O                                                                        (1 = 4.0%) {84.0%}
4    ... 
16   -O                                                                        (1 = 4.0%) {88.0%}
17   ... 
142  -O                                                                        (1 = 4.0%) {92.0%}
149  ... 
233  -O                                                                        (1 = 4.0%) {96.0%}
245  ... 

Histogram: Scheduling.ThreadController.ActiveIntervalOnCpuDuration.Any.BrowserUI recorded 29 samples, mean = 0.0 (flags = 0x41)
0  -----------------------------O                                            (29 = 100.0%)
1  ... 

Histogram: Scheduling.ThreadController.ActiveIntervalOnCpuDuration.Any.Other recorded 26 samples, mean = 0.1 (flags = 0x41)
0  -------------------------O                                                (25 = 96.2%)
1  ... 
3  -O                                                                        (1 = 3.8%) {96.2%}
4  ... 

Histogram: Scheduling.ThreadController.ActiveIntervalOnCpuDuration.Medium.Other recorded 1 samples, mean = 3.0 (flags = 0x41)
0  ... 
3  -O                                                                        (1 = 100.0%) {0.0%}
4  ... 

Histogram: Scheduling.ThreadController.ActiveIntervalOnCpuDuration.Short.BrowserUI recorded 29 samples, mean = 1.4 (flags = 0x41)
0   -----------O                                                              (11 = 37.9%)
1   ---------------O                                                          (15 = 51.7%) {37.9%}
2   -O                                                                        (1 = 3.4%) {89.7%}
3   ... 
5   -O                                                                        (1 = 3.4%) {93.1%}
6   ... 
18  -O                                                                        (1 = 3.4%) {96.6%}
19  ... 

Histogram: Scheduling.ThreadController.ActiveIntervalOnCpuDuration.Short.Other recorded 25 samples, mean = 43.1 (flags = 0x41)
0    --O                                                                       (2 = 8.0%)
1    ... 
3    --O                                                                       (2 = 8.0%) {8.0%}
4    O                                                                         (0 = 0.0%) {16.0%}
5    -O                                                                        (1 = 4.0%) {16.0%}
6    ---O                                                                      (3 = 12.0%) {20.0%}
7    ---O                                                                      (3 = 12.0%) {32.0%}
8    -O                                                                        (1 = 4.0%) {44.0%}
9    O                                                                         (0 = 0.0%) {48.0%}
10   --O                                                                       (2 = 8.0%) {48.0%}
11   ---O                                                                      (3 = 12.0%) {56.0%}
12   ... 
22   -O                                                                        (1 = 4.0%) {68.0%}
23   -O                                                                        (1 = 4.0%) {72.0%}
24   ... 
28   -O                                                                        (1 = 4.0%) {76.0%}
29   ... 
41   --O                                                                       (2 = 8.0%) {80.0%}
43   ... 
149  -O                                                                        (1 = 4.0%) {88.0%}
157  ... 
211  -O                                                                        (1 = 4.0%) {92.0%}
222  ... 
426  -O                                                                        (1 = 4.0%) {96.0%}
448  ... 

Histogram: Scheduling.ThreadController.ActiveIntervalOnCpuPercentage.Any.BrowserUI recorded 29 samples, mean = 65.2 (flags = 0x41)
0    -----O                                                                    (5 = 17.2%)
1    ... 
21   -O                                                                        (1 = 3.4%) {17.2%}
22   ... 
33   -O                                                                        (1 = 3.4%) {20.7%}
34   ... 
50   ------O                                                                   (6 = 20.7%) {24.1%}
51   ... 
66   -O                                                                        (1 = 3.4%) {44.8%}
67   ... 
71   -O                                                                        (1 = 3.4%) {48.3%}
72   ... 
100  --------------O                                                           (14 = 48.3%) {51.7%}
101  O                                                                         (0 = 0.0%) {100.0%}

Histogram: Scheduling.ThreadController.ActiveIntervalOnCpuPercentage.Any.Other recorded 26 samples, mean = 82.6 (flags = 0x41)
0    --O                                                                       (2 = 7.7%)
1    ... 
75   --O                                                                       (2 = 7.7%) {7.7%}
76   -O                                                                        (1 = 3.8%) {15.4%}
77   ... 
80   -O                                                                        (1 = 3.8%) {19.2%}
81   ... 
83   --O                                                                       (2 = 7.7%) {23.1%}
84   --O                                                                       (2 = 7.7%) {30.8%}
85   --O                                                                       (2 = 7.7%) {38.5%}
86   O                                                                         (0 = 0.0%) {46.2%}
87   --O                                                                       (2 = 7.7%) {46.2%}
88   ... 
91   -O                                                                        (1 = 3.8%) {53.8%}
92   ... 
95   --O                                                                       (2 = 7.7%) {57.7%}
96   --O                                                                       (2 = 7.7%) {65.4%}
97   --O                                                                       (2 = 7.7%) {73.1%}
98   -O                                                                        (1 = 3.8%) {80.8%}
99   -O                                                                        (1 = 3.8%) {84.6%}
100  ---O                                                                      (3 = 11.5%) {88.5%}
101  O                                                                         (0 = 0.0%) {100.0%}

Histogram: Scheduling.ThreadController.ActiveIntervalOnCpuPercentage.Medium.Other recorded 1 samples, mean = 97.0 (flags = 0x41)
0   ... 
97  -O                                                                        (1 = 100.0%) {0.0%}
98  ... 

Histogram: Scheduling.ThreadController.ActiveIntervalOnCpuPercentage.Short.BrowserUI recorded 29 samples, mean = 65.2 (flags = 0x41)
0    -----O                                                                    (5 = 17.2%)
1    ... 
21   -O                                                                        (1 = 3.4%) {17.2%}
22   ... 
33   -O                                                                        (1 = 3.4%) {20.7%}
34   ... 
50   ------O                                                                   (6 = 20.7%) {24.1%}
51   ... 
66   -O                                                                        (1 = 3.4%) {44.8%}
67   ... 
71   -O                                                                        (1 = 3.4%) {48.3%}
72   ... 
100  --------------O                                                           (14 = 48.3%) {51.7%}
101  O                                                                         (0 = 0.0%) {100.0%}

Histogram: Scheduling.ThreadController.ActiveIntervalOnCpuPercentage.Short.Other recorded 25 samples, mean = 82.0 (flags = 0x41)
0    --O                                                                       (2 = 8.0%)
1    ... 
75   --O                                                                       (2 = 8.0%) {8.0%}
76   -O                                                                        (1 = 4.0%) {16.0%}
77   ... 
80   -O                                                                        (1 = 4.0%) {20.0%}
81   ... 
83   --O                                                                       (2 = 8.0%) {24.0%}
84   --O                                                                       (2 = 8.0%) {32.0%}
85   --O                                                                       (2 = 8.0%) {40.0%}
86   O                                                                         (0 = 0.0%) {48.0%}
87   --O                                                                       (2 = 8.0%) {48.0%}
88   ... 
91   -O                                                                        (1 = 4.0%) {56.0%}
92   ... 
95   --O                                                                       (2 = 8.0%) {60.0%}
96   --O                                                                       (2 = 8.0%) {68.0%}
97   -O                                                                        (1 = 4.0%) {76.0%}
98   -O                                                                        (1 = 4.0%) {80.0%}
99   -O                                                                        (1 = 4.0%) {84.0%}
100  ---O                                                                      (3 = 12.0%) {88.0%}
101  O                                                                         (0 = 0.0%) {100.0%}

Histogram: Scheduling.ThreadController.IdleDuration.Any.BrowserUI recorded 29 samples, mean = 0.0 (flags = 0x41)
0  -----------------------------O                                            (29 = 100.0%)
1  ... 

Histogram: Scheduling.ThreadController.IdleDuration.Any.Other recorded 14 samples, mean = 603.9 (flags = 0x41)
0     -----O                                                                    (5 = 35.7%)
1     -O                                                                        (1 = 7.1%) {35.7%}
2     ... 
24    -O                                                                        (1 = 7.1%) {42.9%}
29    ... 
96    -O                                                                        (1 = 7.1%) {50.0%}
114   ... 
190   -O                                                                        (1 = 7.1%) {57.1%}
226   ... 
894   ---O                                                                      (3 = 21.4%) {64.3%}
1062  -O                                                                        (1 = 7.1%) {85.7%}
1262  ... 
3553  -O                                                                        (1 = 7.1%) {92.9%}
4222  ... 

Histogram: Scheduling.ThreadController.IdleDuration.Medium.Other recorded 2 samples, mean = 14.5 (flags = 0x41)
0   O                                                                         (0 = 0.0%)
1   -O                                                                        (1 = 50.0%) {0.0%}
2   ... 
28  -O                                                                        (1 = 50.0%) {50.0%}
29  ... 

Histogram: Scheduling.ThreadController.IdleDuration.Short.BrowserUI recorded 29 samples, mean = 15.4 (flags = 0x41)
0    ... 
2    ----O                                                                     (4 = 13.8%) {0.0%}
3    ---O                                                                      (3 = 10.3%) {13.8%}
4    ----O                                                                     (4 = 13.8%) {24.1%}
5    ---O                                                                      (3 = 10.3%) {37.9%}
6    -----O                                                                    (5 = 17.2%) {48.3%}
7    ---O                                                                      (3 = 10.3%) {65.5%}
8    --O                                                                       (2 = 6.9%) {75.9%}
9    --O                                                                       (2 = 6.9%) {82.8%}
10   ... 
12   -O                                                                        (1 = 3.4%) {89.7%}
13   ... 
25   -O                                                                        (1 = 3.4%) {93.1%}
26   ... 
271  -O                                                                        (1 = 3.4%) {96.6%}
285  ... 

Histogram: Scheduling.ThreadController.IdleDuration.Short.Other recorded 5 samples, mean = 93.4 (flags = 0x41)
0    ... 
19   -O                                                                        (1 = 20.0%) {0.0%}
20   ... 
37   -O                                                                        (1 = 20.0%) {20.0%}
39   ... 
49   -O                                                                        (1 = 20.0%) {40.0%}
52   ... 
128  -O                                                                        (1 = 20.0%) {60.0%}
135  ... 
222  -O                                                                        (1 = 20.0%) {80.0%}
233  ... 

Histogram: Search.ChoiceReprompt recorded 1 samples, mean = 6.0 (flags = 0x41)
0  ... 
6  -O                                                                        (1 = 100.0%) {0.0%}
7  O                                                                         (0 = 0.0%) {100.0%}

Histogram: Search.SearchProviderOverrideStatus recorded 1 samples, mean = 0.0 (flags = 0x41)
0  -O                                                                        (1 = 100.0%)
1  ... 

Histogram: Security.GwpAsan.Activated.Malloc.Browser recorded 1 samples, mean = 1.0 (flags = 0x41)
0  O                                                                         (0 = 0.0%)
1  -O                                                                        (1 = 100.0%) {0.0%}
2  O                                                                         (0 = 0.0%) {100.0%}

Histogram: Security.GwpAsan.Activated.PartitionAlloc.Browser recorded 1 samples, mean = 0.0 (flags = 0x41)
0  -O                                                                        (1 = 100.0%)
1  ... 

Histogram: Security.GwpAsan.AllocatorOom.Malloc.Browser recorded 0 samples (flags = 0x41)
0 ... 

Histogram: Security.HttpsFirstMode.SettingEnabledAtStartup recorded 1 samples, mean = 0.0 (flags = 0x41)
0  -O                                                                        (1 = 100.0%)
1  ... 

Histogram: Security.JSONParser.ChromiumExtensionUsage recorded 1 samples, mean = 1.0 (flags = 0x41)
0  O                                                                         (0 = 0.0%)
1  -O                                                                        (1 = 100.0%) {0.0%}
2  ... 

Histogram: Security.JSONParser.ParsingTime recorded 17 samples, mean = 35.5 (flags = 0x41)
0    -O                                                                        (1 = 5.9%)
1    O                                                                         (0 = 0.0%) {5.9%}
2    -O                                                                        (1 = 5.9%) {5.9%}
3    --O                                                                       (2 = 11.8%) {11.8%}
4    O                                                                         (0 = 0.0%) {23.5%}
5    --O                                                                       (2 = 11.8%) {23.5%}
7    -O                                                                        (1 = 5.9%) {35.3%}
9    O                                                                         (0 = 0.0%) {41.2%}
12   --O                                                                       (2 = 11.8%) {41.2%}
16   O                                                                         (0 = 0.0%) {52.9%}
21   --O                                                                       (2 = 11.8%) {52.9%}
28   O                                                                         (0 = 0.0%) {64.7%}
37   ---O                                                                      (3 = 17.6%) {64.7%}
49   O                                                                         (0 = 0.0%) {82.4%}
65   -O                                                                        (1 = 5.9%) {82.4%}
86   O                                                                         (0 = 0.0%) {88.2%}
113  -O                                                                        (1 = 5.9%) {88.2%}
149  -O                                                                        (1 = 5.9%) {94.1%}
196  ... 

Histogram: Security.NavigationRequestSecurityLevel recorded 1 samples, mean = 1.0 (flags = 0x41)
0  O                                                                         (0 = 0.0%)
1  -O                                                                        (1 = 100.0%) {0.0%}
2  ... 

Histogram: Security.PageEndReason.SECURE recorded 1 samples, mean = 6.0 (flags = 0x41)
0  ... 
6  -O                                                                        (1 = 100.0%) {0.0%}
7  ... 

Histogram: Security.PageEndReason.SafetyTip_None recorded 1 samples, mean = 6.0 (flags = 0x41)
0  ... 
6  -O                                                                        (1 = 100.0%) {0.0%}
7  ... 

Histogram: Security.PrivateNetworkAccess.CheckResult recorded 61 samples, mean = 2.1 (flags = 0x41)
0   -----------O                                                              (11 = 18.0%)
1   -------------------------------------------O                              (43 = 70.5%) {18.0%}
2   ... 
12  -------O                                                                  (7 = 11.5%) {88.5%}
13  O                                                                         (0 = 0.0%) {100.0%}

Histogram: Security.SCTAuditing.NumPersistedReportsLoaded recorded 1 samples, mean = 0.0 (flags = 0x41)
0  -O                                                                        (1 = 100.0%)
1  ... 

Histogram: Security.SafetyTips.GetReputationStatusWithEngagedSitesTime recorded 1 samples, mean = 0.0 (flags = 0x41)
0  -O                                                                        (1 = 100.0%)
1  ... 

Histogram: Security.SafetyTips.ReputationCheckComplete.DidFinishNavigation recorded 1 samples, mean = 1.0 (flags = 0x41)
0  O                                                                         (0 = 0.0%)
1  -O                                                                        (1 = 100.0%) {0.0%}
2  ... 

Histogram: Security.SafetyTips.SafetyTipShown recorded 1 samples, mean = 1.0 (flags = 0x41)
0  O                                                                         (0 = 0.0%)
1  -O                                                                        (1 = 100.0%) {0.0%}
2  ... 

Histogram: Security.SafetyTips.StatusWithInitiator.Unknown recorded 1 samples, mean = 1.0 (flags = 0x41)
0  O                                                                         (0 = 0.0%)
1  -O                                                                        (1 = 100.0%) {0.0%}
2  ... 

Histogram: Security.SecurityLevel.OnCommit recorded 1 samples, mean = 3.0 (flags = 0x41)
0  ... 
3  -O                                                                        (1 = 100.0%) {0.0%}
4  ... 

Histogram: Security.SecurityLevel.OnComplete recorded 1 samples, mean = 3.0 (flags = 0x41)
0  ... 
3  -O                                                                        (1 = 100.0%) {0.0%}
4  ... 

Histogram: Security.SiteEngagement.SECURE recorded 1 samples, mean = 6.0 (flags = 0x41)
0  ... 
6  -O                                                                        (1 = 100.0%) {0.0%}
7  ... 

Histogram: Security.SiteEngagement.SafetyTip_None recorded 1 samples, mean = 6.0 (flags = 0x41)
0  ... 
6  -O                                                                        (1 = 100.0%) {0.0%}
7  ... 

Histogram: Security.TimeOnPage2.SECURE recorded 1 samples, mean = 1363712.0 (flags = 0x41)
0        ... 
1318909  -O                                                                        (1 = 100.0%) {0.0%}
1522345  ... 

Histogram: Security.TimeOnPage2.SafetyTip_None recorded 1 samples, mean = 1363712.0 (flags = 0x41)
0        ... 
1318909  -O                                                                        (1 = 100.0%) {0.0%}
1522345  ... 

Histogram: SegmentationPlatform.ClassificationRequest.TotalDuration.DeviceSwitcher recorded 1 samples, mean = 65581.0 (flags = 0x41)
0      ... 
10000  -O                                                                        (1 = 100.0%) {0.0%}

Histogram: SegmentationPlatform.ClassificationRequest.TotalDuration.WebAppInstallationPromo recorded 1 samples, mean = 0.0 (flags = 0x41)
0  -O                                                                        (1 = 100.0%)
1  ... 

Histogram: SegmentationPlatform.CrossDeviceUser.PostProcessing.TopLabel.Computed recorded 1 samples (flags = 0x41)
-1 -O                                                                        (1 = 100.0%)

Histogram: SegmentationPlatform.Database.StoreUkmEntry recorded 7 samples, mean = 0.0 (flags = 0x41)
0  -------O                                                                  (7 = 100.0%)
1  ... 

Histogram: SegmentationPlatform.Database.UpdateUrlForUkmSource recorded 5 samples, mean = 0.2 (flags = 0x41)
0  ----O                                                                     (4 = 80.0%)
1  -O                                                                        (1 = 20.0%) {80.0%}
2  ... 

Histogram: SegmentationPlatform.DefaultModelDelivery.Metadata.FeatureCount.ChromeLowUserEngagement recorded 1 samples, mean = 1.0 (flags = 0x41)
0  O                                                                         (0 = 0.0%)
1  -O                                                                        (1 = 100.0%) {0.0%}
2  ... 

Histogram: SegmentationPlatform.DefaultModelDelivery.Metadata.FeatureCount.ComposePromotion recorded 1 samples, mean = 1.0 (flags = 0x41)
0  O                                                                         (0 = 0.0%)
1  -O                                                                        (1 = 100.0%) {0.0%}
2  ... 

Histogram: SegmentationPlatform.DefaultModelDelivery.Metadata.FeatureCount.CrossDeviceUserSegment recorded 1 samples, mean = 4.0 (flags = 0x41)
0  ... 
4  -O                                                                        (1 = 100.0%) {0.0%}
5  ... 

Histogram: SegmentationPlatform.DefaultModelDelivery.Metadata.FeatureCount.DatabaseApiClients recorded 1 samples, mean = 3.0 (flags = 0x41)
0  ... 
3  -O                                                                        (1 = 100.0%) {0.0%}
4  ... 

Histogram: SegmentationPlatform.DefaultModelDelivery.Metadata.FeatureCount.DeviceSwitcher recorded 1 samples, mean = 1.0 (flags = 0x41)
0  O                                                                         (0 = 0.0%)
1  -O                                                                        (1 = 100.0%) {0.0%}
2  ... 

Histogram: SegmentationPlatform.DefaultModelDelivery.Metadata.FeatureCount.PasswordManagerUser recorded 1 samples, mean = 7.0 (flags = 0x41)
0  ... 
7  -O                                                                        (1 = 100.0%) {0.0%}
8  ... 

Histogram: SegmentationPlatform.DefaultModelDelivery.Metadata.FeatureCount.ResumeHeavyUserSegment recorded 1 samples, mean = 5.0 (flags = 0x41)
0  ... 
5  -O                                                                        (1 = 100.0%) {0.0%}
6  ... 

Histogram: SegmentationPlatform.DefaultModelDelivery.Metadata.FeatureCount.SearchUser recorded 1 samples, mean = 2.0 (flags = 0x41)
0  ... 
2  -O                                                                        (1 = 100.0%) {0.0%}
3  ... 

Histogram: SegmentationPlatform.DefaultModelDelivery.Metadata.FeatureCount.ShoppingUser recorded 1 samples, mean = 2.0 (flags = 0x41)
0  ... 
2  -O                                                                        (1 = 100.0%) {0.0%}
3  ... 

Histogram: SegmentationPlatform.DefaultModelDelivery.Metadata.FeatureCount.UrlVisitResumptionRanker recorded 1 samples, mean = 23.0 (flags = 0x41)
0   ... 
23  -O                                                                        (1 = 100.0%) {0.0%}
26  ... 

Histogram: SegmentationPlatform.DefaultModelDelivery.Metadata.Validation.Processed.ChromeLowUserEngagement recorded 1 samples, mean = 0.0 (flags = 0x41)
0  -O                                                                        (1 = 100.0%)
1  ... 

Histogram: SegmentationPlatform.DefaultModelDelivery.Metadata.Validation.Processed.ComposePromotion recorded 1 samples, mean = 0.0 (flags = 0x41)
0  -O                                                                        (1 = 100.0%)
1  ... 

Histogram: SegmentationPlatform.DefaultModelDelivery.Metadata.Validation.Processed.CrossDeviceUserSegment recorded 1 samples, mean = 0.0 (flags = 0x41)
0  -O                                                                        (1 = 100.0%)
1  ... 

Histogram: SegmentationPlatform.DefaultModelDelivery.Metadata.Validation.Processed.DatabaseApiClients recorded 1 samples, mean = 0.0 (flags = 0x41)
0  -O                                                                        (1 = 100.0%)
1  ... 

Histogram: SegmentationPlatform.DefaultModelDelivery.Metadata.Validation.Processed.DeviceSwitcher recorded 1 samples, mean = 0.0 (flags = 0x41)
0  -O                                                                        (1 = 100.0%)
1  ... 

Histogram: SegmentationPlatform.DefaultModelDelivery.Metadata.Validation.Processed.PasswordManagerUser recorded 1 samples, mean = 0.0 (flags = 0x41)
0  -O                                                                        (1 = 100.0%)
1  ... 

Histogram: SegmentationPlatform.DefaultModelDelivery.Metadata.Validation.Processed.ResumeHeavyUserSegment recorded 1 samples, mean = 0.0 (flags = 0x41)
0  -O                                                                        (1 = 100.0%)
1  ... 

Histogram: SegmentationPlatform.DefaultModelDelivery.Metadata.Validation.Processed.SearchUser recorded 1 samples, mean = 0.0 (flags = 0x41)
0  -O                                                                        (1 = 100.0%)
1  ... 

Histogram: SegmentationPlatform.DefaultModelDelivery.Metadata.Validation.Processed.ShoppingUser recorded 1 samples, mean = 0.0 (flags = 0x41)
0  -O                                                                        (1 = 100.0%)
1  ... 

Histogram: SegmentationPlatform.DefaultModelDelivery.Metadata.Validation.Processed.UrlVisitResumptionRanker recorded 1 samples, mean = 0.0 (flags = 0x41)
0  -O                                                                        (1 = 100.0%)
1  ... 

Histogram: SegmentationPlatform.DefaultModelDelivery.Received recorded 10 samples (flags = 0x41)
16    -O                                                                        (1 = 10.0%)
21    -O                                                                        (1 = 10.0%)
23    -O                                                                        (1 = 10.0%)
27    -O                                                                        (1 = 10.0%)
45    -O                                                                        (1 = 10.0%)
46    -O                                                                        (1 = 10.0%)
1001  -O                                                                        (1 = 10.0%)
1004  -O                                                                        (1 = 10.0%)
1007  -O                                                                        (1 = 10.0%)
1009  -O                                                                        (1 = 10.0%)

Histogram: SegmentationPlatform.DefaultModelDelivery.SaveResult.ChromeLowUserEngagement recorded 1 samples, mean = 1.0 (flags = 0x41)
0  O                                                                         (0 = 0.0%)
1  -O                                                                        (1 = 100.0%) {0.0%}
2  O                                                                         (0 = 0.0%) {100.0%}

Histogram: SegmentationPlatform.DefaultModelDelivery.SaveResult.ComposePromotion recorded 1 samples, mean = 1.0 (flags = 0x41)
0  O                                                                         (0 = 0.0%)
1  -O                                                                        (1 = 100.0%) {0.0%}
2  O                                                                         (0 = 0.0%) {100.0%}

Histogram: SegmentationPlatform.DefaultModelDelivery.SaveResult.CrossDeviceUserSegment recorded 1 samples, mean = 1.0 (flags = 0x41)
0  O                                                                         (0 = 0.0%)
1  -O                                                                        (1 = 100.0%) {0.0%}
2  O                                                                         (0 = 0.0%) {100.0%}

Histogram: SegmentationPlatform.DefaultModelDelivery.SaveResult.DatabaseApiClients recorded 1 samples, mean = 1.0 (flags = 0x41)
0  O                                                                         (0 = 0.0%)
1  -O                                                                        (1 = 100.0%) {0.0%}
2  O                                                                         (0 = 0.0%) {100.0%}

Histogram: SegmentationPlatform.DefaultModelDelivery.SaveResult.DeviceSwitcher recorded 1 samples, mean = 1.0 (flags = 0x41)
0  O                                                                         (0 = 0.0%)
1  -O                                                                        (1 = 100.0%) {0.0%}
2  O                                                                         (0 = 0.0%) {100.0%}

Histogram: SegmentationPlatform.DefaultModelDelivery.SaveResult.PasswordManagerUser recorded 1 samples, mean = 1.0 (flags = 0x41)
0  O                                                                         (0 = 0.0%)
1  -O                                                                        (1 = 100.0%) {0.0%}
2  O                                                                         (0 = 0.0%) {100.0%}

Histogram: SegmentationPlatform.DefaultModelDelivery.SaveResult.ResumeHeavyUserSegment recorded 1 samples, mean = 1.0 (flags = 0x41)
0  O                                                                         (0 = 0.0%)
1  -O                                                                        (1 = 100.0%) {0.0%}
2  O                                                                         (0 = 0.0%) {100.0%}

Histogram: SegmentationPlatform.DefaultModelDelivery.SaveResult.SearchUser recorded 1 samples, mean = 1.0 (flags = 0x41)
0  O                                                                         (0 = 0.0%)
1  -O                                                                        (1 = 100.0%) {0.0%}
2  O                                                                         (0 = 0.0%) {100.0%}

Histogram: SegmentationPlatform.DefaultModelDelivery.SaveResult.ShoppingUser recorded 1 samples, mean = 1.0 (flags = 0x41)
0  O                                                                         (0 = 0.0%)
1  -O                                                                        (1 = 100.0%) {0.0%}
2  O                                                                         (0 = 0.0%) {100.0%}

Histogram: SegmentationPlatform.DefaultModelDelivery.SaveResult.UrlVisitResumptionRanker recorded 1 samples, mean = 1.0 (flags = 0x41)
0  O                                                                         (0 = 0.0%)
1  -O                                                                        (1 = 100.0%) {0.0%}
2  O                                                                         (0 = 0.0%) {100.0%}

Histogram: SegmentationPlatform.DefaultModelDelivery.SegmentIdMatches.ChromeLowUserEngagement recorded 1 samples, mean = 1.0 (flags = 0x41)
0  O                                                                         (0 = 0.0%)
1  -O                                                                        (1 = 100.0%) {0.0%}
2  O                                                                         (0 = 0.0%) {100.0%}

Histogram: SegmentationPlatform.DefaultModelDelivery.SegmentIdMatches.ComposePromotion recorded 1 samples, mean = 1.0 (flags = 0x41)
0  O                                                                         (0 = 0.0%)
1  -O                                                                        (1 = 100.0%) {0.0%}
2  O                                                                         (0 = 0.0%) {100.0%}

Histogram: SegmentationPlatform.DefaultModelDelivery.SegmentIdMatches.CrossDeviceUserSegment recorded 1 samples, mean = 1.0 (flags = 0x41)
0  O                                                                         (0 = 0.0%)
1  -O                                                                        (1 = 100.0%) {0.0%}
2  O                                                                         (0 = 0.0%) {100.0%}

Histogram: SegmentationPlatform.DefaultModelDelivery.SegmentIdMatches.DatabaseApiClients recorded 1 samples, mean = 1.0 (flags = 0x41)
0  O                                                                         (0 = 0.0%)
1  -O                                                                        (1 = 100.0%) {0.0%}
2  O                                                                         (0 = 0.0%) {100.0%}

Histogram: SegmentationPlatform.DefaultModelDelivery.SegmentIdMatches.DeviceSwitcher recorded 1 samples, mean = 1.0 (flags = 0x41)
0  O                                                                         (0 = 0.0%)
1  -O                                                                        (1 = 100.0%) {0.0%}
2  O                                                                         (0 = 0.0%) {100.0%}

Histogram: SegmentationPlatform.DefaultModelDelivery.SegmentIdMatches.PasswordManagerUser recorded 1 samples, mean = 1.0 (flags = 0x41)
0  O                                                                         (0 = 0.0%)
1  -O                                                                        (1 = 100.0%) {0.0%}
2  O                                                                         (0 = 0.0%) {100.0%}

Histogram: SegmentationPlatform.DefaultModelDelivery.SegmentIdMatches.ResumeHeavyUserSegment recorded 1 samples, mean = 1.0 (flags = 0x41)
0  O                                                                         (0 = 0.0%)
1  -O                                                                        (1 = 100.0%) {0.0%}
2  O                                                                         (0 = 0.0%) {100.0%}

Histogram: SegmentationPlatform.DefaultModelDelivery.SegmentIdMatches.SearchUser recorded 1 samples, mean = 1.0 (flags = 0x41)
0  O                                                                         (0 = 0.0%)
1  -O                                                                        (1 = 100.0%) {0.0%}
2  O                                                                         (0 = 0.0%) {100.0%}

Histogram: SegmentationPlatform.DefaultModelDelivery.SegmentIdMatches.ShoppingUser recorded 1 samples, mean = 1.0 (flags = 0x41)
0  O                                                                         (0 = 0.0%)
1  -O                                                                        (1 = 100.0%) {0.0%}
2  O                                                                         (0 = 0.0%) {100.0%}

Histogram: SegmentationPlatform.DefaultModelDelivery.SegmentIdMatches.UrlVisitResumptionRanker recorded 1 samples, mean = 1.0 (flags = 0x41)
0  O                                                                         (0 = 0.0%)
1  -O                                                                        (1 = 100.0%) {0.0%}
2  O                                                                         (0 = 0.0%) {100.0%}

Histogram: SegmentationPlatform.DeviceSwitcher.PostProcessing.TopLabel.Computed recorded 1 samples (flags = 0x41)
7  -O                                                                        (1 = 100.0%)

Histogram: SegmentationPlatform.FeatureProcessing.Error.DeviceSwitcher recorded 1 samples, mean = 7.0 (flags = 0x41)
0  ... 
7  -O                                                                        (1 = 100.0%) {0.0%}
8  O                                                                         (0 = 0.0%) {100.0%}

Histogram: SegmentationPlatform.Init.CreationToInitializationLatency recorded 1 samples, mean = 4921.0 (flags = 0x41)
0     ... 
3900  -O                                                                        (1 = 100.0%) {0.0%}
4955  ... 

Histogram: SegmentationPlatform.Init.ModelUpdatedTimeDifferenceInDays.ChromeLowUserEngagement recorded 1 samples, mean = 8.0 (flags = 0x41)
0  ... 
8  -O                                                                        (1 = 100.0%) {0.0%}
9  ... 

Histogram: SegmentationPlatform.Init.ModelUpdatedTimeDifferenceInDays.ComposePromotion recorded 1 samples, mean = 8.0 (flags = 0x41)
0  ... 
8  -O                                                                        (1 = 100.0%) {0.0%}
9  ... 

Histogram: SegmentationPlatform.Init.ModelUpdatedTimeDifferenceInDays.CrossDeviceUserSegment recorded 1 samples, mean = 8.0 (flags = 0x41)
0  ... 
8  -O                                                                        (1 = 100.0%) {0.0%}
9  ... 

Histogram: SegmentationPlatform.Init.ModelUpdatedTimeDifferenceInDays.DatabaseApiClients recorded 1 samples, mean = 8.0 (flags = 0x41)
0  ... 
8  -O                                                                        (1 = 100.0%) {0.0%}
9  ... 

Histogram: SegmentationPlatform.Init.ModelUpdatedTimeDifferenceInDays.DeviceSwitcher recorded 1 samples, mean = 8.0 (flags = 0x41)
0  ... 
8  -O                                                                        (1 = 100.0%) {0.0%}
9  ... 

Histogram: SegmentationPlatform.Init.ModelUpdatedTimeDifferenceInDays.PasswordManagerUser recorded 1 samples, mean = 8.0 (flags = 0x41)
0  ... 
8  -O                                                                        (1 = 100.0%) {0.0%}
9  ... 

Histogram: SegmentationPlatform.Init.ModelUpdatedTimeDifferenceInDays.ResumeHeavyUserSegment recorded 1 samples, mean = 8.0 (flags = 0x41)
0  ... 
8  -O                                                                        (1 = 100.0%) {0.0%}
9  ... 

Histogram: SegmentationPlatform.Init.ModelUpdatedTimeDifferenceInDays.SearchUser recorded 1 samples, mean = 8.0 (flags = 0x41)
0  ... 
8  -O                                                                        (1 = 100.0%) {0.0%}
9  ... 

Histogram: SegmentationPlatform.Init.ModelUpdatedTimeDifferenceInDays.ShoppingUser recorded 1 samples, mean = 8.0 (flags = 0x41)
0  ... 
8  -O                                                                        (1 = 100.0%) {0.0%}
9  ... 

Histogram: SegmentationPlatform.Init.ModelUpdatedTimeDifferenceInDays.UrlVisitResumptionRanker recorded 1 samples, mean = 8.0 (flags = 0x41)
0  ... 
8  -O                                                                        (1 = 100.0%) {0.0%}
9  ... 

Histogram: SegmentationPlatform.Init.ProcessCreationToServiceCreationLatency recorded 1 samples, mean = 153864496.0 (flags = 0x41)
0       ... 
180000  -O                                                                        (1 = 100.0%) {0.0%}

Histogram: SegmentationPlatform.Maintenance.CleanupSignalSuccessCount recorded 1 samples, mean = 0.0 (flags = 0x41)
0  -O                                                                        (1 = 100.0%)
1  ... 

Histogram: SegmentationPlatform.Maintenance.CompactionResult.HistogramEnum recorded 7 samples, mean = 1.0 (flags = 0x41)
0  O                                                                         (0 = 0.0%)
1  -------O                                                                  (7 = 100.0%) {0.0%}
2  O                                                                         (0 = 0.0%) {100.0%}

Histogram: SegmentationPlatform.Maintenance.CompactionResult.HistogramValue recorded 6 samples, mean = 1.0 (flags = 0x41)
0  O                                                                         (0 = 0.0%)
1  ------O                                                                   (6 = 100.0%) {0.0%}
2  O                                                                         (0 = 0.0%) {100.0%}

Histogram: SegmentationPlatform.Maintenance.CompactionResult.UserAction recorded 7 samples, mean = 1.0 (flags = 0x41)
0  O                                                                         (0 = 0.0%)
1  -------O                                                                  (7 = 100.0%) {0.0%}
2  O                                                                         (0 = 0.0%) {100.0%}

Histogram: SegmentationPlatform.Maintenance.SignalIdentifierCount recorded 1 samples, mean = 20.0 (flags = 0x41)
0   ... 
20  -O                                                                        (1 = 100.0%) {0.0%}
23  ... 

Histogram: SegmentationPlatform.ModelAvailability.ChromeLowUserEngagement recorded 1 samples, mean = 0.0 (flags = 0x41)
0  -O                                                                        (1 = 100.0%)
1  ... 

Histogram: SegmentationPlatform.ModelAvailability.ComposePromotion recorded 1 samples, mean = 0.0 (flags = 0x41)
0  -O                                                                        (1 = 100.0%)
1  ... 

Histogram: SegmentationPlatform.ModelAvailability.DeviceSwitcher recorded 1 samples, mean = 0.0 (flags = 0x41)
0  -O                                                                        (1 = 100.0%)
1  ... 

Histogram: SegmentationPlatform.ModelAvailability.SearchUser recorded 1 samples, mean = 0.0 (flags = 0x41)
0  -O                                                                        (1 = 100.0%)
1  ... 

Histogram: SegmentationPlatform.ModelAvailability.ShoppingUser recorded 1 samples, mean = 0.0 (flags = 0x41)
0  -O                                                                        (1 = 100.0%)
1  ... 

Histogram: SegmentationPlatform.ModelAvailability.UrlVisitResumptionRanker recorded 1 samples, mean = 0.0 (flags = 0x41)
0  -O                                                                        (1 = 100.0%)
1  ... 

Histogram: SegmentationPlatform.ModelAvailability.WebAppInstallationPromo recorded 1 samples, mean = 0.0 (flags = 0x41)
0  -O                                                                        (1 = 100.0%)
1  ... 

Histogram: SegmentationPlatform.ModelExecution.DefaultProvider.Status.DeviceSwitcher recorded 1 samples, mean = 0.0 (flags = 0x41)
0  -O                                                                        (1 = 100.0%)
1  ... 

Histogram: SegmentationPlatform.ModelExecution.Duration.Model.DeviceSwitcher.Success recorded 1 samples, mean = 0.0 (flags = 0x41)
0  -O                                                                        (1 = 100.0%)
1  ... 

Histogram: SegmentationPlatform.ModelExecution.Duration.Total.DeviceSwitcher.Success recorded 1 samples, mean = 60145.0 (flags = 0x41)
0      ... 
10000  -O                                                                        (1 = 100.0%) {0.0%}

Histogram: SegmentationPlatform.ModelExecution.Result.0.DeviceSwitcher recorded 1 samples, mean = 0.0 (flags = 0x41)
0  -O                                                                        (1 = 100.0%)
1  ... 

Histogram: SegmentationPlatform.ModelExecution.Result.1.DeviceSwitcher recorded 1 samples, mean = 0.0 (flags = 0x41)
0  -O                                                                        (1 = 100.0%)
1  ... 

Histogram: SegmentationPlatform.ModelExecution.Result.2.DeviceSwitcher recorded 1 samples, mean = 0.0 (flags = 0x41)
0  -O                                                                        (1 = 100.0%)
1  ... 

Histogram: SegmentationPlatform.ModelExecution.Result.3.DeviceSwitcher recorded 1 samples, mean = 0.0 (flags = 0x41)
0  -O                                                                        (1 = 100.0%)
1  ... 

Histogram: SegmentationPlatform.ModelExecution.Result.4.DeviceSwitcher recorded 1 samples, mean = 0.0 (flags = 0x41)
0  -O                                                                        (1 = 100.0%)
1  ... 

Histogram: SegmentationPlatform.ModelExecution.Result.5.DeviceSwitcher recorded 1 samples, mean = 0.0 (flags = 0x41)
0  -O                                                                        (1 = 100.0%)
1  ... 

Histogram: SegmentationPlatform.ModelExecution.Result.6.DeviceSwitcher recorded 1 samples, mean = 0.0 (flags = 0x41)
0  -O                                                                        (1 = 100.0%)
1  ... 

Histogram: SegmentationPlatform.ModelExecution.Result.7.DeviceSwitcher recorded 1 samples, mean = 100.0 (flags = 0x41)
0    ... 
100  -O                                                                        (1 = 100.0%) {0.0%}
101  O                                                                         (0 = 0.0%) {100.0%}

Histogram: SegmentationPlatform.ModelExecution.ZeroValuePercent.DeviceSwitcher recorded 1 samples, mean = 90.0 (flags = 0x41)
0   ... 
90  -O                                                                        (1 = 100.0%) {0.0%}
91  ... 

Histogram: SegmentationPlatform.PasswordManagerUser.PostProcessing.TopLabel.Computed recorded 1 samples (flags = 0x41)
0  -O                                                                        (1 = 100.0%)

Histogram: SegmentationPlatform.ResumeHeavyUser.PostProcessing.TopLabel.Computed recorded 1 samples (flags = 0x41)
0  -O                                                                        (1 = 100.0%)

Histogram: SegmentationPlatform.SearchUser.PostProcessing.TopLabel.Computed recorded 1 samples (flags = 0x41)
-1 -O                                                                        (1 = 100.0%)

Histogram: SegmentationPlatform.SegmentInfoDatabase.ProtoDBUpdateResult.ChromeLowUserEngagement recorded 1 samples, mean = 1.0 (flags = 0x41)
0  O                                                                         (0 = 0.0%)
1  -O                                                                        (1 = 100.0%) {0.0%}
2  O                                                                         (0 = 0.0%) {100.0%}

Histogram: SegmentationPlatform.SegmentInfoDatabase.ProtoDBUpdateResult.ComposePromotion recorded 1 samples, mean = 1.0 (flags = 0x41)
0  O                                                                         (0 = 0.0%)
1  -O                                                                        (1 = 100.0%) {0.0%}
2  O                                                                         (0 = 0.0%) {100.0%}

Histogram: SegmentationPlatform.SegmentInfoDatabase.ProtoDBUpdateResult.CrossDeviceUserSegment recorded 1 samples, mean = 1.0 (flags = 0x41)
0  O                                                                         (0 = 0.0%)
1  -O                                                                        (1 = 100.0%) {0.0%}
2  O                                                                         (0 = 0.0%) {100.0%}

Histogram: SegmentationPlatform.SegmentInfoDatabase.ProtoDBUpdateResult.DatabaseApiClients recorded 1 samples, mean = 1.0 (flags = 0x41)
0  O                                                                         (0 = 0.0%)
1  -O                                                                        (1 = 100.0%) {0.0%}
2  O                                                                         (0 = 0.0%) {100.0%}

Histogram: SegmentationPlatform.SegmentInfoDatabase.ProtoDBUpdateResult.DeviceSwitcher recorded 1 samples, mean = 1.0 (flags = 0x41)
0  O                                                                         (0 = 0.0%)
1  -O                                                                        (1 = 100.0%) {0.0%}
2  O                                                                         (0 = 0.0%) {100.0%}

Histogram: SegmentationPlatform.SegmentInfoDatabase.ProtoDBUpdateResult.PasswordManagerUser recorded 1 samples, mean = 1.0 (flags = 0x41)
0  O                                                                         (0 = 0.0%)
1  -O                                                                        (1 = 100.0%) {0.0%}
2  O                                                                         (0 = 0.0%) {100.0%}

Histogram: SegmentationPlatform.SegmentInfoDatabase.ProtoDBUpdateResult.ResumeHeavyUserSegment recorded 1 samples, mean = 1.0 (flags = 0x41)
0  O                                                                         (0 = 0.0%)
1  -O                                                                        (1 = 100.0%) {0.0%}
2  O                                                                         (0 = 0.0%) {100.0%}

Histogram: SegmentationPlatform.SegmentInfoDatabase.ProtoDBUpdateResult.SearchUser recorded 1 samples, mean = 1.0 (flags = 0x41)
0  O                                                                         (0 = 0.0%)
1  -O                                                                        (1 = 100.0%) {0.0%}
2  O                                                                         (0 = 0.0%) {100.0%}

Histogram: SegmentationPlatform.SegmentInfoDatabase.ProtoDBUpdateResult.ShoppingUser recorded 1 samples, mean = 1.0 (flags = 0x41)
0  O                                                                         (0 = 0.0%)
1  -O                                                                        (1 = 100.0%) {0.0%}
2  O                                                                         (0 = 0.0%) {100.0%}

Histogram: SegmentationPlatform.SegmentInfoDatabase.ProtoDBUpdateResult.UrlVisitResumptionRanker recorded 1 samples, mean = 1.0 (flags = 0x41)
0  O                                                                         (0 = 0.0%)
1  -O                                                                        (1 = 100.0%) {0.0%}
2  O                                                                         (0 = 0.0%) {100.0%}

Histogram: SegmentationPlatform.SegmentInfoDatabase.ProtoDBUpdateResult.WebAppInstallationPromo recorded 1 samples, mean = 1.0 (flags = 0x41)
0  O                                                                         (0 = 0.0%)
1  -O                                                                        (1 = 100.0%) {0.0%}
2  O                                                                         (0 = 0.0%) {100.0%}

Histogram: SegmentationPlatform.SelectionFailedReason.ChromeLowUserEngagement recorded 2 samples, mean = 14.5 (flags = 0x41)
0   ... 
12  -O                                                                        (1 = 50.0%) {0.0%}
13  ... 
17  -O                                                                        (1 = 50.0%) {50.0%}
18  ... 

Histogram: SegmentationPlatform.SelectionFailedReason.ComposePromotion recorded 1 samples, mean = 17.0 (flags = 0x41)
0   ... 
17  -O                                                                        (1 = 100.0%) {0.0%}
18  ... 

Histogram: SegmentationPlatform.SelectionFailedReason.CrossDeviceUser recorded 3 samples, mean = 20.3 (flags = 0x41)
0   ... 
16  -O                                                                        (1 = 33.3%) {0.0%}
17  O                                                                         (0 = 0.0%) {33.3%}
18  -O                                                                        (1 = 33.3%) {33.3%}
19  ... 
27  -O                                                                        (1 = 33.3%) {66.7%}
28  ... 

Histogram: SegmentationPlatform.SelectionFailedReason.DatabaseApiClients recorded 1 samples, mean = 17.0 (flags = 0x41)
0   ... 
17  -O                                                                        (1 = 100.0%) {0.0%}
18  ... 

Histogram: SegmentationPlatform.SelectionFailedReason.DeviceSwitcher recorded 2 samples, mean = 19.0 (flags = 0x41)
0   ... 
17  -O                                                                        (1 = 50.0%) {0.0%}
18  ... 
21  -O                                                                        (1 = 50.0%) {50.0%}
22  ... 

Histogram: SegmentationPlatform.SelectionFailedReason.PasswordManagerUser recorded 3 samples, mean = 20.3 (flags = 0x41)
0   ... 
16  -O                                                                        (1 = 33.3%) {0.0%}
17  O                                                                         (0 = 0.0%) {33.3%}
18  -O                                                                        (1 = 33.3%) {33.3%}
19  ... 
27  -O                                                                        (1 = 33.3%) {66.7%}
28  ... 

Histogram: SegmentationPlatform.SelectionFailedReason.ResumeHeavyUser recorded 3 samples, mean = 20.3 (flags = 0x41)
0   ... 
16  -O                                                                        (1 = 33.3%) {0.0%}
17  O                                                                         (0 = 0.0%) {33.3%}
18  -O                                                                        (1 = 33.3%) {33.3%}
19  ... 
27  -O                                                                        (1 = 33.3%) {66.7%}
28  ... 

Histogram: SegmentationPlatform.SelectionFailedReason.SearchUser recorded 3 samples, mean = 20.3 (flags = 0x41)
0   ... 
16  -O                                                                        (1 = 33.3%) {0.0%}
17  O                                                                         (0 = 0.0%) {33.3%}
18  -O                                                                        (1 = 33.3%) {33.3%}
19  ... 
27  -O                                                                        (1 = 33.3%) {66.7%}
28  ... 

Histogram: SegmentationPlatform.SelectionFailedReason.ShoppingUser recorded 3 samples, mean = 20.3 (flags = 0x41)
0   ... 
16  -O                                                                        (1 = 33.3%) {0.0%}
17  O                                                                         (0 = 0.0%) {33.3%}
18  -O                                                                        (1 = 33.3%) {33.3%}
19  ... 
27  -O                                                                        (1 = 33.3%) {66.7%}
28  ... 

Histogram: SegmentationPlatform.SelectionFailedReason.URLVisitResumptionRanker recorded 1 samples, mean = 17.0 (flags = 0x41)
0   ... 
17  -O                                                                        (1 = 100.0%) {0.0%}
18  ... 

Histogram: SegmentationPlatform.SelectionFailedReason.WebAppInstallationPromo recorded 3 samples, mean = 17.3 (flags = 0x41)
0   ... 
11  -O                                                                        (1 = 33.3%) {0.0%}
12  ... 
17  -O                                                                        (1 = 33.3%) {33.3%}
18  ... 
24  -O                                                                        (1 = 33.3%) {66.7%}
25  ... 

Histogram: SegmentationPlatform.ShoppingUser.PostProcessing.TopLabel.Computed recorded 1 samples (flags = 0x41)
0  -O                                                                        (1 = 100.0%)

Histogram: SegmentationPlatform.Signals.ListeningCount.HistogramEnum recorded 1 samples, mean = 7.0 (flags = 0x41)
0  ... 
7  -O                                                                        (1 = 100.0%) {0.0%}
8  ... 

Histogram: SegmentationPlatform.Signals.ListeningCount.HistogramValue recorded 1 samples, mean = 6.0 (flags = 0x41)
0  ... 
6  -O                                                                        (1 = 100.0%) {0.0%}
7  ... 

Histogram: SegmentationPlatform.Signals.ListeningCount.UserAction recorded 1 samples, mean = 7.0 (flags = 0x41)
0  ... 
7  -O                                                                        (1 = 100.0%) {0.0%}
8  ... 

Histogram: SegmentationPlatform.SyncSessions.TabsCountAtStartup recorded 1 samples, mean = 0.0 (flags = 0x41)
0  -O                                                                        (1 = 100.0%)
1  ... 

Histogram: SegmentationPlatform.UkmDatabase.InitTime recorded 1 samples, mean = 7.0 (flags = 0x41)
0  ... 
7  -O                                                                        (1 = 100.0%) {0.0%}
8  ... 

Histogram: SegmentationPlatform.WebAppInstallationPromo.PostProcessing.TopLabel.Computed recorded 1 samples (flags = 0x41)
-2 -O                                                                        (1 = 100.0%)

Histogram: ServiceWorker.FindRegistrationForClientUrl.IsCalledForNavigation recorded 5 samples, mean = 0.2 (flags = 0x41)
0  ----O                                                                     (4 = 80.0%)
1  -O                                                                        (1 = 20.0%) {80.0%}
2  O                                                                         (0 = 0.0%) {100.0%}

Histogram: ServiceWorker.FindRegistrationForClientUrl.SkippedMojoCall.OnNavigation recorded 1 samples, mean = 0.0 (flags = 0x41)
0  -O                                                                        (1 = 100.0%)
1  ... 

Histogram: ServiceWorker.OnBrowserStartup.SkipServiceWorkerOnFirstNavigation recorded 1 samples, mean = 0.0 (flags = 0x41)
0  -O                                                                        (1 = 100.0%)
1  ... 

Histogram: ServiceWorker.RegisteredStorageKeyCount recorded 1 samples, mean = 0.0 (flags = 0x41)
0  -O                                                                        (1 = 100.0%)
1  ... 

Histogram: ServiceWorker.Storage.ReadInitialDataFromDB.Time recorded 1 samples, mean = 0.0 (flags = 0x41)
0  -O                                                                        (1 = 100.0%)
1  ... 

Histogram: ServiceWorker.Storage.RegisteredStorageKeyCacheInitialization.Time recorded 1 samples, mean = 4582.0 (flags = 0x41)
0     ... 
3900  -O                                                                        (1 = 100.0%) {0.0%}
4955  ... 

Histogram: SessionRestore.UnrecoverableWriteErrorCount recorded 1 samples, mean = 0.0 (flags = 0x41)
0  -O                                                                        (1 = 100.0%)
1  ... 

Histogram: SessionStorageContext.CommitResult recorded 2 samples, mean = 0.0 (flags = 0x41)
0  --O                                                                       (2 = 100.0%)
1  ... 

Histogram: Settings.AdvancedSpellcheck.OnStartup2 recorded 1 samples, mean = 0.0 (flags = 0x41)
0  -O                                                                        (1 = 100.0%)
1  ... 

Histogram: Settings.AutocompleteSearches.OnStartup2 recorded 1 samples, mean = 1.0 (flags = 0x41)
0  O                                                                         (0 = 0.0%)
1  -O                                                                        (1 = 100.0%) {0.0%}
2  O                                                                         (0 = 0.0%) {100.0%}

Histogram: Settings.FingerprintingProtection.Enabled recorded 1 samples, mean = 0.0 (flags = 0x41)
0  -O                                                                        (1 = 100.0%)
1  ... 

Histogram: Settings.FirstPartySets.State recorded 1 samples, mean = 0.0 (flags = 0x41)
0  -O                                                                        (1 = 100.0%)
1  ... 

Histogram: Settings.IpProtection.Enabled recorded 1 samples, mean = 0.0 (flags = 0x41)
0  -O                                                                        (1 = 100.0%)
1  ... 

Histogram: Settings.PreloadStatus.OnStartup3 recorded 1 samples, mean = 1.0 (flags = 0x41)
0  O                                                                         (0 = 0.0%)
1  -O                                                                        (1 = 100.0%) {0.0%}
2  ... 

Histogram: Settings.PrivacySandbox.AdMeasurement.Enabled recorded 1 samples, mean = 0.0 (flags = 0x41)
0  -O                                                                        (1 = 100.0%)
1  ... 

Histogram: Settings.PrivacySandbox.Fledge.Enabled recorded 1 samples, mean = 0.0 (flags = 0x41)
0  -O                                                                        (1 = 100.0%)
1  ... 

Histogram: Settings.PrivacySandbox.Topics.Enabled recorded 1 samples, mean = 0.0 (flags = 0x41)
0  -O                                                                        (1 = 100.0%)
1  ... 

Histogram: Settings.ShowHomeButton2 recorded 1 samples, mean = 0.0 (flags = 0x41)
0  -O                                                                        (1 = 100.0%)
1  ... 

Histogram: Settings.StartupPageLoadSettings2 recorded 1 samples, mean = 5.0 (flags = 0x41)
0  ... 
5  -O                                                                        (1 = 100.0%) {0.0%}
6  ... 

Histogram: Settings.TrackedPreferenceChanged.FromRegistry recorded 1 samples, mean = 5.0 (flags = 0x41)
0  ... 
5  -O                                                                        (1 = 100.0%) {0.0%}
6  ... 

Histogram: Settings.TrackedPreferenceUnchanged recorded 18 samples, mean = 14.5 (flags = 0x41)
0   -O                                                                        (1 = 5.6%)
1   -O                                                                        (1 = 5.6%) {5.6%}
2   -O                                                                        (1 = 5.6%) {11.1%}
3   -O                                                                        (1 = 5.6%) {16.7%}
4   -O                                                                        (1 = 5.6%) {22.2%}
5   -O                                                                        (1 = 5.6%) {27.8%}
6   -O                                                                        (1 = 5.6%) {33.3%}
7   -O                                                                        (1 = 5.6%) {38.9%}
8   ... 
11  -O                                                                        (1 = 5.6%) {44.4%}
12  ... 
14  -O                                                                        (1 = 5.6%) {50.0%}
15  -O                                                                        (1 = 5.6%) {55.6%}
16  ... 
18  -O                                                                        (1 = 5.6%) {61.1%}
19  ... 
23  -O                                                                        (1 = 5.6%) {66.7%}
24  -O                                                                        (1 = 5.6%) {72.2%}
25  ... 
29  -O                                                                        (1 = 5.6%) {77.8%}
30  ... 
32  -O                                                                        (1 = 5.6%) {83.3%}
33  -O                                                                        (1 = 5.6%) {88.9%}
34  -O                                                                        (1 = 5.6%) {94.4%}
35  O                                                                         (0 = 0.0%) {100.0%}

Histogram: Settings.TrackedPreferenceUnchanged.FromRegistry recorded 17 samples, mean = 15.1 (flags = 0x41)
0   -O                                                                        (1 = 5.9%)
1   -O                                                                        (1 = 5.9%) {5.9%}
2   -O                                                                        (1 = 5.9%) {11.8%}
3   -O                                                                        (1 = 5.9%) {17.6%}
4   -O                                                                        (1 = 5.9%) {23.5%}
5   O                                                                         (0 = 0.0%) {29.4%}
6   -O                                                                        (1 = 5.9%) {29.4%}
7   -O                                                                        (1 = 5.9%) {35.3%}
8   ... 
11  -O                                                                        (1 = 5.9%) {41.2%}
12  ... 
14  -O                                                                        (1 = 5.9%) {47.1%}
15  -O                                                                        (1 = 5.9%) {52.9%}
16  ... 
18  -O                                                                        (1 = 5.9%) {58.8%}
19  ... 
23  -O                                                                        (1 = 5.9%) {64.7%}
24  -O                                                                        (1 = 5.9%) {70.6%}
25  ... 
29  -O                                                                        (1 = 5.9%) {76.5%}
30  ... 
32  -O                                                                        (1 = 5.9%) {82.4%}
33  -O                                                                        (1 = 5.9%) {88.2%}
34  -O                                                                        (1 = 5.9%) {94.1%}
35  O                                                                         (0 = 0.0%) {100.0%}

Histogram: Settings.TrackingProtection.Enabled recorded 1 samples, mean = 0.0 (flags = 0x41)
0  -O                                                                        (1 = 100.0%)
1  ... 

Histogram: SharedDictionary.TimeInitializeDB recorded 1 samples, mean = 13.0 (flags = 0x41)
0   ... 
11  -O                                                                        (1 = 100.0%) {0.0%}
14  ... 

Histogram: Signin.APIKeyMatchesFeatureOnStartup recorded 3 samples, mean = 0.0 (flags = 0x41)
0  ---O                                                                      (3 = 100.0%)
1  ... 

Histogram: Signin.AccountTracker.CountOfLoadedAccounts recorded 1 samples, mean = 0.0 (flags = 0x41)
0  -O                                                                        (1 = 100.0%)
1  ... 

Histogram: Signin.ExplicitSigninMigration recorded 1 samples, mean = 0.0 (flags = 0x41)
0  -O                                                                        (1 = 100.0%)
1  ... 

Histogram: Signin.HadPreviousSyncAccount.SignedOutOnProfileLoad recorded 1 samples, mean = 0.0 (flags = 0x41)
0  -O                                                                        (1 = 100.0%)
1  ... 

Histogram: Signin.HadPreviousSyncAccount.SyncOffOnProfileLoad recorded 1 samples, mean = 0.0 (flags = 0x41)
0  -O                                                                        (1 = 100.0%)
1  ... 

Histogram: Signin.ListAccountsFailure recorded 1 samples, mean = 0.0 (flags = 0x41)
0  -O                                                                        (1 = 100.0%)
1  ... 

Histogram: Signin.PAMInitialize.PrimaryAccountPrefs recorded 1 samples, mean = 2.0 (flags = 0x41)
0  ... 
2  -O                                                                        (1 = 100.0%) {0.0%}
3  ... 

Histogram: Signin.SigninAllowed recorded 1 samples, mean = 0.0 (flags = 0x41)
0  -O                                                                        (1 = 100.0%)
1  ... 

Histogram: Signin.TokenTable.GetAllTokensSqlStatementValidity recorded 1 samples, mean = 1.0 (flags = 0x41)
0  O                                                                         (0 = 0.0%)
1  -O                                                                        (1 = 100.0%) {0.0%}
2  O                                                                         (0 = 0.0%) {100.0%}

Histogram: SimpleCache.App.CacheSizeOnInit recorded 1 samples, mean = 0.0 (flags = 0x41)
0  -O                                                                        (1 = 100.0%)
1000... 

Histogram: SimpleCache.App.ConsistencyResult recorded 1 samples, mean = 0.0 (flags = 0x41)
0  -O                                                                        (1 = 100.0%)
1  ... 

Histogram: SimpleCache.App.CreationToIndex recorded 1 samples, mean = 27.0 (flags = 0x41)
0   ... 
24  -O                                                                        (1 = 100.0%) {0.0%}
29  ... 

Histogram: SimpleCache.App.IndexFileStateOnLoad recorded 1 samples, mean = 2.0 (flags = 0x41)
0  ... 
2  -O                                                                        (1 = 100.0%) {0.0%}
3  ... 

Histogram: SimpleCache.App.IndexInitializeMethod recorded 1 samples, mean = 1.0 (flags = 0x41)
0  O                                                                         (0 = 0.0%)
1  -O                                                                        (1 = 100.0%) {0.0%}
2  ... 

Histogram: SimpleCache.App.IndexNumEntriesOnInit recorded 1 samples, mean = 0.0 (flags = 0x41)
0  -O                                                                        (1 = 100.0%)
1  ... 

Histogram: SimpleCache.App.MaxCacheSizeOnInit recorded 1 samples, mean = 0.0 (flags = 0x41)
0  -O                                                                        (1 = 100.0%)
1000... 

Histogram: SimpleCache.Code.CacheSizeOnInit recorded 1 samples, mean = 5138.0 (flags = 0x41)
0     ... 
4727  -O                                                                        (1 = 100.0%) {0.0%}
5380  ... 

Histogram: SimpleCache.Code.ConsistencyResult recorded 1 samples, mean = 0.0 (flags = 0x41)
0  -O                                                                        (1 = 100.0%)
1  ... 

Histogram: SimpleCache.Code.CreationToIndex recorded 1 samples, mean = 24.0 (flags = 0x41)
0   ... 
24  -O                                                                        (1 = 100.0%) {0.0%}
29  ... 

Histogram: SimpleCache.Code.DiskCloseLatency recorded 24 samples, mean = 0.0 (flags = 0x41)
0  -----------------------O                                                  (23 = 95.8%)
1  -O                                                                        (1 = 4.2%) {95.8%}
2  ... 

Histogram: SimpleCache.Code.DiskCreateLatency recorded 21 samples, mean = 0.3 (flags = 0x40)
0  ---------------O                                                          (15 = 71.4%)
1  -----O                                                                    (5 = 23.8%) {71.4%}
2  -O                                                                        (1 = 4.8%) {95.2%}
3  ... 

Histogram: SimpleCache.Code.DiskDoomLatency recorded 1 samples, mean = 0.0 (flags = 0x41)
0  -O                                                                        (1 = 100.0%)
1  ... 

Histogram: SimpleCache.Code.DiskOpenLatency recorded 3 samples, mean = 2.7 (flags = 0x41)
0  O                                                                         (0 = 0.0%)
1  -O                                                                        (1 = 33.3%) {0.0%}
2  -O                                                                        (1 = 33.3%) {33.3%}
3  ... 
5  -O                                                                        (1 = 33.3%) {66.7%}
6  ... 

Histogram: SimpleCache.Code.EntryCreationTime recorded 24 samples, mean = 0.7 (flags = 0x41)
0  --------------O                                                           (14 = 58.3%)
1  ------O                                                                   (6 = 25.0%) {58.3%}
2  ---O                                                                      (3 = 12.5%) {83.3%}
3  ... 
5  -O                                                                        (1 = 4.2%) {95.8%}
6  ... 

Histogram: SimpleCache.Code.HeaderSize recorded 23 samples, mean = 36.0 (flags = 0x41)
0   ... 
34  -----------------------O                                                  (23 = 100.0%) {0.0%}
40  ... 

Histogram: SimpleCache.Code.IndexFileStateOnLoad recorded 1 samples, mean = 2.0 (flags = 0x41)
0  ... 
2  -O                                                                        (1 = 100.0%) {0.0%}
3  ... 

Histogram: SimpleCache.Code.IndexInitializeMethod recorded 1 samples, mean = 1.0 (flags = 0x41)
0  O                                                                         (0 = 0.0%)
1  -O                                                                        (1 = 100.0%) {0.0%}
2  ... 

Histogram: SimpleCache.Code.IndexNumEntriesOnInit recorded 1 samples, mean = 89.0 (flags = 0x41)
0   ... 
76  -O                                                                        (1 = 100.0%) {0.0%}
95  ... 

Histogram: SimpleCache.Code.MaxCacheSizeOnInit recorded 1 samples, mean = 238945.0 (flags = 0x41)
0       ... 
229921  -O                                                                        (1 = 100.0%) {0.0%}
261704  ... 

Histogram: SimpleCache.Code.OpenEntryIndexState recorded 49 samples, mean = 1.1 (flags = 0x41)
0  O                                                                         (0 = 0.0%)
1  ----------------------------------------------O                           (46 = 93.9%) {0.0%}
2  ---O                                                                      (3 = 6.1%) {93.9%}
3  O                                                                         (0 = 0.0%) {100.0%}

Histogram: SimpleCache.Code.SyncCheckEOFResult recorded 3 samples, mean = 0.0 (flags = 0x40)
0  ---O                                                                      (3 = 100.0%)
1  ... 

Histogram: SimpleCache.Code.SyncCloseResult recorded 24 samples, mean = 0.0 (flags = 0x40)
0  ------------------------O                                                 (24 = 100.0%)
1  ... 

Histogram: SimpleCache.Code.SyncOpenPrefetchMode recorded 3 samples, mean = 0.0 (flags = 0x41)
0  ---O                                                                      (3 = 100.0%)
1  ... 

Histogram: SimpleCache.Code.SyncOpenResult recorded 3 samples, mean = 0.0 (flags = 0x40)
0  ---O                                                                      (3 = 100.0%)
1  ... 

Histogram: SiteEngagementService.EngagementScore recorded 2 samples, mean = 9.5 (flags = 0x41)
0   ... 
6   -O                                                                        (1 = 50.0%) {0.0%}
7   ... 
13  -O                                                                        (1 = 50.0%) {50.0%}
14  ... 

Histogram: SiteEngagementService.EngagementType recorded 1 samples, mean = 0.0 (flags = 0x41)
0  -O                                                                        (1 = 100.0%)
1  ... 

Histogram: SiteEngagementService.MeanEngagement recorded 1 samples, mean = 10.0 (flags = 0x41)
0   ... 
10  -O                                                                        (1 = 100.0%) {0.0%}
11  ... 

Histogram: SiteEngagementService.MedianEngagement recorded 1 samples, mean = 10.0 (flags = 0x41)
0   ... 
10  -O                                                                        (1 = 100.0%) {0.0%}
11  ... 

Histogram: SiteEngagementService.OriginsEngaged recorded 1 samples, mean = 2.0 (flags = 0x41)
0  ... 
2  -O                                                                        (1 = 100.0%) {0.0%}
3  ... 

Histogram: SiteIsolatedCodeCache.JS.Behaviour recorded 50 samples, mean = 2.3 (flags = 0x41)
0  -O                                                                        (1 = 2.0%)
1  -------------------------O                                                (25 = 50.0%) {2.0%}
2  -O                                                                        (1 = 2.0%) {52.0%}
3  --O                                                                       (2 = 4.0%) {54.0%}
4  ---------------------O                                                    (21 = 42.0%) {58.0%}
5  ... 

Histogram: SiteIsolatedCodeCache.JS.FetchCodeCache recorded 1 samples, mean = 1.0 (flags = 0x41)
0  O                                                                         (0 = 0.0%)
1  -O                                                                        (1 = 100.0%) {0.0%}
2  ... 

Histogram: SiteIsolatedCodeCache.JS.Hit recorded 26 samples, mean = 0.0 (flags = 0x41)
0  -------------------------O                                                (25 = 96.2%)
1  -O                                                                        (1 = 3.8%) {96.2%}
2  O                                                                         (0 = 0.0%) {100.0%}

Histogram: SiteIsolatedCodeCache.JS.PotentialMemoryBackedCodeCacheHit recorded 26 samples, mean = 0.0 (flags = 0x41)
0  --------------------------O                                               (26 = 100.0%)
1  ... 

Histogram: SiteIsolatedCodeCache.JS.PotentialMemoryBackedCodeCacheSize2 recorded 4 samples, mean = 27126.0 (flags = 0x41)
0      ... 
26179  ----O                                                                     (4 = 100.0%) {0.0%}
37599  ... 

Histogram: SiteIsolatedCodeCache.WASM.Behaviour recorded 6 samples, mean = 1.0 (flags = 0x41)
0  O                                                                         (0 = 0.0%)
1  ------O                                                                   (6 = 100.0%) {0.0%}
2  ... 

Histogram: SiteIsolation.BrowsingInstance.MaxCountPerProcess recorded 3 samples, mean = 0.7 (flags = 0x41)
0  -O                                                                        (1 = 33.3%)
1  --O                                                                       (2 = 66.7%) {33.3%}
2  ... 

Histogram: SiteIsolation.NewProcessUsedForNavigationWhenSameSiteProcessExists recorded 1 samples, mean = 0.0 (flags = 0x41)
0  -O                                                                        (1 = 100.0%)
1  ... 

Histogram: SiteIsolation.ProcessPerSiteWithMainFrameThreshold.IsDevToolsUser recorded 1 samples, mean = 0.0 (flags = 0x41)
0  -O                                                                        (1 = 100.0%)
1  ... 

Histogram: Skia.SubmitRenderPasses recorded 17 samples, mean = 0.7 (flags = 0x41)
0  ------------O                                                             (12 = 70.6%)
1  --O                                                                       (2 = 11.8%) {70.6%}
2  -O                                                                        (1 = 5.9%) {82.4%}
3  O                                                                         (0 = 0.0%) {88.2%}
4  --O                                                                       (2 = 11.8%) {88.2%}
5  ... 

Histogram: Sql.Statement.Affiliation.VMSteps recorded 15 samples, mean = 15.5 (flags = 0x41)
0   ... 
3   ----O                                                                     (4 = 26.7%) {0.0%}
4   O                                                                         (0 = 0.0%) {26.7%}
5   -O                                                                        (1 = 6.7%) {26.7%}
6   -O                                                                        (1 = 6.7%) {33.3%}
7   ... 
12  -----O                                                                    (5 = 33.3%) {40.0%}
14  ... 
20  -O                                                                        (1 = 6.7%) {73.3%}
24  O                                                                         (0 = 0.0%) {80.0%}
29  -O                                                                        (1 = 6.7%) {80.0%}
34  O                                                                         (0 = 0.0%) {86.7%}
40  -O                                                                        (1 = 6.7%) {86.7%}
48  -O                                                                        (1 = 6.7%) {93.3%}
57  ... 

Histogram: Sql.Statement.BrowsingTopics.VMSteps recorded 12 samples, mean = 8.0 (flags = 0x41)
0   ... 
3   ----O                                                                     (4 = 33.3%) {0.0%}
4   O                                                                         (0 = 0.0%) {33.3%}
5   -O                                                                        (1 = 8.3%) {33.3%}
6   ... 
8   --O                                                                       (2 = 16.7%) {41.7%}
10  O                                                                         (0 = 0.0%) {58.3%}
12  -----O                                                                    (5 = 41.7%) {58.3%}
14  ... 

Histogram: Sql.Statement.Cookie.VMSteps recorded 33 samples, mean = 24.0 (flags = 0x41)
0    ... 
3    ------O                                                                   (6 = 18.2%) {0.0%}
4    O                                                                         (0 = 0.0%) {18.2%}
5    --O                                                                       (2 = 6.1%) {18.2%}
6    O                                                                         (0 = 0.0%) {24.2%}
7    -O                                                                        (1 = 3.0%) {24.2%}
8    O                                                                         (0 = 0.0%) {27.3%}
10   -O                                                                        (1 = 3.0%) {27.3%}
12   ----------O                                                               (10 = 30.3%) {30.3%}
14   ... 
20   --O                                                                       (2 = 6.1%) {60.6%}
24   ---O                                                                      (3 = 9.1%) {66.7%}
29   O                                                                         (0 = 0.0%) {75.8%}
34   --O                                                                       (2 = 6.1%) {75.8%}
40   ... 
57   -----O                                                                    (5 = 15.2%) {81.8%}
68   ... 
114  -O                                                                        (1 = 3.0%) {97.0%}
135  ... 

Histogram: Sql.Statement.DIPS.VMSteps recorded 29 samples, mean = 14.8 (flags = 0x41)
0   ... 
3   --O                                                                       (2 = 6.9%) {0.0%}
4   O                                                                         (0 = 0.0%) {6.9%}
5   -O                                                                        (1 = 3.4%) {6.9%}
6   ... 
8   ----O                                                                     (4 = 13.8%) {10.3%}
10  -O                                                                        (1 = 3.4%) {24.1%}
12  ----------O                                                               (10 = 34.5%) {27.6%}
14  --O                                                                       (2 = 6.9%) {62.1%}
17  -O                                                                        (1 = 3.4%) {69.0%}
20  ---O                                                                      (3 = 10.3%) {72.4%}
24  ----O                                                                     (4 = 13.8%) {82.8%}
29  -O                                                                        (1 = 3.4%) {96.6%}
34  ... 

Histogram: Sql.Statement.FirstPartySets.VMSteps recorded 31 samples, mean = 9.2 (flags = 0x41)
0   ... 
3   ----------O                                                               (10 = 32.3%) {0.0%}
4   O                                                                         (0 = 0.0%) {32.3%}
5   -O                                                                        (1 = 3.2%) {32.3%}
6   ... 
8   ----O                                                                     (4 = 12.9%) {35.5%}
10  ---O                                                                      (3 = 9.7%) {48.4%}
12  -----------O                                                              (11 = 35.5%) {58.1%}
14  ... 
20  -O                                                                        (1 = 3.2%) {93.5%}
24  -O                                                                        (1 = 3.2%) {96.8%}
29  ... 

Histogram: Sql.Statement.History.VMSteps recorded 89 samples, mean = 56.9 (flags = 0x41)
0     ... 
3     ------O                                                                   (6 = 6.7%) {0.0%}
4     O                                                                         (0 = 0.0%) {6.7%}
5     -O                                                                        (1 = 1.1%) {6.7%}
6     --O                                                                       (2 = 2.2%) {7.9%}
7     O                                                                         (0 = 0.0%) {10.1%}
8     ----O                                                                     (4 = 4.5%) {10.1%}
10    ----O                                                                     (4 = 4.5%) {14.6%}
12    --------------------O                                                     (20 = 22.5%) {19.1%}
14    -O                                                                        (1 = 1.1%) {41.6%}
17    ---------------O                                                          (15 = 16.9%) {42.7%}
20    ---------O                                                                (9 = 10.1%) {59.6%}
24    --------O                                                                 (8 = 9.0%) {69.7%}
29    ---O                                                                      (3 = 3.4%) {78.7%}
34    -O                                                                        (1 = 1.1%) {82.0%}
40    O                                                                         (0 = 0.0%) {83.1%}
48    --O                                                                       (2 = 2.2%) {83.1%}
57    -O                                                                        (1 = 1.1%) {85.4%}
68    ----O                                                                     (4 = 4.5%) {86.5%}
81    -O                                                                        (1 = 1.1%) {91.0%}
96    -O                                                                        (1 = 1.1%) {92.1%}
114   O                                                                         (0 = 0.0%) {93.3%}
135   -----O                                                                    (5 = 5.6%) {93.3%}
160   ... 
2117  -O                                                                        (1 = 1.1%) {98.9%}
2516  ... 

Histogram: Sql.Statement.OptOutBlacklist.VMSteps recorded 4 samples, mean = 10.8 (flags = 0x41)
0   ... 
5   -O                                                                        (1 = 25.0%) {0.0%}
6   O                                                                         (0 = 0.0%) {25.0%}
7   -O                                                                        (1 = 25.0%) {25.0%}
8   O                                                                         (0 = 0.0%) {50.0%}
10  -O                                                                        (1 = 25.0%) {50.0%}
12  ... 
20  -O                                                                        (1 = 25.0%) {75.0%}
24  ... 

Histogram: Sql.Statement.Passwords.VMSteps recorded 51 samples, mean = 24.6 (flags = 0x41)
0   ... 
3   ----O                                                                     (4 = 7.8%) {0.0%}
4   O                                                                         (0 = 0.0%) {7.8%}
5   --O                                                                       (2 = 3.9%) {7.8%}
6   ------O                                                                   (6 = 11.8%) {11.8%}
7   ----O                                                                     (4 = 7.8%) {23.5%}
8   ---O                                                                      (3 = 5.9%) {31.4%}
10  O                                                                         (0 = 0.0%) {37.3%}
12  ------------O                                                             (12 = 23.5%) {37.3%}
14  --O                                                                       (2 = 3.9%) {60.8%}
17  O                                                                         (0 = 0.0%) {64.7%}
20  --O                                                                       (2 = 3.9%) {64.7%}
24  ... 
34  --O                                                                       (2 = 3.9%) {68.6%}
40  ----O                                                                     (4 = 7.8%) {72.5%}
48  O                                                                         (0 = 0.0%) {80.4%}
57  ----O                                                                     (4 = 7.8%) {80.4%}
68  ------O                                                                   (6 = 11.8%) {88.2%}
81  ... 

Histogram: Sql.Statement.Predictor.VMSteps recorded 15 samples, mean = 15.9 (flags = 0x41)
0   ... 
3   --O                                                                       (2 = 13.3%) {0.0%}
4   O                                                                         (0 = 0.0%) {13.3%}
5   -O                                                                        (1 = 6.7%) {13.3%}
6   -O                                                                        (1 = 6.7%) {20.0%}
7   O                                                                         (0 = 0.0%) {26.7%}
8   -O                                                                        (1 = 6.7%) {26.7%}
10  ----O                                                                     (4 = 26.7%) {33.3%}
12  -O                                                                        (1 = 6.7%) {60.0%}
14  -O                                                                        (1 = 6.7%) {66.7%}
17  ... 
24  -O                                                                        (1 = 6.7%) {73.3%}
29  -O                                                                        (1 = 6.7%) {80.0%}
34  O                                                                         (0 = 0.0%) {86.7%}
40  -O                                                                        (1 = 6.7%) {86.7%}
48  -O                                                                        (1 = 6.7%) {93.3%}
57  ... 

Histogram: Sql.Statement.Quota.VMSteps recorded 15 samples, mean = 8.9 (flags = 0x41)
0   ... 
3   ----O                                                                     (4 = 26.7%) {0.0%}
4   O                                                                         (0 = 0.0%) {26.7%}
5   -O                                                                        (1 = 6.7%) {26.7%}
6   ... 
8   -O                                                                        (1 = 6.7%) {33.3%}
10  -O                                                                        (1 = 6.7%) {40.0%}
12  --------O                                                                 (8 = 53.3%) {46.7%}
14  ... 

Histogram: Sql.Statement.ReportingAndNEL.VMSteps recorded 12 samples, mean = 13.8 (flags = 0x41)
0   ... 
3   --O                                                                       (2 = 16.7%) {0.0%}
4   O                                                                         (0 = 0.0%) {16.7%}
5   -O                                                                        (1 = 8.3%) {16.7%}
6   -O                                                                        (1 = 8.3%) {25.0%}
7   ... 
12  -----O                                                                    (5 = 41.7%) {33.3%}
14  ... 
20  -O                                                                        (1 = 8.3%) {75.0%}
24  O                                                                         (0 = 0.0%) {83.3%}
29  -O                                                                        (1 = 8.3%) {83.3%}
34  -O                                                                        (1 = 8.3%) {91.7%}
40  ... 

Histogram: Sql.Statement.SharedDictionary.VMSteps recorded 20 samples, mean = 9.1 (flags = 0x41)
0   ... 
3   --------O                                                                 (8 = 40.0%) {0.0%}
4   O                                                                         (0 = 0.0%) {40.0%}
5   -O                                                                        (1 = 5.0%) {40.0%}
6   ... 
8   -O                                                                        (1 = 5.0%) {45.0%}
10  O                                                                         (0 = 0.0%) {50.0%}
12  -------O                                                                  (7 = 35.0%) {50.0%}
14  O                                                                         (0 = 0.0%) {85.0%}
17  --O                                                                       (2 = 10.0%) {85.0%}
20  -O                                                                        (1 = 5.0%) {95.0%}
24  ... 

Histogram: Sql.Statement.SharedStorage.VMSteps recorded 3 samples, mean = 7.7 (flags = 0x41)
0   ... 
5   -O                                                                        (1 = 33.3%) {0.0%}
6   ... 
8   -O                                                                        (1 = 33.3%) {33.3%}
10  -O                                                                        (1 = 33.3%) {66.7%}
12  ... 

Histogram: Sql.Statement.Thumbnail.VMSteps recorded 20 samples, mean = 10.6 (flags = 0x41)
0   ... 
3   ------O                                                                   (6 = 30.0%) {0.0%}
4   O                                                                         (0 = 0.0%) {30.0%}
5   -O                                                                        (1 = 5.0%) {30.0%}
6   ... 
8   -O                                                                        (1 = 5.0%) {35.0%}
10  O                                                                         (0 = 0.0%) {40.0%}
12  ----------O                                                               (10 = 50.0%) {40.0%}
14  ... 
24  -O                                                                        (1 = 5.0%) {90.0%}
29  -O                                                                        (1 = 5.0%) {95.0%}
34  ... 

Histogram: Sql.Statement.TopSites.VMSteps recorded 13 samples, mean = 12.7 (flags = 0x41)
0   ... 
3   --O                                                                       (2 = 15.4%) {0.0%}
4   O                                                                         (0 = 0.0%) {15.4%}
5   -O                                                                        (1 = 7.7%) {15.4%}
6   ... 
12  ---------O                                                                (9 = 69.2%) {23.1%}
14  ... 
40  -O                                                                        (1 = 7.7%) {92.3%}
48  ... 

Histogram: Sql.Statement.TrustTokens.VMSteps recorded 16 samples, mean = 14.1 (flags = 0x41)
0   ... 
3   --O                                                                       (2 = 12.5%) {0.0%}
4   O                                                                         (0 = 0.0%) {12.5%}
5   -O                                                                        (1 = 6.2%) {12.5%}
6   ---O                                                                      (3 = 18.8%) {18.8%}
7   ... 
10  -O                                                                        (1 = 6.2%) {37.5%}
12  -----O                                                                    (5 = 31.2%) {43.8%}
14  ... 
20  -O                                                                        (1 = 6.2%) {75.0%}
24  O                                                                         (0 = 0.0%) {81.2%}
29  -O                                                                        (1 = 6.2%) {81.2%}
34  --O                                                                       (2 = 12.5%) {87.5%}
40  ... 

Histogram: Sql.Statement.UKMMetrics.VMSteps recorded 28 samples, mean = 17.2 (flags = 0x41)
0   ... 
3   -----O                                                                    (5 = 17.9%) {0.0%}
4   O                                                                         (0 = 0.0%) {17.9%}
5   -O                                                                        (1 = 3.6%) {17.9%}
6   ... 
8   -----O                                                                    (5 = 17.9%) {21.4%}
10  O                                                                         (0 = 0.0%) {39.3%}
12  ------O                                                                   (6 = 21.4%) {39.3%}
14  ... 
20  -----O                                                                    (5 = 17.9%) {60.7%}
24  O                                                                         (0 = 0.0%) {78.6%}
29  --O                                                                       (2 = 7.1%) {78.6%}
34  -O                                                                        (1 = 3.6%) {85.7%}
40  --O                                                                       (2 = 7.1%) {89.3%}
48  O                                                                         (0 = 0.0%) {96.4%}
57  -O                                                                        (1 = 3.6%) {96.4%}
68  ... 

Histogram: Sql.Statement.Web.VMSteps recorded 116 samples, mean = 53.1 (flags = 0x41)
0    ... 
3    --------O                                                                 (8 = 6.9%) {0.0%}
4    -O                                                                        (1 = 0.9%) {6.9%}
5    -O                                                                        (1 = 0.9%) {7.8%}
6    ------------O                                                             (12 = 10.3%) {8.6%}
7    ----------O                                                               (10 = 8.6%) {19.0%}
8    ------O                                                                   (6 = 5.2%) {27.6%}
10   ---------O                                                                (9 = 7.8%) {32.8%}
12   --------------O                                                           (14 = 12.1%) {40.5%}
14   -O                                                                        (1 = 0.9%) {52.6%}
17   ---O                                                                      (3 = 2.6%) {53.4%}
20   -O                                                                        (1 = 0.9%) {56.0%}
24   -O                                                                        (1 = 0.9%) {56.9%}
29   --O                                                                       (2 = 1.7%) {57.8%}
34   --O                                                                       (2 = 1.7%) {59.5%}
40   --O                                                                       (2 = 1.7%) {61.2%}
48   ---O                                                                      (3 = 2.6%) {62.9%}
57   ----O                                                                     (4 = 3.4%) {65.5%}
68   ----O                                                                     (4 = 3.4%) {69.0%}
81   --O                                                                       (2 = 1.7%) {72.4%}
96   -------O                                                                  (7 = 6.0%) {74.1%}
114  -----O                                                                    (5 = 4.3%) {80.2%}
135  -------O                                                                  (7 = 6.0%) {84.5%}
160  -----O                                                                    (5 = 4.3%) {90.5%}
190  ------O                                                                   (6 = 5.2%) {94.8%}
226  ... 

Histogram: Sql.vfs.SyncTime recorded 47 samples, mean = 0.1 (flags = 0x41)
0  --------------------------------------------O                             (44 = 93.6%)
1  ---O                                                                      (3 = 6.4%) {93.6%}
2  ... 

Histogram: Stability.Counts2 recorded 8 samples, mean = 24.2 (flags = 0x43)
0   ... 
2   -O                                                                        (1 = 12.5%) {0.0%}
3   ... 
15  -O                                                                        (1 = 12.5%) {12.5%}
16  ... 
26  ---O                                                                      (3 = 37.5%) {25.0%}
27  ... 
33  ---O                                                                      (3 = 37.5%) {62.5%}
34  O                                                                         (0 = 0.0%) {100.0%}

Histogram: Stability.Experimental.PageLoads recorded 1 samples, mean = 17.0 (flags = 0x41)
0   ... 
17  -O                                                                        (1 = 100.0%) {0.0%}
18  O                                                                         (0 = 0.0%) {100.0%}

Histogram: Startup.AfterStartupTaskCount recorded 1 samples, mean = 2.0 (flags = 0x41)
0  ... 
2  -O                                                                        (1 = 100.0%) {0.0%}
3  ... 

Histogram: Startup.AfterStartupTaskDelayedUntilTime recorded 1 samples, mean = 18237.0 (flags = 0x41)
0      ... 
15215  -O                                                                        (1 = 100.0%) {0.0%}
20614  ... 

Histogram: Startup.BrowserMainRunnerImplInitializeLongTime recorded 1 samples, mean = 109.0 (flags = 0x41)
0    ... 
103  -O                                                                        (1 = 100.0%) {0.0%}
119  ... 

Histogram: Startup.BrowserMessageLoopFirstIdle recorded 1 samples, mean = 1368409.0 (flags = 0x41)
0        ... 
1318909  -O                                                                        (1 = 100.0%) {0.0%}
1522345  ... 

Histogram: Startup.BrowserMessageLoopStartTime recorded 1 samples, mean = 146.0 (flags = 0x41)
0    ... 
137  -O                                                                        (1 = 100.0%) {0.0%}
158  ... 

Histogram: Startup.CreateFirstProfile recorded 1 samples, mean = 52.0 (flags = 0x41)
0   ... 
47  -O                                                                        (1 = 100.0%) {0.0%}
64  ... 

Histogram: Startup.FirstWebContents.FinishReason recorded 1 samples, mean = 6.0 (flags = 0x41)
0  ... 
6  -O                                                                        (1 = 100.0%) {0.0%}
7  ... 

Histogram: Startup.LoadTime.ApplicationStartToChromeMain recorded 1 samples, mean = 0.0 (flags = 0x41)
0  -O                                                                        (1 = 100.0%)
1  ... 

Histogram: Startup.LoadTime.ProcessCreateToApplicationStart recorded 1 samples, mean = 12666.0 (flags = 0x41)
0      ... 
11230  -O                                                                        (1 = 100.0%) {0.0%}
15215  ... 

Histogram: Startup.LoadTime.RecordedProcessCreation recorded 1 samples, mean = 1.0 (flags = 0x1)
0  O                                                                         (0 = 0.0%)
1  -O                                                                        (1 = 100.0%) {0.0%}
2  O                                                                         (0 = 0.0%) {100.0%}

Histogram: Startup.PreMainMessageLoopRunImplLongTime recorded 1 samples, mean = 61.0 (flags = 0x41)
0   ... 
58  -O                                                                        (1 = 100.0%) {0.0%}
67  ... 

Histogram: Startup.Renderer.LoadTime.ApplicationStartToRendererStartRunLoop recorded 1 samples, mean = 38.0 (flags = 0x41)
0   ... 
32  -O                                                                        (1 = 100.0%) {0.0%}
41  ... 

Histogram: Startup.Renderer.LoadTime.ChromeMainToRendererStartRunLoop recorded 1 samples, mean = 38.0 (flags = 0x41)
0   ... 
32  -O                                                                        (1 = 100.0%) {0.0%}
41  ... 

Histogram: Startup.Renderer.LoadTime.ProcessCreationToRendererStartRunLoop recorded 1 samples, mean = 162.0 (flags = 0x41)
0    ... 
136  -O                                                                        (1 = 100.0%) {0.0%}
173  ... 

Histogram: Startup.Temperature recorded 1 samples, mean = 3.0 (flags = 0x41)
0  ... 
3  -O                                                                        (1 = 100.0%) {0.0%}
4  O                                                                         (0 = 0.0%) {100.0%}

Histogram: Storage.Blob.CreateDirectoryResult recorded 1 samples, mean = 0.0 (flags = 0x41)
0  -O                                                                        (1 = 100.0%)
1  ... 

Histogram: Storage.SessionStorage.RendererAreaCacheHit recorded 2 samples, mean = 1.0 (flags = 0x41)
0  -O                                                                        (1 = 50.0%)
1  O                                                                         (0 = 0.0%) {50.0%}
2  -O                                                                        (1 = 50.0%) {50.0%}
3  O                                                                         (0 = 0.0%) {100.0%}

Histogram: Storage.SharedStorage.Database.Timing.OpenImpl recorded 1 samples, mean = 3.0 (flags = 0x41)
0  ... 
3  -O                                                                        (1 = 100.0%) {0.0%}
4  ... 

Histogram: Storage.SharedStorage.OnShutdown.NumSqlErrors recorded 1 samples, mean = 0.0 (flags = 0x41)
0  -O                                                                        (1 = 100.0%)
1  ... 

Histogram: Storage.SharedStorage.OnShutdown.RecoveryFromInitFailureAttempted recorded 1 samples, mean = 0.0 (flags = 0x41)
0  -O                                                                        (1 = 100.0%)
1  ... 

Histogram: Storage.SharedStorage.OnShutdown.RecoveryOnDiskAttempted recorded 1 samples, mean = 0.0 (flags = 0x41)
0  -O                                                                        (1 = 100.0%)
1  ... 

Histogram: Storage.SharedStorage.Worklet.NumPerPage recorded 1 samples, mean = 0.0 (flags = 0x41)
0  -O                                                                        (1 = 100.0%)
1  ... 

Histogram: Storage.SharedStorage.Worklet.SelectURL.CallsPerPage recorded 1 samples, mean = 0.0 (flags = 0x41)
0  -O                                                                        (1 = 100.0%)
1  ... 

Histogram: Style.InvalidationTime recorded 1 samples, mean = 50.0 (flags = 0x41)
0   ... 
40  -O                                                                        (1 = 100.0%) {0.0%}
55  ... 

Histogram: Style.RebuildLayoutTreeTime recorded 7 samples, mean = 287.3 (flags = 0x41)
0     ... 
29    --O                                                                       (2 = 28.6%) {0.0%}
40    -O                                                                        (1 = 14.3%) {28.6%}
55    -O                                                                        (1 = 14.3%) {42.9%}
76    -O                                                                        (1 = 14.3%) {57.1%}
105   ... 
203   -O                                                                        (1 = 14.3%) {71.4%}
282   ... 
1447  -O                                                                        (1 = 14.3%) {85.7%}
2008  ... 

Histogram: Style.RecalcTime recorded 9 samples, mean = 1432.7 (flags = 0x41)
0     -O                                                                        (1 = 11.1%)
1     ... 
29    -O                                                                        (1 = 11.1%) {11.1%}
40    ... 
105   --O                                                                       (2 = 22.2%) {22.2%}
146   O                                                                         (0 = 0.0%) {44.4%}
203   -O                                                                        (1 = 11.1%) {44.4%}
282   -O                                                                        (1 = 11.1%) {55.6%}
391   ... 
2786  --O                                                                       (2 = 22.2%) {66.7%}
3865  -O                                                                        (1 = 11.1%) {88.9%}
5362  ... 

Histogram: SubresourceFilter.MainFrameLoad.RulesetIsAvailableAnyActivationLevel recorded 1 samples, mean = 0.0 (flags = 0x41)
0  -O                                                                        (1 = 100.0%)
1  ... 

Histogram: SubresourceFilter.PageLoad.ActivationDecision recorded 1 samples, mean = 1.0 (flags = 0x41)
0  O                                                                         (0 = 0.0%)
1  -O                                                                        (1 = 100.0%) {0.0%}
2  ... 

Histogram: SubresourceFilter.PageLoad.ActivationList recorded 1 samples, mean = 0.0 (flags = 0x41)
0  -O                                                                        (1 = 100.0%)
1  ... 

Histogram: SubresourceFilter.PageLoad.ActivationState recorded 2 samples, mean = 0.0 (flags = 0x41)
0  --O                                                                       (2 = 100.0%)
1  ... 

Histogram: SubresourceFilter.PageLoad.SafeBrowsingDelay recorded 1 samples, mean = 0.0 (flags = 0x41)
0  -O                                                                        (1 = 100.0%)
1  ... 

Histogram: SubresourceFilter.SafeBrowsing.TotalCheckTime recorded 2 samples, mean = 0.0 (flags = 0x41)
0  --O                                                                       (2 = 100.0%)
1  ... 

Histogram: Sync.ModelTypeStoreBackendError.ReadRecords recorded 5 samples, mean = 1.0 (flags = 0x41)
0  O                                                                         (0 = 0.0%)
1  -----O                                                                    (5 = 100.0%) {0.0%}
2  ... 

Histogram: Sync.ModelTypeStoreBackendInitializationSuccess recorded 1 samples, mean = 1.0 (flags = 0x41)
0  O                                                                         (0 = 0.0%)
1  -O                                                                        (1 = 100.0%) {0.0%}
2  O                                                                         (0 = 0.0%) {100.0%}

Histogram: Sync.PassphraseType2 recorded 1 samples, mean = 0.0 (flags = 0x41)
0  -O                                                                        (1 = 100.0%)
1  ... 

Histogram: Sync.SyncToSigninMigrationDecision recorded 1 samples, mean = 1.0 (flags = 0x41)
0  O                                                                         (0 = 0.0%)
1  -O                                                                        (1 = 100.0%) {0.0%}
2  ... 

Histogram: Sync.TrustedVaultFileReadStatus recorded 1 samples, mean = 0.0 (flags = 0x41)
0  -O                                                                        (1 = 100.0%)
1  ... 

Histogram: Sync.TrustedVaultFileWriteSuccess recorded 1 samples, mean = 1.0 (flags = 0x41)
0  O                                                                         (0 = 0.0%)
1  -O                                                                        (1 = 100.0%) {0.0%}
2  O                                                                         (0 = 0.0%) {100.0%}

Histogram: TabGroups.CollapsedGroupCountPerLoad recorded 1 samples, mean = 0.0 (flags = 0x41)
0  -O                                                                        (1 = 100.0%)
1  ... 

Histogram: TabGroups.UserCustomizedGroupCountPerLoad recorded 1 samples, mean = 0.0 (flags = 0x41)
0  -O                                                                        (1 = 100.0%)
1  ... 

Histogram: TabGroups.UserGroupCountPerLoad recorded 1 samples, mean = 0.0 (flags = 0x41)
0  -O                                                                        (1 = 100.0%)
1  ... 

Histogram: TabGroups.UserPinnedTabCountPerLoad recorded 1 samples, mean = 0.0 (flags = 0x41)
0  -O                                                                        (1 = 100.0%)
1  ... 

Histogram: Tabs.NewNavigationWithSameOriginTab recorded 1 samples, mean = 0.0 (flags = 0x41)
0  -O                                                                        (1 = 100.0%)
1  ... 

Histogram: Tabs.TabCount recorded 4 samples, mean = 0.0 (flags = 0x41)
0  ----O                                                                     (4 = 100.0%)
1  ... 

Histogram: Tabs.TabCount.OnBattery recorded 4 samples, mean = 0.0 (flags = 0x41)
0  ----O                                                                     (4 = 100.0%)
1  ... 

Histogram: Tabs.TabCountPerLoad recorded 1 samples, mean = 0.0 (flags = 0x41)
0  -O                                                                        (1 = 100.0%)
1  ... 

Histogram: Tabs.WindowCount recorded 4 samples, mean = 0.0 (flags = 0x41)
0  ----O                                                                     (4 = 100.0%)
1  ... 

Histogram: Tabs.WindowCount.OnBattery recorded 4 samples, mean = 0.0 (flags = 0x41)
0  ----O                                                                     (4 = 100.0%)
1  ... 

Histogram: ThirdPartyModules.InputMethodEditorsCount recorded 1 samples, mean = 0.0 (flags = 0x41)
0  -O                                                                        (1 = 100.0%)
1  ... 

Histogram: ThreadPool.UnnecessaryWakeup.Browser.Background recorded 1 samples, mean = 1.0 (flags = 0x41)
0  O                                                                         (0 = 0.0%)
1  -O                                                                        (1 = 100.0%) {0.0%}
2  O                                                                         (0 = 0.0%) {100.0%}

Histogram: ThreadPool.UnnecessaryWakeup.Browser.Foreground recorded 80 samples, mean = 1.0 (flags = 0x41)
0  O                                                                         (0 = 0.0%)
1  ------------------------------------------------------------------------O (80 = 100.0%) {0.0%}
2  O                                                                         (0 = 0.0%) {100.0%}

Histogram: ThreadPool.UnnecessaryWakeup.ContentChild.Background recorded 1 samples, mean = 1.0 (flags = 0x41)
0  O                                                                         (0 = 0.0%)
1  -O                                                                        (1 = 100.0%) {0.0%}
2  O                                                                         (0 = 0.0%) {100.0%}

Histogram: ThreadPool.UnnecessaryWakeup.ContentChild.Foreground recorded 24 samples, mean = 1.0 (flags = 0x41)
0  O                                                                         (0 = 0.0%)
1  ------------------------O                                                 (24 = 100.0%) {0.0%}
2  O                                                                         (0 = 0.0%) {100.0%}

Histogram: ThreadPool.UnnecessaryWakeup.GPU.Foreground recorded 2 samples, mean = 1.0 (flags = 0x41)
0  O                                                                         (0 = 0.0%)
1  --O                                                                       (2 = 100.0%) {0.0%}
2  O                                                                         (0 = 0.0%) {100.0%}

Histogram: ThreadPool.UnnecessaryWakeup.Renderer.Foreground recorded 85 samples, mean = 1.0 (flags = 0x41)
0  O                                                                         (0 = 0.0%)
1  ------------------------------------------------------------------------O (85 = 100.0%) {0.0%}
2  O                                                                         (0 = 0.0%) {100.0%}

Histogram: Translate.ApplicationStart.AlwaysTranslateLanguage.Count recorded 1 samples, mean = 0.0 (flags = 0x41)
0  -O                                                                        (1 = 100.0%)
1  ... 

Histogram: Translate.ApplicationStart.NeverTranslateLanguage recorded 1 samples (flags = 0x41)
1670494558  -O                                                                        (1 = 100.0%)

Histogram: Translate.ApplicationStart.NeverTranslateLanguage.Count recorded 1 samples, mean = 1.0 (flags = 0x41)
0  O                                                                         (0 = 0.0%)
1  -O                                                                        (1 = 100.0%) {0.0%}
2  ... 

Histogram: Translate.ApplicationStart.NeverTranslateSite.Count recorded 1 samples, mean = 0.0 (flags = 0x41)
0  -O                                                                        (1 = 100.0%)
1  ... 

Histogram: Translate.LanguageDetection.LanguageVerification recorded 1 samples, mean = 2.0 (flags = 0x41)
0  ... 
2  -O                                                                        (1 = 100.0%) {0.0%}
3  ... 

Histogram: Translate.LanguageDeterminedDuration recorded 1 samples, mean = 1006.0 (flags = 0x41)
0    ... 
989  -O                                                                        (1 = 100.0%) {0.0%}
1340 ... 

Histogram: Translate.PageLoad.FinalSourceLanguage recorded 1 samples (flags = 0x41)
1670494558  -O                                                                        (1 = 100.0%)

Histogram: Translate.PageLoad.FinalState recorded 1 samples, mean = 1.0 (flags = 0x41)
0  O                                                                         (0 = 0.0%)
1  -O                                                                        (1 = 100.0%) {0.0%}
2  ... 

Histogram: Translate.PageLoad.FinalTargetLanguage recorded 1 samples (flags = 0x41)
1670494558  -O                                                                        (1 = 100.0%)

Histogram: Translate.PageLoad.InitialSourceLanguage recorded 1 samples (flags = 0x41)
1670494558  -O                                                                        (1 = 100.0%)

Histogram: Translate.PageLoad.InitialState recorded 1 samples, mean = 1.0 (flags = 0x41)
0  O                                                                         (0 = 0.0%)
1  -O                                                                        (1 = 100.0%) {0.0%}
2  ... 

Histogram: Translate.PageLoad.InitialTargetLanguage recorded 1 samples (flags = 0x41)
1670494558  -O                                                                        (1 = 100.0%)

Histogram: Translate.PageLoad.InitialTargetLanguage.Origin recorded 1 samples, mean = 1.0 (flags = 0x41)
0  O                                                                         (0 = 0.0%)
1  -O                                                                        (1 = 100.0%) {0.0%}
2  ... 

Histogram: Translate.PageLoad.IsInitialSourceLanguageInUsersContentLanguages recorded 1 samples, mean = 1.0 (flags = 0x41)
0  O                                                                         (0 = 0.0%)
1  -O                                                                        (1 = 100.0%) {0.0%}
2  O                                                                         (0 = 0.0%) {100.0%}

Histogram: Translate.PageLoad.NumReversions recorded 1 samples, mean = 0.0 (flags = 0x41)
0  -O                                                                        (1 = 100.0%)
1  ... 

Histogram: Translate.PageLoad.NumTargetLanguageChanges recorded 1 samples, mean = 0.0 (flags = 0x41)
0  -O                                                                        (1 = 100.0%)
1  ... 

Histogram: Translate.PageLoad.NumTranslations recorded 1 samples, mean = 0.0 (flags = 0x41)
0  -O                                                                        (1 = 100.0%)
1  ... 

Histogram: Translate.PageLoad.Ranker.Decision recorded 1 samples, mean = 1.0 (flags = 0x41)
0  O                                                                         (0 = 0.0%)
1  -O                                                                        (1 = 100.0%) {0.0%}
2  ... 

Histogram: Translate.PageLoad.Ranker.Version recorded 1 samples (flags = 0x41)
0  -O                                                                        (1 = 100.0%)

Histogram: Translate.PageLoad.TriggerDecision recorded 1 samples, mean = 4.0 (flags = 0x41)
0  ... 
4  -O                                                                        (1 = 100.0%) {0.0%}
5  ... 

Histogram: Translate.Ranker.Model.Status2 recorded 2 samples, mean = 6.5 (flags = 0x41)
0  ... 
6  -O                                                                        (1 = 50.0%) {0.0%}
7  -O                                                                        (1 = 50.0%) {50.0%}
8  O                                                                         (0 = 0.0%) {100.0%}

Histogram: UI.DeviceScale recorded 1 samples (flags = 0x41)
200  -O                                                                        (1 = 100.0%)

Histogram: UKM.Entries.Dropped recorded 219 samples, mean = 1.0 (flags = 0x41)
0  O                                                                         (0 = 0.0%)
1  ------------------------------------------------------------------------O (219 = 100.0%) {0.0%}
2  ... 

Histogram: UKM.Entries.Dropped.ByEntryHash recorded 219 samples (flags = 0x41)
58315124    -O                                                                        (1 = 0.5%)
181657211   -O                                                                        (1 = 0.5%)
182085608   -O                                                                        (1 = 0.5%)
189164898   -O                                                                        (1 = 0.5%)
251237400   -O                                                                        (1 = 0.5%)
270025173   -O                                                                        (1 = 0.5%)
277070773   -O                                                                        (1 = 0.5%)
385121421   -O                                                                        (1 = 0.5%)
480593958   ---O                                                                      (3 = 1.4%)
532600439   ---O                                                                      (3 = 1.4%)
575234402   -O                                                                        (1 = 0.5%)
624513781   -O                                                                        (1 = 0.5%)
654949485   ------------------------------------------------------------------------O (77 = 35.2%)
661477988   -O                                                                        (1 = 0.5%)
705322609   ---O                                                                      (3 = 1.4%)
805578149   -O                                                                        (1 = 0.5%)
810755299   -O                                                                        (1 = 0.5%)
828084724   ----------O                                                               (11 = 5.0%)
854760832   -O                                                                        (1 = 0.5%)
888761441   -O                                                                        (1 = 0.5%)
902138984   ------------------------------------O                                     (39 = 17.8%)
986870865   ----O                                                                     (4 = 1.8%)
1004547038  -O                                                                        (1 = 0.5%)
1035062417  -O                                                                        (1 = 0.5%)
1078164680  --O                                                                       (2 = 0.9%)
1149114043  -O                                                                        (1 = 0.5%)
1262170432  -------O                                                                  (7 = 3.2%)
1321082436  --O                                                                       (2 = 0.9%)
1350795912  -O                                                                        (1 = 0.5%)
1354891390  -O                                                                        (1 = 0.5%)
1404242571  ----------O                                                               (11 = 5.0%)
1548358279  -O                                                                        (1 = 0.5%)
1604233346  -------O                                                                  (7 = 3.2%)
1607081943  -O                                                                        (1 = 0.5%)
1663717192  -O                                                                        (1 = 0.5%)
1767609109  ----------O                                                               (11 = 5.0%)
1790338714  -O                                                                        (1 = 0.5%)
1832900131  ----O                                                                     (4 = 1.8%)
1866365893  -O                                                                        (1 = 0.5%)
1871083634  -O                                                                        (1 = 0.5%)
1982793904  -O                                                                        (1 = 0.5%)
2037740339  -------O                                                                  (7 = 3.2%)
2066033668  -O                                                                        (1 = 0.5%)

Histogram: UKM.PersistentLogRecall.Status recorded 1 samples, mean = 1.0 (flags = 0x41)
0  O                                                                         (0 = 0.0%)
1  -O                                                                        (1 = 100.0%) {0.0%}
2  ... 

Histogram: UKM.Sources.Dropped recorded 5 samples, mean = 1.0 (flags = 0x41)
0  O                                                                         (0 = 0.0%)
1  -----O                                                                    (5 = 100.0%) {0.0%}
2  ... 

Histogram: UKM.WebDXFeatureSets.Dropped recorded 2 samples, mean = 1.0 (flags = 0x41)
0  O                                                                         (0 = 0.0%)
1  --O                                                                       (2 = 100.0%) {0.0%}
2  ... 

Histogram: UMA.ChildProcess.Ping.Periodic recorded 6 samples, mean = 1.0 (flags = 0x41)
0  --O                                                                       (2 = 33.3%)
1  --O                                                                       (2 = 33.3%) {33.3%}
2  --O                                                                       (2 = 33.3%) {66.7%}
3  O                                                                         (0 = 0.0%) {100.0%}

Histogram: UMA.ChildProcess.Ping.SharedMemorySetUp recorded 22 samples, mean = 1.0 (flags = 0x41)
0  --------O                                                                 (8 = 36.4%)
1  -------O                                                                  (7 = 31.8%) {36.4%}
2  -------O                                                                  (7 = 31.8%) {68.2%}
3  O                                                                         (0 = 0.0%) {100.0%}

Histogram: UMA.CleanExitBeaconConsistency3 recorded 1 samples, mean = 0.0 (flags = 0x41)
0  -O                                                                        (1 = 100.0%)
1  ... 

Histogram: UMA.EntropySourceType recorded 1 samples, mean = 1.0 (flags = 0x41)
0  O                                                                         (0 = 0.0%)
1  -O                                                                        (1 = 100.0%) {0.0%}
2  ... 

Histogram: UMA.LocalHistogram recorded 9 samples, mean = 1.0 (flags = 0x40)
0  O                                                                         (0 = 0.0%)
1  ---------O                                                                (9 = 100.0%) {0.0%}
2  O                                                                         (0 = 0.0%) {100.0%}

Histogram: UMA.MachineIdState recorded 1 samples, mean = 3.0 (flags = 0x41)
0  ... 
3  -O                                                                        (1 = 100.0%) {0.0%}
4  O                                                                         (0 = 0.0%) {100.0%}

Histogram: UMA.MetricsService.Initialize.Time recorded 1 samples, mean = 271.0 (flags = 0x41)
0    ... 
258  -O                                                                        (1 = 100.0%) {0.0%}
340  ... 

Histogram: UMA.MetricsService.PendingOngoingLogOnDisable recorded 1 samples, mean = 0.0 (flags = 0x41)
0  -O                                                                        (1 = 100.0%)
1  ... 

Histogram: UMA.PersistentAllocator.BrowserMetrics.Errors recorded 0 samples (flags = 0x41)
0 ... 

Histogram: UMA.PersistentAllocator.BrowserMetrics.UsedPct recorded 0 samples (flags = 0x41)
0 ... 

Histogram: UMA.PersistentAllocator.EarlyHistograms.BrowserMetrics recorded 1 samples, mean = 1.0 (flags = 0x41)
0  O                                                                         (0 = 0.0%)
1  -O                                                                        (1 = 100.0%) {0.0%}
2  ... 

Histogram: UMA.PersistentAllocator.EarlyHistograms.GpuMetrics recorded 1 samples, mean = 25.0 (flags = 0x41)
0   ... 
25  -O                                                                        (1 = 100.0%) {0.0%}
26  ... 

Histogram: UMA.PersistentAllocator.EarlyHistograms.RendererMetrics recorded 3 samples, mean = 29.7 (flags = 0x41)
0   ... 
25  -O                                                                        (1 = 33.3%) {0.0%}
26  ... 
30  -O                                                                        (1 = 33.3%) {33.3%}
32  -O                                                                        (1 = 33.3%) {66.7%}
34  ... 

Histogram: UMA.PersistentAllocator.EarlyHistograms.UtilityMetrics recorded 3 samples, mean = 7.0 (flags = 0x41)
0  ... 
7  ---O                                                                      (3 = 100.0%) {0.0%}
8  ... 

Histogram: UMA.PersistentAllocator.FieldTrialAllocator.Errors recorded 0 samples (flags = 0x41)
0 ... 

Histogram: UMA.PersistentAllocator.FieldTrialAllocator.UsedPct recorded 8 samples, mean = 0.0 (flags = 0x41)
0  --------O                                                                 (8 = 100.0%)
1  ... 

Histogram: UMA.PersistentHistograms.InitResult recorded 1 samples, mean = 2.0 (flags = 0x41)
0  ... 
2  -O                                                                        (1 = 100.0%) {0.0%}
3  ... 

Histogram: UMA.Pseudo.PageLoad.LayoutInstability.CumulativeShiftScore recorded 1 samples, mean = 0.0 (flags = 0x41)
0  -O                                                                        (1 = 100.0%)
1  ... 

Histogram: UMA.Pseudo.PageLoad.LayoutInstability.MaxCumulativeShiftScore.SessionWindow.Gap1000ms.Max5000ms2 recorded 1 samples, mean = 0.0 (flags = 0x41)
0  -O                                                                        (1 = 100.0%)
1  ... 

Histogram: UnifiedConsent.MakeSearchesAndBrowsingBetter.OnProfileLoad recorded 1 samples, mean = 0.0 (flags = 0x41)
0  -O                                                                        (1 = 100.0%)
1  ... 

Histogram: V8.CollectSourcePositions recorded 13 samples, mean = 79.4 (flags = 0x41)
0    ... 
4    -O                                                                        (1 = 7.7%) {0.0%}
5    ... 
9    -O                                                                        (1 = 7.7%) {7.7%}
12   ---O                                                                      (3 = 23.1%) {15.4%}
16   ... 
28   -O                                                                        (1 = 7.7%) {38.5%}
37   -O                                                                        (1 = 7.7%) {46.2%}
49   -O                                                                        (1 = 7.7%) {53.8%}
65   O                                                                         (0 = 0.0%) {61.5%}
86   -O                                                                        (1 = 7.7%) {61.5%}
113  --O                                                                       (2 = 15.4%) {69.2%}
149  -O                                                                        (1 = 7.7%) {84.6%}
196  O                                                                         (0 = 0.0%) {92.3%}
258  -O                                                                        (1 = 7.7%) {92.3%}
340  ... 

Histogram: V8.CompileLazyMicroSeconds recorded 10 samples, mean = 2581.6 (flags = 0x41)
0      ... 
29     -O                                                                        (1 = 10.0%) {0.0%}
40     --O                                                                       (2 = 20.0%) {10.0%}
55     -O                                                                        (1 = 10.0%) {30.0%}
76     O                                                                         (0 = 0.0%) {40.0%}
105    -O                                                                        (1 = 10.0%) {40.0%}
146    ... 
391    -O                                                                        (1 = 10.0%) {50.0%}
542    ... 
1447   --O                                                                       (2 = 20.0%) {60.0%}
2008   ... 
3865   -O                                                                        (1 = 10.0%) {80.0%}
5362   ... 
14319  -O                                                                        (1 = 10.0%) {90.0%}
19866  ... 

Histogram: V8.CompileMicroSeconds recorded 22 samples, mean = 37.6 (flags = 0x41)
0    ... 
2    --O                                                                       (2 = 9.1%) {0.0%}
3    ... 
5    ----O                                                                     (4 = 18.2%) {9.1%}
7    ---O                                                                      (3 = 13.6%) {27.3%}
9    -O                                                                        (1 = 4.5%) {40.9%}
12   --O                                                                       (2 = 9.1%) {45.5%}
16   O                                                                         (0 = 0.0%) {54.5%}
21   ---O                                                                      (3 = 13.6%) {54.5%}
28   -O                                                                        (1 = 4.5%) {68.2%}
37   ----O                                                                     (4 = 18.2%) {72.7%}
49   ... 
196  -O                                                                        (1 = 4.5%) {90.9%}
258  -O                                                                        (1 = 4.5%) {95.5%}
340  ... 

Histogram: V8.CompileScript.CacheBehaviour recorded 48 samples, mean = 9.2 (flags = 0x41)
0   ... 
4   ----------------O                                                         (16 = 33.3%) {0.0%}
5   ... 
8   --O                                                                       (2 = 4.2%) {33.3%}
9   ... 
12  --------------------------O                                               (26 = 54.2%) {37.5%}
13  ----O                                                                     (4 = 8.3%) {91.7%}
14  ... 

Histogram: V8.CompileScriptMicroSeconds recorded 48 samples, mean = 55.1 (flags = 0x41)
0    ... 
3    ----O                                                                     (4 = 8.3%) {0.0%}
4    O                                                                         (0 = 0.0%) {8.3%}
5    --O                                                                       (2 = 4.2%) {8.3%}
7    -O                                                                        (1 = 2.1%) {12.5%}
9    ---------O                                                                (9 = 18.8%) {14.6%}
12   -------O                                                                  (7 = 14.6%) {33.3%}
16   ----O                                                                     (4 = 8.3%) {47.9%}
21   -----O                                                                    (5 = 10.4%) {56.2%}
28   --O                                                                       (2 = 4.2%) {66.7%}
37   ---O                                                                      (3 = 6.2%) {70.8%}
49   --O                                                                       (2 = 4.2%) {77.1%}
65   --O                                                                       (2 = 4.2%) {81.2%}
86   ---O                                                                      (3 = 6.2%) {85.4%}
113  -O                                                                        (1 = 2.1%) {91.7%}
149  ... 
258  -O                                                                        (1 = 2.1%) {93.8%}
340  O                                                                         (0 = 0.0%) {95.8%}
448  --O                                                                       (2 = 4.2%) {95.8%}
590  ... 

Histogram: V8.CompileScriptMicroSeconds.BackgroundThread recorded 26 samples, mean = 3846.8 (flags = 0x41)
0      ... 
113    ---O                                                                      (3 = 11.5%) {0.0%}
149    -O                                                                        (1 = 3.8%) {11.5%}
196    ---O                                                                      (3 = 11.5%) {15.4%}
258    O                                                                         (0 = 0.0%) {26.9%}
340    ---O                                                                      (3 = 11.5%) {26.9%}
448    -O                                                                        (1 = 3.8%) {38.5%}
590    --O                                                                       (2 = 7.7%) {42.3%}
777    -O                                                                        (1 = 3.8%) {50.0%}
1023   ... 
1774   --O                                                                       (2 = 7.7%) {53.8%}
2336   --O                                                                       (2 = 7.7%) {61.5%}
3077   -O                                                                        (1 = 3.8%) {69.2%}
4053   --O                                                                       (2 = 7.7%) {73.1%}
5338   --O                                                                       (2 = 7.7%) {80.8%}
7031   -O                                                                        (1 = 3.8%) {88.5%}
9260   -O                                                                        (1 = 3.8%) {92.3%}
12196  ... 
36699  -O                                                                        (1 = 3.8%) {96.2%}
48336  ... 

Histogram: V8.CompileScriptMicroSeconds.NoCache.InlineScript recorded 16 samples, mean = 65.8 (flags = 0x41)
0    ... 
12   --O                                                                       (2 = 12.5%) {0.0%}
16   --O                                                                       (2 = 12.5%) {12.5%}
21   --O                                                                       (2 = 12.5%) {25.0%}
28   --O                                                                       (2 = 12.5%) {37.5%}
37   -O                                                                        (1 = 6.2%) {50.0%}
49   --O                                                                       (2 = 12.5%) {56.2%}
65   -O                                                                        (1 = 6.2%) {68.8%}
86   --O                                                                       (2 = 12.5%) {75.0%}
113  -O                                                                        (1 = 6.2%) {87.5%}
149  ... 
258  -O                                                                        (1 = 6.2%) {93.8%}
340  ... 

Histogram: V8.CompileScriptMicroSeconds.NoCache.Other recorded 6 samples, mean = 219.2 (flags = 0x41)
0    ... 
21   -O                                                                        (1 = 16.7%) {0.0%}
28   O                                                                         (0 = 0.0%) {16.7%}
37   -O                                                                        (1 = 16.7%) {16.7%}
49   O                                                                         (0 = 0.0%) {33.3%}
65   -O                                                                        (1 = 16.7%) {33.3%}
86   -O                                                                        (1 = 16.7%) {50.0%}
113  ... 
448  --O                                                                       (2 = 33.3%) {66.7%}
590  ... 

Histogram: V8.CompileScriptMicroSeconds.StreamingFinalization recorded 26 samples, mean = 12.5 (flags = 0x41)
0   ... 
3   ----O                                                                     (4 = 15.4%) {0.0%}
4   O                                                                         (0 = 0.0%) {15.4%}
5   -O                                                                        (1 = 3.8%) {15.4%}
7   -O                                                                        (1 = 3.8%) {19.2%}
9   --------O                                                                 (8 = 30.8%) {23.1%}
12  -------O                                                                  (7 = 26.9%) {53.8%}
16  --O                                                                       (2 = 7.7%) {80.8%}
21  --O                                                                       (2 = 7.7%) {88.5%}
28  O                                                                         (0 = 0.0%) {96.2%}
37  -O                                                                        (1 = 3.8%) {96.2%}
49  ... 

Histogram: V8.ErrorsThrownPerContext recorded 1 samples, mean = 0.0 (flags = 0x41)
0  -O                                                                        (1 = 100.0%)
1  ... 

Histogram: V8.GC.Cycle.CollectionRate.Full recorded 1 samples, mean = 79.0 (flags = 0x41)
0   ... 
64  -O                                                                        (1 = 100.0%) {0.0%}
80  ... 

Histogram: V8.GC.Cycle.CollectionRate.Full.Cpp recorded 1 samples, mean = 73.0 (flags = 0x41)
0   ... 
64  -O                                                                        (1 = 100.0%) {0.0%}
80  ... 

Histogram: V8.GC.Cycle.CollectionRate.Young recorded 13 samples, mean = 33.4 (flags = 0x41)
0   ... 
14  --O                                                                       (2 = 15.4%) {0.0%}
17  -O                                                                        (1 = 7.7%) {15.4%}
21  O                                                                         (0 = 0.0%) {23.1%}
26  ----O                                                                     (4 = 30.8%) {23.1%}
33  ---O                                                                      (3 = 23.1%) {53.8%}
41  --O                                                                       (2 = 15.4%) {76.9%}
51  -O                                                                        (1 = 7.7%) {92.3%}
64  ... 

Histogram: V8.GC.Cycle.CollectionWeight.Full recorded 1 samples, mean = 0.0 (flags = 0x41)
0  -O                                                                        (1 = 100.0%)
1  ... 

Histogram: V8.GC.Cycle.CollectionWeight.Full.Cpp recorded 1 samples, mean = 0.0 (flags = 0x41)
0  -O                                                                        (1 = 100.0%)
1  ... 

Histogram: V8.GC.Cycle.CollectionWeight.MainThread.Full recorded 1 samples, mean = 0.0 (flags = 0x41)
0  -O                                                                        (1 = 100.0%)
1  ... 

Histogram: V8.GC.Cycle.CollectionWeight.MainThread.Full.Cpp recorded 1 samples, mean = 0.0 (flags = 0x41)
0  -O                                                                        (1 = 100.0%)
1  ... 

Histogram: V8.GC.Cycle.Efficiency.Full recorded 1 samples, mean = 60.0 (flags = 0x41)
0   ... 
48  -O                                                                        (1 = 100.0%) {0.0%}
65  ... 

Histogram: V8.GC.Cycle.Efficiency.Full.Cpp recorded 1 samples, mean = 79.0 (flags = 0x41)
0   ... 
65  -O                                                                        (1 = 100.0%) {0.0%}
88  ... 

Histogram: V8.GC.Cycle.Efficiency.MainThread.Full recorded 1 samples, mean = 223.0 (flags = 0x41)
0    ... 
222  -O                                                                        (1 = 100.0%) {0.0%}
302  ... 

Histogram: V8.GC.Cycle.Efficiency.MainThread.Full.Cpp recorded 1 samples, mean = 197.0 (flags = 0x41)
0    ... 
163  -O                                                                        (1 = 100.0%) {0.0%}
222  ... 

Histogram: V8.GC.Cycle.Efficiency.MainThread.Young recorded 13 samples, mean = 1468.0 (flags = 0x41)
0     ... 
411   --O                                                                       (2 = 15.4%) {0.0%}
559   O                                                                         (0 = 0.0%) {15.4%}
760   --O                                                                       (2 = 15.4%) {15.4%}
1034  ---O                                                                      (3 = 23.1%) {30.8%}
1407  -O                                                                        (1 = 7.7%) {53.8%}
1914  -----O                                                                    (5 = 38.5%) {61.5%}
2604  ... 

Histogram: V8.GC.Cycle.Efficiency.Young recorded 13 samples, mean = 783.7 (flags = 0x41)
0     ... 
222   --O                                                                       (2 = 15.4%) {0.0%}
302   O                                                                         (0 = 0.0%) {15.4%}
411   -O                                                                        (1 = 7.7%) {15.4%}
559   -----O                                                                    (5 = 38.5%) {23.1%}
760   --O                                                                       (2 = 15.4%) {61.5%}
1034  -O                                                                        (1 = 7.7%) {76.9%}
1407  --O                                                                       (2 = 15.4%) {84.6%}
1914  ... 

Histogram: V8.GC.Cycle.Full recorded 1 samples, mean = 53.0 (flags = 0x41)
0   ... 
48  -O                                                                        (1 = 100.0%) {0.0%}
57  ... 

Histogram: V8.GC.Cycle.Full.Compact recorded 1 samples, mean = 11.0 (flags = 0x41)
0   ... 
10  -O                                                                        (1 = 100.0%) {0.0%}
12  ... 

Histogram: V8.GC.Cycle.Full.Compact.Cpp recorded 1 samples, mean = 1.0 (flags = 0x41)
0  O                                                                         (0 = 0.0%)
1  -O                                                                        (1 = 100.0%) {0.0%}
2  ... 

Histogram: V8.GC.Cycle.Full.Cpp recorded 1 samples, mean = 24.0 (flags = 0x41)
0   ... 
24  -O                                                                        (1 = 100.0%) {0.0%}
29  ... 

Histogram: V8.GC.Cycle.Full.Mark recorded 1 samples, mean = 33.0 (flags = 0x41)
0   ... 
29  -O                                                                        (1 = 100.0%) {0.0%}
34  ... 

Histogram: V8.GC.Cycle.Full.Mark.Cpp recorded 1 samples, mean = 18.0 (flags = 0x41)
0   ... 
17  -O                                                                        (1 = 100.0%) {0.0%}
20  ... 

Histogram: V8.GC.Cycle.Full.Sweep recorded 1 samples, mean = 5.0 (flags = 0x41)
0  ... 
5  -O                                                                        (1 = 100.0%) {0.0%}
6  ... 

Histogram: V8.GC.Cycle.Full.Sweep.Cpp recorded 1 samples, mean = 4.0 (flags = 0x41)
0  ... 
4  -O                                                                        (1 = 100.0%) {0.0%}
5  ... 

Histogram: V8.GC.Cycle.Full.Weak recorded 1 samples, mean = 0.0 (flags = 0x41)
0  -O                                                                        (1 = 100.0%)
1  ... 

Histogram: V8.GC.Cycle.Full.Weak.Cpp recorded 1 samples, mean = 0.0 (flags = 0x41)
0  -O                                                                        (1 = 100.0%)
1  ... 

Histogram: V8.GC.Cycle.MainThread.Full recorded 1 samples, mean = 14.0 (flags = 0x41)
0   ... 
14  -O                                                                        (1 = 100.0%) {0.0%}
17  ... 

Histogram: V8.GC.Cycle.MainThread.Full.Atomic recorded 1 samples, mean = 7.0 (flags = 0x41)
0  ... 
7  -O                                                                        (1 = 100.0%) {0.0%}
8  ... 

Histogram: V8.GC.Cycle.MainThread.Full.Atomic.Compact recorded 1 samples, mean = 3.0 (flags = 0x41)
0  ... 
3  -O                                                                        (1 = 100.0%) {0.0%}
4  ... 

Histogram: V8.GC.Cycle.MainThread.Full.Atomic.Compact.Cpp recorded 1 samples, mean = 1.0 (flags = 0x41)
0  O                                                                         (0 = 0.0%)
1  -O                                                                        (1 = 100.0%) {0.0%}
2  ... 

Histogram: V8.GC.Cycle.MainThread.Full.Atomic.Cpp recorded 1 samples, mean = 2.0 (flags = 0x41)
0  ... 
2  -O                                                                        (1 = 100.0%) {0.0%}
3  ... 

Histogram: V8.GC.Cycle.MainThread.Full.Atomic.Mark recorded 1 samples, mean = 0.0 (flags = 0x41)
0  -O                                                                        (1 = 100.0%)
1  ... 

Histogram: V8.GC.Cycle.MainThread.Full.Atomic.Mark.Cpp recorded 1 samples, mean = 0.0 (flags = 0x41)
0  -O                                                                        (1 = 100.0%)
1  ... 

Histogram: V8.GC.Cycle.MainThread.Full.Atomic.Sweep recorded 1 samples, mean = 0.0 (flags = 0x41)
0  -O                                                                        (1 = 100.0%)
1  ... 

Histogram: V8.GC.Cycle.MainThread.Full.Atomic.Sweep.Cpp recorded 1 samples, mean = 0.0 (flags = 0x41)
0  -O                                                                        (1 = 100.0%)
1  ... 

Histogram: V8.GC.Cycle.MainThread.Full.Atomic.Weak recorded 1 samples, mean = 0.0 (flags = 0x41)
0  -O                                                                        (1 = 100.0%)
1  ... 

Histogram: V8.GC.Cycle.MainThread.Full.Atomic.Weak.Cpp recorded 1 samples, mean = 0.0 (flags = 0x41)
0  -O                                                                        (1 = 100.0%)
1  ... 

Histogram: V8.GC.Cycle.MainThread.Full.Compact recorded 1 samples, mean = 3.0 (flags = 0x41)
0  ... 
3  -O                                                                        (1 = 100.0%) {0.0%}
4  ... 

Histogram: V8.GC.Cycle.MainThread.Full.Compact.Cpp recorded 1 samples, mean = 1.0 (flags = 0x41)
0  O                                                                         (0 = 0.0%)
1  -O                                                                        (1 = 100.0%) {0.0%}
2  ... 

Histogram: V8.GC.Cycle.MainThread.Full.Cpp recorded 1 samples, mean = 9.0 (flags = 0x41)
0  ... 
8  -O                                                                        (1 = 100.0%) {0.0%}
10 ... 

Histogram: V8.GC.Cycle.MainThread.Full.Incremental.Mark recorded 1 samples, mean = 6.0 (flags = 0x41)
0  ... 
6  -O                                                                        (1 = 100.0%) {0.0%}
7  ... 

Histogram: V8.GC.Cycle.MainThread.Full.Incremental.Mark.Cpp recorded 1 samples, mean = 4.0 (flags = 0x41)
0  ... 
4  -O                                                                        (1 = 100.0%) {0.0%}
5  ... 

Histogram: V8.GC.Cycle.MainThread.Full.Incremental.Mark.StartStop recorded 1 samples, mean = 10.0 (flags = 0x41)
0   ... 
10  -O                                                                        (1 = 100.0%) {0.0%}
12  ... 

Histogram: V8.GC.Cycle.MainThread.Full.Incremental.Sweep recorded 1 samples, mean = 0.0 (flags = 0x41)
0  -O                                                                        (1 = 100.0%)
1  ... 

Histogram: V8.GC.Cycle.MainThread.Full.Incremental.Sweep.Cpp recorded 1 samples, mean = 3.0 (flags = 0x41)
0  ... 
3  -O                                                                        (1 = 100.0%) {0.0%}
4  ... 

Histogram: V8.GC.Cycle.MainThread.Full.Mark recorded 1 samples, mean = 6.0 (flags = 0x41)
0  ... 
6  -O                                                                        (1 = 100.0%) {0.0%}
7  ... 

Histogram: V8.GC.Cycle.MainThread.Full.Mark.Cpp recorded 1 samples, mean = 4.0 (flags = 0x41)
0  ... 
4  -O                                                                        (1 = 100.0%) {0.0%}
5  ... 

Histogram: V8.GC.Cycle.MainThread.Full.Sweep recorded 1 samples, mean = 0.0 (flags = 0x41)
0  -O                                                                        (1 = 100.0%)
1  ... 

Histogram: V8.GC.Cycle.MainThread.Full.Sweep.Cpp recorded 1 samples, mean = 3.0 (flags = 0x41)
0  ... 
3  -O                                                                        (1 = 100.0%) {0.0%}
4  ... 

Histogram: V8.GC.Cycle.MainThread.Full.Weak recorded 1 samples, mean = 0.0 (flags = 0x41)
0  -O                                                                        (1 = 100.0%)
1  ... 

Histogram: V8.GC.Cycle.MainThread.Full.Weak.Cpp recorded 1 samples, mean = 0.0 (flags = 0x41)
0  -O                                                                        (1 = 100.0%)
1  ... 

Histogram: V8.GC.Cycle.MainThread.Young recorded 13 samples, mean = 0.2 (flags = 0x41)
0  ----------O                                                               (10 = 76.9%)
1  ---O                                                                      (3 = 23.1%) {76.9%}
2  ... 

Histogram: V8.GC.Cycle.Memory.Freed.Full recorded 1 samples, mean = 7620.0 (flags = 0x41)
0     ... 
6554  -O                                                                        (1 = 100.0%) {0.0%}
8915  ... 

Histogram: V8.GC.Cycle.Memory.Freed.Full.Cpp recorded 1 samples, mean = 1280.0 (flags = 0x41)
0     ... 
1034  -O                                                                        (1 = 100.0%) {0.0%}
1407  ... 

Histogram: V8.GC.Cycle.Objects.After.Full recorded 1 samples, mean = 12770.0 (flags = 0x41)
0      ... 
12127  -O                                                                        (1 = 100.0%) {0.0%}
16496  ... 

Histogram: V8.GC.Cycle.Objects.After.Full.Cpp recorded 1 samples, mean = 5308.0 (flags = 0x41)
0     ... 
4818  -O                                                                        (1 = 100.0%) {0.0%}
6554  ... 

Histogram: V8.GC.Cycle.Objects.Before.Full recorded 1 samples, mean = 16010.0 (flags = 0x41)
0      ... 
12127  -O                                                                        (1 = 100.0%) {0.0%}
16496  ... 

Histogram: V8.GC.Cycle.Objects.Before.Full.Cpp recorded 1 samples, mean = 7231.0 (flags = 0x41)
0     ... 
6554  -O                                                                        (1 = 100.0%) {0.0%}
8915  ... 

Histogram: V8.GC.Cycle.Objects.Freed.Full recorded 1 samples, mean = 3240.0 (flags = 0x41)
0     ... 
2604  -O                                                                        (1 = 100.0%) {0.0%}
3542  ... 

Histogram: V8.GC.Cycle.Objects.Freed.Full.Cpp recorded 1 samples, mean = 1922.0 (flags = 0x41)
0     ... 
1914  -O                                                                        (1 = 100.0%) {0.0%}
2604  ... 

Histogram: V8.GC.Cycle.Reason.Full recorded 1 samples, mean = 9.0 (flags = 0x41)
0  ... 
9  -O                                                                        (1 = 100.0%) {0.0%}
10 ... 

Histogram: V8.GC.Cycle.Reason.Young recorded 13 samples, mean = 4.4 (flags = 0x41)
0   O                                                                         (0 = 0.0%)
1   ---------O                                                                (9 = 69.2%) {0.0%}
2   ... 
12  ----O                                                                     (4 = 30.8%) {69.2%}
13  ... 

Histogram: V8.GC.Cycle.Young recorded 13 samples, mean = 1.1 (flags = 0x41)
0  -----O                                                                    (5 = 38.5%)
1  ----O                                                                     (4 = 30.8%) {38.5%}
2  ---O                                                                      (3 = 23.1%) {69.2%}
3  O                                                                         (0 = 0.0%) {92.3%}
4  -O                                                                        (1 = 7.7%) {92.3%}
5  ... 

Histogram: V8.GC.Event.MainThread.Full.Finalize.Incremental.ReduceMemory recorded 2 samples, mean = 4.5 (flags = 0x41)
0  ... 
2  -O                                                                        (1 = 50.0%) {0.0%}
3  ... 
7  -O                                                                        (1 = 50.0%) {50.0%}
8  ... 

Histogram: V8.GC.Event.MainThread.Full.Finalize.Incremental.ReduceMemory.Foreground recorded 2 samples, mean = 4.5 (flags = 0x41)
0  ... 
2  -O                                                                        (1 = 50.0%) {0.0%}
3  ... 
7  -O                                                                        (1 = 50.0%) {50.0%}
8  ... 

Histogram: V8.GC.Event.MainThread.Full.Incremental.Mark recorded 103 samples, mean = 0.0 (flags = 0x41)
0  ------------------------------------------------------------------------O (103 = 100.0%)
1  ... 

Histogram: V8.GC.Event.MainThread.Full.Incremental.Mark.Cpp recorded 105 samples, mean = 0.0 (flags = 0x41)
0  ------------------------------------------------------------------------O (104 = 99.0%)
1  -O                                                                        (1 = 1.0%) {99.0%}
2  ... 

Histogram: V8.GC.Event.MainThread.Full.Incremental.Sweep.Cpp recorded 241 samples, mean = 0.0 (flags = 0x41)
0  ------------------------------------------------------------------------O (240 = 99.6%)
1  ... 
3  O                                                                         (1 = 0.4%) {99.6%}
4  ... 

Histogram: V8.GC.TimeToSafepoint recorded 17 samples, mean = 10.9 (flags = 0x41)
0    -------O                                                                  (7 = 41.2%)
1    -------O                                                                  (7 = 41.2%) {41.2%}
2    ... 
15   -O                                                                        (1 = 5.9%) {82.4%}
21   O                                                                         (0 = 0.0%) {88.2%}
29   -O                                                                        (1 = 5.9%) {88.2%}
40   ... 
105  -O                                                                        (1 = 5.9%) {94.1%}
146  ... 

Histogram: V8.GCIncrementalMarking recorded 114 samples, mean = 0.0 (flags = 0x41)
0  ------------------------------------------------------------------------O (112 = 98.2%)
1  -O                                                                        (2 = 1.8%) {98.2%}
2  ... 

Histogram: V8.GCIncrementalMarkingReason recorded 2 samples, mean = 17.0 (flags = 0x41)
0   ... 
17  --O                                                                       (2 = 100.0%) {0.0%}
18  ... 

Histogram: V8.GCIncrementalMarkingStart recorded 2 samples, mean = 1.5 (flags = 0x41)
0  -O                                                                        (1 = 50.0%)
1  ... 
3  -O                                                                        (1 = 50.0%) {50.0%}
4  ... 

Histogram: V8.GCMarkCompactReason recorded 1 samples, mean = 9.0 (flags = 0x41)
0  ... 
9  -O                                                                        (1 = 100.0%) {0.0%}
10 ... 

Histogram: V8.GCScavenger.ScavengeMain recorded 13 samples, mean = 0.0 (flags = 0x41)
0  -------------O                                                            (13 = 100.0%)
1  ... 

Histogram: V8.GCScavenger.ScavengeRoots recorded 13 samples, mean = 0.0 (flags = 0x41)
0  -------------O                                                            (13 = 100.0%)
1  ... 

Histogram: V8.JSDispatchTableEntriesCount recorded 2 samples, mean = 1.0 (flags = 0x41)
0  O                                                                         (0 = 0.0%)
1  --O                                                                       (2 = 100.0%) {0.0%}
2  ... 

Histogram: V8.LocalWindowProxy.CreateContextTime recorded 4 samples, mean = 0.8 (flags = 0x41)
0  --O                                                                       (2 = 50.0%)
1  -O                                                                        (1 = 25.0%) {50.0%}
2  -O                                                                        (1 = 25.0%) {75.0%}
3  ... 

Histogram: V8.LocalWindowProxy.InitializeTime recorded 4 samples, mean = 1.8 (flags = 0x41)
0  -O                                                                        (1 = 25.0%)
1  -O                                                                        (1 = 25.0%) {25.0%}
2  O                                                                         (0 = 0.0%) {50.0%}
3  --O                                                                       (2 = 50.0%) {50.0%}
4  ... 

Histogram: V8.MaglevOptimizeExecute recorded 148 samples, mean = 250.7 (flags = 0x41)
0     ... 
10    -O                                                                        (1 = 0.7%) {0.0%}
13    ---O                                                                      (3 = 2.0%) {0.7%}
16    -O                                                                        (1 = 0.7%) {2.7%}
20    -O                                                                        (1 = 0.7%) {3.4%}
25    --O                                                                       (2 = 1.4%) {4.1%}
31    --O                                                                       (2 = 1.4%) {5.4%}
39    -----O                                                                    (5 = 3.4%) {6.8%}
49    ----O                                                                     (4 = 2.7%) {10.1%}
61    --------O                                                                 (8 = 5.4%) {12.8%}
76    -------------O                                                            (13 = 8.8%) {18.2%}
95    ----------------O                                                         (16 = 10.8%) {27.0%}
119   ----------O                                                               (10 = 6.8%) {37.8%}
149   ------------O                                                             (12 = 8.1%) {44.6%}
186   -------------O                                                            (13 = 8.8%) {52.7%}
233   ------------------O                                                       (18 = 12.2%) {61.5%}
292   --------------O                                                           (14 = 9.5%) {73.6%}
365   ---------O                                                                (9 = 6.1%) {83.1%}
457   --------O                                                                 (8 = 5.4%) {89.2%}
572   --O                                                                       (2 = 1.4%) {94.6%}
716   ----O                                                                     (4 = 2.7%) {95.9%}
896   ... 
2199  -O                                                                        (1 = 0.7%) {98.6%}
2753  -O                                                                        (1 = 0.7%) {99.3%}
3446  ... 

Histogram: V8.MaglevOptimizeFinalize recorded 148 samples, mean = 6.2 (flags = 0x41)
0   -----O                                                                    (5 = 3.4%)
1   --------------O                                                           (14 = 9.5%) {3.4%}
2   -----------O                                                              (11 = 7.4%) {12.8%}
3   ---------------------------O                                              (27 = 18.2%) {20.3%}
4   ---------------------O                                                    (21 = 14.2%) {38.5%}
5   -------------O                                                            (13 = 8.8%) {52.7%}
6   --------------O                                                           (14 = 9.5%) {61.5%}
8   -----------------O                                                        (17 = 11.5%) {70.9%}
10  ---------O                                                                (9 = 6.1%) {82.4%}
13  ------O                                                                   (6 = 4.1%) {88.5%}
16  ------O                                                                   (6 = 4.1%) {92.6%}
20  ---O                                                                      (3 = 2.0%) {96.6%}
25  -O                                                                        (1 = 0.7%) {98.6%}
31  O                                                                         (0 = 0.0%) {99.3%}
39  -O                                                                        (1 = 0.7%) {99.3%}
49  ... 

Histogram: V8.MaglevOptimizePrepare recorded 148 samples, mean = 0.1 (flags = 0x41)
0  ------------------------------------------------------------------------O (128 = 86.5%)
1  -----------O                                                              (20 = 13.5%) {86.5%}
2  ... 

Histogram: V8.MaglevOptimizeTotalTime recorded 148 samples, mean = 353.2 (flags = 0x41)
0     ... 
28    ----O                                                                     (4 = 2.7%) {0.0%}
37    -O                                                                        (1 = 0.7%) {2.7%}
49    --O                                                                       (2 = 1.4%) {3.4%}
65    ---------O                                                                (9 = 6.1%) {4.7%}
86    ------------O                                                             (12 = 8.1%) {10.8%}
113   ---------------O                                                          (15 = 10.1%) {18.9%}
149   -----------O                                                              (11 = 7.4%) {29.1%}
196   -----------------O                                                        (17 = 11.5%) {36.5%}
258   ------------------------O                                                 (24 = 16.2%) {48.0%}
340   ------------------O                                                       (18 = 12.2%) {64.2%}
448   -------------O                                                            (13 = 8.8%) {76.4%}
590   -----------O                                                              (11 = 7.4%) {85.1%}
777   --------O                                                                 (8 = 5.4%) {92.6%}
1023  -O                                                                        (1 = 0.7%) {98.0%}
1347  ... 
2336  -O                                                                        (1 = 0.7%) {98.6%}
3077  -O                                                                        (1 = 0.7%) {99.3%}
4053  ... 

Histogram: V8.MemoryExternalFragmentationCodeSpace recorded 15 samples, mean = 52.4 (flags = 0x41)
0   ... 
14  -O                                                                        (1 = 6.7%) {0.0%}
15  -O                                                                        (1 = 6.7%) {6.7%}
16  -O                                                                        (1 = 6.7%) {13.3%}
17  ... 
27  -O                                                                        (1 = 6.7%) {20.0%}
28  ... 
34  -O                                                                        (1 = 6.7%) {26.7%}
35  ... 
38  -O                                                                        (1 = 6.7%) {33.3%}
39  ... 
42  -O                                                                        (1 = 6.7%) {40.0%}
43  ... 
64  -O                                                                        (1 = 6.7%) {46.7%}
65  ... 
70  -O                                                                        (1 = 6.7%) {53.3%}
71  -O                                                                        (1 = 6.7%) {60.0%}
72  ... 
74  -O                                                                        (1 = 6.7%) {66.7%}
75  -O                                                                        (1 = 6.7%) {73.3%}
76  ... 
78  -O                                                                        (1 = 6.7%) {80.0%}
79  ... 
82  -O                                                                        (1 = 6.7%) {86.7%}
83  ... 
86  -O                                                                        (1 = 6.7%) {93.3%}
87  ... 

Histogram: V8.MemoryExternalFragmentationLoSpace recorded 15 samples, mean = 2.2 (flags = 0x41)
0  O                                                                         (0 = 0.0%)
1  ------O                                                                   (6 = 40.0%) {0.0%}
2  O                                                                         (0 = 0.0%) {40.0%}
3  ---------O                                                                (9 = 60.0%) {40.0%}
4  ... 

Histogram: V8.MemoryExternalFragmentationOldSpace recorded 15 samples, mean = 8.3 (flags = 0x41)
0   ... 
4   -O                                                                        (1 = 6.7%) {0.0%}
5   --O                                                                       (2 = 13.3%) {6.7%}
6   -O                                                                        (1 = 6.7%) {20.0%}
7   ---O                                                                      (3 = 20.0%) {26.7%}
8   --O                                                                       (2 = 13.3%) {46.7%}
9   --O                                                                       (2 = 13.3%) {60.0%}
10  --O                                                                       (2 = 13.3%) {73.3%}
11  -O                                                                        (1 = 6.7%) {86.7%}
12  ... 
19  -O                                                                        (1 = 6.7%) {93.3%}
20  ... 

Histogram: V8.MemoryExternalFragmentationTotal recorded 15 samples, mean = 37.3 (flags = 0x41)
0   ... 
16  -O                                                                        (1 = 6.7%) {0.0%}
17  O                                                                         (0 = 0.0%) {6.7%}
18  -O                                                                        (1 = 6.7%) {6.7%}
19  ... 
34  -O                                                                        (1 = 6.7%) {13.3%}
35  -O                                                                        (1 = 6.7%) {20.0%}
36  O                                                                         (0 = 0.0%) {26.7%}
37  -O                                                                        (1 = 6.7%) {26.7%}
38  --O                                                                       (2 = 13.3%) {33.3%}
39  O                                                                         (0 = 0.0%) {46.7%}
40  --O                                                                       (2 = 13.3%) {46.7%}
41  -O                                                                        (1 = 6.7%) {60.0%}
42  -O                                                                        (1 = 6.7%) {66.7%}
43  O                                                                         (0 = 0.0%) {73.3%}
44  -O                                                                        (1 = 6.7%) {73.3%}
45  -O                                                                        (1 = 6.7%) {80.0%}
46  --O                                                                       (2 = 13.3%) {86.7%}
47  ... 

Histogram: V8.MemoryHeapSampleCodeSpaceCommitted recorded 15 samples, mean = 853.3 (flags = 0x41)
0     ---------O                                                                (9 = 60.0%)
1000  -O                                                                        (1 = 6.7%) {60.0%}
1138  ---O                                                                      (3 = 20.0%) {66.7%}
1295  O                                                                         (0 = 0.0%) {86.7%}
1474  --O                                                                       (2 = 13.3%) {86.7%}
1678  ... 

Histogram: V8.MemoryHeapSampleMaximumCommitted recorded 15 samples, mean = 12514.7 (flags = 0x41)
0      ... 
4153   -O                                                                        (1 = 6.7%) {0.0%}
4727   -O                                                                        (1 = 6.7%) {6.7%}
5380   O                                                                         (0 = 0.0%) {13.3%}
6124   -O                                                                        (1 = 6.7%) {13.3%}
6971   ---O                                                                      (3 = 20.0%) {20.0%}
7935   -O                                                                        (1 = 6.7%) {40.0%}
9032   O                                                                         (0 = 0.0%) {46.7%}
10281  -O                                                                        (1 = 6.7%) {46.7%}
11702  -O                                                                        (1 = 6.7%) {53.3%}
13320  --O                                                                       (2 = 13.3%) {60.0%}
15161  ... 
19642  -O                                                                        (1 = 6.7%) {73.3%}
22357  ---O                                                                      (3 = 20.0%) {80.0%}
25447  ... 

Histogram: V8.MemoryHeapSampleTotalCommitted recorded 15 samples, mean = 11464.5 (flags = 0x41)
0      ... 
4153   -O                                                                        (1 = 6.7%) {0.0%}
4727   -O                                                                        (1 = 6.7%) {6.7%}
5380   O                                                                         (0 = 0.0%) {13.3%}
6124   -O                                                                        (1 = 6.7%) {13.3%}
6971   ---O                                                                      (3 = 20.0%) {20.0%}
7935   -O                                                                        (1 = 6.7%) {40.0%}
9032   O                                                                         (0 = 0.0%) {46.7%}
10281  -O                                                                        (1 = 6.7%) {46.7%}
11702  -O                                                                        (1 = 6.7%) {53.3%}
13320  ---O                                                                      (3 = 20.0%) {60.0%}
15161  -O                                                                        (1 = 6.7%) {80.0%}
17257  O                                                                         (0 = 0.0%) {86.7%}
19642  -O                                                                        (1 = 6.7%) {86.7%}
22357  -O                                                                        (1 = 6.7%) {93.3%}
25447  ... 

Histogram: V8.MemoryHeapSampleTotalUsed recorded 15 samples, mean = 7261.0 (flags = 0x41)
0      ... 
2475   -O                                                                        (1 = 6.7%) {0.0%}
2817   O                                                                         (0 = 0.0%) {6.7%}
3206   -O                                                                        (1 = 6.7%) {6.7%}
3649   --O                                                                       (2 = 13.3%) {13.3%}
4153   --O                                                                       (2 = 13.3%) {26.7%}
4727   -O                                                                        (1 = 6.7%) {40.0%}
5380   -O                                                                        (1 = 6.7%) {46.7%}
6124   O                                                                         (0 = 0.0%) {53.3%}
6971   -O                                                                        (1 = 6.7%) {53.3%}
7935   -O                                                                        (1 = 6.7%) {60.0%}
9032   -O                                                                        (1 = 6.7%) {66.7%}
10281  -O                                                                        (1 = 6.7%) {73.3%}
11702  --O                                                                       (2 = 13.3%) {80.0%}
13320  -O                                                                        (1 = 6.7%) {93.3%}
15161  ... 

Histogram: V8.RegExpBacktracks recorded 263 samples, mean = 1.7 (flags = 0x41)
0    ------O                                                                   (20 = 7.6%)
1    ------------------------------------------------------------------------O (227 = 86.3%) {7.6%}
2    --O                                                                       (7 = 2.7%) {93.9%}
3    -O                                                                        (3 = 1.1%) {96.6%}
4    -O                                                                        (4 = 1.5%) {97.7%}
6    O                                                                         (0 = 0.0%) {99.2%}
9    O                                                                         (1 = 0.4%) {99.2%}
13   ... 
127  O                                                                         (1 = 0.4%) {99.6%}
185  ... 

Histogram: V8.SandboxedCodePointersCount recorded 2 samples, mean = 1133.5 (flags = 0x41)
0     ... 
977   -O                                                                        (1 = 50.0%) {0.0%}
1136  -O                                                                        (1 = 50.0%) {50.0%}
1321  ... 

Histogram: V8.SandboxedCppHeapPointersCount recorded 2 samples, mean = 4457.5 (flags = 0x41)
0     ... 
638   -O                                                                        (1 = 50.0%) {0.0%}
758   ... 
7152  -O                                                                        (1 = 50.0%) {50.0%}
8499  ... 

Histogram: V8.SandboxedExternalPointersCount recorded 17 samples, mean = 1769.2 (flags = 0x41)
0      ------O                                                                   (6 = 35.3%)
1      ... 
20     --O                                                                       (2 = 11.8%) {35.3%}
24     -O                                                                        (1 = 5.9%) {47.1%}
29     ... 
57     -O                                                                        (1 = 5.9%) {52.9%}
68     O                                                                         (0 = 0.0%) {58.8%}
81     -O                                                                        (1 = 5.9%) {58.8%}
96     ... 
380    -O                                                                        (1 = 5.9%) {64.7%}
452    O                                                                         (0 = 0.0%) {70.6%}
537    -O                                                                        (1 = 5.9%) {70.6%}
638    O                                                                         (0 = 0.0%) {76.5%}
758    -O                                                                        (1 = 5.9%) {76.5%}
901    ... 
1798   -O                                                                        (1 = 5.9%) {82.4%}
2137   ... 
12002  --O                                                                       (2 = 11.8%) {88.2%}
14263  ... 

Histogram: V8.SandboxedTrustedPointersCount recorded 2 samples, mean = 3904.0 (flags = 0x41)
0     ... 
3799  --O                                                                       (2 = 100.0%) {0.0%}
4418  ... 

Histogram: V8.SnapshotDeserializeContextMicroSeconds recorded 6 samples, mean = 425.0 (flags = 0x41)
0    ... 
196  -O                                                                        (1 = 16.7%) {0.0%}
258  -O                                                                        (1 = 16.7%) {16.7%}
340  -O                                                                        (1 = 16.7%) {33.3%}
448  --O                                                                       (2 = 33.3%) {50.0%}
590  -O                                                                        (1 = 16.7%) {83.3%}
777  ... 

Histogram: V8.TurboFan1KTicks recorded 9 samples, mean = 26.2 (flags = 0x41)
0    O                                                                         (0 = 0.0%)
1    ---O                                                                      (3 = 33.3%) {0.0%}
2    --O                                                                       (2 = 22.2%) {33.3%}
3    ... 
5    -O                                                                        (1 = 11.1%) {55.6%}
6    ... 
15   -O                                                                        (1 = 11.1%) {66.7%}
16   ... 
45   -O                                                                        (1 = 11.1%) {77.8%}
47   ... 
156  -O                                                                        (1 = 11.1%) {88.9%}
164  ... 

Histogram: V8.TurboFanOptimizeConcurrentTotalTime recorded 8 samples, mean = 2885.6 (flags = 0x41)
0      ... 
752    -----O                                                                    (5 = 62.5%) {0.0%}
1043   -O                                                                        (1 = 12.5%) {62.5%}
1447   ... 
5362   -O                                                                        (1 = 12.5%) {75.0%}
7439   O                                                                         (0 = 0.0%) {87.5%}
10321  -O                                                                        (1 = 12.5%) {87.5%}
14319  ... 

Histogram: V8.TurboFanOptimizeExecute recorded 8 samples, mean = 1548.2 (flags = 0x41)
0     ... 
448   -O                                                                        (1 = 12.5%) {0.0%}
590   -----O                                                                    (5 = 62.5%) {12.5%}
777   ... 
2336  -O                                                                        (1 = 12.5%) {75.0%}
3077  ... 
5338  -O                                                                        (1 = 12.5%) {87.5%}
7031  ... 

Histogram: V8.TurboFanOptimizeFinalize recorded 8 samples, mean = 18.6 (flags = 0x41)
0   ... 
4   -O                                                                        (1 = 12.5%) {0.0%}
5   -O                                                                        (1 = 12.5%) {12.5%}
7   -O                                                                        (1 = 12.5%) {25.0%}
9   -O                                                                        (1 = 12.5%) {37.5%}
12  -O                                                                        (1 = 12.5%) {50.0%}
16  -O                                                                        (1 = 12.5%) {62.5%}
21  O                                                                         (0 = 0.0%) {75.0%}
28  -O                                                                        (1 = 12.5%) {75.0%}
37  O                                                                         (0 = 0.0%) {87.5%}
49  -O                                                                        (1 = 12.5%) {87.5%}
65  ... 

Histogram: V8.TurboFanOptimizeForOnStackReplacementExecute recorded 1 samples, mean = 17971.0 (flags = 0x41)
0      ... 
16063  -O                                                                        (1 = 100.0%) {0.0%}
21156  ... 

Histogram: V8.TurboFanOptimizeForOnStackReplacementFinalize recorded 1 samples, mean = 77.0 (flags = 0x41)
0   ... 
65  -O                                                                        (1 = 100.0%) {0.0%}
86  ... 

Histogram: V8.TurboFanOptimizeForOnStackReplacementPrepare recorded 1 samples, mean = 9.0 (flags = 0x41)
0  ... 
9  -O                                                                        (1 = 100.0%) {0.0%}
12 ... 

Histogram: V8.TurboFanOptimizeForOnStackReplacementTotalTime recorded 1 samples, mean = 18103.0 (flags = 0x41)
0      ... 
14319  -O                                                                        (1 = 100.0%) {0.0%}
19866  ... 

Histogram: V8.TurboFanOptimizePrepare recorded 8 samples, mean = 5.6 (flags = 0x41)
0   ... 
3   --O                                                                       (2 = 25.0%) {0.0%}
4   --O                                                                       (2 = 25.0%) {25.0%}
5   ---O                                                                      (3 = 37.5%) {50.0%}
7   ... 
12  -O                                                                        (1 = 12.5%) {87.5%}
16  ... 

Histogram: V8.TurboFanOptimizeTotalBackground recorded 8 samples, mean = 1548.2 (flags = 0x41)
0     ... 
542   ------O                                                                   (6 = 75.0%) {0.0%}
752   ... 
2008  -O                                                                        (1 = 12.5%) {75.0%}
2786  ... 
5362  -O                                                                        (1 = 12.5%) {87.5%}
7439  ... 

Histogram: V8.TurboFanOptimizeTotalForeground recorded 8 samples, mean = 24.2 (flags = 0x41)
0   ... 
6   -O                                                                        (1 = 12.5%) {0.0%}
8   -O                                                                        (1 = 12.5%) {12.5%}
11  -O                                                                        (1 = 12.5%) {25.0%}
15  --O                                                                       (2 = 25.0%) {37.5%}
21  -O                                                                        (1 = 12.5%) {62.5%}
29  -O                                                                        (1 = 12.5%) {75.0%}
40  O                                                                         (0 = 0.0%) {87.5%}
55  -O                                                                        (1 = 12.5%) {87.5%}
76  ... 

Histogram: V8.TurboFanOptimizeTotalTime recorded 8 samples, mean = 2885.6 (flags = 0x41)
0      ... 
752    -----O                                                                    (5 = 62.5%) {0.0%}
1043   -O                                                                        (1 = 12.5%) {62.5%}
1447   ... 
5362   -O                                                                        (1 = 12.5%) {75.0%}
7439   O                                                                         (0 = 0.0%) {87.5%}
10321  -O                                                                        (1 = 12.5%) {87.5%}
14319  ... 

Histogram: Variations.ExtendedSafeMode.BeaconFileStateAtStartup recorded 1 samples, mean = 0.0 (flags = 0x41)
0  -O                                                                        (1 = 100.0%)
1  ... 

Histogram: Variations.ExtendedSafeMode.BeaconFileWrite recorded 2 samples, mean = 1.0 (flags = 0x41)
0  O                                                                         (0 = 0.0%)
1  --O                                                                       (2 = 100.0%) {0.0%}
2  O                                                                         (0 = 0.0%) {100.0%}

Histogram: Variations.ForcedFieldTrialsAtStartupForInternalsPage recorded 1 samples, mean = 0.0 (flags = 0x41)
0  -O                                                                        (1 = 100.0%)
1  ... 

Histogram: Variations.Headers.ExperimentCount recorded 92 samples, mean = 1.0 (flags = 0x41)
0  O                                                                         (0 = 0.0%)
1  ------------------------------------------------------------------------O (92 = 100.0%) {0.0%}
2  ... 

Histogram: Variations.Headers.HasLowEntropySourceValue recorded 92 samples, mean = 1.0 (flags = 0x41)
0  O                                                                         (0 = 0.0%)
1  ------------------------------------------------------------------------O (92 = 100.0%) {0.0%}
2  O                                                                         (0 = 0.0%) {100.0%}

Histogram: Variations.Headers.RequestContextCategory recorded 62 samples, mean = 3.4 (flags = 0x41)
0  ----------O                                                               (10 = 16.1%)
1  ... 
4  ----------------------------------------------------O                     (52 = 83.9%) {16.1%}
5  ... 

Histogram: Variations.Headers.URLValidationResult.Append recorded 62 samples, mean = 2.1 (flags = 0x41)
0  ... 
2  -----------------------------------------------------O                    (53 = 85.5%) {0.0%}
3  ---------O                                                                (9 = 14.5%) {85.5%}
4  ... 

Histogram: Variations.Headers.URLValidationResult.Remove recorded 2 samples, mean = 2.0 (flags = 0x41)
0  ... 
2  --O                                                                       (2 = 100.0%) {0.0%}
3  ... 

Histogram: Variations.Limits.VariationKeySize.Default recorded 23 samples, mean = 0.0 (flags = 0x41)
0  -----------------------O                                                  (23 = 100.0%)
1  ... 

Histogram: Variations.LoadPermanentConsistencyCountryResult recorded 1 samples, mean = 0.0 (flags = 0x41)
0  -O                                                                        (1 = 100.0%)
1  ... 

Histogram: Variations.PolicyRestriction recorded 1 samples, mean = 0.0 (flags = 0x41)
0  -O                                                                        (1 = 100.0%)
1  ... 

Histogram: Variations.SafeMode.Streak.Crashes recorded 1 samples (flags = 0x41)
0  -O                                                                        (1 = 100.0%)

Histogram: Variations.SafeMode.Streak.FetchFailures recorded 1 samples (flags = 0x41)
0  -O                                                                        (1 = 100.0%)

Histogram: Variations.SeedLoadResult recorded 1 samples, mean = 1.0 (flags = 0x41)
0  O                                                                         (0 = 0.0%)
1  -O                                                                        (1 = 100.0%) {0.0%}
2  ... 

Histogram: Variations.SeedUsage recorded 1 samples, mean = 2.0 (flags = 0x41)
0  ... 
2  -O                                                                        (1 = 100.0%) {0.0%}
3  ... 

Histogram: Variations.UserChannel recorded 1 samples (flags = 0x41)
-1 -O                                                                        (1 = 100.0%)

Histogram: Views.Browser.NumColorProvidersInitializedDuringOnNativeThemeUpdated recorded 3 samples, mean = 0.0 (flags = 0x41)
0  ---O                                                                      (3 = 100.0%)
1  ... 

Histogram: Views.Browser.TimeSpentInitializingColorProvider recorded 3 samples, mean = 0.0 (flags = 0x41)
0  ---O                                                                      (3 = 100.0%)
1  ... 

Histogram: Views.Browser.TimeSpentProcessingOnNativeThemeUpdatedEvent recorded 3 samples, mean = 0.0 (flags = 0x41)
0  ---O                                                                      (3 = 100.0%)
1  ... 

Histogram: Views.ColorProviderCacheSize recorded 3 samples, mean = 2.0 (flags = 0x41)
0  O                                                                         (0 = 0.0%)
1  -O                                                                        (1 = 33.3%) {0.0%}
2  -O                                                                        (1 = 33.3%) {33.3%}
3  -O                                                                        (1 = 33.3%) {66.7%}
4  ... 

Histogram: Viz.FrameSink.GpuBusyDuration recorded 1 samples, mean = 52154.0 (flags = 0x41)
0      ... 
45259  -O                                                                        (1 = 100.0%) {0.0%}
52427  ... 

Histogram: Viz.FrameSinkVideoCapturer.CaptureDuration recorded 2 samples, mean = 300.0 (flags = 0x41)
0    ... 
20   -O                                                                        (1 = 50.0%) {0.0%}
23   ... 
554  -O                                                                        (1 = 50.0%) {50.0%}
623  ... 

Histogram: Viz.FrameSinkVideoCapturer.CaptureSucceeded recorded 2 samples, mean = 1.0 (flags = 0x41)
0  O                                                                         (0 = 0.0%)
1  --O                                                                       (2 = 100.0%) {0.0%}
2  O                                                                         (0 = 0.0%) {100.0%}

Histogram: Viz.FrameSinkVideoCapturer.FrameResurrected recorded 2 samples, mean = 0.0 (flags = 0x41)
0  --O                                                                       (2 = 100.0%)
1  ... 

Histogram: Viz.FrameSinkVideoCapturer.RGBA.CaptureDuration recorded 2 samples, mean = 300.0 (flags = 0x41)
0    ... 
20   -O                                                                        (1 = 50.0%) {0.0%}
23   ... 
554  -O                                                                        (1 = 50.0%) {50.0%}
623  ... 

Histogram: Viz.FrameSinkVideoCapturer.RGBA.CaptureSucceeded recorded 2 samples, mean = 1.0 (flags = 0x41)
0  O                                                                         (0 = 0.0%)
1  --O                                                                       (2 = 100.0%) {0.0%}
2  O                                                                         (0 = 0.0%) {100.0%}

Histogram: Viz.FrameSinkVideoCapturer.ReserveFrameDuration recorded 2 samples, mean = 274.0 (flags = 0x41)
0    -O                                                                        (1 = 50.0%)
1    ... 
250  -O                                                                        (1 = 50.0%) {50.0%}

Histogram: Viz.FrameSinkVideoCapturer.TotalDuration recorded 2 samples, mean = 300.0 (flags = 0x41)
0    ... 
20   -O                                                                        (1 = 50.0%) {0.0%}
23   ... 
554  -O                                                                        (1 = 50.0%) {50.0%}
623  ... 

Histogram: WebApp.DiyAppsInstalledCount.ByUser recorded 1 samples, mean = 0.0 (flags = 0x41)
0  -O                                                                        (1 = 100.0%)
1  ... 

Histogram: WebApp.GeneratedIconFix.StartUpAttemptCount recorded 1 samples, mean = 0.0 (flags = 0x41)
0  -O                                                                        (1 = 100.0%)
1  ... 

Histogram: WebApp.Icon.AppsWithEmptyDownloadedIconSizes recorded 1 samples, mean = 0.0 (flags = 0x41)
0  -O                                                                        (1 = 100.0%)
1  ... 

Histogram: WebApp.Icon.AppsWithEmptyIconBitmap recorded 1 samples, mean = 0.0 (flags = 0x41)
0  -O                                                                        (1 = 100.0%)
1  ... 

Histogram: WebApp.Icon.AppsWithEmptyIconFile recorded 1 samples, mean = 0.0 (flags = 0x41)
0  -O                                                                        (1 = 100.0%)
1  ... 

Histogram: WebApp.Icon.AppsWithGeneratedIconBitmap recorded 1 samples, mean = 0.0 (flags = 0x41)
0  -O                                                                        (1 = 100.0%)
1  ... 

Histogram: WebApp.Icon.AppsWithGeneratedIconFlag recorded 1 samples, mean = 0.0 (flags = 0x41)
0  -O                                                                        (1 = 100.0%)
1  ... 

Histogram: WebApp.Icon.AppsWithGeneratedIconFlagFalseNegative recorded 1 samples, mean = 0.0 (flags = 0x41)
0  -O                                                                        (1 = 100.0%)
1  ... 

Histogram: WebApp.Icon.AppsWithMissingIconFile recorded 1 samples, mean = 0.0 (flags = 0x41)
0  -O                                                                        (1 = 100.0%)
1  ... 

Histogram: WebApp.InstalledCount.ByUser recorded 1 samples, mean = 0.0 (flags = 0x41)
0  -O                                                                        (1 = 100.0%)
1  ... 

Histogram: WebApp.InstalledCount.ByUserNotLocallyInstalled recorded 1 samples, mean = 0.0 (flags = 0x41)
0  -O                                                                        (1 = 100.0%)
1  ... 

Histogram: WebApp.Preinstalled.AppToReplaceStillDefaultInstalledCount recorded 1 samples, mean = 0.0 (flags = 0x41)
0  -O                                                                        (1 = 100.0%)
1  ... 

Histogram: WebApp.Preinstalled.AppToReplaceStillInstalledCount recorded 1 samples, mean = 0.0 (flags = 0x41)
0  -O                                                                        (1 = 100.0%)
1  ... 

Histogram: WebApp.Preinstalled.AppToReplaceStillInstalledInShelfCount recorded 1 samples, mean = 0.0 (flags = 0x41)
0  -O                                                                        (1 = 100.0%)
1  ... 

Histogram: WebApp.Preinstalled.ConfigErrorCount recorded 1 samples, mean = 0.0 (flags = 0x41)
0  -O                                                                        (1 = 100.0%)
1  ... 

Histogram: WebApp.Preinstalled.CorruptUserUninstallPrefsCount recorded 1 samples, mean = 0.0 (flags = 0x41)
0  -O                                                                        (1 = 100.0%)
1  ... 

Histogram: WebApp.Preinstalled.DisabledCount recorded 1 samples, mean = 0.0 (flags = 0x41)
0  -O                                                                        (1 = 100.0%)
1  ... 

Histogram: WebApp.Preinstalled.EnabledCount recorded 1 samples, mean = 0.0 (flags = 0x41)
0  -O                                                                        (1 = 100.0%)
1  ... 

Histogram: WebApp.Preinstalled.InstallCount recorded 1 samples, mean = 0.0 (flags = 0x41)
0  -O                                                                        (1 = 100.0%)
1  ... 

Histogram: WebApp.Preinstalled.UninstallAndReplaceCount recorded 1 samples, mean = 0.0 (flags = 0x41)
0  -O                                                                        (1 = 100.0%)
1  ... 

Histogram: WebApp.Preinstalled.UninstallAppRemovedCount recorded 1 samples, mean = 0.0 (flags = 0x41)
0  -O                                                                        (1 = 100.0%)
1  ... 

Histogram: WebApp.Preinstalled.UninstallSourceRemovedCount recorded 1 samples, mean = 0.0 (flags = 0x41)
0  -O                                                                        (1 = 100.0%)
1  ... 

Histogram: WebApp.Preinstalled.UninstallTotalCount recorded 1 samples, mean = 0.0 (flags = 0x41)
0  -O                                                                        (1 = 100.0%)
1  ... 

Histogram: WebApp.Uninstall.NonSyncIncompleteCount recorded 1 samples, mean = 0.0 (flags = 0x41)
0  -O                                                                        (1 = 100.0%)
1  ... 

Histogram: WebAuthentication.Windows.KeyCredentialManagerSupported recorded 1 samples, mean = 0.0 (flags = 0x41)
0  -O                                                                        (1 = 100.0%)
1  ... 

Histogram: WebContentsObserver.DOMContentLoaded recorded 3 samples, mean = 0.0 (flags = 0x41)
0  ---O                                                                      (3 = 100.0%)
1  ... 

Histogram: WebContentsObserver.DidChangeVisibleSecurityState recorded 2 samples, mean = 0.0 (flags = 0x41)
0  --O                                                                       (2 = 100.0%)
1  ... 

Histogram: WebContentsObserver.DidFinishLoad recorded 3 samples, mean = 0.0 (flags = 0x41)
0  ---O                                                                      (3 = 100.0%)
1  ... 

Histogram: WebContentsObserver.DidFinishNavigation recorded 5 samples, mean = 0.2 (flags = 0x41)
0  ----O                                                                     (4 = 80.0%)
1  -O                                                                        (1 = 20.0%) {80.0%}
2  ... 

Histogram: WebContentsObserver.DidFirstVisuallyNonEmptyPaint recorded 1 samples, mean = 0.0 (flags = 0x41)
0  -O                                                                        (1 = 100.0%)
1  ... 

Histogram: WebContentsObserver.DidStartLoading recorded 1 samples, mean = 0.0 (flags = 0x41)
0  -O                                                                        (1 = 100.0%)
1  ... 

Histogram: WebContentsObserver.DidStartNavigation recorded 5 samples, mean = 0.0 (flags = 0x41)
0  -----O                                                                    (5 = 100.0%)
1  ... 

Histogram: WebContentsObserver.DidStartNavigation.MainFrame recorded 3 samples, mean = 0.0 (flags = 0x41)
0  ---O                                                                      (3 = 100.0%)
1  ... 

Histogram: WebContentsObserver.DidStartNavigation.Subframe recorded 2 samples, mean = 0.0 (flags = 0x41)
0  --O                                                                       (2 = 100.0%)
1  ... 

Histogram: WebContentsObserver.DidStopLoading recorded 1 samples, mean = 0.0 (flags = 0x41)
0  -O                                                                        (1 = 100.0%)
1  ... 

Histogram: WebContentsObserver.DidUpdateNavigationHandleTiming recorded 4 samples, mean = 0.0 (flags = 0x41)
0  ----O                                                                     (4 = 100.0%)
1  ... 

Histogram: WebContentsObserver.LoadProgressChanged recorded 7 samples, mean = 0.0 (flags = 0x41)
0  -------O                                                                  (7 = 100.0%)
1  ... 

Histogram: WebContentsObserver.NavigationEntryChanged recorded 3 samples, mean = 0.0 (flags = 0x41)
0  ---O                                                                      (3 = 100.0%)
1  ... 

Histogram: WebContentsObserver.NavigationEntryCommitted recorded 2 samples, mean = 0.0 (flags = 0x41)
0  --O                                                                       (2 = 100.0%)
1  ... 

Histogram: WebContentsObserver.PrimaryMainDocumentElementAvailable recorded 1 samples, mean = 0.0 (flags = 0x41)
0  -O                                                                        (1 = 100.0%)
1  ... 

Histogram: WebContentsObserver.RenderFrameCreated recorded 4 samples, mean = 0.0 (flags = 0x41)
0  ----O                                                                     (4 = 100.0%)
1  ... 

Histogram: WebContentsObserver.RenderFrameDeleted recorded 4 samples, mean = 0.0 (flags = 0x41)
0  ----O                                                                     (4 = 100.0%)
1  ... 

Histogram: WebContentsObserver.RenderViewReady recorded 2 samples, mean = 0.0 (flags = 0x41)
0  --O                                                                       (2 = 100.0%)
1  ... 

Histogram: WebContentsObserver.TitleWasSet recorded 1 samples, mean = 0.0 (flags = 0x41)
0  -O                                                                        (1 = 100.0%)
1  ... 

Histogram: WebCore.Scripts.Async.StartedStreaming recorded 26 samples, mean = 1.0 (flags = 0x41)
0  O                                                                         (0 = 0.0%)
1  --------------------------O                                               (26 = 100.0%) {0.0%}
2  O                                                                         (0 = 0.0%) {100.0%}

Histogram: WebCore.Scripts.Other.NotStreamingReason recorded 17 samples, mean = 11.0 (flags = 0x41)
0   ... 
11  -----------------O                                                        (17 = 100.0%) {0.0%}
12  ... 

Histogram: WebCore.Scripts.Other.StartedStreaming recorded 17 samples, mean = 0.0 (flags = 0x41)
0  -----------------O                                                        (17 = 100.0%)
1  ... 

Histogram: WebCore.Scripts.V8CodeCacheMetadata.Get recorded 49 samples, mean = 0.0 (flags = 0x41)
0  -------------------------------------------------O                        (49 = 100.0%)
1  ... 

Histogram: WebCore.Scripts.V8CodeCacheMetadata.Set recorded 23 samples, mean = 0.0 (flags = 0x41)
0  -----------------------O                                                  (23 = 100.0%)
1  ... 

Histogram: WebCore.Scripts.V8CompileHintsStatus recorded 44 samples, mean = 10.4 (flags = 0x41)
0   ... 
10  --------------------------O                                               (26 = 59.1%) {0.0%}
11  ------------------O                                                       (18 = 40.9%) {59.1%}
12  ... 

Histogram: WebCore.Scripts.V8CrowdsourcedCompileHints.ModelQuality recorded 1 samples, mean = 0.0 (flags = 0x41)
0  -O                                                                        (1 = 100.0%)
1  ... 

Histogram: WebDatabase.InitResult recorded 2 samples, mean = 0.0 (flags = 0x41)
0  --O                                                                       (2 = 100.0%)
1  ... 

Histogram: WebFont.CacheHit recorded 5 samples, mean = 0.6 (flags = 0x41)
0  ----O                                                                     (4 = 80.0%)
1  ... 
3  -O                                                                        (1 = 20.0%) {80.0%}
4  O                                                                         (0 = 0.0%) {100.0%}

Histogram: WebFont.Clients.RenderBlockingFonts.ExpiredFonts recorded 1 samples, mean = 1.0 (flags = 0x41)
0  O                                                                         (0 = 0.0%)
1  -O                                                                        (1 = 100.0%) {0.0%}
2  O                                                                         (0 = 0.0%) {100.0%}

Histogram: WebFont.HadBlankText recorded 1 samples, mean = 0.0 (flags = 0x41)
0  -O                                                                        (1 = 100.0%)
1  ... 

Histogram: WebFont.LocalFontUsed recorded 1 samples, mean = 1.0 (flags = 0x41)
0  O                                                                         (0 = 0.0%)
1  -O                                                                        (1 = 100.0%) {0.0%}
2  O                                                                         (0 = 0.0%) {100.0%}

Histogram: Windows.AcLayersLoaded recorded 1 samples, mean = 0.0 (flags = 0x41)
0  -O                                                                        (1 = 100.0%)
1  ... 

Histogram: Windows.CetAvailable recorded 1 samples, mean = 1.0 (flags = 0x41)
0  O                                                                         (0 = 0.0%)
1  -O                                                                        (1 = 100.0%) {0.0%}
2  O                                                                         (0 = 0.0%) {100.0%}

Histogram: Windows.CetEnabled recorded 1 samples, mean = 0.0 (flags = 0x41)
0  -O                                                                        (1 = 100.0%)
1  ... 

Histogram: Windows.DisplayIdFromDeviceId recorded 26 samples, mean = 3.0 (flags = 0x41)
0  ... 
3  --------------------------O                                               (26 = 100.0%) {0.0%}
4  O                                                                         (0 = 0.0%) {100.0%}

Histogram: Windows.DisplayIdFromDeviceKey recorded 26 samples, mean = 3.0 (flags = 0x41)
0  ... 
3  --------------------------O                                               (26 = 100.0%) {0.0%}
4  O                                                                         (0 = 0.0%) {100.0%}

Histogram: Windows.Enclave.SGX.Available recorded 1 samples, mean = 0.0 (flags = 0x41)
0  -O                                                                        (1 = 100.0%)
1  ... 

Histogram: Windows.Enclave.SGX2.Available recorded 1 samples, mean = 0.0 (flags = 0x41)
0  -O                                                                        (1 = 100.0%)
1  ... 

Histogram: Windows.Enclave.VBS.Available recorded 1 samples, mean = 1.0 (flags = 0x41)
0  O                                                                         (0 = 0.0%)
1  -O                                                                        (1 = 100.0%) {0.0%}
2  O                                                                         (0 = 0.0%) {100.0%}

Histogram: Windows.Enclave.VBSBasic.Available recorded 1 samples, mean = 0.0 (flags = 0x41)
0  -O                                                                        (1 = 100.0%)
1  ... 

Histogram: Windows.HasHighResolutionTimeTicks recorded 1 samples, mean = 1.0 (flags = 0x41)
0  O                                                                         (0 = 0.0%)
1  -O                                                                        (1 = 100.0%) {0.0%}
2  O                                                                         (0 = 0.0%) {100.0%}

Histogram: Windows.HasThreadTicks recorded 1 samples, mean = 1.0 (flags = 0x41)
0  O                                                                         (0 = 0.0%)
1  -O                                                                        (1 = 100.0%) {0.0%}
2  O                                                                         (0 = 0.0%) {100.0%}

Histogram: Windows.HighResolutionTimerUsage recorded 12 samples, mean = 0.0 (flags = 0x41)
0  ------------O                                                             (12 = 100.0%)
1  ... 

Histogram: Windows.HypervPresent recorded 1 samples, mean = 1.0 (flags = 0x41)
0  O                                                                         (0 = 0.0%)
1  -O                                                                        (1 = 100.0%) {0.0%}
2  O                                                                         (0 = 0.0%) {100.0%}

Histogram: Windows.LegacyDisplayIdAlgorithm recorded 56 samples, mean = 0.0 (flags = 0x41)
0  --------------------------------------------------------O                 (56 = 100.0%)
1  ... 

Histogram: Windows.ParallelDllLoadingEnabled recorded 1 samples, mean = 1.0 (flags = 0x41)
0  O                                                                         (0 = 0.0%)
1  -O                                                                        (1 = 100.0%) {0.0%}
2  O                                                                         (0 = 0.0%) {100.0%}

Histogram: Windows.PatchLevel recorded 1 samples (flags = 0x41)
1717051657  -O                                                                        (1 = 100.0%)

Histogram: Windows.PatchLevelKernel32 recorded 1 samples (flags = 0x41)
1710497928  -O                                                                        (1 = 100.0%)

Histogram: Windows.ProcessorFamily recorded 1 samples (flags = 0x41)
774  -O                                                                        (1 = 100.0%)

Histogram: Windows.ProcessorVirtualizationFirmwareEnabled recorded 1 samples, mean = 0.0 (flags = 0x41)
0  -O                                                                        (1 = 100.0%)
1  ... 


