[46600:51684:0527/153412.438:WARNING:chrome_main_delegate.cc(745)] This is Chrome version 128.0.6613.138 (not a warning)
[46600:58812:0527/153412.506:ERROR:google_update_settings.cc(265)] Failed opening key Software\Chromium to set usagestats; result: 5
[46600:51684:0527/153412.517:WARNING:account_consistency_mode_manager.cc(77)] Desktop Identity Consistency cannot be enabled as no OAuth client ID and client secret have been configured.
[2984:22104:0527/153416.863:WARNING:frame_impl.cc(430)] virtual CefFrameImpl::SendProcessMessage sent to detached frame 5-9807154DD28F14AB2EF54998A7B2AE8D will be ignored
[46600:45336:0527/153550.819:VERBOSE1:media_stream_manager.cc(1533)] MSPL::OnSpeedLimitChange({this=00000EBC00166D40}, {new_limit=26})
[17320:21724:0527/153550.820:VERBOSE1:tls_handshaker.cc(105)] TlsClient: Continuing handshake
[17320:21724:0527/153550.822:VERBOSE1:tls_handshaker.cc(126)] TlsClient: SSL_do_handshake returned when entering early data. After retry, rv=-1, SSL_in_early_data=1
[17320:21724:0527/153550.879:VERBOSE1:tls_handshaker.cc(105)] TlsClient: Continuing handshake
[17320:21724:0527/153550.879:VERBOSE1:tls_handshaker.cc(105)] TlsClient: Continuing handshake
[17320:21724:0527/153550.879:VERBOSE1:tls_client_handshaker.cc(528)] Client: handshake finished
[46600:45336:0527/153551.584:VERBOSE1:media_stream_manager.cc(1533)] MSPL::OnSpeedLimitChange({this=00000EBC00166D40}, {new_limit=25})
[46600:45336:0527/153552.579:VERBOSE1:media_stream_manager.cc(1533)] MSPL::OnSpeedLimitChange({this=00000EBC00166D40}, {new_limit=24})
[46600:45336:0527/153554.616:VERBOSE1:media_stream_manager.cc(1533)] MSPL::OnSpeedLimitChange({this=00000EBC00166D40}, {new_limit=23})
[46600:51684:0527/153558.371:VERBOSE1:device_event_log_impl.cc(198)] [15:35:58.371] Display: EVENT: screen_win.cc:893 Displays updated, count: 2
[46600:51684:0527/153558.371:VERBOSE1:device_event_log_impl.cc(198)] [15:35:58.372] Display: EVENT: screen_win.cc:895 Display[2848582967] bounds=[0,0 1440x900], workarea=[0,0 1440x852], scale=2, rotation=0, panel_rotation=0 external detected
[46600:51684:0527/153558.371:VERBOSE1:device_event_log_impl.cc(198)] [15:35:58.372] Display: EVENT: screen_win.cc:895 Display[1487107518] bounds=[-283,-1440 3440x1440], workarea=[-283,-1440 3440x1392], scale=1, rotation=0, panel_rotation=0 external detected
[2240:1088:0527/153600.215:VERBOSE1:frame_impl.cc(620)] frame 6-D01B8FE845AA0EEC3141D5AFAAC91BA9 disconnected (reason=BROWSER_FRAME_DISCONNECT, current_state=CONNECTION_ACKED)
[2240:1088:0527/153600.215:VERBOSE1:frame_impl.cc(633)] frame 6-D01B8FE845AA0EEC3141D5AFAAC91BA9 connection retry scheduled
[46600:51684:0527/153600.215:VERBOSE1:frame_host_impl.cc(515)] frame 6-D01B8FE845AA0EEC3141D5AFAAC91BA9 (main) detached (reason=NEW_MAIN_FRAME, is_connected=1)
[46600:51684:0527/153600.225:VERBOSE1:account_reconcilor.cc(264)] AccountReconcilor::Shutdown
[46600:51684:0527/153600.225:VERBOSE1:account_reconcilor.cc(718)] AccountReconcilor::AbortReconcile: try again later
[46600:51684:0527/153600.225:VERBOSE1:account_reconcilor.cc(827)] AccountReconcilor::CalculateIfMultiloginReconcileIsDone: Error was 
[46600:51684:0527/153600.225:VERBOSE1:account_reconcilor.cc(313)] AccountReconcilor::UnregisterWithIdentityManager
[46600:51684:0527/153600.225:VERBOSE1:account_reconcilor.cc(286)] AccountReconcilor::UnregisterWithContentSettings
[46600:51684:0527/153600.225:VERBOSE1:gaia_cookie_manager_service.cc(628)] GaiaCookieManagerService::CancelAll
[46600:51684:0527/153600.225:VERBOSE1:mutable_profile_oauth2_token_service_delegate.cc(752)] MutablePO2TS::Shutdown
[46600:51684:0527/153600.225:VERBOSE1:mutable_profile_oauth2_token_service_delegate.cc(235)] MutablePO2TS::~MutablePO2TS
[46600:51684:0527/153600.225:VERBOSE1:device_event_log_impl.cc(198)] [15:36:00.226] Bluetooth: EVENT: bluetooth_api.cc:109 BluetoothAPI: Shutdown
[46600:51684:0527/153600.227:VERBOSE1:account_reconcilor.cc(193)] AccountReconcilor::~AccountReconcilor
[46600:51684:0527/153600.228:VERBOSE1:device_event_log_impl.cc(198)] [15:36:00.228] Bluetooth: EVENT: bluetooth_api.cc:95 ~BluetoothAPI: 00000EBC0031DA00
[46600:51684:0527/153600.287:VERBOSE1:component_updater_service.cc(180)] CrxUpdateService stopping
[46600:51684:0527/153600.287:WARNING:pref_notifier_impl.cc(41)] Pref observer for media_router.cast_allow_all_ips found at shutdown.
[46600:51684:0527/153600.309:VERBOSE1:statistics_recorder.cc(607)] Collections of all histograms
Histogram: API.StorageAccess.AllowedRequests2 recorded 101 samples, mean = 0.1 (flags = 0x41)
0  ------------------------------------------------------------------------O (91 = 90.1%)
1  --------O                                                                 (10 = 9.9%) {90.1%}
2  ... 

Histogram: API.StorageAccess.DocumentInheritedStorageAccess recorded 3 samples, mean = 0.0 (flags = 0x41)
0  ---O                                                                      (3 = 100.0%)
1  ... 

Histogram: API.StorageAccess.DocumentLoadedWithStorageAccess recorded 3 samples, mean = 0.0 (flags = 0x41)
0  ---O                                                                      (3 = 100.0%)
1  ... 

Histogram: Accessibility.CaptionSettingsLoadedFromSystemSettings recorded 1 samples, mean = 0.0 (flags = 0x41)
0  -O                                                                        (1 = 100.0%)
1  ... 

Histogram: Accessibility.ImageLabels2 recorded 1 samples, mean = 0.0 (flags = 0x41)
0  -O                                                                        (1 = 100.0%)
1  ... 

Histogram: Accessibility.LiveCaption.FeatureEnabled2 recorded 1 samples, mean = 1.0 (flags = 0x41)
0  O                                                                         (0 = 0.0%)
1  -O                                                                        (1 = 100.0%) {0.0%}
2  O                                                                         (0 = 0.0%) {100.0%}

Histogram: Accessibility.LiveCaption2 recorded 1 samples, mean = 0.0 (flags = 0x41)
0  -O                                                                        (1 = 100.0%)
1  ... 

Histogram: Accessibility.ManuallyEnabled recorded 1 samples, mean = 0.0 (flags = 0x41)
0  -O                                                                        (1 = 100.0%)
1  ... 

Histogram: Accessibility.WinJAWS recorded 1 samples, mean = 0.0 (flags = 0x41)
0  -O                                                                        (1 = 100.0%)
1  ... 

Histogram: Accessibility.WinNVDA recorded 1 samples, mean = 0.0 (flags = 0x41)
0  -O                                                                        (1 = 100.0%)
1  ... 

Histogram: Accessibility.WinSAToGo recorded 1 samples, mean = 0.0 (flags = 0x41)
0  -O                                                                        (1 = 100.0%)
1  ... 

Histogram: Accessibility.WinScreenReader2 recorded 1 samples, mean = 0.0 (flags = 0x41)
0  -O                                                                        (1 = 100.0%)
1  ... 

Histogram: Accessibility.WinStickyKeys recorded 1 samples, mean = 0.0 (flags = 0x41)
0  -O                                                                        (1 = 100.0%)
1  ... 

Histogram: Accessibility.WinSupernova recorded 1 samples, mean = 0.0 (flags = 0x41)
0  -O                                                                        (1 = 100.0%)
1  ... 

Histogram: Accessibility.WinZoomText recorded 1 samples, mean = 0.0 (flags = 0x41)
0  -O                                                                        (1 = 100.0%)
1  ... 

Histogram: AppBanners.InstallableStatusCode recorded 1 samples (flags = 0x41)
8  -O                                                                        (1 = 100.0%)

Histogram: Apps.PreferredApps.EntryCount recorded 1 samples, mean = 0.0 (flags = 0x41)
0  -O                                                                        (1 = 100.0%)
1  ... 

Histogram: Autofill.Address.IsEnabled.Startup recorded 1 samples, mean = 1.0 (flags = 0x41)
0  O                                                                         (0 = 0.0%)
1  -O                                                                        (1 = 100.0%) {0.0%}
2  O                                                                         (0 = 0.0%) {100.0%}

Histogram: Autofill.CreditCard.IsEnabled.Startup recorded 1 samples, mean = 1.0 (flags = 0x41)
0  O                                                                         (0 = 0.0%)
1  -O                                                                        (1 = 100.0%) {0.0%}
2  O                                                                         (0 = 0.0%) {100.0%}

Histogram: Autofill.DOMContentLoadedInOutermostMainFrame recorded 1 samples, mean = 1.0 (flags = 0x41)
0  O                                                                         (0 = 0.0%)
1  -O                                                                        (1 = 100.0%) {0.0%}
2  O                                                                         (0 = 0.0%) {100.0%}

Histogram: Autofill.Funnel.ParsedAsType.Address recorded 2 samples, mean = 0.0 (flags = 0x41)
0  --O                                                                       (2 = 100.0%)
1  ... 

Histogram: Autofill.Funnel.ParsedAsType.CreditCard recorded 2 samples, mean = 0.0 (flags = 0x41)
0  --O                                                                       (2 = 100.0%)
1  ... 

Histogram: Autofill.Funnel.ParsedAsType.VirtualCard.StandaloneCvc recorded 2 samples, mean = 0.0 (flags = 0x41)
0  --O                                                                       (2 = 100.0%)
1  ... 

Histogram: Autofill.IsEnabled.Startup recorded 1 samples, mean = 1.0 (flags = 0x41)
0  O                                                                         (0 = 0.0%)
1  -O                                                                        (1 = 100.0%) {0.0%}
2  O                                                                         (0 = 0.0%) {100.0%}

Histogram: Autofill.Leipzig.Duplication.NumberOfLocalSupersetProfilesOnStartup recorded 1 samples, mean = 0.0 (flags = 0x41)
0  -O                                                                        (1 = 100.0%)
1  ... 

Histogram: Autofill.NumberOfDriversPerFactory recorded 1 samples, mean = 1.0 (flags = 0x41)
0  O                                                                         (0 = 0.0%)
1  -O                                                                        (1 = 100.0%) {0.0%}
2  ... 

Histogram: Autofill.Offer.StoredOfferCount2.CardLinkedOffer recorded 1 samples, mean = 0.0 (flags = 0x41)
0  -O                                                                        (1 = 100.0%)
1  ... 

Histogram: Autofill.Offer.StoredOfferCount2.GPayPromoCodeOffer recorded 1 samples, mean = 0.0 (flags = 0x41)
0  -O                                                                        (1 = 100.0%)
1  ... 

Histogram: Autofill.PaymentMethods.CvcStorageIsEnabled.Startup recorded 1 samples, mean = 0.0 (flags = 0x41)
0  -O                                                                        (1 = 100.0%)
1  ... 

Histogram: Autofill.StoredCreditCardCount recorded 1 samples, mean = 0.0 (flags = 0x41)
0  -O                                                                        (1 = 100.0%)
1  ... 

Histogram: Autofill.StoredCreditCardCount.Local recorded 1 samples, mean = 0.0 (flags = 0x41)
0  -O                                                                        (1 = 100.0%)
1  ... 

Histogram: Autofill.StoredCreditCardCount.Local.WithInvalidCardNumber recorded 1 samples, mean = 0.0 (flags = 0x41)
0  -O                                                                        (1 = 100.0%)
1  ... 

Histogram: Autofill.StoredCreditCardCount.Local.WithNickname recorded 1 samples, mean = 0.0 (flags = 0x41)
0  -O                                                                        (1 = 100.0%)
1  ... 

Histogram: Autofill.StoredCreditCardCount.Server recorded 1 samples, mean = 0.0 (flags = 0x41)
0  -O                                                                        (1 = 100.0%)
1  ... 

Histogram: Autofill.StoredCreditCardCount.Server.Masked recorded 1 samples, mean = 0.0 (flags = 0x41)
0  -O                                                                        (1 = 100.0%)
1  ... 

Histogram: Autofill.StoredCreditCardCount.Server.Masked.WithNickname recorded 1 samples, mean = 0.0 (flags = 0x41)
0  -O                                                                        (1 = 100.0%)
1  ... 

Histogram: Autofill.StoredCreditCardCount.Server.Unmasked recorded 1 samples, mean = 0.0 (flags = 0x41)
0  -O                                                                        (1 = 100.0%)
1  ... 

Histogram: Autofill.StoredCreditCardCount.Server.WithCardArtImage recorded 1 samples, mean = 0.0 (flags = 0x41)
0  -O                                                                        (1 = 100.0%)
1  ... 

Histogram: Autofill.StoredCreditCardCount.Server.WithVirtualCardMetadata recorded 1 samples, mean = 0.0 (flags = 0x41)
0  -O                                                                        (1 = 100.0%)
1  ... 

Histogram: Autofill.StoredIbanCount recorded 1 samples, mean = 0.0 (flags = 0x41)
0  -O                                                                        (1 = 100.0%)
1  ... 

Histogram: Autofill.StoredProfileCount.AccountChrome recorded 1 samples, mean = 0.0 (flags = 0x41)
0  -O                                                                        (1 = 100.0%)
1  ... 

Histogram: Autofill.StoredProfileCount.AccountNonChrome recorded 1 samples, mean = 0.0 (flags = 0x41)
0  -O                                                                        (1 = 100.0%)
1  ... 

Histogram: Autofill.StoredProfileCount.Legacy recorded 1 samples, mean = 0.0 (flags = 0x41)
0  -O                                                                        (1 = 100.0%)
1  ... 

Histogram: Autofill.StoredProfileCount.Total recorded 1 samples, mean = 0.0 (flags = 0x41)
0  -O                                                                        (1 = 100.0%)
1  ... 

Histogram: Autofill.TimingInterval.ExtractFormData.GetFormDataFromUnownedInputElements.AutofillAgentReset recorded 3 samples, mean = 1732845.4 (flags = 0x41)
0        ... 
1338569  -O                                                                        (1 = 33.3%) {0.0%}
1562508  -O                                                                        (1 = 33.3%) {33.3%}
1823911  -O                                                                        (1 = 33.3%) {66.7%}
2129046  ... 

Histogram: Autofill.TimingInterval.ExtractFormData.GetFormDataFromUnownedInputElements.DOMContentLoaded recorded 3 samples, mean = 716125632.0 (flags = 0x41)
0         ... 
284987    -O                                                                        (1 = 33.3%) {0.0%}
332665    ... 
529117    -O                                                                        (1 = 33.3%) {33.3%}
617637    ... 
10000000  -O                                                                        (1 = 33.3%) {66.7%}

Histogram: Autofill.TimingInterval.ExtractFormData.UpdateFormCache.AutofillAgentReset recorded 3 samples, mean = 1732840.6 (flags = 0x41)
0        ... 
1338569  -O                                                                        (1 = 33.3%) {0.0%}
1562508  -O                                                                        (1 = 33.3%) {33.3%}
1823911  -O                                                                        (1 = 33.3%) {66.7%}
2129046  ... 

Histogram: Autofill.TimingInterval.ExtractFormData.UpdateFormCache.DOMContentLoaded recorded 3 samples, mean = 297733.7 (flags = 0x41)
0       ... 
5       -O                                                                        (1 = 33.3%) {0.0%}
6       ... 
284987  -O                                                                        (1 = 33.3%) {33.3%}
332665  ... 
529117  -O                                                                        (1 = 33.3%) {66.7%}
617637  ... 

Histogram: Autofill.TimingInterval.UpdateFormCache.UpdateFormCache.AutofillAgentReset recorded 3 samples, mean = 1732856.0 (flags = 0x41)
0        ... 
1338569  -O                                                                        (1 = 33.3%) {0.0%}
1562508  -O                                                                        (1 = 33.3%) {33.3%}
1823911  -O                                                                        (1 = 33.3%) {66.7%}
2129046  ... 

Histogram: Autofill.TimingInterval.UpdateFormCache.UpdateFormCache.DOMContentLoaded recorded 3 samples, mean = 297749.0 (flags = 0x41)
0       ... 
23      -O                                                                        (1 = 33.3%) {0.0%}
27      ... 
284987  -O                                                                        (1 = 33.3%) {33.3%}
332665  ... 
529117  -O                                                                        (1 = 33.3%) {66.7%}
617637  ... 

Histogram: Autofill.TimingPrecise.ExtractFormData recorded 6 samples, mean = 18.7 (flags = 0x41)
0   -O                                                                        (1 = 16.7%)
1   O                                                                         (0 = 0.0%) {16.7%}
2   --O                                                                       (2 = 33.3%) {16.7%}
3   ... 
15  -O                                                                        (1 = 16.7%) {50.0%}
17  O                                                                         (0 = 0.0%) {66.7%}
19  -O                                                                        (1 = 16.7%) {66.7%}
22  ... 
68  -O                                                                        (1 = 16.7%) {83.3%}
77  ... 

Histogram: Autofill.TimingPrecise.ExtractFormData.GetFormDataFromUnownedInputElements recorded 3 samples, mean = 25.0 (flags = 0x41)
0   -O                                                                        (1 = 33.3%)
1   O                                                                         (0 = 0.0%) {33.3%}
2   -O                                                                        (1 = 33.3%) {33.3%}
3   ... 
68  -O                                                                        (1 = 33.3%) {66.7%}
77  ... 

Histogram: Autofill.TimingPrecise.ExtractFormData.UpdateFormCache recorded 3 samples, mean = 12.3 (flags = 0x41)
0   ... 
2   -O                                                                        (1 = 33.3%) {0.0%}
3   ... 
15  -O                                                                        (1 = 33.3%) {33.3%}
17  O                                                                         (0 = 0.0%) {66.7%}
19  -O                                                                        (1 = 33.3%) {66.7%}
22  ... 

Histogram: Autofill.TimingPrecise.InferLabelForElement recorded 6 samples, mean = 0.2 (flags = 0x41)
0  -----O                                                                    (5 = 83.3%)
1  -O                                                                        (1 = 16.7%) {83.3%}
2  ... 

Histogram: Autofill.TimingPrecise.UpdateFormCache recorded 3 samples, mean = 31.0 (flags = 0x41)
0   ... 
25  --O                                                                       (2 = 66.7%) {0.0%}
28  ... 
36  -O                                                                        (1 = 33.3%) {66.7%}
41  ... 

Histogram: Autofill.TimingPrecise.UpdateFormCache.UpdateFormCache recorded 3 samples, mean = 31.0 (flags = 0x41)
0   ... 
25  --O                                                                       (2 = 66.7%) {0.0%}
28  ... 
36  -O                                                                        (1 = 33.3%) {66.7%}
41  ... 

Histogram: Autofill.VirtualCardUsageData.StoredUsageDataCount recorded 1 samples, mean = 0.0 (flags = 0x41)
0  -O                                                                        (1 = 100.0%)
1  ... 

Histogram: Blink.CSSStyleSheetResource.ParseTime recorded 8 samples, mean = 675.9 (flags = 0x41)
0     ... 
55    -O                                                                        (1 = 12.5%) {0.0%}
76    -O                                                                        (1 = 12.5%) {12.5%}
105   ---O                                                                      (3 = 37.5%) {25.0%}
146   ... 
391   -O                                                                        (1 = 12.5%) {62.5%}
542   -O                                                                        (1 = 12.5%) {75.0%}
752   ... 
2786  -O                                                                        (1 = 12.5%) {87.5%}
3865  ... 

Histogram: Blink.CommitDocumentLoaderTime recorded 3 samples, mean = 3.3 (flags = 0x41)
0  O                                                                         (0 = 0.0%)
1  -O                                                                        (1 = 33.3%) {0.0%}
2  -O                                                                        (1 = 33.3%) {33.3%}
3  ... 
7  -O                                                                        (1 = 33.3%) {66.7%}
8  ... 

Histogram: Blink.CookiesTime recorded 20 samples, mean = 0.0 (flags = 0x41)
0  --------------------O                                                     (20 = 100.0%)
1  ... 

Histogram: Blink.CullRect.UpdateTime recorded 21 samples, mean = 4.1 (flags = 0x41)
0   ----O                                                                     (4 = 19.0%)
1   -------O                                                                  (7 = 33.3%) {19.0%}
2   -O                                                                        (1 = 4.8%) {52.4%}
3   --O                                                                       (2 = 9.5%) {57.1%}
4   O                                                                         (0 = 0.0%) {66.7%}
6   --O                                                                       (2 = 9.5%) {66.7%}
8   -O                                                                        (1 = 4.8%) {76.2%}
11  ---O                                                                      (3 = 14.3%) {81.0%}
15  -O                                                                        (1 = 4.8%) {95.2%}
21  ... 

Histogram: Blink.DocumentLoader.CommitNavigationToStartLoadingResponse.Time.OutermostMainFrame.NewNavigation.IsHTTPOrHTTPS recorded 1 samples, mean = 1.0 (flags = 0x41)
0  O                                                                         (0 = 0.0%)
1  -O                                                                        (1 = 100.0%) {0.0%}
2  ... 

Histogram: Blink.DocumentLoader.CreateParserPostCommit.Time.OutermostMainFrame.NewNavigation.IsHTTPOrHTTPS recorded 1 samples, mean = 5.0 (flags = 0x41)
0  ... 
5  -O                                                                        (1 = 100.0%) {0.0%}
6  ... 

Histogram: Blink.EffectiveZoom recorded 10 samples (flags = 0x41)
200  ----------O                                                               (10 = 100.0%)

Histogram: Blink.Experimental.Cookies.CacheLookupResult2 recorded 20 samples, mean = 0.9 (flags = 0x41)
0  -O                                                                        (1 = 5.0%)
1  -------------------O                                                      (19 = 95.0%) {5.0%}
2  ... 

Histogram: Blink.Experimental.Cookies.FirstCookieRequest recorded 1 samples, mean = 1.0 (flags = 0x41)
0  O                                                                         (0 = 0.0%)
1  -O                                                                        (1 = 100.0%) {0.0%}
2  ... 

Histogram: Blink.Fetch.RequestResourceTime2 recorded 135 samples, mean = 145.2 (flags = 0x41)
0      ... 
8      ---O                                                                      (3 = 2.2%) {0.0%}
11     -----------------------------O                                            (29 = 21.5%) {2.2%}
15     -------------------------------------O                                    (37 = 27.4%) {23.7%}
21     ---------------O                                                          (15 = 11.1%) {51.1%}
29     ----O                                                                     (4 = 3.0%) {62.2%}
40     ----------O                                                               (10 = 7.4%) {65.2%}
55     -------O                                                                  (7 = 5.2%) {72.6%}
76     ---------O                                                                (9 = 6.7%) {77.8%}
105    -----O                                                                    (5 = 3.7%) {84.4%}
146    -------O                                                                  (7 = 5.2%) {88.1%}
203    ----O                                                                     (4 = 3.0%) {93.3%}
282    --O                                                                       (2 = 1.5%) {96.3%}
391    O                                                                         (0 = 0.0%) {97.8%}
542    -O                                                                        (1 = 0.7%) {97.8%}
752    -O                                                                        (1 = 0.7%) {98.5%}
1043   ... 
10321  -O                                                                        (1 = 0.7%) {99.3%}
14319  ... 

Histogram: Blink.Fetch.RequestResourceTime2.Preload recorded 41 samples, mean = 49.8 (flags = 0x41)
0    ... 
8    -O                                                                        (1 = 2.4%) {0.0%}
11   ----O                                                                     (4 = 9.8%) {2.4%}
15   --------------O                                                           (14 = 34.1%) {12.2%}
21   ------O                                                                   (6 = 14.6%) {46.3%}
29   ---O                                                                      (3 = 7.3%) {61.0%}
40   -O                                                                        (1 = 2.4%) {68.3%}
55   ------O                                                                   (6 = 14.6%) {70.7%}
76   ---O                                                                      (3 = 7.3%) {85.4%}
105  --O                                                                       (2 = 4.9%) {92.7%}
146  ... 
542  -O                                                                        (1 = 2.4%) {97.6%}
752  ... 

Histogram: Blink.FetchQueuedPreloadsTime.MainFrame.Initial recorded 1 samples, mean = 1.0 (flags = 0x41)
0  O                                                                         (0 = 0.0%)
1  -O                                                                        (1 = 100.0%) {0.0%}
2  ... 

Histogram: Blink.Fonts.DecodeTime recorded 5 samples, mean = 5220.4 (flags = 0x41)
0      ... 
2786   ----O                                                                     (4 = 80.0%) {0.0%}
3865   ... 
10321  -O                                                                        (1 = 20.0%) {80.0%}
14319  ... 

Histogram: Blink.Fonts.VariableFontsRatio recorded 5 samples, mean = 1.2 (flags = 0x41)
0  O                                                                         (0 = 0.0%)
1  ----O                                                                     (4 = 80.0%) {0.0%}
2  -O                                                                        (1 = 20.0%) {80.0%}
3  ... 

Histogram: Blink.ForcedStyleAndLayout.UpdateTime.PreFCP recorded 2 samples, mean = 9.5 (flags = 0x41)
0   O                                                                         (0 = 0.0%)
1   -O                                                                        (1 = 50.0%) {0.0%}
2   ... 
15  -O                                                                        (1 = 50.0%) {50.0%}
21  ... 

Histogram: Blink.HTMLFastPathParser.AbortedParseSize recorded 32 samples, mean = 3.5 (flags = 0x41)
0  ----O                                                                     (4 = 12.5%)
1  ... 
4  ----------------------------O                                             (28 = 87.5%) {12.5%}
6  ... 

Histogram: Blink.HTMLFastPathParser.AbortedParseTime2 recorded 32 samples, mean = 2.1 (flags = 0x41)
0   ------------O                                                             (12 = 37.5%)
1   ---------O                                                                (9 = 28.1%) {37.5%}
2   ----O                                                                     (4 = 12.5%) {65.6%}
3   --O                                                                       (2 = 6.2%) {78.1%}
4   --O                                                                       (2 = 6.2%) {84.4%}
5   O                                                                         (0 = 0.0%) {90.6%}
6   -O                                                                        (1 = 3.1%) {90.6%}
7   ... 
11  -O                                                                        (1 = 3.1%) {93.8%}
12  ... 
19  -O                                                                        (1 = 3.1%) {96.9%}
21  ... 

Histogram: Blink.HTMLFastPathParser.ParseResult recorded 64 samples, mean = 8.1 (flags = 0x41)
0   --------------------------------O                                         (32 = 50.0%)
1   ... 
4   ----O                                                                     (4 = 6.2%) {50.0%}
5   ... 
18  ----------------------------O                                             (28 = 43.8%) {56.2%}
19  ... 

Histogram: Blink.HTMLFastPathParser.SuccessfulParseSize recorded 32 samples, mean = 201.8 (flags = 0x41)
0    ... 
146  ----------------O                                                         (16 = 50.0%) {0.0%}
203  ----------------O                                                         (16 = 50.0%) {50.0%}
282  ... 

Histogram: Blink.HTMLFastPathParser.SuccessfulParseTime2 recorded 32 samples, mean = 2.8 (flags = 0x41)
0   ------O                                                                   (6 = 18.8%)
1   ---------O                                                                (9 = 28.1%) {18.8%}
2   ---------O                                                                (9 = 28.1%) {46.9%}
3   ----O                                                                     (4 = 12.5%) {75.0%}
4   -O                                                                        (1 = 3.1%) {87.5%}
5   ... 
10  -O                                                                        (1 = 3.1%) {90.6%}
11  ... 
17  -O                                                                        (1 = 3.1%) {93.8%}
18  O                                                                         (0 = 0.0%) {96.9%}
19  -O                                                                        (1 = 3.1%) {96.9%}
21  ... 

Histogram: Blink.HTMLFastPathParser.TotalParseTime2 recorded 64 samples, mean = 15.0 (flags = 0x41)
0   ----O                                                                     (4 = 6.2%)
1   ---------O                                                                (9 = 14.1%) {6.2%}
2   -------O                                                                  (7 = 10.9%) {20.3%}
3   -------O                                                                  (7 = 10.9%) {31.2%}
4   ---O                                                                      (3 = 4.7%) {42.2%}
5   ----O                                                                     (4 = 6.2%) {46.9%}
6   -----O                                                                    (5 = 7.8%) {53.1%}
7   ... 
9   --O                                                                       (2 = 3.1%) {60.9%}
10  O                                                                         (0 = 0.0%) {64.1%}
11  -O                                                                        (1 = 1.6%) {64.1%}
12  ... 
14  -O                                                                        (1 = 1.6%) {65.6%}
15  O                                                                         (0 = 0.0%) {67.2%}
16  --O                                                                       (2 = 3.1%) {67.2%}
17  O                                                                         (0 = 0.0%) {70.3%}
18  -O                                                                        (1 = 1.6%) {70.3%}
19  --O                                                                       (2 = 3.1%) {71.9%}
21  --O                                                                       (2 = 3.1%) {75.0%}
23  -O                                                                        (1 = 1.6%) {78.1%}
25  ... 
29  -O                                                                        (1 = 1.6%) {79.7%}
31  --O                                                                       (2 = 3.1%) {81.2%}
34  -O                                                                        (1 = 1.6%) {84.4%}
37  O                                                                         (0 = 0.0%) {85.9%}
40  --O                                                                       (2 = 3.1%) {85.9%}
43  -O                                                                        (1 = 1.6%) {89.1%}
46  ... 
54  -O                                                                        (1 = 1.6%) {90.6%}
58  O                                                                         (0 = 0.0%) {92.2%}
63  --O                                                                       (2 = 3.1%) {92.2%}
68  --O                                                                       (2 = 3.1%) {95.3%}
74  O                                                                         (0 = 0.0%) {98.4%}
80  -O                                                                        (1 = 1.6%) {98.4%}
86  ... 

Histogram: Blink.HTMLParsing.ChunkCount4 recorded 1 samples, mean = 1.0 (flags = 0x41)
0  O                                                                         (0 = 0.0%)
1  -O                                                                        (1 = 100.0%) {0.0%}
2  ... 

Histogram: Blink.HTMLParsing.InputCharacterCount4 recorded 1 samples, mean = 151422.0 (flags = 0x41)
0       ... 
141691  -O                                                                        (1 = 100.0%) {0.0%}
196583  ... 

Histogram: Blink.HTMLParsing.ParsingTimeMax4 recorded 1 samples, mean = 2423.0 (flags = 0x41)
0     ... 
2396  -O                                                                        (1 = 100.0%) {0.0%}
2433  ... 

Histogram: Blink.HTMLParsing.ParsingTimeMin4 recorded 1 samples, mean = 2423.0 (flags = 0x41)
0     ... 
2235  -O                                                                        (1 = 100.0%) {0.0%}
2545  ... 

Histogram: Blink.HTMLParsing.ParsingTimeTotal4 recorded 1 samples, mean = 2423.0 (flags = 0x41)
0     ... 
2396  -O                                                                        (1 = 100.0%) {0.0%}
2433  ... 

Histogram: Blink.HTMLParsing.PreloadRequestCount recorded 1 samples, mean = 33.0 (flags = 0x41)
0   ... 
33  -O                                                                        (1 = 100.0%) {0.0%}
37  ... 

Histogram: Blink.HTMLParsing.TimeToDeferredPumpTokenizer4 recorded 1 samples, mean = 214.0 (flags = 0x41)
0    ... 
191  -O                                                                        (1 = 100.0%) {0.0%}
217  ... 

Histogram: Blink.HTMLParsing.TokensParsedAverage4 recorded 1 samples, mean = 127.0 (flags = 0x41)
0    ... 
113  -O                                                                        (1 = 100.0%) {0.0%}
149  ... 

Histogram: Blink.HTMLParsing.TokensParsedMax4 recorded 1 samples, mean = 127.0 (flags = 0x41)
0    ... 
113  -O                                                                        (1 = 100.0%) {0.0%}
149  ... 

Histogram: Blink.HTMLParsing.TokensParsedMin4 recorded 1 samples, mean = 127.0 (flags = 0x41)
0    ... 
114  -O                                                                        (1 = 100.0%) {0.0%}
135  ... 

Histogram: Blink.HTMLParsing.TokensParsedTotal4 recorded 1 samples, mean = 127.0 (flags = 0x41)
0    ... 
105  -O                                                                        (1 = 100.0%) {0.0%}
146  ... 

Histogram: Blink.HTMLParsing.YieldedTimeAverage4 recorded 1 samples, mean = 285.0 (flags = 0x41)
0    ... 
270  -O                                                                        (1 = 100.0%) {0.0%}
315  ... 

Histogram: Blink.HTMLParsing.YieldedTimeMax4 recorded 1 samples, mean = 353.0 (flags = 0x41)
0    ... 
353  -O                                                                        (1 = 100.0%) {0.0%}
358  ... 

Histogram: Blink.HTMLParsing.YieldedTimeMin4 recorded 1 samples, mean = 218.0 (flags = 0x41)
0    ... 
198  -O                                                                        (1 = 100.0%) {0.0%}
231  ... 

Histogram: Blink.History.VisitedLinks.IsLinkStyledAsVisited recorded 60 samples, mean = 0.0 (flags = 0x41)
0  ------------------------------------------------------------O             (60 = 100.0%)
1  ... 

Histogram: Blink.IntersectionObservationJavascriptCount.UpdateTime.PreFCP recorded 1 samples, mean = 0.0 (flags = 0x41)
0  -O                                                                        (1 = 100.0%)
1  ... 

Histogram: Blink.JavascriptDocumentUpdate.UpdateTime.PreFCP recorded 1 samples, mean = 1.0 (flags = 0x41)
0  O                                                                         (0 = 0.0%)
1  -O                                                                        (1 = 100.0%) {0.0%}
2  ... 

Histogram: Blink.Layout.InlineNode.ShapeText.MaxTime.InOutermostMainFrame3 recorded 1 samples, mean = 0.0 (flags = 0x41)
0  -O                                                                        (1 = 100.0%)
1  ... 

Histogram: Blink.Layout.InlineNode.ShapeText.TotalTime.InOutermostMainFrame3 recorded 1 samples, mean = 0.0 (flags = 0x41)
0  -O                                                                        (1 = 100.0%)
1  ... 

Histogram: Blink.Layout.SVGImage.Count.InOutermostMainFrame recorded 1 samples, mean = 0.0 (flags = 0x41)
0  -O                                                                        (1 = 100.0%)
1  ... 

Histogram: Blink.Layout.SVGImage.TotalTime.InOutermostMainFrame recorded 1 samples, mean = 0.0 (flags = 0x41)
0  -O                                                                        (1 = 100.0%)
1  ... 

Histogram: Blink.MainFrame.UpdateTime.PreFCP recorded 21 samples, mean = 4003.0 (flags = 0x41)
0      ... 
40     -O                                                                        (1 = 4.8%) {0.0%}
55     --O                                                                       (2 = 9.5%) {4.8%}
76     -O                                                                        (1 = 4.8%) {14.3%}
105    ---O                                                                      (3 = 14.3%) {19.0%}
146    --O                                                                       (2 = 9.5%) {33.3%}
203    ---O                                                                      (3 = 14.3%) {42.9%}
282    -O                                                                        (1 = 4.8%) {57.1%}
391    -O                                                                        (1 = 4.8%) {61.9%}
542    ... 
2008   -O                                                                        (1 = 4.8%) {66.7%}
2786   -O                                                                        (1 = 4.8%) {71.4%}
3865   ---O                                                                      (3 = 14.3%) {76.2%}
5362   ... 
14319  -O                                                                        (1 = 4.8%) {90.5%}
19866  ... 
38240  -O                                                                        (1 = 4.8%) {95.2%}
53055  ... 

Histogram: Blink.MemoryCache.RevalidationPolicy.AsyncScript recorded 47 samples, mean = 1.5 (flags = 0x41)
0  -----------------------O                                                  (23 = 48.9%)
1  ... 
3  ------------------------O                                                 (24 = 51.1%) {48.9%}
4  ... 

Histogram: Blink.MemoryCache.RevalidationPolicy.CSSStyleSheet recorded 8 samples, mean = 0.0 (flags = 0x41)
0  --------O                                                                 (8 = 100.0%)
1  ... 

Histogram: Blink.MemoryCache.RevalidationPolicy.Dead.CSSStyleSheet recorded 1 samples, mean = 0.0 (flags = 0x41)
0  -O                                                                        (1 = 100.0%)
1  ... 

Histogram: Blink.MemoryCache.RevalidationPolicy.Dead.Font recorded 2 samples, mean = 0.0 (flags = 0x41)
0  --O                                                                       (2 = 100.0%)
1  ... 

Histogram: Blink.MemoryCache.RevalidationPolicy.Dead.Script recorded 22 samples, mean = 0.0 (flags = 0x41)
0  ----------------------O                                                   (22 = 100.0%)
1  ... 

Histogram: Blink.MemoryCache.RevalidationPolicy.Font recorded 23 samples, mean = 4.0 (flags = 0x41)
0  -O                                                                        (1 = 4.3%)
1  ... 
4  ------------------O                                                       (18 = 78.3%) {4.3%}
5  ----O                                                                     (4 = 17.4%) {82.6%}
6  O                                                                         (0 = 0.0%) {100.0%}

Histogram: Blink.MemoryCache.RevalidationPolicy.Image recorded 35 samples, mean = 4.0 (flags = 0x41)
0  ... 
3  -O                                                                        (1 = 2.9%) {0.0%}
4  ----------------------------------O                                       (34 = 97.1%) {2.9%}
5  ... 

Histogram: Blink.MemoryCache.RevalidationPolicy.Manifest recorded 1 samples, mean = 3.0 (flags = 0x41)
0  ... 
3  -O                                                                        (1 = 100.0%) {0.0%}
4  ... 

Histogram: Blink.MemoryCache.RevalidationPolicy.Preload.CSSStyleSheet recorded 15 samples, mean = 1.6 (flags = 0x41)
0  -------O                                                                  (7 = 46.7%)
1  ... 
3  --------O                                                                 (8 = 53.3%) {46.7%}
4  ... 

Histogram: Blink.MemoryCache.RevalidationPolicy.Preload.Font recorded 2 samples, mean = 1.5 (flags = 0x41)
0  -O                                                                        (1 = 50.0%)
1  ... 
3  -O                                                                        (1 = 50.0%) {50.0%}
4  ... 

Histogram: Blink.MemoryCache.RevalidationPolicy.Preload.Script recorded 24 samples, mean = 2.8 (flags = 0x41)
0  --O                                                                       (2 = 8.3%)
1  ... 
3  ----------------------O                                                   (22 = 91.7%) {8.3%}
4  ... 

Histogram: Blink.MemoryCache.RevalidationPolicy.Raw recorded 6 samples, mean = 3.0 (flags = 0x41)
0  ... 
3  ------O                                                                   (6 = 100.0%) {0.0%}
4  ... 

Histogram: Blink.MemoryCache.RevalidationPolicy.Script recorded 25 samples, mean = 0.4 (flags = 0x41)
0  ----------------------O                                                   (22 = 88.0%)
1  ... 
3  ---O                                                                      (3 = 12.0%) {88.0%}
4  ... 

Histogram: Blink.PreloadRequestStartDuration recorded 41 samples, mean = 51.1 (flags = 0x41)
0    ... 
8    -O                                                                        (1 = 2.4%) {0.0%}
11   ----O                                                                     (4 = 9.8%) {2.4%}
15   --------------O                                                           (14 = 34.1%) {12.2%}
21   ------O                                                                   (6 = 14.6%) {46.3%}
29   ---O                                                                      (3 = 7.3%) {61.0%}
40   -O                                                                        (1 = 2.4%) {68.3%}
55   ------O                                                                   (6 = 14.6%) {70.7%}
76   ---O                                                                      (3 = 7.3%) {85.4%}
105  -O                                                                        (1 = 2.4%) {92.7%}
146  -O                                                                        (1 = 2.4%) {95.1%}
203  ... 
542  -O                                                                        (1 = 2.4%) {97.6%}
752  ... 

Histogram: Blink.PreloadRequestWaitTime recorded 31 samples, mean = 0.7 (flags = 0x41)
0  --------O                                                                 (8 = 25.8%)
1  -----------------------O                                                  (23 = 74.2%) {25.8%}
2  ... 

Histogram: Blink.PrepareToStopParsingTime recorded 35 samples, mean = 0.0 (flags = 0x41)
0  ----------------------------------O                                       (34 = 97.1%)
1  -O                                                                        (1 = 2.9%) {97.1%}
2  ... 

Histogram: Blink.PumpTokenizerTime recorded 70 samples, mean = 0.1 (flags = 0x41)
0  -------------------------------------------------------------------O      (67 = 95.7%)
1  -O                                                                        (1 = 1.4%) {95.7%}
2  -O                                                                        (1 = 1.4%) {97.1%}
3  -O                                                                        (1 = 1.4%) {98.6%}
4  ... 

Histogram: Blink.ResourceRequest.BackgroundResourceFetchSupportStatus recorded 46 samples, mean = 0.0 (flags = 0x41)
0  ---------------------------------------------O                            (45 = 97.8%)
1  O                                                                         (0 = 0.0%) {97.8%}
2  -O                                                                        (1 = 2.2%) {97.8%}
3  ... 

Histogram: Blink.ResourceRequest.CompletionDelay2 recorded 46 samples, mean = 9.9 (flags = 0x41)
0   ------------O                                                             (12 = 26.1%)
1   O                                                                         (0 = 0.0%) {26.1%}
2   -O                                                                        (1 = 2.2%) {26.1%}
3   -O                                                                        (1 = 2.2%) {28.3%}
4   -O                                                                        (1 = 2.2%) {30.4%}
5   O                                                                         (0 = 0.0%) {32.6%}
6   ---O                                                                      (3 = 6.5%) {32.6%}
7   -----O                                                                    (5 = 10.9%) {39.1%}
8   -O                                                                        (1 = 2.2%) {50.0%}
10  --O                                                                       (2 = 4.3%) {52.2%}
12  -----O                                                                    (5 = 10.9%) {56.5%}
14  ------O                                                                   (6 = 13.0%) {67.4%}
17  --------O                                                                 (8 = 17.4%) {80.4%}
20  ... 
68  -O                                                                        (1 = 2.2%) {97.8%}
81  ... 

Histogram: Blink.ResourceRequest.RedirectDelay2 recorded 1 samples, mean = 0.0 (flags = 0x41)
0  -O                                                                        (1 = 100.0%)
1  ... 

Histogram: Blink.ResourceRequest.ResponseDelay2 recorded 46 samples, mean = 7.7 (flags = 0x41)
0   ------O                                                                   (6 = 13.0%)
1   ---------O                                                                (9 = 19.6%) {13.0%}
2   --O                                                                       (2 = 4.3%) {32.6%}
3   -----O                                                                    (5 = 10.9%) {37.0%}
4   --O                                                                       (2 = 4.3%) {47.8%}
5   ... 
8   -O                                                                        (1 = 2.2%) {52.2%}
10  --O                                                                       (2 = 4.3%) {54.3%}
12  -----O                                                                    (5 = 10.9%) {58.7%}
14  ---------O                                                                (9 = 19.6%) {69.6%}
17  ---O                                                                      (3 = 6.5%) {89.1%}
20  --O                                                                       (2 = 4.3%) {95.7%}
24  ... 

Histogram: Blink.ResourceRequest.StartDelay2 recorded 46 samples, mean = 524.1 (flags = 0x41)
0    ... 
3    -O                                                                        (1 = 2.2%) {0.0%}
4    -O                                                                        (1 = 2.2%) {2.2%}
5    ... 
68   -O                                                                        (1 = 2.2%) {4.3%}
81   ... 
160  ---O                                                                      (3 = 6.5%) {6.5%}
190  ... 
318  ------O                                                                   (6 = 13.0%) {13.0%}
378  -O                                                                        (1 = 2.2%) {26.1%}
449  O                                                                         (0 = 0.0%) {28.3%}
533  --O                                                                       (2 = 4.3%) {28.3%}
633  -------------------------------O                                          (31 = 67.4%) {32.6%}
752  ... 

Histogram: Blink.ScanAndPreloadTime.MainFrame.Initial recorded 1 samples, mean = 1.0 (flags = 0x41)
0  O                                                                         (0 = 0.0%)
1  -O                                                                        (1 = 100.0%) {0.0%}
2  ... 

Histogram: Blink.ScanAndPreloadTime.MainFrame.NonInitial recorded 1 samples, mean = 0.0 (flags = 0x41)
0  -O                                                                        (1 = 100.0%)
1  ... 

Histogram: Blink.ScanAndPreloadTime2.MainFrame.Initial recorded 1 samples, mean = 1794.0 (flags = 0x41)
0     ... 
1447  -O                                                                        (1 = 100.0%) {0.0%}
2008  ... 

Histogram: Blink.ScanAndPreloadTime2.MainFrame.NonInitial recorded 1 samples, mean = 17.0 (flags = 0x41)
0   ... 
15  -O                                                                        (1 = 100.0%) {0.0%}
21  ... 

Histogram: Blink.ScanAndPreloadTime2.Preload.MainFrame.Initial recorded 1 samples, mean = 1070.0 (flags = 0x41)
0     ... 
1043  -O                                                                        (1 = 100.0%) {0.0%}
1447  ... 

Histogram: Blink.ScanAndPreloadTime2.Preload.MainFrame.NonInitial recorded 1 samples, mean = 1.0 (flags = 0x41)
0  O                                                                         (0 = 0.0%)
1  -O                                                                        (1 = 100.0%) {0.0%}
2  ... 

Histogram: Blink.ScanAndPreloadTime2.Scan.MainFrame.Initial recorded 1 samples, mean = 707.0 (flags = 0x41)
0    ... 
542  -O                                                                        (1 = 100.0%) {0.0%}
752  ... 

Histogram: Blink.ScanAndPreloadTime2.Scan.MainFrame.NonInitial recorded 1 samples, mean = 1.0 (flags = 0x41)
0  O                                                                         (0 = 0.0%)
1  -O                                                                        (1 = 100.0%) {0.0%}
2  ... 

Histogram: Blink.Script.AsyncScript.FromReadyToStartExecution.Time recorded 25 samples, mean = 0.8 (flags = 0x41)
0  ------------------O                                                       (18 = 72.0%)
1  O                                                                         (0 = 0.0%) {72.0%}
2  ---O                                                                      (3 = 12.0%) {72.0%}
3  --O                                                                       (2 = 8.0%) {84.0%}
4  -O                                                                        (1 = 4.0%) {92.0%}
5  -O                                                                        (1 = 4.0%) {96.0%}
6  ... 

Histogram: Blink.Script.SchedulingType recorded 40 samples, mean = 5.3 (flags = 0x41)
0  ... 
3  -O                                                                        (1 = 2.5%) {0.0%}
4  O                                                                         (0 = 0.0%) {2.5%}
5  -------------------------O                                                (25 = 62.5%) {2.5%}
6  --------------O                                                           (14 = 35.0%) {65.0%}
7  ... 

Histogram: Blink.UseCounter.AnimatedCSSProperties recorded 1 samples, mean = 1.0 (flags = 0x41)
0  O                                                                         (0 = 0.0%)
1  -O                                                                        (1 = 100.0%) {0.0%}
2  ... 

Histogram: Blink.UseCounter.CSSProperties recorded 97 samples, mean = 273.8 (flags = 0x41)
0    O                                                                         (0 = 0.0%)
1    -O                                                                        (1 = 1.0%) {0.0%}
2    -O                                                                        (1 = 1.0%) {1.0%}
3    -O                                                                        (1 = 1.0%) {2.1%}
4    -O                                                                        (1 = 1.0%) {3.1%}
5    -O                                                                        (1 = 1.0%) {4.1%}
6    -O                                                                        (1 = 1.0%) {5.2%}
7    -O                                                                        (1 = 1.0%) {6.2%}
8    -O                                                                        (1 = 1.0%) {7.2%}
9    O                                                                         (0 = 0.0%) {8.2%}
10   -O                                                                        (1 = 1.0%) {8.2%}
11   ... 
14   -O                                                                        (1 = 1.0%) {9.3%}
15   ... 
20   -O                                                                        (1 = 1.0%) {10.3%}
21   -O                                                                        (1 = 1.0%) {11.3%}
22   ... 
24   -O                                                                        (1 = 1.0%) {12.4%}
25   ... 
34   -O                                                                        (1 = 1.0%) {13.4%}
35   ... 
42   -O                                                                        (1 = 1.0%) {14.4%}
43   ... 
53   -O                                                                        (1 = 1.0%) {15.5%}
54   ... 
59   -O                                                                        (1 = 1.0%) {16.5%}
60   ... 
66   -O                                                                        (1 = 1.0%) {17.5%}
67   ... 
69   -O                                                                        (1 = 1.0%) {18.6%}
70   ... 
72   -O                                                                        (1 = 1.0%) {19.6%}
73   O                                                                         (0 = 0.0%) {20.6%}
74   -O                                                                        (1 = 1.0%) {20.6%}
75   ... 
77   -O                                                                        (1 = 1.0%) {21.6%}
78   ... 
81   -O                                                                        (1 = 1.0%) {22.7%}
82   ... 
84   -O                                                                        (1 = 1.0%) {23.7%}
85   ... 
89   -O                                                                        (1 = 1.0%) {24.7%}
90   ... 
95   -O                                                                        (1 = 1.0%) {25.8%}
96   -O                                                                        (1 = 1.0%) {26.8%}
97   -O                                                                        (1 = 1.0%) {27.8%}
98   -O                                                                        (1 = 1.0%) {28.9%}
99   O                                                                         (0 = 0.0%) {29.9%}
100  -O                                                                        (1 = 1.0%) {29.9%}
101  ... 
105  -O                                                                        (1 = 1.0%) {30.9%}
106  -O                                                                        (1 = 1.0%) {32.0%}
107  -O                                                                        (1 = 1.0%) {33.0%}
108  O                                                                         (0 = 0.0%) {34.0%}
109  -O                                                                        (1 = 1.0%) {34.0%}
110  ... 
118  -O                                                                        (1 = 1.0%) {35.1%}
119  -O                                                                        (1 = 1.0%) {36.1%}
120  ... 
124  -O                                                                        (1 = 1.0%) {37.1%}
125  ... 
127  -O                                                                        (1 = 1.0%) {38.1%}
128  -O                                                                        (1 = 1.0%) {39.2%}
129  -O                                                                        (1 = 1.0%) {40.2%}
130  ... 
143  -O                                                                        (1 = 1.0%) {41.2%}
144  ... 
150  -O                                                                        (1 = 1.0%) {42.3%}
151  O                                                                         (0 = 0.0%) {43.3%}
152  -O                                                                        (1 = 1.0%) {43.3%}
153  -O                                                                        (1 = 1.0%) {44.3%}
154  -O                                                                        (1 = 1.0%) {45.4%}
155  O                                                                         (0 = 0.0%) {46.4%}
156  -O                                                                        (1 = 1.0%) {46.4%}
157  -O                                                                        (1 = 1.0%) {47.4%}
158  O                                                                         (0 = 0.0%) {48.5%}
159  -O                                                                        (1 = 1.0%) {48.5%}
160  O                                                                         (0 = 0.0%) {49.5%}
161  -O                                                                        (1 = 1.0%) {49.5%}
162  -O                                                                        (1 = 1.0%) {50.5%}
163  O                                                                         (0 = 0.0%) {51.5%}
164  -O                                                                        (1 = 1.0%) {51.5%}
165  -O                                                                        (1 = 1.0%) {52.6%}
166  ... 
175  -O                                                                        (1 = 1.0%) {53.6%}
176  ... 
231  -O                                                                        (1 = 1.0%) {54.6%}
232  -O                                                                        (1 = 1.0%) {55.7%}
233  O                                                                         (0 = 0.0%) {56.7%}
234  -O                                                                        (1 = 1.0%) {56.7%}
235  -O                                                                        (1 = 1.0%) {57.7%}
236  O                                                                         (0 = 0.0%) {58.8%}
237  -O                                                                        (1 = 1.0%) {58.8%}
238  -O                                                                        (1 = 1.0%) {59.8%}
239  -O                                                                        (1 = 1.0%) {60.8%}
240  -O                                                                        (1 = 1.0%) {61.9%}
241  O                                                                         (0 = 0.0%) {62.9%}
242  -O                                                                        (1 = 1.0%) {62.9%}
243  ... 
303  -O                                                                        (1 = 1.0%) {63.9%}
304  ... 
369  -O                                                                        (1 = 1.0%) {64.9%}
370  -O                                                                        (1 = 1.0%) {66.0%}
371  ... 
415  -O                                                                        (1 = 1.0%) {67.0%}
416  ... 
432  -O                                                                        (1 = 1.0%) {68.0%}
433  -O                                                                        (1 = 1.0%) {69.1%}
434  ... 
437  -O                                                                        (1 = 1.0%) {70.1%}
438  ... 
446  -O                                                                        (1 = 1.0%) {71.1%}
447  ... 
508  -O                                                                        (1 = 1.0%) {72.2%}
509  ... 
514  -O                                                                        (1 = 1.0%) {73.2%}
515  -O                                                                        (1 = 1.0%) {74.2%}
516  -O                                                                        (1 = 1.0%) {75.3%}
517  ... 
537  -O                                                                        (1 = 1.0%) {76.3%}
538  ... 
549  -O                                                                        (1 = 1.0%) {77.3%}
550  ... 
563  -O                                                                        (1 = 1.0%) {78.4%}
564  ... 
591  -O                                                                        (1 = 1.0%) {79.4%}
592  -O                                                                        (1 = 1.0%) {80.4%}
593  O                                                                         (0 = 0.0%) {81.4%}
594  -O                                                                        (1 = 1.0%) {81.4%}
595  -O                                                                        (1 = 1.0%) {82.5%}
596  ... 
598  -O                                                                        (1 = 1.0%) {83.5%}
599  -O                                                                        (1 = 1.0%) {84.5%}
600  ... 
618  -O                                                                        (1 = 1.0%) {85.6%}
619  -O                                                                        (1 = 1.0%) {86.6%}
620  -O                                                                        (1 = 1.0%) {87.6%}
621  -O                                                                        (1 = 1.0%) {88.7%}
622  ... 
636  -O                                                                        (1 = 1.0%) {89.7%}
637  ... 
657  -O                                                                        (1 = 1.0%) {90.7%}
658  -O                                                                        (1 = 1.0%) {91.8%}
659  ... 
662  -O                                                                        (1 = 1.0%) {92.8%}
663  ... 
672  -O                                                                        (1 = 1.0%) {93.8%}
673  -O                                                                        (1 = 1.0%) {94.8%}
674  O                                                                         (0 = 0.0%) {95.9%}
675  -O                                                                        (1 = 1.0%) {95.9%}
676  ... 
696  -O                                                                        (1 = 1.0%) {96.9%}
697  ... 
746  -O                                                                        (1 = 1.0%) {97.9%}
747  ... 
770  -O                                                                        (1 = 1.0%) {99.0%}
771  ... 

Histogram: Blink.UseCounter.Features recorded 187 samples, mean = 2270.2 (flags = 0x41)
0     ... 
13    -O                                                                        (1 = 0.5%) {0.0%}
14    ... 
16    -O                                                                        (1 = 0.5%) {0.5%}
17    ... 
52    -O                                                                        (1 = 0.5%) {1.1%}
53    ... 
69    -O                                                                        (1 = 0.5%) {1.6%}
70    ... 
123   -O                                                                        (1 = 0.5%) {2.1%}
124   -O                                                                        (1 = 0.5%) {2.7%}
125   -O                                                                        (1 = 0.5%) {3.2%}
126   ... 
138   -O                                                                        (1 = 0.5%) {3.7%}
139   ... 
240   -O                                                                        (1 = 0.5%) {4.3%}
241   ... 
250   -O                                                                        (1 = 0.5%) {4.8%}
251   ... 
429   -O                                                                        (1 = 0.5%) {5.3%}
430   -O                                                                        (1 = 0.5%) {5.9%}
431   -O                                                                        (1 = 0.5%) {6.4%}
432   -O                                                                        (1 = 0.5%) {7.0%}
433   ... 
469   -O                                                                        (1 = 0.5%) {7.5%}
470   ... 
494   -O                                                                        (1 = 0.5%) {8.0%}
495   ... 
522   -O                                                                        (1 = 0.5%) {8.6%}
523   -O                                                                        (1 = 0.5%) {9.1%}
524   -O                                                                        (1 = 0.5%) {9.6%}
525   ... 
540   -O                                                                        (1 = 0.5%) {10.2%}
541   ... 
587   -O                                                                        (1 = 0.5%) {10.7%}
588   -O                                                                        (1 = 0.5%) {11.2%}
589   ... 
675   -O                                                                        (1 = 0.5%) {11.8%}
676   O                                                                         (0 = 0.0%) {12.3%}
677   -O                                                                        (1 = 0.5%) {12.3%}
678   ... 
710   -O                                                                        (1 = 0.5%) {12.8%}
711   -O                                                                        (1 = 0.5%) {13.4%}
712   -O                                                                        (1 = 0.5%) {13.9%}
713   ... 
717   -O                                                                        (1 = 0.5%) {14.4%}
718   ... 
730   -O                                                                        (1 = 0.5%) {15.0%}
731   ... 
744   -O                                                                        (1 = 0.5%) {15.5%}
745   ... 
780   -O                                                                        (1 = 0.5%) {16.0%}
781   -O                                                                        (1 = 0.5%) {16.6%}
782   ... 
786   -O                                                                        (1 = 0.5%) {17.1%}
787   -O                                                                        (1 = 0.5%) {17.6%}
788   ... 
804   -O                                                                        (1 = 0.5%) {18.2%}
805   ... 
900   -O                                                                        (1 = 0.5%) {18.7%}
901   -O                                                                        (1 = 0.5%) {19.3%}
902   ... 
907   -O                                                                        (1 = 0.5%) {19.8%}
908   ... 
954   -O                                                                        (1 = 0.5%) {20.3%}
955   ... 
970   -O                                                                        (1 = 0.5%) {20.9%}
971   O                                                                         (0 = 0.0%) {21.4%}
972   -O                                                                        (1 = 0.5%) {21.4%}
973   -O                                                                        (1 = 0.5%) {21.9%}
974   ... 
976   -O                                                                        (1 = 0.5%) {22.5%}
977   ... 
1023  -O                                                                        (1 = 0.5%) {23.0%}
1024  ... 
1069  -O                                                                        (1 = 0.5%) {23.5%}
1070  -O                                                                        (1 = 0.5%) {24.1%}
1071  ... 
1075  -O                                                                        (1 = 0.5%) {24.6%}
1076  -O                                                                        (1 = 0.5%) {25.1%}
1077  ... 
1124  -O                                                                        (1 = 0.5%) {25.7%}
1125  ... 
1302  -O                                                                        (1 = 0.5%) {26.2%}
1303  ... 
1347  -O                                                                        (1 = 0.5%) {26.7%}
1348  ... 
1351  -O                                                                        (1 = 0.5%) {27.3%}
1352  ... 
1354  -O                                                                        (1 = 0.5%) {27.8%}
1355  ... 
1368  -O                                                                        (1 = 0.5%) {28.3%}
1369  ... 
1417  -O                                                                        (1 = 0.5%) {28.9%}
1418  ... 
1441  -O                                                                        (1 = 0.5%) {29.4%}
1442  ... 
1458  -O                                                                        (1 = 0.5%) {29.9%}
1459  -O                                                                        (1 = 0.5%) {30.5%}
1460  ... 
1462  -O                                                                        (1 = 0.5%) {31.0%}
1463  -O                                                                        (1 = 0.5%) {31.6%}
1464  ... 
1467  -O                                                                        (1 = 0.5%) {32.1%}
1468  ... 
1502  -O                                                                        (1 = 0.5%) {32.6%}
1503  ... 
1692  -O                                                                        (1 = 0.5%) {33.2%}
1693  -O                                                                        (1 = 0.5%) {33.7%}
1694  ... 
1827  -O                                                                        (1 = 0.5%) {34.2%}
1828  ... 
2013  -O                                                                        (1 = 0.5%) {34.8%}
2014  ... 
2077  -O                                                                        (1 = 0.5%) {35.3%}
2078  ... 
2094  -O                                                                        (1 = 0.5%) {35.8%}
2095  O                                                                         (0 = 0.0%) {36.4%}
2096  -O                                                                        (1 = 0.5%) {36.4%}
2097  ... 
2100  -O                                                                        (1 = 0.5%) {36.9%}
2101  ... 
2112  -O                                                                        (1 = 0.5%) {37.4%}
2113  ... 
2121  -O                                                                        (1 = 0.5%) {38.0%}
2122  ... 
2157  -O                                                                        (1 = 0.5%) {38.5%}
2158  ... 
2188  -O                                                                        (1 = 0.5%) {39.0%}
2189  O                                                                         (0 = 0.0%) {39.6%}
2190  -O                                                                        (1 = 0.5%) {39.6%}
2191  -O                                                                        (1 = 0.5%) {40.1%}
2192  ... 
2195  -O                                                                        (1 = 0.5%) {40.6%}
2196  ... 
2203  -O                                                                        (1 = 0.5%) {41.2%}
2204  -O                                                                        (1 = 0.5%) {41.7%}
2205  ... 
2217  -O                                                                        (1 = 0.5%) {42.2%}
2218  ... 
2226  -O                                                                        (1 = 0.5%) {42.8%}
2227  O                                                                         (0 = 0.0%) {43.3%}
2228  -O                                                                        (1 = 0.5%) {43.3%}
2229  -O                                                                        (1 = 0.5%) {43.9%}
2230  ... 
2236  -O                                                                        (1 = 0.5%) {44.4%}
2237  ... 
2298  -O                                                                        (1 = 0.5%) {44.9%}
2299  ... 
2314  -O                                                                        (1 = 0.5%) {45.5%}
2315  ... 
2319  -O                                                                        (1 = 0.5%) {46.0%}
2320  ... 
2322  -O                                                                        (1 = 0.5%) {46.5%}
2323  ... 
2347  -O                                                                        (1 = 0.5%) {47.1%}
2348  ... 
2355  -O                                                                        (1 = 0.5%) {47.6%}
2356  ... 
2361  -O                                                                        (1 = 0.5%) {48.1%}
2362  ... 
2387  -O                                                                        (1 = 0.5%) {48.7%}
2388  -O                                                                        (1 = 0.5%) {49.2%}
2389  ... 
2399  -O                                                                        (1 = 0.5%) {49.7%}
2400  ... 
2413  -O                                                                        (1 = 0.5%) {50.3%}
2414  ... 
2429  -O                                                                        (1 = 0.5%) {50.8%}
2430  O                                                                         (0 = 0.0%) {51.3%}
2431  -O                                                                        (1 = 0.5%) {51.3%}
2432  ... 
2487  -O                                                                        (1 = 0.5%) {51.9%}
2488  ... 
2518  -O                                                                        (1 = 0.5%) {52.4%}
2519  ... 
2598  -O                                                                        (1 = 0.5%) {52.9%}
2599  ... 
2618  -O                                                                        (1 = 0.5%) {53.5%}
2619  ... 
2654  -O                                                                        (1 = 0.5%) {54.0%}
2655  -O                                                                        (1 = 0.5%) {54.5%}
2656  -O                                                                        (1 = 0.5%) {55.1%}
2657  -O                                                                        (1 = 0.5%) {55.6%}
2658  -O                                                                        (1 = 0.5%) {56.1%}
2659  -O                                                                        (1 = 0.5%) {56.7%}
2660  -O                                                                        (1 = 0.5%) {57.2%}
2661  -O                                                                        (1 = 0.5%) {57.8%}
2662  -O                                                                        (1 = 0.5%) {58.3%}
2663  -O                                                                        (1 = 0.5%) {58.8%}
2664  ... 
2699  -O                                                                        (1 = 0.5%) {59.4%}
2700  -O                                                                        (1 = 0.5%) {59.9%}
2701  -O                                                                        (1 = 0.5%) {60.4%}
2702  -O                                                                        (1 = 0.5%) {61.0%}
2703  -O                                                                        (1 = 0.5%) {61.5%}
2704  -O                                                                        (1 = 0.5%) {62.0%}
2705  -O                                                                        (1 = 0.5%) {62.6%}
2706  -O                                                                        (1 = 0.5%) {63.1%}
2707  -O                                                                        (1 = 0.5%) {63.6%}
2708  ... 
2710  -O                                                                        (1 = 0.5%) {64.2%}
2711  -O                                                                        (1 = 0.5%) {64.7%}
2712  ... 
2714  -O                                                                        (1 = 0.5%) {65.2%}
2715  -O                                                                        (1 = 0.5%) {65.8%}
2716  -O                                                                        (1 = 0.5%) {66.3%}
2717  ... 
2723  -O                                                                        (1 = 0.5%) {66.8%}
2724  ... 
2738  -O                                                                        (1 = 0.5%) {67.4%}
2739  ... 
2769  -O                                                                        (1 = 0.5%) {67.9%}
2770  ... 
2789  -O                                                                        (1 = 0.5%) {68.4%}
2790  -O                                                                        (1 = 0.5%) {69.0%}
2791  -O                                                                        (1 = 0.5%) {69.5%}
2792  -O                                                                        (1 = 0.5%) {70.1%}
2793  ... 
2841  -O                                                                        (1 = 0.5%) {70.6%}
2842  ... 
2903  -O                                                                        (1 = 0.5%) {71.1%}
2904  -O                                                                        (1 = 0.5%) {71.7%}
2905  ... 
2927  -O                                                                        (1 = 0.5%) {72.2%}
2928  ... 
2935  -O                                                                        (1 = 0.5%) {72.7%}
2936  ... 
3004  -O                                                                        (1 = 0.5%) {73.3%}
3005  ... 
3019  -O                                                                        (1 = 0.5%) {73.8%}
3020  -O                                                                        (1 = 0.5%) {74.3%}
3021  ... 
3028  -O                                                                        (1 = 0.5%) {74.9%}
3029  ... 
3066  -O                                                                        (1 = 0.5%) {75.4%}
3067  ... 
3116  -O                                                                        (1 = 0.5%) {75.9%}
3117  ... 
3157  -O                                                                        (1 = 0.5%) {76.5%}
3158  ... 
3189  -O                                                                        (1 = 0.5%) {77.0%}
3190  ... 
3198  -O                                                                        (1 = 0.5%) {77.5%}
3199  ... 
3254  -O                                                                        (1 = 0.5%) {78.1%}
3255  ... 
3258  -O                                                                        (1 = 0.5%) {78.6%}
3259  ... 
3273  -O                                                                        (1 = 0.5%) {79.1%}
3274  O                                                                         (0 = 0.0%) {79.7%}
3275  -O                                                                        (1 = 0.5%) {79.7%}
3276  ... 
3279  -O                                                                        (1 = 0.5%) {80.2%}
3280  ... 
3307  -O                                                                        (1 = 0.5%) {80.7%}
3308  -O                                                                        (1 = 0.5%) {81.3%}
3309  ... 
3349  -O                                                                        (1 = 0.5%) {81.8%}
3350  ... 
3359  -O                                                                        (1 = 0.5%) {82.4%}
3360  ... 
3408  -O                                                                        (1 = 0.5%) {82.9%}
3409  -O                                                                        (1 = 0.5%) {83.4%}
3410  ... 
3444  -O                                                                        (1 = 0.5%) {84.0%}
3445  ... 
3580  -O                                                                        (1 = 0.5%) {84.5%}
3581  -O                                                                        (1 = 0.5%) {85.0%}
3582  ... 
3698  -O                                                                        (1 = 0.5%) {85.6%}
3699  ... 
3789  -O                                                                        (1 = 0.5%) {86.1%}
3790  -O                                                                        (1 = 0.5%) {86.6%}
3791  ... 
3803  -O                                                                        (1 = 0.5%) {87.2%}
3804  ... 
3870  -O                                                                        (1 = 0.5%) {87.7%}
3871  ... 
3945  -O                                                                        (1 = 0.5%) {88.2%}
3946  ... 
3973  -O                                                                        (1 = 0.5%) {88.8%}
3974  ... 
4007  -O                                                                        (1 = 0.5%) {89.3%}
4008  ... 
4079  -O                                                                        (1 = 0.5%) {89.8%}
4080  ... 
4113  -O                                                                        (1 = 0.5%) {90.4%}
4114  ... 
4161  -O                                                                        (1 = 0.5%) {90.9%}
4162  ... 
4177  -O                                                                        (1 = 0.5%) {91.4%}
4178  ... 
4194  -O                                                                        (1 = 0.5%) {92.0%}
4195  O                                                                         (0 = 0.0%) {92.5%}
4196  -O                                                                        (1 = 0.5%) {92.5%}
4197  ... 
4240  -O                                                                        (1 = 0.5%) {93.0%}
4241  O                                                                         (0 = 0.0%) {93.6%}
4242  -O                                                                        (1 = 0.5%) {93.6%}
4243  ... 
4307  -O                                                                        (1 = 0.5%) {94.1%}
4308  ... 
4317  -O                                                                        (1 = 0.5%) {94.7%}
4318  ... 
4372  -O                                                                        (1 = 0.5%) {95.2%}
4373  ... 
4379  -O                                                                        (1 = 0.5%) {95.7%}
4380  ... 
4419  -O                                                                        (1 = 0.5%) {96.3%}
4420  ... 
4561  -O                                                                        (1 = 0.5%) {96.8%}
4562  ... 
4673  -O                                                                        (1 = 0.5%) {97.3%}
4674  ... 
4743  -O                                                                        (1 = 0.5%) {97.9%}
4744  ... 
4877  -O                                                                        (1 = 0.5%) {98.4%}
4878  ... 
4961  -O                                                                        (1 = 0.5%) {98.9%}
4962  ... 
4994  -O                                                                        (1 = 0.5%) {99.5%}
4995  ... 

Histogram: Blink.UseCounter.MainFrame.Features recorded 187 samples, mean = 2270.2 (flags = 0x41)
0     ... 
13    -O                                                                        (1 = 0.5%) {0.0%}
14    ... 
16    -O                                                                        (1 = 0.5%) {0.5%}
17    ... 
52    -O                                                                        (1 = 0.5%) {1.1%}
53    ... 
69    -O                                                                        (1 = 0.5%) {1.6%}
70    ... 
123   -O                                                                        (1 = 0.5%) {2.1%}
124   -O                                                                        (1 = 0.5%) {2.7%}
125   -O                                                                        (1 = 0.5%) {3.2%}
126   ... 
138   -O                                                                        (1 = 0.5%) {3.7%}
139   ... 
240   -O                                                                        (1 = 0.5%) {4.3%}
241   ... 
250   -O                                                                        (1 = 0.5%) {4.8%}
251   ... 
429   -O                                                                        (1 = 0.5%) {5.3%}
430   -O                                                                        (1 = 0.5%) {5.9%}
431   -O                                                                        (1 = 0.5%) {6.4%}
432   -O                                                                        (1 = 0.5%) {7.0%}
433   ... 
469   -O                                                                        (1 = 0.5%) {7.5%}
470   ... 
494   -O                                                                        (1 = 0.5%) {8.0%}
495   ... 
522   -O                                                                        (1 = 0.5%) {8.6%}
523   -O                                                                        (1 = 0.5%) {9.1%}
524   -O                                                                        (1 = 0.5%) {9.6%}
525   ... 
540   -O                                                                        (1 = 0.5%) {10.2%}
541   ... 
587   -O                                                                        (1 = 0.5%) {10.7%}
588   -O                                                                        (1 = 0.5%) {11.2%}
589   ... 
675   -O                                                                        (1 = 0.5%) {11.8%}
676   O                                                                         (0 = 0.0%) {12.3%}
677   -O                                                                        (1 = 0.5%) {12.3%}
678   ... 
710   -O                                                                        (1 = 0.5%) {12.8%}
711   -O                                                                        (1 = 0.5%) {13.4%}
712   -O                                                                        (1 = 0.5%) {13.9%}
713   ... 
717   -O                                                                        (1 = 0.5%) {14.4%}
718   ... 
730   -O                                                                        (1 = 0.5%) {15.0%}
731   ... 
744   -O                                                                        (1 = 0.5%) {15.5%}
745   ... 
780   -O                                                                        (1 = 0.5%) {16.0%}
781   -O                                                                        (1 = 0.5%) {16.6%}
782   ... 
786   -O                                                                        (1 = 0.5%) {17.1%}
787   -O                                                                        (1 = 0.5%) {17.6%}
788   ... 
804   -O                                                                        (1 = 0.5%) {18.2%}
805   ... 
900   -O                                                                        (1 = 0.5%) {18.7%}
901   -O                                                                        (1 = 0.5%) {19.3%}
902   ... 
907   -O                                                                        (1 = 0.5%) {19.8%}
908   ... 
954   -O                                                                        (1 = 0.5%) {20.3%}
955   ... 
970   -O                                                                        (1 = 0.5%) {20.9%}
971   O                                                                         (0 = 0.0%) {21.4%}
972   -O                                                                        (1 = 0.5%) {21.4%}
973   -O                                                                        (1 = 0.5%) {21.9%}
974   ... 
976   -O                                                                        (1 = 0.5%) {22.5%}
977   ... 
1023  -O                                                                        (1 = 0.5%) {23.0%}
1024  ... 
1069  -O                                                                        (1 = 0.5%) {23.5%}
1070  -O                                                                        (1 = 0.5%) {24.1%}
1071  ... 
1075  -O                                                                        (1 = 0.5%) {24.6%}
1076  -O                                                                        (1 = 0.5%) {25.1%}
1077  ... 
1124  -O                                                                        (1 = 0.5%) {25.7%}
1125  ... 
1302  -O                                                                        (1 = 0.5%) {26.2%}
1303  ... 
1347  -O                                                                        (1 = 0.5%) {26.7%}
1348  ... 
1351  -O                                                                        (1 = 0.5%) {27.3%}
1352  ... 
1354  -O                                                                        (1 = 0.5%) {27.8%}
1355  ... 
1368  -O                                                                        (1 = 0.5%) {28.3%}
1369  ... 
1417  -O                                                                        (1 = 0.5%) {28.9%}
1418  ... 
1441  -O                                                                        (1 = 0.5%) {29.4%}
1442  ... 
1458  -O                                                                        (1 = 0.5%) {29.9%}
1459  -O                                                                        (1 = 0.5%) {30.5%}
1460  ... 
1462  -O                                                                        (1 = 0.5%) {31.0%}
1463  -O                                                                        (1 = 0.5%) {31.6%}
1464  ... 
1467  -O                                                                        (1 = 0.5%) {32.1%}
1468  ... 
1502  -O                                                                        (1 = 0.5%) {32.6%}
1503  ... 
1692  -O                                                                        (1 = 0.5%) {33.2%}
1693  -O                                                                        (1 = 0.5%) {33.7%}
1694  ... 
1827  -O                                                                        (1 = 0.5%) {34.2%}
1828  ... 
2013  -O                                                                        (1 = 0.5%) {34.8%}
2014  ... 
2077  -O                                                                        (1 = 0.5%) {35.3%}
2078  ... 
2094  -O                                                                        (1 = 0.5%) {35.8%}
2095  O                                                                         (0 = 0.0%) {36.4%}
2096  -O                                                                        (1 = 0.5%) {36.4%}
2097  ... 
2100  -O                                                                        (1 = 0.5%) {36.9%}
2101  ... 
2112  -O                                                                        (1 = 0.5%) {37.4%}
2113  ... 
2121  -O                                                                        (1 = 0.5%) {38.0%}
2122  ... 
2157  -O                                                                        (1 = 0.5%) {38.5%}
2158  ... 
2188  -O                                                                        (1 = 0.5%) {39.0%}
2189  O                                                                         (0 = 0.0%) {39.6%}
2190  -O                                                                        (1 = 0.5%) {39.6%}
2191  -O                                                                        (1 = 0.5%) {40.1%}
2192  ... 
2195  -O                                                                        (1 = 0.5%) {40.6%}
2196  ... 
2203  -O                                                                        (1 = 0.5%) {41.2%}
2204  -O                                                                        (1 = 0.5%) {41.7%}
2205  ... 
2217  -O                                                                        (1 = 0.5%) {42.2%}
2218  ... 
2226  -O                                                                        (1 = 0.5%) {42.8%}
2227  O                                                                         (0 = 0.0%) {43.3%}
2228  -O                                                                        (1 = 0.5%) {43.3%}
2229  -O                                                                        (1 = 0.5%) {43.9%}
2230  ... 
2236  -O                                                                        (1 = 0.5%) {44.4%}
2237  ... 
2298  -O                                                                        (1 = 0.5%) {44.9%}
2299  ... 
2314  -O                                                                        (1 = 0.5%) {45.5%}
2315  ... 
2319  -O                                                                        (1 = 0.5%) {46.0%}
2320  ... 
2322  -O                                                                        (1 = 0.5%) {46.5%}
2323  ... 
2347  -O                                                                        (1 = 0.5%) {47.1%}
2348  ... 
2355  -O                                                                        (1 = 0.5%) {47.6%}
2356  ... 
2361  -O                                                                        (1 = 0.5%) {48.1%}
2362  ... 
2387  -O                                                                        (1 = 0.5%) {48.7%}
2388  -O                                                                        (1 = 0.5%) {49.2%}
2389  ... 
2399  -O                                                                        (1 = 0.5%) {49.7%}
2400  ... 
2413  -O                                                                        (1 = 0.5%) {50.3%}
2414  ... 
2429  -O                                                                        (1 = 0.5%) {50.8%}
2430  O                                                                         (0 = 0.0%) {51.3%}
2431  -O                                                                        (1 = 0.5%) {51.3%}
2432  ... 
2487  -O                                                                        (1 = 0.5%) {51.9%}
2488  ... 
2518  -O                                                                        (1 = 0.5%) {52.4%}
2519  ... 
2598  -O                                                                        (1 = 0.5%) {52.9%}
2599  ... 
2618  -O                                                                        (1 = 0.5%) {53.5%}
2619  ... 
2654  -O                                                                        (1 = 0.5%) {54.0%}
2655  -O                                                                        (1 = 0.5%) {54.5%}
2656  -O                                                                        (1 = 0.5%) {55.1%}
2657  -O                                                                        (1 = 0.5%) {55.6%}
2658  -O                                                                        (1 = 0.5%) {56.1%}
2659  -O                                                                        (1 = 0.5%) {56.7%}
2660  -O                                                                        (1 = 0.5%) {57.2%}
2661  -O                                                                        (1 = 0.5%) {57.8%}
2662  -O                                                                        (1 = 0.5%) {58.3%}
2663  -O                                                                        (1 = 0.5%) {58.8%}
2664  ... 
2699  -O                                                                        (1 = 0.5%) {59.4%}
2700  -O                                                                        (1 = 0.5%) {59.9%}
2701  -O                                                                        (1 = 0.5%) {60.4%}
2702  -O                                                                        (1 = 0.5%) {61.0%}
2703  -O                                                                        (1 = 0.5%) {61.5%}
2704  -O                                                                        (1 = 0.5%) {62.0%}
2705  -O                                                                        (1 = 0.5%) {62.6%}
2706  -O                                                                        (1 = 0.5%) {63.1%}
2707  -O                                                                        (1 = 0.5%) {63.6%}
2708  ... 
2710  -O                                                                        (1 = 0.5%) {64.2%}
2711  -O                                                                        (1 = 0.5%) {64.7%}
2712  ... 
2714  -O                                                                        (1 = 0.5%) {65.2%}
2715  -O                                                                        (1 = 0.5%) {65.8%}
2716  -O                                                                        (1 = 0.5%) {66.3%}
2717  ... 
2723  -O                                                                        (1 = 0.5%) {66.8%}
2724  ... 
2738  -O                                                                        (1 = 0.5%) {67.4%}
2739  ... 
2769  -O                                                                        (1 = 0.5%) {67.9%}
2770  ... 
2789  -O                                                                        (1 = 0.5%) {68.4%}
2790  -O                                                                        (1 = 0.5%) {69.0%}
2791  -O                                                                        (1 = 0.5%) {69.5%}
2792  -O                                                                        (1 = 0.5%) {70.1%}
2793  ... 
2841  -O                                                                        (1 = 0.5%) {70.6%}
2842  ... 
2903  -O                                                                        (1 = 0.5%) {71.1%}
2904  -O                                                                        (1 = 0.5%) {71.7%}
2905  ... 
2927  -O                                                                        (1 = 0.5%) {72.2%}
2928  ... 
2935  -O                                                                        (1 = 0.5%) {72.7%}
2936  ... 
3004  -O                                                                        (1 = 0.5%) {73.3%}
3005  ... 
3019  -O                                                                        (1 = 0.5%) {73.8%}
3020  -O                                                                        (1 = 0.5%) {74.3%}
3021  ... 
3028  -O                                                                        (1 = 0.5%) {74.9%}
3029  ... 
3066  -O                                                                        (1 = 0.5%) {75.4%}
3067  ... 
3116  -O                                                                        (1 = 0.5%) {75.9%}
3117  ... 
3157  -O                                                                        (1 = 0.5%) {76.5%}
3158  ... 
3189  -O                                                                        (1 = 0.5%) {77.0%}
3190  ... 
3198  -O                                                                        (1 = 0.5%) {77.5%}
3199  ... 
3254  -O                                                                        (1 = 0.5%) {78.1%}
3255  ... 
3258  -O                                                                        (1 = 0.5%) {78.6%}
3259  ... 
3273  -O                                                                        (1 = 0.5%) {79.1%}
3274  O                                                                         (0 = 0.0%) {79.7%}
3275  -O                                                                        (1 = 0.5%) {79.7%}
3276  ... 
3279  -O                                                                        (1 = 0.5%) {80.2%}
3280  ... 
3307  -O                                                                        (1 = 0.5%) {80.7%}
3308  -O                                                                        (1 = 0.5%) {81.3%}
3309  ... 
3349  -O                                                                        (1 = 0.5%) {81.8%}
3350  ... 
3359  -O                                                                        (1 = 0.5%) {82.4%}
3360  ... 
3408  -O                                                                        (1 = 0.5%) {82.9%}
3409  -O                                                                        (1 = 0.5%) {83.4%}
3410  ... 
3444  -O                                                                        (1 = 0.5%) {84.0%}
3445  ... 
3580  -O                                                                        (1 = 0.5%) {84.5%}
3581  -O                                                                        (1 = 0.5%) {85.0%}
3582  ... 
3698  -O                                                                        (1 = 0.5%) {85.6%}
3699  ... 
3789  -O                                                                        (1 = 0.5%) {86.1%}
3790  -O                                                                        (1 = 0.5%) {86.6%}
3791  ... 
3803  -O                                                                        (1 = 0.5%) {87.2%}
3804  ... 
3870  -O                                                                        (1 = 0.5%) {87.7%}
3871  ... 
3945  -O                                                                        (1 = 0.5%) {88.2%}
3946  ... 
3973  -O                                                                        (1 = 0.5%) {88.8%}
3974  ... 
4007  -O                                                                        (1 = 0.5%) {89.3%}
4008  ... 
4079  -O                                                                        (1 = 0.5%) {89.8%}
4080  ... 
4113  -O                                                                        (1 = 0.5%) {90.4%}
4114  ... 
4161  -O                                                                        (1 = 0.5%) {90.9%}
4162  ... 
4177  -O                                                                        (1 = 0.5%) {91.4%}
4178  ... 
4194  -O                                                                        (1 = 0.5%) {92.0%}
4195  O                                                                         (0 = 0.0%) {92.5%}
4196  -O                                                                        (1 = 0.5%) {92.5%}
4197  ... 
4240  -O                                                                        (1 = 0.5%) {93.0%}
4241  O                                                                         (0 = 0.0%) {93.6%}
4242  -O                                                                        (1 = 0.5%) {93.6%}
4243  ... 
4307  -O                                                                        (1 = 0.5%) {94.1%}
4308  ... 
4317  -O                                                                        (1 = 0.5%) {94.7%}
4318  ... 
4372  -O                                                                        (1 = 0.5%) {95.2%}
4373  ... 
4379  -O                                                                        (1 = 0.5%) {95.7%}
4380  ... 
4419  -O                                                                        (1 = 0.5%) {96.3%}
4420  ... 
4561  -O                                                                        (1 = 0.5%) {96.8%}
4562  ... 
4673  -O                                                                        (1 = 0.5%) {97.3%}
4674  ... 
4743  -O                                                                        (1 = 0.5%) {97.9%}
4744  ... 
4877  -O                                                                        (1 = 0.5%) {98.4%}
4878  ... 
4961  -O                                                                        (1 = 0.5%) {98.9%}
4962  ... 
4994  -O                                                                        (1 = 0.5%) {99.5%}
4995  ... 

Histogram: Blink.UseCounter.PermissionsPolicy.Allow2 recorded 0 samples (flags = 0x41)
0 ... 

Histogram: Blink.UseCounter.PermissionsPolicy.Header2 recorded 0 samples (flags = 0x41)
0 ... 

Histogram: Blink.UseCounter.PermissionsPolicy.Violation.Enforce recorded 0 samples (flags = 0x41)
0 ... 

Histogram: Blink.UseCounter.WebDXFeatures recorded 15 samples, mean = 37.7 (flags = 0x41)
0   ... 
5   -O                                                                        (1 = 6.7%) {0.0%}
6   ... 
8   -O                                                                        (1 = 6.7%) {6.7%}
9   -O                                                                        (1 = 6.7%) {13.3%}
10  O                                                                         (0 = 0.0%) {20.0%}
11  -O                                                                        (1 = 6.7%) {20.0%}
12  ... 
27  -O                                                                        (1 = 6.7%) {26.7%}
28  -O                                                                        (1 = 6.7%) {33.3%}
29  -O                                                                        (1 = 6.7%) {40.0%}
30  ... 
38  -O                                                                        (1 = 6.7%) {46.7%}
39  -O                                                                        (1 = 6.7%) {53.3%}
40  ... 
45  -O                                                                        (1 = 6.7%) {60.0%}
46  -O                                                                        (1 = 6.7%) {66.7%}
47  ... 
58  -O                                                                        (1 = 6.7%) {73.3%}
59  ... 
68  -O                                                                        (1 = 6.7%) {80.0%}
69  ... 
71  -O                                                                        (1 = 6.7%) {86.7%}
72  ... 
83  -O                                                                        (1 = 6.7%) {93.3%}
84  ... 

Histogram: Blink.UserDrivenDocumentUpdate.UpdateTime.PreFCP recorded 1 samples, mean = 18.0 (flags = 0x41)
0   ... 
15  -O                                                                        (1 = 100.0%) {0.0%}
21  ... 

Histogram: Bookmarks.BookmarkBar.Shown recorded 1 samples, mean = 0.0 (flags = 0x41)
0  -O                                                                        (1 = 100.0%)
1  ... 

Histogram: Bookmarks.Count.OnProfileLoad3 recorded 1 samples, mean = 0.0 (flags = 0x41)
0  -O                                                                        (1 = 100.0%)
1  ... 

Histogram: Bookmarks.Storage.TimeToLoadAtStartup2 recorded 1 samples, mean = 2593.0 (flags = 0x41)
0     ... 
2516  -O                                                                        (1 = 100.0%) {0.0%}
2990  ... 

Histogram: Bookmarks.Times.OnProfileLoad.TimeSinceAdded3 recorded 1 samples, mean = 0.0 (flags = 0x41)
0  -O                                                                        (1 = 100.0%)
1  ... 

Histogram: Bookmarks.Utilization.OnProfileLoad.PercentageUsed recorded 1 samples, mean = 0.0 (flags = 0x41)
0  -O                                                                        (1 = 100.0%)
1  ... 

Histogram: Bookmarks.Utilization.OnProfileLoad.TotalUnused recorded 1 samples, mean = 0.0 (flags = 0x41)
0  -O                                                                        (1 = 100.0%)
1  ... 

Histogram: Bookmarks.Utilization.OnProfileLoad.TotalUsed recorded 1 samples, mean = 0.0 (flags = 0x41)
0  -O                                                                        (1 = 100.0%)
1  ... 

Histogram: BrotliFilter.CompressionPercent recorded 33 samples, mean = 35.1 (flags = 0x41)
0    ... 
10   -O                                                                        (1 = 3.0%) {0.0%}
11   --O                                                                       (2 = 6.1%) {3.0%}
12   -O                                                                        (1 = 3.0%) {9.1%}
13   O                                                                         (0 = 0.0%) {12.1%}
14   -O                                                                        (1 = 3.0%) {12.1%}
15   O                                                                         (0 = 0.0%) {15.2%}
16   --O                                                                       (2 = 6.1%) {15.2%}
17   -O                                                                        (1 = 3.0%) {21.2%}
18   -O                                                                        (1 = 3.0%) {24.2%}
19   ... 
22   -O                                                                        (1 = 3.0%) {27.3%}
23   -O                                                                        (1 = 3.0%) {30.3%}
24   -O                                                                        (1 = 3.0%) {33.3%}
25   -O                                                                        (1 = 3.0%) {36.4%}
26   -O                                                                        (1 = 3.0%) {39.4%}
27   O                                                                         (0 = 0.0%) {42.4%}
28   -O                                                                        (1 = 3.0%) {42.4%}
29   ---O                                                                      (3 = 9.1%) {45.5%}
30   --O                                                                       (2 = 6.1%) {54.5%}
31   O                                                                         (0 = 0.0%) {60.6%}
32   -O                                                                        (1 = 3.0%) {60.6%}
33   -O                                                                        (1 = 3.0%) {63.6%}
34   -O                                                                        (1 = 3.0%) {66.7%}
35   ... 
38   -O                                                                        (1 = 3.0%) {69.7%}
39   --O                                                                       (2 = 6.1%) {72.7%}
40   ... 
43   -O                                                                        (1 = 3.0%) {78.8%}
44   ... 
46   -O                                                                        (1 = 3.0%) {81.8%}
47   --O                                                                       (2 = 6.1%) {84.8%}
48   ... 
84   -O                                                                        (1 = 3.0%) {90.9%}
85   ... 
101  --O                                                                       (2 = 6.1%) {93.9%}

Histogram: BrotliFilter.Status recorded 33 samples, mean = 1.0 (flags = 0x41)
0  O                                                                         (0 = 0.0%)
1  ---------------------------------O                                        (33 = 100.0%) {0.0%}
2  ... 

Histogram: BrotliFilter.UsedMemoryKB recorded 33 samples, mean = 219.2 (flags = 0x41)
0    ... 
16   --O                                                                       (2 = 6.1%) {0.0%}
20   O                                                                         (0 = 0.0%) {6.1%}
25   ---O                                                                      (3 = 9.1%) {6.1%}
31   -------O                                                                  (7 = 21.2%) {15.2%}
39   O                                                                         (0 = 0.0%) {36.4%}
49   --O                                                                       (2 = 6.1%) {36.4%}
61   O                                                                         (0 = 0.0%) {42.4%}
76   ----O                                                                     (4 = 12.1%) {42.4%}
95   O                                                                         (0 = 0.0%) {54.5%}
119  ---O                                                                      (3 = 9.1%) {54.5%}
149  O                                                                         (0 = 0.0%) {63.6%}
187  -O                                                                        (1 = 3.0%) {63.6%}
234  ... 
367  -------O                                                                  (7 = 21.2%) {66.7%}
460  O                                                                         (0 = 0.0%) {87.9%}
576  -O                                                                        (1 = 3.0%) {87.9%}
722  ---O                                                                      (3 = 9.1%) {90.9%}
905  ... 

Histogram: Browser.MainThreadsCongestion.RunningOnly recorded 1 samples, mean = 0.0 (flags = 0x41)
0  -O                                                                        (1 = 100.0%)
1  ... 

Histogram: Browser.MainThreadsCongestion.RunningOnly.Initial recorded 1 samples, mean = 0.0 (flags = 0x41)
0  -O                                                                        (1 = 100.0%)
1  ... 

Histogram: Browser.Responsiveness.IOJanksTotalPerMinute recorded 1 samples, mean = 0.0 (flags = 0x41)
0  -O                                                                        (1 = 100.0%)
1  ... 

Histogram: Browser.Responsiveness.IOJankyIntervalsPerMinute recorded 1 samples, mean = 0.0 (flags = 0x41)
0  -O                                                                        (1 = 100.0%)
1  ... 

Histogram: BrowserRenderProcessHost.Cleanup.DelayReason recorded 8 samples, mean = 5.6 (flags = 0x41)
0  ---O                                                                      (3 = 37.5%)
1  ... 
9  -----O                                                                    (5 = 62.5%) {37.5%}
10 ... 

Histogram: BrowserRenderProcessHost.Cleanup.Total recorded 8 samples, mean = 1.0 (flags = 0x41)
0  O                                                                         (0 = 0.0%)
1  --------O                                                                 (8 = 100.0%) {0.0%}
2  O                                                                         (0 = 0.0%) {100.0%}

Histogram: BrowserRenderProcessHost.ExistingRendererIsInitializedAndNotDead recorded 1 samples, mean = 1.0 (flags = 0x41)
0  O                                                                         (0 = 0.0%)
1  -O                                                                        (1 = 100.0%) {0.0%}
2  O                                                                         (0 = 0.0%) {100.0%}

Histogram: BrowserRenderProcessHost.FastShutdownIfPossible.DelayReason recorded 1 samples, mean = 4.0 (flags = 0x41)
0  ... 
4  -O                                                                        (1 = 100.0%) {0.0%}
5  ... 

Histogram: BrowserRenderProcessHost.FastShutdownIfPossible.Total recorded 1 samples, mean = 1.0 (flags = 0x41)
0  O                                                                         (0 = 0.0%)
1  -O                                                                        (1 = 100.0%) {0.0%}
2  O                                                                         (0 = 0.0%) {100.0%}

Histogram: BrowserRenderProcessHost.SpareProcessEvictedOtherSpare recorded 2 samples, mean = 0.0 (flags = 0x41)
0  --O                                                                       (2 = 100.0%)
1  ... 

Histogram: BrowserRenderProcessHost.SpareProcessMaybeTakeAction recorded 2 samples, mean = 2.0 (flags = 0x41)
0  -O                                                                        (1 = 50.0%)
1  ... 
4  -O                                                                        (1 = 50.0%) {50.0%}
5  ... 

Histogram: BrowserRenderProcessHost.SpareProcessStartupTime recorded 2 samples, mean = 1439.0 (flags = 0x41)
0     ... 
318   -O                                                                        (1 = 50.0%) {0.0%}
378   ... 
2516  -O                                                                        (1 = 50.0%) {50.0%}
2990  ... 

Histogram: BrowserSwitcher.ExternalGreylistSize recorded 1 samples, mean = 0.0 (flags = 0x41)
0  -O                                                                        (1 = 100.0%)
1  ... 

Histogram: BrowserSwitcher.ExternalSitelistSize recorded 1 samples, mean = 0.0 (flags = 0x41)
0  -O                                                                        (1 = 100.0%)
1  ... 

Histogram: BrowserSwitcher.IeemSitelistSize recorded 1 samples, mean = 0.0 (flags = 0x41)
0  -O                                                                        (1 = 100.0%)
1  ... 

Histogram: BrowsingTopics.BrowsingTopicsState.LoadFinishStatus recorded 1 samples, mean = 1.0 (flags = 0x41)
0  O                                                                         (0 = 0.0%)
1  -O                                                                        (1 = 100.0%) {0.0%}
2  O                                                                         (0 = 0.0%) {100.0%}

Histogram: BrowsingTopics.SiteDataStorage.FileSize.KB recorded 1 samples, mean = 28.0 (flags = 0x41)
0   ... 
28  -O                                                                        (1 = 100.0%) {0.0%}
37  ... 

Histogram: BrowsingTopics.SiteDataStorage.InitStatus recorded 1 samples, mean = 1.0 (flags = 0x41)
0  O                                                                         (0 = 0.0%)
1  -O                                                                        (1 = 100.0%) {0.0%}
2  O                                                                         (0 = 0.0%) {100.0%}

Histogram: CertificateType2.BR.Intermediate.ECDSA recorded 10 samples, mean = 268.8 (flags = 0x41)
0    ... 
256  ---------O                                                                (9 = 90.0%) {0.0%}
257  ... 
384  -O                                                                        (1 = 10.0%) {90.0%}
385  ... 

Histogram: CertificateType2.BR.Intermediate.RSA recorded 4 samples, mean = 2048.0 (flags = 0x41)
0     ... 
2048  ----O                                                                     (4 = 100.0%) {0.0%}
2049  ... 

Histogram: CertificateType2.BR.Leaf.ECDSA recorded 12 samples, mean = 256.0 (flags = 0x41)
0    ... 
256  ------------O                                                             (12 = 100.0%) {0.0%}
257  ... 

Histogram: CertificateType2.BR.Leaf.RSA recorded 2 samples, mean = 2048.0 (flags = 0x41)
0     ... 
2048  --O                                                                       (2 = 100.0%) {0.0%}
2049  ... 

Histogram: CertificateType2.BR.Root.ECDSA recorded 9 samples, mean = 384.0 (flags = 0x41)
0    ... 
384  ---------O                                                                (9 = 100.0%) {0.0%}
385  ... 

Histogram: CertificateType2.BR.Root.RSA recorded 5 samples, mean = 3276.8 (flags = 0x41)
0     ... 
2048  --O                                                                       (2 = 40.0%) {0.0%}
2049  ... 
4096  ---O                                                                      (3 = 60.0%) {40.0%}
4097  ... 

Histogram: ChildProcess.Launched.UtilityProcessHash recorded 3 samples (flags = 0x41)
-2043041185 -O                                                                        (1 = 33.3%)
-1468742076 -O                                                                        (1 = 33.3%)
1411170475  -O                                                                        (1 = 33.3%)

Histogram: ChildProcess.ProcessLifetime.Utility recorded 3 samples, mean = 70071.0 (flags = 0x41)
0      -O                                                                        (1 = 33.3%)
1      ... 
94106  --O                                                                       (2 = 66.7%) {33.3%}
127499 ... 

Histogram: Chrome.ProcessSingleton.NotifyResult recorded 1 samples, mean = 0.0 (flags = 0x41)
0  -O                                                                        (1 = 100.0%)
1  ... 

Histogram: Chrome.ProcessSingleton.TimeToCreate recorded 1 samples, mean = 1.0 (flags = 0x41)
0  -O                                                                        (1 = 100.0%)
10 ... 

Histogram: Chrome.SystemNetworkContextManager.NetworkSandboxState recorded 4 samples, mean = 0.0 (flags = 0x41)
0  ----O                                                                     (4 = 100.0%)
1  ... 

Histogram: ChromeElf.Beacon.RetryAttemptsBeforeSuccess recorded 1 samples, mean = 0.0 (flags = 0x41)
0  -O                                                                        (1 = 100.0%)
1  ... 

Histogram: ChromeElf.Beacon.SetupStatus recorded 1 samples, mean = 1.0 (flags = 0x41)
0  O                                                                         (0 = 0.0%)
1  -O                                                                        (1 = 100.0%) {0.0%}
2  ... 

Histogram: ChromeElf.ExtensionPoint.EnableState recorded 1 samples, mean = 1.0 (flags = 0x41)
0  O                                                                         (0 = 0.0%)
1  -O                                                                        (1 = 100.0%) {0.0%}
2  O                                                                         (0 = 0.0%) {100.0%}

Histogram: ClientHints.CriticalCHRestart recorded 1 samples, mean = 0.0 (flags = 0x41)
0  -O                                                                        (1 = 100.0%)
1  ... 

Histogram: ClientHints.FetchLatency_PrefRead recorded 4 samples, mean = 14.2 (flags = 0x41)
0   ... 
4   -O                                                                        (1 = 25.0%) {0.0%}
6   O                                                                         (0 = 0.0%) {25.0%}
8   -O                                                                        (1 = 25.0%) {25.0%}
11  -O                                                                        (1 = 25.0%) {50.0%}
15  ... 
29  -O                                                                        (1 = 25.0%) {75.0%}
40  ... 

Histogram: ClientHints.FetchLatency_PrerenderHost recorded 4 samples, mean = 0.8 (flags = 0x41)
0  ---O                                                                      (3 = 75.0%)
1  ... 
3  -O                                                                        (1 = 25.0%) {75.0%}
4  ... 

Histogram: ClientHints.FetchLatency_Total recorded 4 samples, mean = 15.0 (flags = 0x41)
0   ... 
4   -O                                                                        (1 = 25.0%) {0.0%}
6   O                                                                         (0 = 0.0%) {25.0%}
8   -O                                                                        (1 = 25.0%) {25.0%}
11  -O                                                                        (1 = 25.0%) {50.0%}
15  ... 
29  -O                                                                        (1 = 25.0%) {75.0%}
40  ... 

Histogram: Compositing.Browser.CompositorFrame.Quads recorded 4 samples, mean = 1.0 (flags = 0x41)
0  O                                                                         (0 = 0.0%)
1  ----O                                                                     (4 = 100.0%) {0.0%}
2  ... 

Histogram: Compositing.Browser.LayerTreeImpl.CalculateDrawPropertiesUs recorded 5 samples, mean = 15.2 (flags = 0x41)
0   ... 
7   --O                                                                       (2 = 40.0%) {0.0%}
9   -O                                                                        (1 = 20.0%) {40.0%}
12  -O                                                                        (1 = 20.0%) {60.0%}
16  ... 
37  -O                                                                        (1 = 20.0%) {80.0%}
49  ... 

Histogram: Compositing.Browser.LayersUpdateTime recorded 5 samples, mean = 27.6 (flags = 0x41)
0   ... 
6   -O                                                                        (1 = 20.0%) {0.0%}
8   -O                                                                        (1 = 20.0%) {20.0%}
11  O                                                                         (0 = 0.0%) {40.0%}
15  -O                                                                        (1 = 20.0%) {40.0%}
21  -O                                                                        (1 = 20.0%) {60.0%}
29  ... 
76  -O                                                                        (1 = 20.0%) {80.0%}
105 ... 

Histogram: Compositing.ColorGamut recorded 10 samples, mean = 0.0 (flags = 0x41)
0  ----------O                                                               (10 = 100.0%)
1  ... 

Histogram: Compositing.DidMainThreadBlockDuringCommit recorded 6 samples, mean = 0.0 (flags = 0x41)
0  ------O                                                                   (6 = 100.0%)
1  ... 

Histogram: Compositing.DirectRenderer.OverlayProcessingUs recorded 10 samples, mean = 0.1 (flags = 0x41)
0  ----------O                                                               (10 = 100.0%)
5  ... 

Histogram: Compositing.DirectRenderer.PartialSwap.ExtraDamage recorded 10 samples, mean = 0.0 (flags = 0x41)
0  ----------O                                                               (10 = 100.0%)
1  ... 

Histogram: Compositing.DirectRenderer.PartialSwap.FrameBufferDamage recorded 10 samples, mean = 0.0 (flags = 0x41)
0  ----------O                                                               (10 = 100.0%)
1  ... 

Histogram: Compositing.DirectRenderer.PartialSwap.RootDamage recorded 10 samples, mean = 100.0 (flags = 0x41)
0    ... 
100  ----------O                                                               (10 = 100.0%) {0.0%}
101  O                                                                         (0 = 0.0%) {100.0%}

Histogram: Compositing.DirectRenderer.PartialSwap.TotalDamage recorded 10 samples, mean = 100.0 (flags = 0x41)
0    ... 
100  ----------O                                                               (10 = 100.0%) {0.0%}
101  O                                                                         (0 = 0.0%) {100.0%}

Histogram: Compositing.DirectRenderer.SkipAllNonRootRenderPassesPerFrame recorded 7 samples, mean = 0.0 (flags = 0x41)
0  -------O                                                                  (7 = 100.0%)
1  ... 

Histogram: Compositing.DirectRenderer.SkipNonRootRenderPass recorded 7 samples, mean = 0.0 (flags = 0x41)
0  -------O                                                                  (7 = 100.0%)
1  ... 

Histogram: Compositing.DirectRenderer.TotalPixelsRendered recorded 10 samples, mean = 6.8 (flags = 0x41)
0  ... 
4  ---O                                                                      (3 = 30.0%) {0.0%}
6  -------O                                                                  (7 = 70.0%) {30.0%}
9  ... 

Histogram: Compositing.Display.Draw.Occlusion.Calculation.Time recorded 10 samples, mean = 5.1 (flags = 0x41)
0   O                                                                         (0 = 0.0%)
1   -O                                                                        (1 = 10.0%) {0.0%}
2   ---O                                                                      (3 = 30.0%) {10.0%}
3   ---O                                                                      (3 = 30.0%) {40.0%}
4   -O                                                                        (1 = 10.0%) {70.0%}
5   O                                                                         (0 = 0.0%) {80.0%}
6   -O                                                                        (1 = 10.0%) {80.0%}
7   ... 
23  -O                                                                        (1 = 10.0%) {90.0%}
26  ... 

Histogram: Compositing.Display.Draw.Quads recorded 10 samples, mean = 2.4 (flags = 0x41)
0  O                                                                         (0 = 0.0%)
1  ---O                                                                      (3 = 30.0%) {0.0%}
2  O                                                                         (0 = 0.0%) {30.0%}
3  -------O                                                                  (7 = 70.0%) {30.0%}
4  ... 

Histogram: Compositing.Display.DrawToSwapUs recorded 10 samples, mean = 2767.5 (flags = 0x41)
0      ... 
227    -O                                                                        (1 = 10.0%) {0.0%}
275    O                                                                         (0 = 0.0%) {10.0%}
333    -O                                                                        (1 = 10.0%) {10.0%}
404    O                                                                         (0 = 0.0%) {20.0%}
490    -O                                                                        (1 = 10.0%) {20.0%}
594    O                                                                         (0 = 0.0%) {30.0%}
720    -O                                                                        (1 = 10.0%) {30.0%}
873    --O                                                                       (2 = 20.0%) {40.0%}
1059   --O                                                                       (2 = 20.0%) {60.0%}
1284   ... 
4081   -O                                                                        (1 = 10.0%) {80.0%}
4949   ... 
15732  -O                                                                        (1 = 10.0%) {90.0%}
19076  ... 

Histogram: Compositing.Display.FlattenedRenderPassCount recorded 10 samples, mean = 1.7 (flags = 0x41)
0  O                                                                         (0 = 0.0%)
1  ---O                                                                      (3 = 30.0%) {0.0%}
2  -------O                                                                  (7 = 70.0%) {30.0%}
3  ... 

Histogram: Compositing.Display.PendingSwaps recorded 10 samples, mean = 1.0 (flags = 0x41)
0  O                                                                         (0 = 0.0%)
1  ----------O                                                               (10 = 100.0%) {0.0%}
2  ... 

Histogram: Compositing.Display.VizDependencyResolvedToGpuStartedDrawUs recorded 10 samples, mean = 29.4 (flags = 0x41)
0   ... 
18  --O                                                                       (2 = 20.0%) {0.0%}
22  ----O                                                                     (4 = 40.0%) {20.0%}
27  --O                                                                       (2 = 20.0%) {60.0%}
33  O                                                                         (0 = 0.0%) {80.0%}
40  -O                                                                        (1 = 10.0%) {80.0%}
49  O                                                                         (0 = 0.0%) {90.0%}
59  -O                                                                        (1 = 10.0%) {90.0%}
72  ... 

Histogram: Compositing.Display.VizScheduledDrawToDependencyResolvedUs recorded 10 samples, mean = 2.4 (flags = 0x41)
0  ----------O                                                               (10 = 100.0%)
5  ... 

Histogram: Compositing.Display.VizScheduledDrawToGpuStartedDrawUs recorded 10 samples, mean = 31.8 (flags = 0x41)
0   ... 
18  -O                                                                        (1 = 10.0%) {0.0%}
22  ----O                                                                     (4 = 40.0%) {10.0%}
27  ---O                                                                      (3 = 30.0%) {50.0%}
33  O                                                                         (0 = 0.0%) {80.0%}
40  -O                                                                        (1 = 10.0%) {80.0%}
49  O                                                                         (0 = 0.0%) {90.0%}
59  -O                                                                        (1 = 10.0%) {90.0%}
72  ... 

Histogram: Compositing.Renderer.CompositorFrame.Quads recorded 6 samples, mean = 2.0 (flags = 0x41)
0  ... 
2  ------O                                                                   (6 = 100.0%) {0.0%}
3  ... 

Histogram: Compositing.Renderer.LayersUpdateTime recorded 6 samples, mean = 22.7 (flags = 0x41)
0   ... 
11  -O                                                                        (1 = 16.7%) {0.0%}
15  ----O                                                                     (4 = 66.7%) {16.7%}
21  ... 
55  -O                                                                        (1 = 16.7%) {83.3%}
76  ... 

Histogram: Compositing.Renderer.NumRenderSurfaces recorded 8 samples, mean = 1.0 (flags = 0x41)
0  O                                                                         (0 = 0.0%)
1  --------O                                                                 (8 = 100.0%) {0.0%}
2  ... 

Histogram: Compositing.SurfaceAggregator.AggregateUs recorded 10 samples, mean = 2722.6 (flags = 0x41)
0      ... 
16     -O                                                                        (1 = 10.0%) {0.0%}
21     -O                                                                        (1 = 10.0%) {10.0%}
28     O                                                                         (0 = 0.0%) {20.0%}
37     -O                                                                        (1 = 10.0%) {20.0%}
49     ---O                                                                      (3 = 30.0%) {30.0%}
65     ... 
149    -O                                                                        (1 = 10.0%) {60.0%}
196    O                                                                         (0 = 0.0%) {70.0%}
258    -O                                                                        (1 = 10.0%) {70.0%}
340    O                                                                         (0 = 0.0%) {80.0%}
448    -O                                                                        (1 = 10.0%) {80.0%}
590    ... 
21156  -O                                                                        (1 = 10.0%) {90.0%}
27864  ... 

Histogram: Compositing.SurfaceAggregator.CopiedSurfaceCount recorded 10 samples, mean = 1.7 (flags = 0x41)
0  O                                                                         (0 = 0.0%)
1  ---O                                                                      (3 = 30.0%) {0.0%}
2  -------O                                                                  (7 = 70.0%) {30.0%}
3  ... 

Histogram: Compositing.SurfaceAggregator.CopyUs recorded 10 samples, mean = 11.5 (flags = 0x41)
0   -O                                                                        (1 = 10.0%)
5   O                                                                         (0 = 0.0%) {10.0%}
6   -O                                                                        (1 = 10.0%) {10.0%}
7   -O                                                                        (1 = 10.0%) {20.0%}
8   --O                                                                       (2 = 20.0%) {30.0%}
9   --O                                                                       (2 = 20.0%) {50.0%}
11  O                                                                         (0 = 0.0%) {70.0%}
13  -O                                                                        (1 = 10.0%) {70.0%}
15  -O                                                                        (1 = 10.0%) {80.0%}
18  ... 
29  -O                                                                        (1 = 10.0%) {90.0%}
34  ... 

Histogram: Compositing.SurfaceAggregator.HasCopyRequestsPerFrame recorded 10 samples, mean = 0.6 (flags = 0x41)
0  ----O                                                                     (4 = 40.0%)
1  ------O                                                                   (6 = 60.0%) {40.0%}
2  O                                                                         (0 = 0.0%) {100.0%}

Histogram: Compositing.SurfaceAggregator.HasPixelMovingBackdropFiltersPerFrame recorded 10 samples, mean = 0.0 (flags = 0x41)
0  ----------O                                                               (10 = 100.0%)
1  ... 

Histogram: Compositing.SurfaceAggregator.HasPixelMovingFiltersPerFrame recorded 10 samples, mean = 0.0 (flags = 0x41)
0  ----------O                                                               (10 = 100.0%)
1  ... 

Histogram: Compositing.SurfaceAggregator.HasUnembeddedRenderPassesPerFrame recorded 10 samples, mean = 0.0 (flags = 0x41)
0  ----------O                                                               (10 = 100.0%)
1  ... 

Histogram: Compositing.SurfaceAggregator.PrewalkUs recorded 10 samples, mean = 2696.8 (flags = 0x41)
0      ... 
9      -O                                                                        (1 = 10.0%) {0.0%}
11     -O                                                                        (1 = 10.0%) {10.0%}
13     ... 
18     -O                                                                        (1 = 10.0%) {20.0%}
21     ... 
40     ---O                                                                      (3 = 30.0%) {30.0%}
47     ... 
75     -O                                                                        (1 = 10.0%) {60.0%}
88     ... 
266    -O                                                                        (1 = 10.0%) {70.0%}
311    ... 
426    -O                                                                        (1 = 10.0%) {80.0%}
499    ... 
10000  -O                                                                        (1 = 10.0%) {90.0%}

Histogram: Compositing.SurfaceAggregator.PrewalkedSurfaceCount recorded 10 samples, mean = 1.7 (flags = 0x41)
0  O                                                                         (0 = 0.0%)
1  ---O                                                                      (3 = 30.0%) {0.0%}
2  -------O                                                                  (7 = 70.0%) {30.0%}
3  ... 

Histogram: Compositing.SurfaceManager.MarkForDestructionToDestroy recorded 1 samples, mean = 323.0 (flags = 0x41)
0    ... 
318  -O                                                                        (1 = 100.0%) {0.0%}
378  ... 

Histogram: Content.Classification.OpenGraph recorded 1 samples, mean = 4.0 (flags = 0x41)
0  ... 
4  -O                                                                        (1 = 100.0%) {0.0%}
5  ... 

Histogram: ContentSettings.AllowStorageAccessSync recorded 2 samples, mean = 0.0 (flags = 0x41)
0  --O                                                                       (2 = 100.0%)
1  ... 

Histogram: ContentSettings.GetContentSetting.Network.Duration recorded 348 samples, mean = 0.3 (flags = 0x41)
0  ------------------------------------------------------------------------O (276 = 79.3%)
1  --------------O                                                           (52 = 14.9%) {79.3%}
2  ---O                                                                      (11 = 3.2%) {94.3%}
3  --O                                                                       (7 = 2.0%) {97.4%}
4  -O                                                                        (2 = 0.6%) {99.4%}
5  ... 

Histogram: ContentSettings.GetCookieSettingInternal.Duration recorded 101 samples, mean = 3.7 (flags = 0x41)
0   ------------O                                                             (12 = 11.9%)
1   ------------------------------------------------O                         (48 = 47.5%) {11.9%}
2   ------------O                                                             (12 = 11.9%) {59.4%}
3   --O                                                                       (2 = 2.0%) {71.3%}
4   ---O                                                                      (3 = 3.0%) {73.3%}
5   -----O                                                                    (5 = 5.0%) {76.2%}
7   -----O                                                                    (5 = 5.0%) {81.2%}
9   ----O                                                                     (4 = 4.0%) {86.1%}
12  ---O                                                                      (3 = 3.0%) {90.1%}
16  ----O                                                                     (4 = 4.0%) {93.1%}
21  --O                                                                       (2 = 2.0%) {97.0%}
28  -O                                                                        (1 = 1.0%) {99.0%}
37  ... 

Histogram: ContentSettings.NumberOfExceptions recorded 1 samples, mean = 6.0 (flags = 0x41)
0  ... 
5  -O                                                                        (1 = 100.0%) {0.0%}
7  ... 

Histogram: ContentSettings.Popups.StrongBlockerActions recorded 1 samples, mean = 0.0 (flags = 0x41)
0  -O                                                                        (1 = 100.0%)
1  ... 

Histogram: ContentSettings.RegularProfile.DefaultAutoVerifySetting recorded 1 samples, mean = 1.0 (flags = 0x41)
0  O                                                                         (0 = 0.0%)
1  -O                                                                        (1 = 100.0%) {0.0%}
2  ... 

Histogram: ContentSettings.RegularProfile.DefaultAutoplaySetting recorded 1 samples, mean = 1.0 (flags = 0x41)
0  O                                                                         (0 = 0.0%)
1  -O                                                                        (1 = 100.0%) {0.0%}
2  ... 

Histogram: ContentSettings.RegularProfile.DefaultBackgroundSyncSetting recorded 1 samples, mean = 1.0 (flags = 0x41)
0  O                                                                         (0 = 0.0%)
1  -O                                                                        (1 = 100.0%) {0.0%}
2  ... 

Histogram: ContentSettings.RegularProfile.DefaultCookiesSetting recorded 1 samples, mean = 1.0 (flags = 0x41)
0  O                                                                         (0 = 0.0%)
1  -O                                                                        (1 = 100.0%) {0.0%}
2  ... 

Histogram: ContentSettings.RegularProfile.DefaultIdleDetectionSetting recorded 1 samples, mean = 3.0 (flags = 0x41)
0  ... 
3  -O                                                                        (1 = 100.0%) {0.0%}
4  ... 

Histogram: ContentSettings.RegularProfile.DefaultImagesSetting recorded 1 samples, mean = 1.0 (flags = 0x41)
0  O                                                                         (0 = 0.0%)
1  -O                                                                        (1 = 100.0%) {0.0%}
2  ... 

Histogram: ContentSettings.RegularProfile.DefaultJavaScriptSetting recorded 1 samples, mean = 1.0 (flags = 0x41)
0  O                                                                         (0 = 0.0%)
1  -O                                                                        (1 = 100.0%) {0.0%}
2  ... 

Histogram: ContentSettings.RegularProfile.DefaultLocationSetting recorded 1 samples, mean = 3.0 (flags = 0x41)
0  ... 
3  -O                                                                        (1 = 100.0%) {0.0%}
4  ... 

Histogram: ContentSettings.RegularProfile.DefaultMIDISysExSetting recorded 1 samples, mean = 3.0 (flags = 0x41)
0  ... 
3  -O                                                                        (1 = 100.0%) {0.0%}
4  ... 

Histogram: ContentSettings.RegularProfile.DefaultMediaStreamCameraSetting recorded 1 samples, mean = 3.0 (flags = 0x41)
0  ... 
3  -O                                                                        (1 = 100.0%) {0.0%}
4  ... 

Histogram: ContentSettings.RegularProfile.DefaultMediaStreamMicSetting recorded 1 samples, mean = 3.0 (flags = 0x41)
0  ... 
3  -O                                                                        (1 = 100.0%) {0.0%}
4  ... 

Histogram: ContentSettings.RegularProfile.DefaultNotificationsSetting recorded 1 samples, mean = 3.0 (flags = 0x41)
0  ... 
3  -O                                                                        (1 = 100.0%) {0.0%}
4  ... 

Histogram: ContentSettings.RegularProfile.DefaultPopupsSetting recorded 1 samples, mean = 2.0 (flags = 0x41)
0  ... 
2  -O                                                                        (1 = 100.0%) {0.0%}
3  ... 

Histogram: ContentSettings.RegularProfile.DefaultSoundSetting recorded 1 samples, mean = 1.0 (flags = 0x41)
0  O                                                                         (0 = 0.0%)
1  -O                                                                        (1 = 100.0%) {0.0%}
2  ... 

Histogram: ContentSettings.RegularProfile.DefaultStorageAccessSetting recorded 1 samples, mean = 3.0 (flags = 0x41)
0  ... 
3  -O                                                                        (1 = 100.0%) {0.0%}
4  ... 

Histogram: ContentSettings.RegularProfile.DefaultSubresourceFilterSetting recorded 1 samples, mean = 2.0 (flags = 0x41)
0  ... 
2  -O                                                                        (1 = 100.0%) {0.0%}
3  ... 

Histogram: ContentSettings.RegularProfile.DefaultUsbGuardSetting recorded 1 samples, mean = 3.0 (flags = 0x41)
0  ... 
3  -O                                                                        (1 = 100.0%) {0.0%}
4  ... 

Histogram: ContentSettings.RegularProfile.DefaultWebBluetoothGuardSetting recorded 1 samples, mean = 3.0 (flags = 0x41)
0  ... 
3  -O                                                                        (1 = 100.0%) {0.0%}
4  ... 

Histogram: ContentSettings.RegularProfile.Exceptions.3pcd-heuristics-grants recorded 1 samples, mean = 0.0 (flags = 0x41)
0  -O                                                                        (1 = 100.0%)
1  ... 

Histogram: ContentSettings.RegularProfile.Exceptions.3pcd-support recorded 1 samples, mean = 0.0 (flags = 0x41)
0  -O                                                                        (1 = 100.0%)
1  ... 

Histogram: ContentSettings.RegularProfile.Exceptions.abusive-notification-permissions recorded 1 samples, mean = 0.0 (flags = 0x41)
0  -O                                                                        (1 = 100.0%)
1  ... 

Histogram: ContentSettings.RegularProfile.Exceptions.access-to-get-all-screens-media-in-session recorded 1 samples, mean = 0.0 (flags = 0x41)
0  -O                                                                        (1 = 100.0%)
1  ... 

Histogram: ContentSettings.RegularProfile.Exceptions.accessibility-events recorded 1 samples, mean = 0.0 (flags = 0x41)
0  -O                                                                        (1 = 100.0%)
1  ... 

Histogram: ContentSettings.RegularProfile.Exceptions.anti-abuse recorded 1 samples, mean = 0.0 (flags = 0x41)
0  -O                                                                        (1 = 100.0%)
1  ... 

Histogram: ContentSettings.RegularProfile.Exceptions.app-banner recorded 1 samples, mean = 0.0 (flags = 0x41)
0  -O                                                                        (1 = 100.0%)
1  ... 

Histogram: ContentSettings.RegularProfile.Exceptions.ar recorded 1 samples, mean = 0.0 (flags = 0x41)
0  -O                                                                        (1 = 100.0%)
1  ... 

Histogram: ContentSettings.RegularProfile.Exceptions.auto-picture-in-picture recorded 1 samples, mean = 0.0 (flags = 0x41)
0  -O                                                                        (1 = 100.0%)
1  ... 

Histogram: ContentSettings.RegularProfile.Exceptions.auto-select-certificate recorded 1 samples, mean = 0.0 (flags = 0x41)
0  -O                                                                        (1 = 100.0%)
1  ... 

Histogram: ContentSettings.RegularProfile.Exceptions.automatic-downloads recorded 1 samples, mean = 0.0 (flags = 0x41)
0  -O                                                                        (1 = 100.0%)
1  ... 

Histogram: ContentSettings.RegularProfile.Exceptions.automatic-fullscreen recorded 1 samples, mean = 0.0 (flags = 0x41)
0  -O                                                                        (1 = 100.0%)
1  ... 

Histogram: ContentSettings.RegularProfile.Exceptions.autoplay recorded 1 samples, mean = 0.0 (flags = 0x41)
0  -O                                                                        (1 = 100.0%)
1  ... 

Histogram: ContentSettings.RegularProfile.Exceptions.background-sync recorded 1 samples, mean = 0.0 (flags = 0x41)
0  -O                                                                        (1 = 100.0%)
1  ... 

Histogram: ContentSettings.RegularProfile.Exceptions.bluetooth-chooser-data recorded 1 samples, mean = 0.0 (flags = 0x41)
0  -O                                                                        (1 = 100.0%)
1  ... 

Histogram: ContentSettings.RegularProfile.Exceptions.bluetooth-guard recorded 1 samples, mean = 0.0 (flags = 0x41)
0  -O                                                                        (1 = 100.0%)
1  ... 

Histogram: ContentSettings.RegularProfile.Exceptions.bluetooth-scanning recorded 1 samples, mean = 0.0 (flags = 0x41)
0  -O                                                                        (1 = 100.0%)
1  ... 

Histogram: ContentSettings.RegularProfile.Exceptions.camera-pan-tilt-zoom recorded 1 samples, mean = 0.0 (flags = 0x41)
0  -O                                                                        (1 = 100.0%)
1  ... 

Histogram: ContentSettings.RegularProfile.Exceptions.captured-surface-control recorded 1 samples, mean = 0.0 (flags = 0x41)
0  -O                                                                        (1 = 100.0%)
1  ... 

Histogram: ContentSettings.RegularProfile.Exceptions.client-hints recorded 1 samples, mean = 1.0 (flags = 0x41)
0  O                                                                         (0 = 0.0%)
1  -O                                                                        (1 = 100.0%) {0.0%}
2  ... 

Histogram: ContentSettings.RegularProfile.Exceptions.clipboard recorded 1 samples, mean = 0.0 (flags = 0x41)
0  -O                                                                        (1 = 100.0%)
1  ... 

Histogram: ContentSettings.RegularProfile.Exceptions.cookie-controls-metadata recorded 1 samples, mean = 0.0 (flags = 0x41)
0  -O                                                                        (1 = 100.0%)
1  ... 

Histogram: ContentSettings.RegularProfile.Exceptions.cookies recorded 1 samples, mean = 0.0 (flags = 0x41)
0  -O                                                                        (1 = 100.0%)
1  ... 

Histogram: ContentSettings.RegularProfile.Exceptions.cookies.Allow recorded 1 samples, mean = 0.0 (flags = 0x41)
0  -O                                                                        (1 = 100.0%)
1  ... 

Histogram: ContentSettings.RegularProfile.Exceptions.cookies.AllowThirdParty recorded 1 samples, mean = 0.0 (flags = 0x41)
0  -O                                                                        (1 = 100.0%)
1  ... 

Histogram: ContentSettings.RegularProfile.Exceptions.cookies.Block recorded 1 samples, mean = 0.0 (flags = 0x41)
0  -O                                                                        (1 = 100.0%)
1  ... 

Histogram: ContentSettings.RegularProfile.Exceptions.cookies.DomainWildcardAllowThirdParty recorded 1 samples, mean = 0.0 (flags = 0x41)
0  -O                                                                        (1 = 100.0%)
1  ... 

Histogram: ContentSettings.RegularProfile.Exceptions.cookies.SessionOnly recorded 1 samples, mean = 0.0 (flags = 0x41)
0  -O                                                                        (1 = 100.0%)
1  ... 

Histogram: ContentSettings.RegularProfile.Exceptions.cookies.TemporaryAllowThirdParty recorded 1 samples, mean = 0.0 (flags = 0x41)
0  -O                                                                        (1 = 100.0%)
1  ... 

Histogram: ContentSettings.RegularProfile.Exceptions.direct-sockets recorded 1 samples, mean = 0.0 (flags = 0x41)
0  -O                                                                        (1 = 100.0%)
1  ... 

Histogram: ContentSettings.RegularProfile.Exceptions.display-media-system-audio recorded 1 samples, mean = 0.0 (flags = 0x41)
0  -O                                                                        (1 = 100.0%)
1  ... 

Histogram: ContentSettings.RegularProfile.Exceptions.durable-storage recorded 1 samples, mean = 0.0 (flags = 0x41)
0  -O                                                                        (1 = 100.0%)
1  ... 

Histogram: ContentSettings.RegularProfile.Exceptions.fedcm-idp-registration recorded 1 samples, mean = 0.0 (flags = 0x41)
0  -O                                                                        (1 = 100.0%)
1  ... 

Histogram: ContentSettings.RegularProfile.Exceptions.fedcm-idp-signin recorded 1 samples, mean = 1.0 (flags = 0x41)
0  O                                                                         (0 = 0.0%)
1  -O                                                                        (1 = 100.0%) {0.0%}
2  ... 

Histogram: ContentSettings.RegularProfile.Exceptions.fedcm-share recorded 1 samples, mean = 0.0 (flags = 0x41)
0  -O                                                                        (1 = 100.0%)
1  ... 

Histogram: ContentSettings.RegularProfile.Exceptions.file-system-access-chooser-data recorded 1 samples, mean = 0.0 (flags = 0x41)
0  -O                                                                        (1 = 100.0%)
1  ... 

Histogram: ContentSettings.RegularProfile.Exceptions.file-system-access-extended-permission recorded 1 samples, mean = 0.0 (flags = 0x41)
0  -O                                                                        (1 = 100.0%)
1  ... 

Histogram: ContentSettings.RegularProfile.Exceptions.file-system-access-restore-permission recorded 1 samples, mean = 0.0 (flags = 0x41)
0  -O                                                                        (1 = 100.0%)
1  ... 

Histogram: ContentSettings.RegularProfile.Exceptions.file-system-last-picked-directory recorded 1 samples, mean = 0.0 (flags = 0x41)
0  -O                                                                        (1 = 100.0%)
1  ... 

Histogram: ContentSettings.RegularProfile.Exceptions.file-system-read-guard recorded 1 samples, mean = 0.0 (flags = 0x41)
0  -O                                                                        (1 = 100.0%)
1  ... 

Histogram: ContentSettings.RegularProfile.Exceptions.file-system-write-guard recorded 1 samples, mean = 0.0 (flags = 0x41)
0  -O                                                                        (1 = 100.0%)
1  ... 

Histogram: ContentSettings.RegularProfile.Exceptions.formfill-metadata recorded 1 samples, mean = 0.0 (flags = 0x41)
0  -O                                                                        (1 = 100.0%)
1  ... 

Histogram: ContentSettings.RegularProfile.Exceptions.geolocation recorded 1 samples, mean = 0.0 (flags = 0x41)
0  -O                                                                        (1 = 100.0%)
1  ... 

Histogram: ContentSettings.RegularProfile.Exceptions.hid-chooser-data recorded 1 samples, mean = 0.0 (flags = 0x41)
0  -O                                                                        (1 = 100.0%)
1  ... 

Histogram: ContentSettings.RegularProfile.Exceptions.hid-guard recorded 1 samples, mean = 0.0 (flags = 0x41)
0  -O                                                                        (1 = 100.0%)
1  ... 

Histogram: ContentSettings.RegularProfile.Exceptions.http-allowed recorded 1 samples, mean = 0.0 (flags = 0x41)
0  -O                                                                        (1 = 100.0%)
1  ... 

Histogram: ContentSettings.RegularProfile.Exceptions.https-enforced recorded 1 samples, mean = 0.0 (flags = 0x41)
0  -O                                                                        (1 = 100.0%)
1  ... 

Histogram: ContentSettings.RegularProfile.Exceptions.idle-detection recorded 1 samples, mean = 0.0 (flags = 0x41)
0  -O                                                                        (1 = 100.0%)
1  ... 

Histogram: ContentSettings.RegularProfile.Exceptions.images recorded 1 samples, mean = 0.0 (flags = 0x41)
0  -O                                                                        (1 = 100.0%)
1  ... 

Histogram: ContentSettings.RegularProfile.Exceptions.important-site-info recorded 1 samples, mean = 0.0 (flags = 0x41)
0  -O                                                                        (1 = 100.0%)
1  ... 

Histogram: ContentSettings.RegularProfile.Exceptions.insecure-private-network recorded 1 samples, mean = 0.0 (flags = 0x41)
0  -O                                                                        (1 = 100.0%)
1  ... 

Histogram: ContentSettings.RegularProfile.Exceptions.intent-picker-auto-display recorded 1 samples, mean = 0.0 (flags = 0x41)
0  -O                                                                        (1 = 100.0%)
1  ... 

Histogram: ContentSettings.RegularProfile.Exceptions.javascript recorded 1 samples, mean = 0.0 (flags = 0x41)
0  -O                                                                        (1 = 100.0%)
1  ... 

Histogram: ContentSettings.RegularProfile.Exceptions.javascript-jit recorded 1 samples, mean = 0.0 (flags = 0x41)
0  -O                                                                        (1 = 100.0%)
1  ... 

Histogram: ContentSettings.RegularProfile.Exceptions.javascript-optimizer recorded 1 samples, mean = 0.0 (flags = 0x41)
0  -O                                                                        (1 = 100.0%)
1  ... 

Histogram: ContentSettings.RegularProfile.Exceptions.keyboard-lock recorded 1 samples, mean = 0.0 (flags = 0x41)
0  -O                                                                        (1 = 100.0%)
1  ... 

Histogram: ContentSettings.RegularProfile.Exceptions.legacy-cookie-access recorded 1 samples, mean = 0.0 (flags = 0x41)
0  -O                                                                        (1 = 100.0%)
1  ... 

Histogram: ContentSettings.RegularProfile.Exceptions.local-fonts recorded 1 samples, mean = 0.0 (flags = 0x41)
0  -O                                                                        (1 = 100.0%)
1  ... 

Histogram: ContentSettings.RegularProfile.Exceptions.media-engagement recorded 1 samples, mean = 2.0 (flags = 0x41)
0  ... 
2  -O                                                                        (1 = 100.0%) {0.0%}
3  ... 

Histogram: ContentSettings.RegularProfile.Exceptions.media-stream-camera recorded 1 samples, mean = 0.0 (flags = 0x41)
0  -O                                                                        (1 = 100.0%)
1  ... 

Histogram: ContentSettings.RegularProfile.Exceptions.media-stream-mic recorded 1 samples, mean = 0.0 (flags = 0x41)
0  -O                                                                        (1 = 100.0%)
1  ... 

Histogram: ContentSettings.RegularProfile.Exceptions.midi-sysex recorded 1 samples, mean = 0.0 (flags = 0x41)
0  -O                                                                        (1 = 100.0%)
1  ... 

Histogram: ContentSettings.RegularProfile.Exceptions.mixed-script recorded 1 samples, mean = 0.0 (flags = 0x41)
0  -O                                                                        (1 = 100.0%)
1  ... 

Histogram: ContentSettings.RegularProfile.Exceptions.nfc-devices recorded 1 samples, mean = 0.0 (flags = 0x41)
0  -O                                                                        (1 = 100.0%)
1  ... 

Histogram: ContentSettings.RegularProfile.Exceptions.notification-interactions recorded 1 samples, mean = 0.0 (flags = 0x41)
0  -O                                                                        (1 = 100.0%)
1  ... 

Histogram: ContentSettings.RegularProfile.Exceptions.notification-permission-review recorded 1 samples, mean = 0.0 (flags = 0x41)
0  -O                                                                        (1 = 100.0%)
1  ... 

Histogram: ContentSettings.RegularProfile.Exceptions.notifications recorded 1 samples, mean = 0.0 (flags = 0x41)
0  -O                                                                        (1 = 100.0%)
1  ... 

Histogram: ContentSettings.RegularProfile.Exceptions.password-protection recorded 1 samples, mean = 0.0 (flags = 0x41)
0  -O                                                                        (1 = 100.0%)
1  ... 

Histogram: ContentSettings.RegularProfile.Exceptions.payment-handler recorded 1 samples, mean = 0.0 (flags = 0x41)
0  -O                                                                        (1 = 100.0%)
1  ... 

Histogram: ContentSettings.RegularProfile.Exceptions.permission-autoblocking-data recorded 1 samples, mean = 0.0 (flags = 0x41)
0  -O                                                                        (1 = 100.0%)
1  ... 

Histogram: ContentSettings.RegularProfile.Exceptions.permission-autorevocation-data recorded 1 samples, mean = 0.0 (flags = 0x41)
0  -O                                                                        (1 = 100.0%)
1  ... 

Histogram: ContentSettings.RegularProfile.Exceptions.pointer-lock recorded 1 samples, mean = 0.0 (flags = 0x41)
0  -O                                                                        (1 = 100.0%)
1  ... 

Histogram: ContentSettings.RegularProfile.Exceptions.popups recorded 1 samples, mean = 0.0 (flags = 0x41)
0  -O                                                                        (1 = 100.0%)
1  ... 

Histogram: ContentSettings.RegularProfile.Exceptions.popups.Allow recorded 1 samples, mean = 0.0 (flags = 0x41)
0  -O                                                                        (1 = 100.0%)
1  ... 

Histogram: ContentSettings.RegularProfile.Exceptions.popups.Block recorded 1 samples, mean = 0.0 (flags = 0x41)
0  -O                                                                        (1 = 100.0%)
1  ... 

Histogram: ContentSettings.RegularProfile.Exceptions.private-network-chooser-data recorded 1 samples, mean = 0.0 (flags = 0x41)
0  -O                                                                        (1 = 100.0%)
1  ... 

Histogram: ContentSettings.RegularProfile.Exceptions.private-network-guard recorded 1 samples, mean = 0.0 (flags = 0x41)
0  -O                                                                        (1 = 100.0%)
1  ... 

Histogram: ContentSettings.RegularProfile.Exceptions.protected-media-identifier recorded 1 samples, mean = 0.0 (flags = 0x41)
0  -O                                                                        (1 = 100.0%)
1  ... 

Histogram: ContentSettings.RegularProfile.Exceptions.protocol-handler recorded 1 samples, mean = 0.0 (flags = 0x41)
0  -O                                                                        (1 = 100.0%)
1  ... 

Histogram: ContentSettings.RegularProfile.Exceptions.reduced-accept-language recorded 1 samples, mean = 0.0 (flags = 0x41)
0  -O                                                                        (1 = 100.0%)
1  ... 

Histogram: ContentSettings.RegularProfile.Exceptions.safe-browsing-url-check-data recorded 1 samples, mean = 0.0 (flags = 0x41)
0  -O                                                                        (1 = 100.0%)
1  ... 

Histogram: ContentSettings.RegularProfile.Exceptions.sensors recorded 1 samples, mean = 0.0 (flags = 0x41)
0  -O                                                                        (1 = 100.0%)
1  ... 

Histogram: ContentSettings.RegularProfile.Exceptions.serial-chooser-data recorded 1 samples, mean = 0.0 (flags = 0x41)
0  -O                                                                        (1 = 100.0%)
1  ... 

Histogram: ContentSettings.RegularProfile.Exceptions.serial-guard recorded 1 samples, mean = 0.0 (flags = 0x41)
0  -O                                                                        (1 = 100.0%)
1  ... 

Histogram: ContentSettings.RegularProfile.Exceptions.site-engagement recorded 1 samples, mean = 2.0 (flags = 0x41)
0  ... 
2  -O                                                                        (1 = 100.0%) {0.0%}
3  ... 

Histogram: ContentSettings.RegularProfile.Exceptions.sound recorded 1 samples, mean = 0.0 (flags = 0x41)
0  -O                                                                        (1 = 100.0%)
1  ... 

Histogram: ContentSettings.RegularProfile.Exceptions.speaker-selection recorded 1 samples, mean = 0.0 (flags = 0x41)
0  -O                                                                        (1 = 100.0%)
1  ... 

Histogram: ContentSettings.RegularProfile.Exceptions.ssl-cert-decisions recorded 1 samples, mean = 0.0 (flags = 0x41)
0  -O                                                                        (1 = 100.0%)
1  ... 

Histogram: ContentSettings.RegularProfile.Exceptions.storage-access recorded 1 samples, mean = 0.0 (flags = 0x41)
0  -O                                                                        (1 = 100.0%)
1  ... 

Histogram: ContentSettings.RegularProfile.Exceptions.storage-access-header-origin-trial recorded 1 samples, mean = 0.0 (flags = 0x41)
0  -O                                                                        (1 = 100.0%)
1  ... 

Histogram: ContentSettings.RegularProfile.Exceptions.storage-access.Allow recorded 1 samples, mean = 0.0 (flags = 0x41)
0  -O                                                                        (1 = 100.0%)
1  ... 

Histogram: ContentSettings.RegularProfile.Exceptions.storage-access.Ask recorded 1 samples, mean = 0.0 (flags = 0x41)
0  -O                                                                        (1 = 100.0%)
1  ... 

Histogram: ContentSettings.RegularProfile.Exceptions.storage-access.Block recorded 1 samples, mean = 0.0 (flags = 0x41)
0  -O                                                                        (1 = 100.0%)
1  ... 

Histogram: ContentSettings.RegularProfile.Exceptions.storage-access.MaxRequester recorded 1 samples, mean = 0.0 (flags = 0x41)
0  -O                                                                        (1 = 100.0%)
1  ... 

Histogram: ContentSettings.RegularProfile.Exceptions.storage-access.MaxTopLevel recorded 1 samples, mean = 0.0 (flags = 0x41)
0  -O                                                                        (1 = 100.0%)
1  ... 

Histogram: ContentSettings.RegularProfile.Exceptions.subresource-filter recorded 1 samples, mean = 0.0 (flags = 0x41)
0  -O                                                                        (1 = 100.0%)
1  ... 

Histogram: ContentSettings.RegularProfile.Exceptions.subresource-filter-data recorded 1 samples, mean = 0.0 (flags = 0x41)
0  -O                                                                        (1 = 100.0%)
1  ... 

Histogram: ContentSettings.RegularProfile.Exceptions.subresource-filter.Allow recorded 1 samples, mean = 0.0 (flags = 0x41)
0  -O                                                                        (1 = 100.0%)
1  ... 

Histogram: ContentSettings.RegularProfile.Exceptions.subresource-filter.Block recorded 1 samples, mean = 0.0 (flags = 0x41)
0  -O                                                                        (1 = 100.0%)
1  ... 

Histogram: ContentSettings.RegularProfile.Exceptions.third-party-storage-partitioning recorded 1 samples, mean = 0.0 (flags = 0x41)
0  -O                                                                        (1 = 100.0%)
1  ... 

Histogram: ContentSettings.RegularProfile.Exceptions.top-level-3pcd-origin-trial recorded 1 samples, mean = 0.0 (flags = 0x41)
0  -O                                                                        (1 = 100.0%)
1  ... 

Histogram: ContentSettings.RegularProfile.Exceptions.top-level-3pcd-support recorded 1 samples, mean = 0.0 (flags = 0x41)
0  -O                                                                        (1 = 100.0%)
1  ... 

Histogram: ContentSettings.RegularProfile.Exceptions.top-level-storage-access recorded 1 samples, mean = 0.0 (flags = 0x41)
0  -O                                                                        (1 = 100.0%)
1  ... 

Histogram: ContentSettings.RegularProfile.Exceptions.tracking-protection recorded 1 samples, mean = 0.0 (flags = 0x41)
0  -O                                                                        (1 = 100.0%)
1  ... 

Histogram: ContentSettings.RegularProfile.Exceptions.tracking-protection.Allow recorded 1 samples, mean = 0.0 (flags = 0x41)
0  -O                                                                        (1 = 100.0%)
1  ... 

Histogram: ContentSettings.RegularProfile.Exceptions.tracking-protection.Block recorded 1 samples, mean = 0.0 (flags = 0x41)
0  -O                                                                        (1 = 100.0%)
1  ... 

Histogram: ContentSettings.RegularProfile.Exceptions.unused-site-permissions recorded 1 samples, mean = 0.0 (flags = 0x41)
0  -O                                                                        (1 = 100.0%)
1  ... 

Histogram: ContentSettings.RegularProfile.Exceptions.usb-chooser-data recorded 1 samples, mean = 0.0 (flags = 0x41)
0  -O                                                                        (1 = 100.0%)
1  ... 

Histogram: ContentSettings.RegularProfile.Exceptions.usb-guard recorded 1 samples, mean = 0.0 (flags = 0x41)
0  -O                                                                        (1 = 100.0%)
1  ... 

Histogram: ContentSettings.RegularProfile.Exceptions.vr recorded 1 samples, mean = 0.0 (flags = 0x41)
0  -O                                                                        (1 = 100.0%)
1  ... 

Histogram: ContentSettings.RegularProfile.Exceptions.webid-api recorded 1 samples, mean = 0.0 (flags = 0x41)
0  -O                                                                        (1 = 100.0%)
1  ... 

Histogram: ContentSettings.RegularProfile.Exceptions.webid-auto-reauthn recorded 1 samples, mean = 0.0 (flags = 0x41)
0  -O                                                                        (1 = 100.0%)
1  ... 

Histogram: ContentSettings.RegularProfile.Exceptions.window-placement recorded 1 samples, mean = 0.0 (flags = 0x41)
0  -O                                                                        (1 = 100.0%)
1  ... 

Histogram: Cookie.ClockSkew.AddMinutes recorded 1 samples, mean = 0.0 (flags = 0x41)
0  -O                                                                        (1 = 100.0%)
1  ... 

Histogram: Cookie.ClockSkew.AddMinutes12To24Hours recorded 1 samples, mean = 0.0 (flags = 0x41)
0  -O                                                                        (1 = 100.0%)
720... 

Histogram: Cookie.ClockSkew.ExpiredWithoutSkew recorded 1 samples, mean = 0.0 (flags = 0x41)
0  -O                                                                        (1 = 100.0%)
1  ... 

Histogram: Cookie.CookiePrefix recorded 2 samples, mean = 0.0 (flags = 0x41)
0  --O                                                                       (2 = 100.0%)
1  ... 

Histogram: Cookie.CookieSchemeRequestScheme recorded 71 samples, mean = 2.0 (flags = 0x41)
0  ... 
2  -----------------------------------------------------------------------O  (71 = 100.0%) {0.0%}
3  ... 

Histogram: Cookie.CookieSourceScheme recorded 2 samples, mean = 0.0 (flags = 0x41)
0  --O                                                                       (2 = 100.0%)
1  ... 

Histogram: Cookie.CookieSourceSchemeName recorded 2 samples, mean = 14.0 (flags = 0x41)
0   ... 
14  --O                                                                       (2 = 100.0%) {0.0%}
15  ... 

Histogram: Cookie.CrossSiteRedirectType.Read recorded 112 samples, mean = 1.0 (flags = 0x41)
0  O                                                                         (0 = 0.0%)
1  ------------------------------------------------------------------------O (112 = 100.0%) {0.0%}
2  ... 

Histogram: Cookie.CrossSiteRedirectType.Write recorded 2 samples, mean = 1.0 (flags = 0x41)
0  O                                                                         (0 = 0.0%)
1  --O                                                                       (2 = 100.0%) {0.0%}
2  ... 

Histogram: Cookie.DaysSinceRefreshForRetrieval recorded 8 samples, mean = 4.0 (flags = 0x41)
0  ----O                                                                     (4 = 50.0%)
1  ... 
8  ----O                                                                     (4 = 50.0%) {50.0%}
9  ... 

Histogram: Cookie.DomainHasNonASCII recorded 2 samples, mean = 0.0 (flags = 0x41)
0  --O                                                                       (2 = 100.0%)
1  ... 

Histogram: Cookie.DomainSet recorded 2 samples, mean = 1.0 (flags = 0x41)
0  O                                                                         (0 = 0.0%)
1  --O                                                                       (2 = 100.0%) {0.0%}
2  O                                                                         (0 = 0.0%) {100.0%}

Histogram: Cookie.DoubleUnderscorePrefixedName recorded 2 samples, mean = 0.5 (flags = 0x41)
0  -O                                                                        (1 = 50.0%)
1  -O                                                                        (1 = 50.0%) {50.0%}
2  O                                                                         (0 = 0.0%) {100.0%}

Histogram: Cookie.ExpirationDuration400DaysLTE recorded 1 samples, mean = 0.0 (flags = 0x41)
0  -O                                                                        (1 = 100.0%)
1  ... 

Histogram: Cookie.ExpirationDurationMinutesSecure recorded 1 samples, mean = 30.0 (flags = 0x41)
0   ... 
26  -O                                                                        (1 = 100.0%) {0.0%}
36  ... 

Histogram: Cookie.FirstPartyPartitioned.HasCrossSiteAncestor recorded 37 samples, mean = 0.0 (flags = 0x41)
0  -------------------------------------O                                    (37 = 100.0%)
1  ... 

Histogram: Cookie.FirstPartySets.Browser.DelayedQueriesCount recorded 1 samples, mean = 2.0 (flags = 0x41)
0  ... 
2  -O                                                                        (1 = 100.0%) {0.0%}
3  ... 

Histogram: Cookie.FirstPartySets.Browser.MostDelayedQueryDelta recorded 1 samples, mean = 49.0 (flags = 0x41)
0   ... 
48  -O                                                                        (1 = 100.0%) {0.0%}
57  ... 

Histogram: Cookie.FirstPartySets.ComponentSetsNonfatalErrors recorded 1 samples, mean = 0.0 (flags = 0x41)
0  -O                                                                        (1 = 100.0%)
1  ... 

Histogram: Cookie.FirstPartySets.ComponentSetsParsedSuccessfully recorded 1 samples, mean = 0.0 (flags = 0x41)
0  -O                                                                        (1 = 100.0%)
1  ... 

Histogram: Cookie.FirstPartySets.ContextDelayedQueriesCount recorded 1 samples, mean = 0.0 (flags = 0x41)
0  -O                                                                        (1 = 100.0%)
1  ... 

Histogram: Cookie.FirstPartySets.ContextMostDelayedQueryDelta recorded 1 samples, mean = 0.0 (flags = 0x41)
0  -O                                                                        (1 = 100.0%)
1  ... 

Histogram: Cookie.FirstPartySets.EnqueueingDelay.ContextConfig2 recorded 1 samples, mean = 22.0 (flags = 0x41)
0   ... 
20  -O                                                                        (1 = 100.0%) {0.0%}
24  ... 

Histogram: Cookie.FirstPartySets.InitializationDuration.ContextReadyToServeQueries2 recorded 1 samples, mean = 6279.0 (flags = 0x41)
0     ... 
5961  -O                                                                        (1 = 100.0%) {0.0%}
7083  ... 

Histogram: Cookie.FirstPartySets.InitializationDuration.ReadCommandLineSet2 recorded 1 samples, mean = 49.0 (flags = 0x41)
0   ... 
48  -O                                                                        (1 = 100.0%) {0.0%}
57  ... 

Histogram: Cookie.FirstPartySets.InitializationDuration.ReadComponentSets2 recorded 1 samples, mean = 0.0 (flags = 0x41)
0  -O                                                                        (1 = 100.0%)
1  ... 

Histogram: Cookie.FirstPartySets.InitializationDuration.ReadyToServeQueries2 recorded 1 samples, mean = 0.0 (flags = 0x41)
0  -O                                                                        (1 = 100.0%)
1  ... 

Histogram: Cookie.FirstPartySets.Network.DelayedQueriesCount recorded 1 samples, mean = 0.0 (flags = 0x41)
0  -O                                                                        (1 = 100.0%)
1  ... 

Histogram: Cookie.FirstPartySets.Network.MostDelayedQueryDelta recorded 1 samples, mean = 0.0 (flags = 0x41)
0  -O                                                                        (1 = 100.0%)
1  ... 

Histogram: Cookie.FirstPartySets.ProcessedEntireComponent recorded 1 samples, mean = 1.0 (flags = 0x41)
0  O                                                                         (0 = 0.0%)
1  -O                                                                        (1 = 100.0%) {0.0%}
2  O                                                                         (0 = 0.0%) {100.0%}

Histogram: Cookie.FromStorageWithValidLength recorded 67 samples, mean = 1.0 (flags = 0x41)
0  O                                                                         (0 = 0.0%)
1  -------------------------------------------------------------------O      (67 = 100.0%) {0.0%}
2  O                                                                         (0 = 0.0%) {100.0%}

Histogram: Cookie.HasNonASCII.Name recorded 2 samples, mean = 0.0 (flags = 0x41)
0  --O                                                                       (2 = 100.0%)
1  ... 

Histogram: Cookie.HasNonASCII.Value recorded 2 samples, mean = 0.0 (flags = 0x41)
0  --O                                                                       (2 = 100.0%)
1  ... 

Histogram: Cookie.IncludedRequestEffectiveSameSite recorded 112 samples, mean = 0.0 (flags = 0x41)
0  ------------------------------------------------------------------------O (112 = 100.0%)
1  ... 

Histogram: Cookie.IncludedResponseEffectiveSameSite recorded 2 samples, mean = 0.0 (flags = 0x41)
0  --O                                                                       (2 = 100.0%)
1  ... 

Histogram: Cookie.NameOrValueHtab recorded 2 samples, mean = 0.0 (flags = 0x41)
0  --O                                                                       (2 = 100.0%)
1  ... 

Histogram: Cookie.OnCookiesAccessed.BatchSize recorded 5 samples, mean = 1.2 (flags = 0x41)
0  O                                                                         (0 = 0.0%)
1  ----O                                                                     (4 = 80.0%) {0.0%}
2  -O                                                                        (1 = 20.0%) {80.0%}
3  ... 

Histogram: Cookie.OnCookiesAccessed.TotalAccesses recorded 5 samples, mean = 2.0 (flags = 0x41)
0  ... 
2  -----O                                                                    (5 = 100.0%) {0.0%}
3  ... 

Histogram: Cookie.PartitionedCookiesInRequest recorded 36 samples, mean = 1.0 (flags = 0x41)
0  -O                                                                        (1 = 2.8%)
1  -----------------------------------O                                      (35 = 97.2%) {2.8%}
2  ... 

Histogram: Cookie.Port.Read.RemoteHost recorded 112 samples, mean = 7.0 (flags = 0x41)
0  ... 
7  ------------------------------------------------------------------------O (112 = 100.0%) {0.0%}
8  ... 

Histogram: Cookie.Port.ReadDiffersFromSet.DomainSet recorded 112 samples, mean = 4.0 (flags = 0x41)
0  ... 
4  ------------------------------------------------------------------------O (112 = 100.0%) {0.0%}
5  O                                                                         (0 = 0.0%) {100.0%}

Histogram: Cookie.Port.ReadDiffersFromSet.RemoteHost recorded 112 samples, mean = 4.0 (flags = 0x41)
0  ... 
4  ------------------------------------------------------------------------O (112 = 100.0%) {0.0%}
5  O                                                                         (0 = 0.0%) {100.0%}

Histogram: Cookie.Port.Set.RemoteHost recorded 2 samples, mean = 7.0 (flags = 0x41)
0  ... 
7  --O                                                                       (2 = 100.0%) {0.0%}
8  ... 

Histogram: Cookie.RequestSameSiteContext recorded 114 samples, mean = 2.9 (flags = 0x41)
0  ---O                                                                      (4 = 3.5%)
1  ... 
3  ------------------------------------------------------------------------O (110 = 96.5%) {3.5%}
4  O                                                                         (0 = 0.0%) {100.0%}

Histogram: Cookie.SameSiteAttributeValue recorded 2 samples, mean = 5.0 (flags = 0x41)
0  ... 
5  --O                                                                       (2 = 100.0%) {0.0%}
6  ... 

Histogram: Cookie.SameSiteNoneSizeBytes recorded 2 samples, mean = 122.5 (flags = 0x41)
0    ... 
40   -O                                                                        (1 = 50.0%) {0.0%}
48   ... 
190  -O                                                                        (1 = 50.0%) {50.0%}
226  ... 

Histogram: Cookie.SameSiteNoneSizeBytes.Unpartitioned recorded 2 samples, mean = 122.5 (flags = 0x41)
0    ... 
40   -O                                                                        (1 = 50.0%) {0.0%}
48   ... 
190  -O                                                                        (1 = 50.0%) {50.0%}
226  ... 

Histogram: Cookie.SessionAgeInHoursLTEOneWeek2 recorded 1 samples, mean = 0.0 (flags = 0x41)
0  -O                                                                        (1 = 100.0%)
1  ... 

Histogram: Cookie.SessionAgeSinceLastUpdateInHoursLTEOneWeek recorded 1 samples, mean = 0.0 (flags = 0x41)
0  -O                                                                        (1 = 100.0%)
1  ... 

Histogram: Cookie.SourceType recorded 10 samples, mean = 1.0 (flags = 0x41)
0  O                                                                         (0 = 0.0%)
1  ----------O                                                               (10 = 100.0%) {0.0%}
2  ... 

Histogram: Cookie.TimeBlockedOnLoad recorded 2 samples, mean = 239.0 (flags = 0x41)
0    ... 
4    -O                                                                        (1 = 50.0%) {0.0%}
5    ... 
428  -O                                                                        (1 = 50.0%) {50.0%}
531  ... 

Histogram: Cookie.TimeInitializeDB recorded 2 samples, mean = 3.0 (flags = 0x41)
0  ... 
2  -O                                                                        (1 = 50.0%) {0.0%}
3  O                                                                         (0 = 0.0%) {50.0%}
4  -O                                                                        (1 = 50.0%) {50.0%}
5  ... 

Histogram: Cookie.TimeOpsBlockedDueToGlobalOp recorded 2 samples, mean = 2.0 (flags = 0x41)
0  -O                                                                        (1 = 50.0%)
1  ... 
4  -O                                                                        (1 = 50.0%) {50.0%}
5  ... 

Histogram: Cookie.Type2 recorded 10 samples, mean = 11.8 (flags = 0x41)
0   ... 
4   --O                                                                       (2 = 20.0%) {0.0%}
5   ... 
12  -O                                                                        (1 = 10.0%) {20.0%}
13  O                                                                         (0 = 0.0%) {30.0%}
14  -------O                                                                  (7 = 70.0%) {30.0%}
15  ... 

Histogram: Crypto.TPMDuration.MessageSigningECDSA recorded 1 samples, mean = 45.0 (flags = 0x41)
0   ... 
41  -O                                                                        (1 = 100.0%) {0.0%}
52  ... 

Histogram: Crypto.TPMDuration.NewKeyCreationECDSA recorded 1 samples, mean = 292.0 (flags = 0x41)
0    ... 
280  -O                                                                        (1 = 100.0%) {0.0%}
356  ... 

Histogram: Crypto.TPMDuration.Virtual.MessageSigningECDSA recorded 1 samples, mean = 0.0 (flags = 0x41)
0  -O                                                                        (1 = 100.0%)
1  ... 

Histogram: Crypto.TPMDuration.Virtual.NewKeyCreationECDSA recorded 1 samples, mean = 12.0 (flags = 0x41)
0   ... 
10  -O                                                                        (1 = 100.0%) {0.0%}
13  ... 

Histogram: Crypto.TPMDuration.Virtual.WrappedKeyCreationECDSA recorded 1 samples, mean = 4.0 (flags = 0x41)
0  ... 
4  -O                                                                        (1 = 100.0%) {0.0%}
5  ... 

Histogram: Crypto.TPMDuration.WrappedKeyCreationECDSA recorded 1 samples, mean = 76.0 (flags = 0x41)
0   ... 
66  -O                                                                        (1 = 100.0%) {0.0%}
84  ... 

Histogram: Crypto.TPMOperation.MessageSigningECDSA recorded 1 samples, mean = 1.0 (flags = 0x41)
0  O                                                                         (0 = 0.0%)
1  -O                                                                        (1 = 100.0%) {0.0%}
2  O                                                                         (0 = 0.0%) {100.0%}

Histogram: Crypto.TPMOperation.MessageVerifyECDSA recorded 1 samples, mean = 1.0 (flags = 0x41)
0  O                                                                         (0 = 0.0%)
1  -O                                                                        (1 = 100.0%) {0.0%}
2  O                                                                         (0 = 0.0%) {100.0%}

Histogram: Crypto.TPMOperation.NewKeyCreationECDSA recorded 1 samples, mean = 1.0 (flags = 0x41)
0  O                                                                         (0 = 0.0%)
1  -O                                                                        (1 = 100.0%) {0.0%}
2  O                                                                         (0 = 0.0%) {100.0%}

Histogram: Crypto.TPMOperation.Virtual.MessageSigningECDSA recorded 1 samples, mean = 1.0 (flags = 0x41)
0  O                                                                         (0 = 0.0%)
1  -O                                                                        (1 = 100.0%) {0.0%}
2  O                                                                         (0 = 0.0%) {100.0%}

Histogram: Crypto.TPMOperation.Virtual.MessageVerifyECDSA recorded 1 samples, mean = 1.0 (flags = 0x41)
0  O                                                                         (0 = 0.0%)
1  -O                                                                        (1 = 100.0%) {0.0%}
2  O                                                                         (0 = 0.0%) {100.0%}

Histogram: Crypto.TPMOperation.Virtual.NewKeyCreationECDSA recorded 1 samples, mean = 1.0 (flags = 0x41)
0  O                                                                         (0 = 0.0%)
1  -O                                                                        (1 = 100.0%) {0.0%}
2  O                                                                         (0 = 0.0%) {100.0%}

Histogram: Crypto.TPMOperation.Virtual.WrappedKeyCreationECDSA recorded 1 samples, mean = 1.0 (flags = 0x41)
0  O                                                                         (0 = 0.0%)
1  -O                                                                        (1 = 100.0%) {0.0%}
2  O                                                                         (0 = 0.0%) {100.0%}

Histogram: Crypto.TPMOperation.WrappedKeyCreationECDSA recorded 1 samples, mean = 1.0 (flags = 0x41)
0  O                                                                         (0 = 0.0%)
1  -O                                                                        (1 = 100.0%) {0.0%}
2  O                                                                         (0 = 0.0%) {100.0%}

Histogram: Crypto.TPMSupport2 recorded 1 samples, mean = 2.0 (flags = 0x41)
0  ... 
2  -O                                                                        (1 = 100.0%) {0.0%}
3  O                                                                         (0 = 0.0%) {100.0%}

Histogram: Crypto.TPMSupportType recorded 1 samples, mean = 3.0 (flags = 0x41)
0  ... 
3  -O                                                                        (1 = 100.0%) {0.0%}
4  O                                                                         (0 = 0.0%) {100.0%}

Histogram: Crypto.VirtualKeySupport recorded 1 samples, mean = 2.0 (flags = 0x41)
0  ... 
2  -O                                                                        (1 = 100.0%) {0.0%}
3  O                                                                         (0 = 0.0%) {100.0%}

Histogram: DOMStorage.CommitMeasuredDelay recorded 4 samples, mean = 3711.5 (flags = 0x41)
0     ... 
5     -O                                                                        (1 = 25.0%) {0.0%}
6     ... 
4249  -O                                                                        (1 = 25.0%) {25.0%}
4904  --O                                                                       (2 = 50.0%) {50.0%}
5660  ... 

Histogram: DOMStorage.CommitSizeBytes recorded 2 samples, mean = 1770.5 (flags = 0x41)
0     ... 
1564  -O                                                                        (1 = 50.0%) {0.0%}
1763  -O                                                                        (1 = 50.0%) {50.0%}
1988  ... 

Histogram: DataUse.BytesReceived3.Delegate recorded 13 samples, mean = 10057.2 (flags = 0x41)
0      ... 
64     -O                                                                        (1 = 7.7%) {0.0%}
83     ... 
297    -O                                                                        (1 = 7.7%) {7.7%}
383    -O                                                                        (1 = 7.7%) {15.4%}
494    --O                                                                       (2 = 15.4%) {23.1%}
637    -O                                                                        (1 = 7.7%) {38.5%}
821    O                                                                         (0 = 0.0%) {46.2%}
1059   -O                                                                        (1 = 7.7%) {46.2%}
1366   ... 
2928   ----O                                                                     (4 = 30.8%) {53.8%}
3776   ... 
22388  -O                                                                        (1 = 7.7%) {84.6%}
28869  ... 
79817  -O                                                                        (1 = 7.7%) {92.3%}
102923 ... 

Histogram: DataUse.BytesSent3.Delegate recorded 13 samples, mean = 778.2 (flags = 0x41)
0     ... 
21    -O                                                                        (1 = 7.7%) {0.0%}
28    ... 
196   -O                                                                        (1 = 7.7%) {7.7%}
258   ... 
448   --O                                                                       (2 = 15.4%) {15.4%}
590   ---O                                                                      (3 = 23.1%) {30.8%}
777   -O                                                                        (1 = 7.7%) {53.8%}
1023  -----O                                                                    (5 = 38.5%) {61.5%}
1347  ... 

Histogram: DefaultBrowser.State recorded 1 samples, mean = 0.0 (flags = 0x41)
0  -O                                                                        (1 = 100.0%)
1  ... 

Histogram: DiskCache.0.Error recorded 1 samples, mean = 0.0 (flags = 0x41)
0  -O                                                                        (1 = 100.0%)
1  ... 

Histogram: DiskCache.0.TotalIOTimeRead recorded 100 samples, mean = 1.2 (flags = 0x41)
0  ---------------------------------------------------O                      (51 = 51.0%)
1  -----------O                                                              (11 = 11.0%) {51.0%}
2  ---------O                                                                (9 = 9.0%) {62.0%}
3  -------------------------O                                                (25 = 25.0%) {71.0%}
4  ----O                                                                     (4 = 4.0%) {96.0%}
5  ... 

Histogram: DiskCache.0.TotalIOTimeWrite recorded 18 samples, mean = 0.1 (flags = 0x41)
0  -----------------O                                                        (17 = 94.4%)
1  -O                                                                        (1 = 5.6%) {94.4%}
2  ... 

Histogram: Download.Database.IsAvailable recorded 1 samples, mean = 1.0 (flags = 0x41)
0  O                                                                         (0 = 0.0%)
1  -O                                                                        (1 = 100.0%) {0.0%}
2  O                                                                         (0 = 0.0%) {100.0%}

Histogram: Download.Service.Db.Operation.Success recorded 1 samples, mean = 0.0 (flags = 0x41)
0  -O                                                                        (1 = 100.0%)
1  ... 

Histogram: Download.Service.Db.Records recorded 1 samples, mean = 0.0 (flags = 0x41)
0  -O                                                                        (1 = 100.0%)
1  ... 

Histogram: Download.Service.Db.Records.Active recorded 1 samples, mean = 0.0 (flags = 0x41)
0  -O                                                                        (1 = 100.0%)
1  ... 

Histogram: Download.Service.Db.Records.Available recorded 1 samples, mean = 0.0 (flags = 0x41)
0  -O                                                                        (1 = 100.0%)
1  ... 

Histogram: Download.Service.Db.Records.Complete recorded 1 samples, mean = 0.0 (flags = 0x41)
0  -O                                                                        (1 = 100.0%)
1  ... 

Histogram: Download.Service.Db.Records.New recorded 1 samples, mean = 0.0 (flags = 0x41)
0  -O                                                                        (1 = 100.0%)
1  ... 

Histogram: Download.Service.Db.Records.Paused recorded 1 samples, mean = 0.0 (flags = 0x41)
0  -O                                                                        (1 = 100.0%)
1  ... 

Histogram: Download.Service.Files.CleanUp.External recorded 3 samples, mean = 0.0 (flags = 0x41)
0  ---O                                                                      (3 = 100.0%)
1  ... 

Histogram: Download.Service.Files.CleanUp.External.Orphaned recorded 1 samples, mean = 0.0 (flags = 0x41)
0  -O                                                                        (1 = 100.0%)
1  ... 

Histogram: Download.Service.Files.CleanUp.External.Timeout recorded 1 samples, mean = 0.0 (flags = 0x41)
0  -O                                                                        (1 = 100.0%)
1  ... 

Histogram: Download.Service.Files.CleanUp.External.Unknown recorded 1 samples, mean = 0.0 (flags = 0x41)
0  -O                                                                        (1 = 100.0%)
1  ... 

Histogram: Download.Service.Files.CleanUp.Failure recorded 3 samples, mean = 0.0 (flags = 0x41)
0  ---O                                                                      (3 = 100.0%)
1  ... 

Histogram: Download.Service.Files.CleanUp.Failure.Orphaned recorded 1 samples, mean = 0.0 (flags = 0x41)
0  -O                                                                        (1 = 100.0%)
1  ... 

Histogram: Download.Service.Files.CleanUp.Failure.Timeout recorded 1 samples, mean = 0.0 (flags = 0x41)
0  -O                                                                        (1 = 100.0%)
1  ... 

Histogram: Download.Service.Files.CleanUp.Failure.Unknown recorded 1 samples, mean = 0.0 (flags = 0x41)
0  -O                                                                        (1 = 100.0%)
1  ... 

Histogram: Download.Service.Files.CleanUp.Success recorded 3 samples, mean = 0.0 (flags = 0x41)
0  ---O                                                                      (3 = 100.0%)
1  ... 

Histogram: Download.Service.Files.CleanUp.Success.Orphaned recorded 1 samples, mean = 0.0 (flags = 0x41)
0  -O                                                                        (1 = 100.0%)
1  ... 

Histogram: Download.Service.Files.CleanUp.Success.Timeout recorded 1 samples, mean = 0.0 (flags = 0x41)
0  -O                                                                        (1 = 100.0%)
1  ... 

Histogram: Download.Service.Files.CleanUp.Success.Unknown recorded 1 samples, mean = 0.0 (flags = 0x41)
0  -O                                                                        (1 = 100.0%)
1  ... 

Histogram: Download.Service.StartUpStatus.Initialization recorded 1 samples, mean = 0.0 (flags = 0x41)
0  -O                                                                        (1 = 100.0%)
1  ... 

Histogram: Enterprise.TimeToFirstPolicyLoad.Profile.Unmanaged recorded 1 samples, mean = 0.0 (flags = 0x41)
0  -O                                                                        (1 = 100.0%)
1  ... 

Histogram: EnterpriseCheck.AzureADJoinStatusCheckTime recorded 1 samples, mean = 19.0 (flags = 0x41)
0   ... 
17  -O                                                                        (1 = 100.0%) {0.0%}
20  ... 

Histogram: Event.GestureCreated recorded 1 samples, mean = 12.0 (flags = 0x41)
0   ... 
12  -O                                                                        (1 = 100.0%) {0.0%}
13  ... 

Histogram: Extension.Toolbar.BrowserActionsCount2 recorded 1 samples, mean = 0.0 (flags = 0x41)
0  -O                                                                        (1 = 100.0%)
1  ... 

Histogram: ExtensionToolbarModel.BrowserActionsCount recorded 1 samples, mean = 0.0 (flags = 0x41)
0  -O                                                                        (1 = 100.0%)
1  ... 

Histogram: Extensions.AppLocation2 recorded 1 samples, mean = 5.0 (flags = 0x41)
0  ... 
5  -O                                                                        (1 = 100.0%) {0.0%}
6  ... 

Histogram: Extensions.CorruptExtensionTotalDisables recorded 1 samples, mean = 0.0 (flags = 0x41)
0  -O                                                                        (1 = 100.0%)
1  ... 

Histogram: Extensions.CorruptExtensionTotalDisables2 recorded 1 samples, mean = 0.0 (flags = 0x41)
0  -O                                                                        (1 = 100.0%)
1  ... 

Histogram: Extensions.Database.Open.State recorded 1 samples, mean = 0.0 (flags = 0x41)
0  -O                                                                        (1 = 100.0%)
1  ... 

Histogram: Extensions.DeveloperModeEnabled recorded 2 samples, mean = 0.0 (flags = 0x41)
0  --O                                                                       (2 = 100.0%)
1  ... 

Histogram: Extensions.DidCreateScriptContext_Unspecified recorded 1 samples, mean = 0.0 (flags = 0x41)
0  -O                                                                        (1 = 100.0%)
1  ... 

Histogram: Extensions.DidCreateScriptContext_WebPage recorded 1 samples, mean = 0.0 (flags = 0x41)
0  -O                                                                        (1 = 100.0%)
1  ... 

Histogram: Extensions.Disabled recorded 1 samples, mean = 0.0 (flags = 0x41)
0  -O                                                                        (1 = 100.0%)
1  ... 

Histogram: Extensions.Disabled2 recorded 1 samples, mean = 0.0 (flags = 0x41)
0  -O                                                                        (1 = 100.0%)
1  ... 

Histogram: Extensions.DisabledForPermissions recorded 1 samples, mean = 0.0 (flags = 0x41)
0  -O                                                                        (1 = 100.0%)
1  ... 

Histogram: Extensions.DisabledForPermissions2 recorded 1 samples, mean = 0.0 (flags = 0x41)
0  -O                                                                        (1 = 100.0%)
1  ... 

Histogram: Extensions.EventlessEventPages2 recorded 1 samples, mean = 0.0 (flags = 0x41)
0  -O                                                                        (1 = 100.0%)
1  ... 

Histogram: Extensions.ExtensionLocation recorded 1 samples, mean = 5.0 (flags = 0x41)
0  ... 
5  -O                                                                        (1 = 100.0%) {0.0%}
6  ... 

Histogram: Extensions.ExtensionLocation2 recorded 1 samples, mean = 5.0 (flags = 0x41)
0  ... 
5  -O                                                                        (1 = 100.0%) {0.0%}
6  ... 

Histogram: Extensions.ExtensionsWithPageActions recorded 1 samples, mean = 0.0 (flags = 0x41)
0  -O                                                                        (1 = 100.0%)
1  ... 

Histogram: Extensions.HomepageOverrides recorded 1 samples, mean = 0.0 (flags = 0x41)
0  -O                                                                        (1 = 100.0%)
1  ... 

Histogram: Extensions.HomepageOverrides2 recorded 1 samples, mean = 0.0 (flags = 0x41)
0  -O                                                                        (1 = 100.0%)
1  ... 

Histogram: Extensions.InjectEnd_ScriptCount recorded 1 samples, mean = 0.0 (flags = 0x41)
0  -O                                                                        (1 = 100.0%)
1  ... 

Histogram: Extensions.InjectIdle_ScriptCount recorded 1 samples, mean = 0.0 (flags = 0x41)
0  -O                                                                        (1 = 100.0%)
1  ... 

Histogram: Extensions.InjectStart_CssCount recorded 1 samples, mean = 0.0 (flags = 0x41)
0  -O                                                                        (1 = 100.0%)
1  ... 

Histogram: Extensions.InjectStart_ScriptCount recorded 1 samples, mean = 0.0 (flags = 0x41)
0  -O                                                                        (1 = 100.0%)
1  ... 

Histogram: Extensions.LoadAll recorded 1 samples, mean = 2.0 (flags = 0x41)
0  ... 
2  -O                                                                        (1 = 100.0%) {0.0%}
3  ... 

Histogram: Extensions.LoadAll2 recorded 1 samples, mean = 2.0 (flags = 0x41)
0  ... 
2  -O                                                                        (1 = 100.0%) {0.0%}
3  ... 

Histogram: Extensions.LoadAllComponentTime recorded 1 samples, mean = 0.0 (flags = 0x41)
0  -O                                                                        (1 = 100.0%)
1  ... 

Histogram: Extensions.LoadAllComponentTime.User recorded 1 samples, mean = 0.0 (flags = 0x41)
0  -O                                                                        (1 = 100.0%)
1  ... 

Histogram: Extensions.LoadAllTime2 recorded 1 samples, mean = 0.0 (flags = 0x41)
0  -O                                                                        (1 = 100.0%)
1  ... 

Histogram: Extensions.LoadAllTime2.User recorded 1 samples, mean = 0.0 (flags = 0x41)
0  -O                                                                        (1 = 100.0%)
1  ... 

Histogram: Extensions.LoadApp recorded 1 samples, mean = 0.0 (flags = 0x41)
0  -O                                                                        (1 = 100.0%)
1  ... 

Histogram: Extensions.LoadApp2 recorded 1 samples, mean = 0.0 (flags = 0x41)
0  -O                                                                        (1 = 100.0%)
1  ... 

Histogram: Extensions.LoadAppExternal recorded 1 samples, mean = 0.0 (flags = 0x41)
0  -O                                                                        (1 = 100.0%)
1  ... 

Histogram: Extensions.LoadAppExternal2 recorded 1 samples, mean = 0.0 (flags = 0x41)
0  -O                                                                        (1 = 100.0%)
1  ... 

Histogram: Extensions.LoadAppUser recorded 1 samples, mean = 0.0 (flags = 0x41)
0  -O                                                                        (1 = 100.0%)
1  ... 

Histogram: Extensions.LoadAppUser2 recorded 1 samples, mean = 0.0 (flags = 0x41)
0  -O                                                                        (1 = 100.0%)
1  ... 

Histogram: Extensions.LoadBrowserAction recorded 1 samples, mean = 0.0 (flags = 0x41)
0  -O                                                                        (1 = 100.0%)
1  ... 

Histogram: Extensions.LoadBrowserAction2 recorded 1 samples, mean = 0.0 (flags = 0x41)
0  -O                                                                        (1 = 100.0%)
1  ... 

Histogram: Extensions.LoadExtension recorded 1 samples, mean = 0.0 (flags = 0x41)
0  -O                                                                        (1 = 100.0%)
1  ... 

Histogram: Extensions.LoadExtension2 recorded 1 samples, mean = 0.0 (flags = 0x41)
0  -O                                                                        (1 = 100.0%)
1  ... 

Histogram: Extensions.LoadExtensionExternal recorded 1 samples, mean = 0.0 (flags = 0x41)
0  -O                                                                        (1 = 100.0%)
1  ... 

Histogram: Extensions.LoadExtensionExternal2 recorded 1 samples, mean = 0.0 (flags = 0x41)
0  -O                                                                        (1 = 100.0%)
1  ... 

Histogram: Extensions.LoadExtensionUser2 recorded 1 samples, mean = 0.0 (flags = 0x41)
0  -O                                                                        (1 = 100.0%)
1  ... 

Histogram: Extensions.LoadHostedApp recorded 1 samples, mean = 0.0 (flags = 0x41)
0  -O                                                                        (1 = 100.0%)
1  ... 

Histogram: Extensions.LoadHostedApp2 recorded 1 samples, mean = 0.0 (flags = 0x41)
0  -O                                                                        (1 = 100.0%)
1  ... 

Histogram: Extensions.LoadNoExtensionAction recorded 1 samples, mean = 0.0 (flags = 0x41)
0  -O                                                                        (1 = 100.0%)
1  ... 

Histogram: Extensions.LoadNoExtensionAction2 recorded 1 samples, mean = 0.0 (flags = 0x41)
0  -O                                                                        (1 = 100.0%)
1  ... 

Histogram: Extensions.LoadOffStoreItems recorded 1 samples, mean = 0.0 (flags = 0x41)
0  -O                                                                        (1 = 100.0%)
1  ... 

Histogram: Extensions.LoadOffStoreItems2 recorded 1 samples, mean = 0.0 (flags = 0x41)
0  -O                                                                        (1 = 100.0%)
1  ... 

Histogram: Extensions.LoadPackagedApp recorded 1 samples, mean = 0.0 (flags = 0x41)
0  -O                                                                        (1 = 100.0%)
1  ... 

Histogram: Extensions.LoadPackagedApp2 recorded 1 samples, mean = 0.0 (flags = 0x41)
0  -O                                                                        (1 = 100.0%)
1  ... 

Histogram: Extensions.LoadPlatformApp recorded 1 samples, mean = 0.0 (flags = 0x41)
0  -O                                                                        (1 = 100.0%)
1  ... 

Histogram: Extensions.LoadPlatformApp2 recorded 1 samples, mean = 0.0 (flags = 0x41)
0  -O                                                                        (1 = 100.0%)
1  ... 

Histogram: Extensions.LoadTheme recorded 1 samples, mean = 0.0 (flags = 0x41)
0  -O                                                                        (1 = 100.0%)
1  ... 

Histogram: Extensions.LoadTheme2 recorded 1 samples, mean = 0.0 (flags = 0x41)
0  -O                                                                        (1 = 100.0%)
1  ... 

Histogram: Extensions.LoadUserScript recorded 1 samples, mean = 0.0 (flags = 0x41)
0  -O                                                                        (1 = 100.0%)
1  ... 

Histogram: Extensions.LoadUserScript2 recorded 1 samples, mean = 0.0 (flags = 0x41)
0  -O                                                                        (1 = 100.0%)
1  ... 

Histogram: Extensions.Management_Refresh recorded 1 samples, mean = 0.0 (flags = 0x41)
0  -O                                                                        (1 = 100.0%)
1  ... 

Histogram: Extensions.ManifestVersion2Count.Component recorded 1 samples, mean = 1.0 (flags = 0x41)
0  O                                                                         (0 = 0.0%)
1  -O                                                                        (1 = 100.0%) {0.0%}
2  ... 

Histogram: Extensions.ManifestVersion2Count.External recorded 1 samples, mean = 0.0 (flags = 0x41)
0  -O                                                                        (1 = 100.0%)
1  ... 

Histogram: Extensions.ManifestVersion2Count.Internal recorded 1 samples, mean = 0.0 (flags = 0x41)
0  -O                                                                        (1 = 100.0%)
1  ... 

Histogram: Extensions.ManifestVersion2Count.Policy recorded 1 samples, mean = 0.0 (flags = 0x41)
0  -O                                                                        (1 = 100.0%)
1  ... 

Histogram: Extensions.ManifestVersion2Count.Unpacked recorded 1 samples, mean = 0.0 (flags = 0x41)
0  -O                                                                        (1 = 100.0%)
1  ... 

Histogram: Extensions.ManifestVersion3Count.Component recorded 1 samples, mean = 0.0 (flags = 0x41)
0  -O                                                                        (1 = 100.0%)
1  ... 

Histogram: Extensions.ManifestVersion3Count.External recorded 1 samples, mean = 0.0 (flags = 0x41)
0  -O                                                                        (1 = 100.0%)
1  ... 

Histogram: Extensions.ManifestVersion3Count.Internal recorded 1 samples, mean = 0.0 (flags = 0x41)
0  -O                                                                        (1 = 100.0%)
1  ... 

Histogram: Extensions.ManifestVersion3Count.Policy recorded 1 samples, mean = 0.0 (flags = 0x41)
0  -O                                                                        (1 = 100.0%)
1  ... 

Histogram: Extensions.ManifestVersion3Count.Unpacked recorded 1 samples, mean = 0.0 (flags = 0x41)
0  -O                                                                        (1 = 100.0%)
1  ... 

Histogram: Extensions.ManifestVersionByLocation.Component recorded 1 samples, mean = 2.0 (flags = 0x41)
0  ... 
2  -O                                                                        (1 = 100.0%) {0.0%}
3  ... 

Histogram: Extensions.ManifestVersionPopulationSplit.Component recorded 1 samples, mean = 1.0 (flags = 0x41)
0  O                                                                         (0 = 0.0%)
1  -O                                                                        (1 = 100.0%) {0.0%}
2  ... 

Histogram: Extensions.ManifestVersionPopulationSplit.External recorded 1 samples, mean = 0.0 (flags = 0x41)
0  -O                                                                        (1 = 100.0%)
1  ... 

Histogram: Extensions.ManifestVersionPopulationSplit.Internal recorded 1 samples, mean = 0.0 (flags = 0x41)
0  -O                                                                        (1 = 100.0%)
1  ... 

Histogram: Extensions.ManifestVersionPopulationSplit.InternalAndExternal recorded 1 samples, mean = 0.0 (flags = 0x41)
0  -O                                                                        (1 = 100.0%)
1  ... 

Histogram: Extensions.ManifestVersionPopulationSplit.Unpacked recorded 1 samples, mean = 0.0 (flags = 0x41)
0  -O                                                                        (1 = 100.0%)
1  ... 

Histogram: Extensions.NewTabPageOverrides recorded 1 samples, mean = 0.0 (flags = 0x41)
0  -O                                                                        (1 = 100.0%)
1  ... 

Histogram: Extensions.NewTabPageOverrides2 recorded 1 samples, mean = 0.0 (flags = 0x41)
0  -O                                                                        (1 = 100.0%)
1  ... 

Histogram: Extensions.NonWebStoreNewTabPageOverrides recorded 1 samples, mean = 0.0 (flags = 0x41)
0  -O                                                                        (1 = 100.0%)
1  ... 

Histogram: Extensions.NonWebStoreNewTabPageOverrides2 recorded 1 samples, mean = 0.0 (flags = 0x41)
0  -O                                                                        (1 = 100.0%)
1  ... 

Histogram: Extensions.NonWebstoreLocation recorded 2 samples, mean = 5.0 (flags = 0x41)
0  ... 
5  --O                                                                       (2 = 100.0%) {0.0%}
6  ... 

Histogram: Extensions.NonWebstoreLocation2 recorded 2 samples, mean = 5.0 (flags = 0x41)
0  ... 
5  --O                                                                       (2 = 100.0%) {0.0%}
6  ... 

Histogram: Extensions.NonWebstoreLocationWithDeveloperModeOff.Enabled3 recorded 2 samples, mean = 5.0 (flags = 0x41)
0  ... 
5  --O                                                                       (2 = 100.0%) {0.0%}
6  ... 

Histogram: Extensions.NotAllowlistedDisabled recorded 1 samples, mean = 0.0 (flags = 0x41)
0  -O                                                                        (1 = 100.0%)
1  ... 

Histogram: Extensions.NotAllowlistedDisabled2 recorded 1 samples, mean = 0.0 (flags = 0x41)
0  -O                                                                        (1 = 100.0%)
1  ... 

Histogram: Extensions.NotAllowlistedEnabled recorded 1 samples, mean = 0.0 (flags = 0x41)
0  -O                                                                        (1 = 100.0%)
1  ... 

Histogram: Extensions.NotAllowlistedEnabled2 recorded 1 samples, mean = 0.0 (flags = 0x41)
0  -O                                                                        (1 = 100.0%)
1  ... 

Histogram: Extensions.ProcessManagerStartupHostsTime2 recorded 1 samples, mean = 0.0 (flags = 0x41)
0  -O                                                                        (1 = 100.0%)
1  ... 

Histogram: Extensions.SearchEngineOverrides recorded 1 samples, mean = 0.0 (flags = 0x41)
0  -O                                                                        (1 = 100.0%)
1  ... 

Histogram: Extensions.SearchEngineOverrides2 recorded 1 samples, mean = 0.0 (flags = 0x41)
0  -O                                                                        (1 = 100.0%)
1  ... 

Histogram: Extensions.StartupPagesOverrides recorded 1 samples, mean = 0.0 (flags = 0x41)
0  -O                                                                        (1 = 100.0%)
1  ... 

Histogram: Extensions.StartupPagesOverrides2 recorded 1 samples, mean = 0.0 (flags = 0x41)
0  -O                                                                        (1 = 100.0%)
1  ... 

Histogram: Extensions.WebRequestBlockingCount recorded 1 samples, mean = 0.0 (flags = 0x41)
0  -O                                                                        (1 = 100.0%)
1  ... 

Histogram: Extensions.WebRequestBlockingCount2 recorded 1 samples, mean = 0.0 (flags = 0x41)
0  -O                                                                        (1 = 100.0%)
1  ... 

Histogram: Extensions.WebRequestCount recorded 1 samples, mean = 0.0 (flags = 0x41)
0  -O                                                                        (1 = 100.0%)
1  ... 

Histogram: Extensions.WebRequestCount2 recorded 1 samples, mean = 0.0 (flags = 0x41)
0  -O                                                                        (1 = 100.0%)
1  ... 

Histogram: FetchKeepAlive.Renderer.Total.ReceivedResponse recorded 1 samples, mean = 1.0 (flags = 0x41)
0  O                                                                         (0 = 0.0%)
1  -O                                                                        (1 = 100.0%) {0.0%}
2  O                                                                         (0 = 0.0%) {100.0%}

Histogram: FetchKeepAlive.Renderer.Total.Started recorded 1 samples, mean = 1.0 (flags = 0x41)
0  O                                                                         (0 = 0.0%)
1  -O                                                                        (1 = 100.0%) {0.0%}
2  O                                                                         (0 = 0.0%) {100.0%}

Histogram: FetchKeepAlive.Requests2.Network recorded 2 samples, mean = 0.5 (flags = 0x41)
0  -O                                                                        (1 = 50.0%)
1  -O                                                                        (1 = 50.0%) {50.0%}
2  O                                                                         (0 = 0.0%) {100.0%}

Histogram: FetchKeepAlive.Requests2.SentToService.Renderer recorded 1 samples, mean = 2.0 (flags = 0x41)
0  ... 
2  -O                                                                        (1 = 100.0%) {0.0%}
3  ... 

Histogram: FetchKeepAlive.Requests2.Started.IsContextDetached.Renderer recorded 1 samples, mean = 0.0 (flags = 0x41)
0  -O                                                                        (1 = 100.0%)
1  ... 

Histogram: FetchKeepAlive.Requests2.Started.Renderer recorded 1 samples, mean = 1.0 (flags = 0x41)
0  O                                                                         (0 = 0.0%)
1  -O                                                                        (1 = 100.0%) {0.0%}
2  ... 

Histogram: FetchKeepAlive.Requests2.Succeeded.IsContextDetached.Renderer recorded 1 samples, mean = 0.0 (flags = 0x41)
0  -O                                                                        (1 = 100.0%)
1  ... 

Histogram: FetchKeepAlive.Requests2.Succeeded.Renderer recorded 1 samples, mean = 1.0 (flags = 0x41)
0  O                                                                         (0 = 0.0%)
1  -O                                                                        (1 = 100.0%) {0.0%}
2  ... 

Histogram: FetchKeepAlive.Requests2.Total.Renderer recorded 1 samples, mean = 1.0 (flags = 0x41)
0  O                                                                         (0 = 0.0%)
1  -O                                                                        (1 = 100.0%) {0.0%}
2  ... 

Histogram: FirstPartySets.Database.InitStatus recorded 1 samples, mean = 1.0 (flags = 0x41)
0  O                                                                         (0 = 0.0%)
1  -O                                                                        (1 = 100.0%) {0.0%}
2  ... 

Histogram: FirstPartySets.Database.TransactionFailed recorded 7 samples, mean = 0.0 (flags = 0x41)
0  -------O                                                                  (7 = 100.0%)
1  ... 

Histogram: FirstPartySets.Initialization.ClearSiteDataOutcome recorded 1 samples, mean = 1.0 (flags = 0x41)
0  O                                                                         (0 = 0.0%)
1  -O                                                                        (1 = 100.0%) {0.0%}
2  O                                                                         (0 = 0.0%) {100.0%}

Histogram: FirstPartySets.Initialization.SitesToClear.Count recorded 1 samples, mean = 0.0 (flags = 0x41)
0  -O                                                                        (1 = 100.0%)
1  ... 

Histogram: GPU.ANGLE.D3DShaderBlobSizeKB recorded 4 samples, mean = 0.5 (flags = 0x41)
0  ----O                                                                     (4 = 100.0%)
1000... 

Histogram: GPU.ANGLE.D3DShaderCompilationTimeUs recorded 4 samples, mean = 2585.0 (flags = 0x41)
0     ... 
1347  -O                                                                        (1 = 25.0%) {0.0%}
1774  -O                                                                        (1 = 25.0%) {25.0%}
2336  O                                                                         (0 = 0.0%) {50.0%}
3077  --O                                                                       (2 = 50.0%) {50.0%}
4053  ... 

Histogram: GPU.BlocklistFeatureTestResults.Accelerated2dCanvas recorded 1 samples, mean = 0.0 (flags = 0x41)
0  -O                                                                        (1 = 100.0%)
1  ... 

Histogram: GPU.BlocklistFeatureTestResults.GpuCompositing recorded 1 samples, mean = 0.0 (flags = 0x41)
0  -O                                                                        (1 = 100.0%)
1  ... 

Histogram: GPU.BlocklistFeatureTestResults.GpuRasterization recorded 1 samples, mean = 0.0 (flags = 0x41)
0  -O                                                                        (1 = 100.0%)
1  ... 

Histogram: GPU.BlocklistFeatureTestResults.Webgl recorded 1 samples, mean = 0.0 (flags = 0x41)
0  -O                                                                        (1 = 100.0%)
1  ... 

Histogram: GPU.BlocklistFeatureTestResults.Webgl2 recorded 1 samples, mean = 0.0 (flags = 0x41)
0  -O                                                                        (1 = 100.0%)
1  ... 

Histogram: GPU.BlocklistFeatureTestResults.Webgpu recorded 1 samples, mean = 2.0 (flags = 0x41)
0  ... 
2  -O                                                                        (1 = 100.0%) {0.0%}
3  ... 

Histogram: GPU.BlocklistTestResultsPerEntry recorded 1 samples, mean = 0.0 (flags = 0x41)
0  -O                                                                        (1 = 100.0%)
1  ... 

Histogram: GPU.CanvasOopRaster.OopRasterAndGpuAcceleration recorded 1 samples, mean = 0.0 (flags = 0x41)
0  -O                                                                        (1 = 100.0%)
1  ... 

Histogram: GPU.DriverBugTestResultsPerEntry recorded 16 samples (flags = 0x41)
0    -O                                                                        (1 = 6.2%)
17   -O                                                                        (1 = 6.2%)
132  -O                                                                        (1 = 6.2%)
206  -O                                                                        (1 = 6.2%)
256  -O                                                                        (1 = 6.2%)
315  -O                                                                        (1 = 6.2%)
346  -O                                                                        (1 = 6.2%)
347  -O                                                                        (1 = 6.2%)
360  -O                                                                        (1 = 6.2%)
362  -O                                                                        (1 = 6.2%)
371  -O                                                                        (1 = 6.2%)
380  -O                                                                        (1 = 6.2%)
413  -O                                                                        (1 = 6.2%)
414  -O                                                                        (1 = 6.2%)
419  -O                                                                        (1 = 6.2%)
430  -O                                                                        (1 = 6.2%)

Histogram: GPU.EstablishGpuChannelSyncTime recorded 2 samples, mean = 236.0 (flags = 0x41)
0    ... 
6    -O                                                                        (1 = 50.0%) {0.0%}
7    ... 
449  -O                                                                        (1 = 50.0%) {50.0%}
533  ... 

Histogram: GPU.EstablishGpuChannelSyncTime.FirstRun recorded 2 samples, mean = 236.0 (flags = 0x41)
0    ... 
6    -O                                                                        (1 = 50.0%) {0.0%}
7    ... 
449  -O                                                                        (1 = 50.0%) {50.0%}
533  ... 

Histogram: GPU.GPUProcessLaunchTime recorded 1 samples, mean = 2624.0 (flags = 0x41)
0     ... 
2516  -O                                                                        (1 = 100.0%) {0.0%}
2990  ... 

Histogram: GPU.GPUProcessTerminationStatus2 recorded 1 samples, mean = 4.0 (flags = 0x41)
0  ... 
4  -O                                                                        (1 = 100.0%) {0.0%}
5  ... 

Histogram: GPU.HardwareAccelerationModeEnabled recorded 1 samples, mean = 1.0 (flags = 0x41)
0  O                                                                         (0 = 0.0%)
1  -O                                                                        (1 = 100.0%) {0.0%}
2  O                                                                         (0 = 0.0%) {100.0%}

Histogram: GPU.Output.HDR recorded 1 samples, mean = 0.0 (flags = 0x41)
0  -O                                                                        (1 = 100.0%)
1  ... 

Histogram: GPU.ProcessLifetimeEvents.HardwareAccelerated recorded 1 samples, mean = 0.0 (flags = 0x41)
0  -O                                                                        (1 = 100.0%)
1  ... 

Histogram: GPU.RasterDecoder.TimeToFlush recorded 6 samples, mean = 309.8 (flags = 0x41)
0     ... 
88    --O                                                                       (2 = 33.3%) {0.0%}
100   -O                                                                        (1 = 16.7%) {33.3%}
114   O                                                                         (0 = 0.0%) {50.0%}
130   -O                                                                        (1 = 16.7%) {50.0%}
148   ... 
281   -O                                                                        (1 = 16.7%) {66.7%}
320   ... 
1026  -O                                                                        (1 = 16.7%) {83.3%}
1168  ... 

Histogram: GPU.SharedImage.BackingType recorded 6 samples, mean = 7.0 (flags = 0x41)
0   ... 
2   ---O                                                                      (3 = 50.0%) {0.0%}
3   ... 
12  ---O                                                                      (3 = 50.0%) {50.0%}
13  ... 

Histogram: GPU.SharedImage.ContentConsumed recorded 28 samples, mean = 0.5 (flags = 0x41)
0  ---------------O                                                          (15 = 53.6%)
1  -------------O                                                            (13 = 46.4%) {53.6%}
2  O                                                                         (0 = 0.0%) {100.0%}

Histogram: GPU.SkiaBackendType recorded 1 samples, mean = 2.0 (flags = 0x41)
0  ... 
2  -O                                                                        (1 = 100.0%) {0.0%}
3  ... 

Histogram: GPU.WatchdogThread.Event recorded 1 samples, mean = 0.0 (flags = 0x41)
0  -O                                                                        (1 = 100.0%)
1  ... 

Histogram: GPU.WatchdogThread.Event.main recorded 1 samples, mean = 0.0 (flags = 0x41)
0  -O                                                                        (1 = 100.0%)
1  ... 

Histogram: GPU.WatchdogThread.Timeout recorded 3 samples, mean = 0.0 (flags = 0x41)
0  ---O                                                                      (3 = 100.0%)
1  ... 

Histogram: GPU.WatchdogThread.Timeout.Normal recorded 3 samples, mean = 0.0 (flags = 0x41)
0  ---O                                                                      (3 = 100.0%)
1  ... 

Histogram: GPU.WatchdogThread.Timeout.Normal.main recorded 3 samples, mean = 0.0 (flags = 0x41)
0  ---O                                                                      (3 = 100.0%)
1  ... 

Histogram: GPU.WatchdogThread.Timeout.main recorded 3 samples, mean = 0.0 (flags = 0x41)
0  ---O                                                                      (3 = 100.0%)
1  ... 

Histogram: Gaia.AuthFetcher.ListAccounts.NetErrorCodes recorded 1 samples (flags = 0x41)
0  -O                                                                        (1 = 100.0%)

Histogram: Gpu.FenceHandle.CloneCountsPerSubmit recorded 10 samples, mean = 0.0 (flags = 0x41)
0  ----------O                                                               (10 = 100.0%)
1  ... 

Histogram: Gpu.GrCompileShaderUs recorded 4 samples, mean = 494.5 (flags = 0x41)
0    ... 
149  -O                                                                        (1 = 25.0%) {0.0%}
196  O                                                                         (0 = 0.0%) {25.0%}
258  -O                                                                        (1 = 25.0%) {25.0%}
340  O                                                                         (0 = 0.0%) {50.0%}
448  -O                                                                        (1 = 25.0%) {50.0%}
590  O                                                                         (0 = 0.0%) {75.0%}
777  -O                                                                        (1 = 25.0%) {75.0%}
1023 ... 

Histogram: Gpu.GrLinkProgramUs recorded 2 samples, mean = 5796.0 (flags = 0x41)
0     ... 
2336  -O                                                                        (1 = 50.0%) {0.0%}
3077  ... 
7031  -O                                                                        (1 = 50.0%) {50.0%}
9260  ... 

Histogram: Gpu.PassthroughProgramCacheLoadHitInCache recorded 2 samples, mean = 0.0 (flags = 0x41)
0  --O                                                                       (2 = 100.0%)
1  ... 

Histogram: Gpu.Rasterization.Raster.MSAASampleCountLog2 recorded 6 samples, mean = 0.0 (flags = 0x41)
0  ------O                                                                   (6 = 100.0%)
1  ... 

Histogram: HangWatcher.IsThreadHung.BrowserProcess.IOThread.Normal recorded 10 samples, mean = 0.0 (flags = 0x41)
0  ----------O                                                               (10 = 100.0%)
1  ... 

Histogram: HangWatcher.IsThreadHung.BrowserProcess.UIThread.Normal recorded 10 samples, mean = 0.0 (flags = 0x41)
0  ----------O                                                               (10 = 100.0%)
1  ... 

Histogram: HangWatcher.IsThreadHung.RendererProcess.IOThread recorded 9 samples, mean = 0.0 (flags = 0x41)
0  ---------O                                                                (9 = 100.0%)
1  ... 

Histogram: HangWatcher.IsThreadHung.RendererProcess.IOThread.BestEffort recorded 11 samples, mean = 0.0 (flags = 0x41)
0  -----------O                                                              (11 = 100.0%)
1  ... 

Histogram: HangWatcher.IsThreadHung.RendererProcess.MainThread recorded 9 samples, mean = 0.0 (flags = 0x41)
0  ---------O                                                                (9 = 100.0%)
1  ... 

Histogram: HangWatcher.IsThreadHung.RendererProcess.MainThread.BestEffort recorded 11 samples, mean = 0.0 (flags = 0x41)
0  -----------O                                                              (11 = 100.0%)
1  ... 

Histogram: HangWatcher.IsThreadHung.UtilityProcess.IOThread recorded 20 samples, mean = 0.0 (flags = 0x41)
0  --------------------O                                                     (20 = 100.0%)
1  ... 

Histogram: HangWatcher.IsThreadHung.UtilityProcess.MainThread recorded 20 samples, mean = 0.0 (flags = 0x41)
0  --------------------O                                                     (20 = 100.0%)
1  ... 

Histogram: HangWatcher.SleepDrift.BrowserProcess recorded 50 samples, mean = 6.3 (flags = 0x41)
0   ----------O                                                               (10 = 20.0%)
1   --O                                                                       (2 = 4.0%) {20.0%}
2   --O                                                                       (2 = 4.0%) {24.0%}
3   ---O                                                                      (3 = 6.0%) {28.0%}
4   ---O                                                                      (3 = 6.0%) {34.0%}
5   O                                                                         (0 = 0.0%) {40.0%}
6   ----O                                                                     (4 = 8.0%) {40.0%}
7   ---O                                                                      (3 = 6.0%) {48.0%}
8   --------O                                                                 (8 = 16.0%) {54.0%}
10  ------O                                                                   (6 = 12.0%) {70.0%}
12  -------O                                                                  (7 = 14.0%) {82.0%}
14  --O                                                                       (2 = 4.0%) {96.0%}
17  ... 

Histogram: Hardware.Display.Count.OnStartup recorded 1 samples, mean = 2.0 (flags = 0x41)
0  ... 
2  -O                                                                        (1 = 100.0%) {0.0%}
3  ... 

Histogram: Hardware.Display.SupportsHDR recorded 3 samples, mean = 0.0 (flags = 0x41)
0  ---O                                                                      (3 = 100.0%)
1  ... 

Histogram: HeapProfiling.InProcess.Enabled recorded 1 samples, mean = 0.0 (flags = 0x41)
0  -O                                                                        (1 = 100.0%)
1  ... 

Histogram: HeapProfiling.InProcess.Enabled.Browser recorded 1 samples, mean = 0.0 (flags = 0x41)
0  -O                                                                        (1 = 100.0%)
1  ... 

Histogram: Histogram.TooManyBuckets.1000 recorded 4 samples (flags = 0x41)
-2140283801 --O                                                                       (2 = 50.0%)
1721222685  --O                                                                       (2 = 50.0%)

Histogram: History.Backend.TransactionCommitSuccess recorded 2 samples, mean = 1.0 (flags = 0x41)
0  O                                                                         (0 = 0.0%)
1  --O                                                                       (2 = 100.0%) {0.0%}
2  O                                                                         (0 = 0.0%) {100.0%}

Histogram: History.ClearBrowsingData.TaskQueueAtShutdown recorded 1 samples, mean = 0.0 (flags = 0x41)
0  -O                                                                        (1 = 100.0%)
1  ... 

Histogram: History.InMemoryDBItemCount recorded 1 samples, mean = 3.0 (flags = 0x41)
0  ... 
3  -O                                                                        (1 = 100.0%) {0.0%}
4  ... 

Histogram: History.TopSites.QueryFromHistoryTime recorded 1 samples, mean = 0.0 (flags = 0x41)
0  -O                                                                        (1 = 100.0%)
1  ... 

Histogram: History.VisitedLinks.HashTableLengthOnReaderInit recorded 3 samples, mean = 16381.0 (flags = 0x41)
0      ... 
14319  ---O                                                                      (3 = 100.0%) {0.0%}
19866  ... 

Histogram: History.VisitedLinks.HashTableSizeOnTableCreate recorded 2 samples, mean = 0.0 (flags = 0x41)
0  --O                                                                       (2 = 100.0%)
1  ... 

Histogram: History.VisitedLinks.HashTableUsageOnLinkAdded recorded 3 samples, mean = 12.7 (flags = 0x41)
0   -O                                                                        (1 = 33.3%)
1   ... 
15  --O                                                                       (2 = 66.7%) {33.3%}
21  ... 

Histogram: History.VisitedLinks.TryToAddFingerprint recorded 4 samples, mean = 0.8 (flags = 0x41)
0  -O                                                                        (1 = 25.0%)
1  ---O                                                                      (3 = 75.0%) {25.0%}
2  ... 

Histogram: History.VisitedLinks.VisitLoggedFromMainFrame recorded 3 samples, mean = 1.0 (flags = 0x41)
0  O                                                                         (0 = 0.0%)
1  ---O                                                                      (3 = 100.0%) {0.0%}
2  O                                                                         (0 = 0.0%) {100.0%}

Histogram: History.VisitedLinks.VisitLoggedFromTransition recorded 3 samples, mean = 1.7 (flags = 0x41)
0  O                                                                         (0 = 0.0%)
1  -O                                                                        (1 = 33.3%) {0.0%}
2  --O                                                                       (2 = 66.7%) {33.3%}
3  ... 

Histogram: HttpCache.AccessToDone2 recorded 47 samples, mean = 121.2 (flags = 0x41)
0     -O                                                                        (1 = 2.1%)
1     -O                                                                        (1 = 2.1%) {2.1%}
2     ----O                                                                     (4 = 8.5%) {4.3%}
3     ---O                                                                      (3 = 6.4%) {12.8%}
4     --O                                                                       (2 = 4.3%) {19.1%}
5     O                                                                         (0 = 0.0%) {23.4%}
6     ------O                                                                   (6 = 12.8%) {23.4%}
7     --O                                                                       (2 = 4.3%) {36.2%}
8     --O                                                                       (2 = 4.3%) {40.4%}
9     -O                                                                        (1 = 2.1%) {44.7%}
10    O                                                                         (0 = 0.0%) {46.8%}
11    -O                                                                        (1 = 2.1%) {46.8%}
12    ... 
14    -O                                                                        (1 = 2.1%) {48.9%}
15    --O                                                                       (2 = 4.3%) {51.1%}
16    -----O                                                                    (5 = 10.6%) {55.3%}
18    -O                                                                        (1 = 2.1%) {66.0%}
20    -O                                                                        (1 = 2.1%) {68.1%}
22    --O                                                                       (2 = 4.3%) {70.2%}
24    O                                                                         (0 = 0.0%) {74.5%}
26    --O                                                                       (2 = 4.3%) {74.5%}
28    ... 
194   -O                                                                        (1 = 2.1%) {78.7%}
212   O                                                                         (0 = 0.0%) {80.9%}
232   --O                                                                       (2 = 4.3%) {80.9%}
254   -O                                                                        (1 = 2.1%) {85.1%}
278   -O                                                                        (1 = 2.1%) {87.2%}
304   O                                                                         (0 = 0.0%) {89.4%}
333   -O                                                                        (1 = 2.1%) {89.4%}
364   ... 
625   --O                                                                       (2 = 4.3%) {91.5%}
684   -O                                                                        (1 = 2.1%) {95.7%}
748   ... 
1535  -O                                                                        (1 = 2.1%) {97.9%}
1680  ... 

Histogram: HttpCache.AccessToDone2.SentRequest recorded 10 samples, mean = 532.4 (flags = 0x41)
0     ... 
194   -O                                                                        (1 = 10.0%) {0.0%}
212   O                                                                         (0 = 0.0%) {10.0%}
232   --O                                                                       (2 = 20.0%) {10.0%}
254   -O                                                                        (1 = 10.0%) {30.0%}
278   -O                                                                        (1 = 10.0%) {40.0%}
304   O                                                                         (0 = 0.0%) {50.0%}
333   -O                                                                        (1 = 10.0%) {50.0%}
364   ... 
625   --O                                                                       (2 = 20.0%) {60.0%}
684   -O                                                                        (1 = 10.0%) {80.0%}
748   ... 
1535  -O                                                                        (1 = 10.0%) {90.0%}
1680  ... 

Histogram: HttpCache.AccessToDone2.Used recorded 37 samples, mean = 10.0 (flags = 0x41)
0   -O                                                                        (1 = 2.7%)
1   -O                                                                        (1 = 2.7%) {2.7%}
2   ----O                                                                     (4 = 10.8%) {5.4%}
3   ---O                                                                      (3 = 8.1%) {16.2%}
4   --O                                                                       (2 = 5.4%) {24.3%}
5   O                                                                         (0 = 0.0%) {29.7%}
6   ------O                                                                   (6 = 16.2%) {29.7%}
7   --O                                                                       (2 = 5.4%) {45.9%}
8   --O                                                                       (2 = 5.4%) {51.4%}
9   -O                                                                        (1 = 2.7%) {56.8%}
10  O                                                                         (0 = 0.0%) {59.5%}
11  -O                                                                        (1 = 2.7%) {59.5%}
12  ... 
14  -O                                                                        (1 = 2.7%) {62.2%}
15  --O                                                                       (2 = 5.4%) {64.9%}
16  ----O                                                                     (4 = 10.8%) {70.3%}
17  -O                                                                        (1 = 2.7%) {81.1%}
18  -O                                                                        (1 = 2.7%) {83.8%}
19  O                                                                         (0 = 0.0%) {86.5%}
20  -O                                                                        (1 = 2.7%) {86.5%}
21  O                                                                         (0 = 0.0%) {89.2%}
22  --O                                                                       (2 = 5.4%) {89.2%}
23  O                                                                         (0 = 0.0%) {94.6%}
25  --O                                                                       (2 = 5.4%) {94.6%}
27  ... 

Histogram: HttpCache.AddTransactionToEntry recorded 47 samples, mean = 0.2 (flags = 0x41)
0  -----------------------------------------O                                (41 = 87.2%)
1  ----O                                                                     (4 = 8.5%) {87.2%}
2  --O                                                                       (2 = 4.3%) {95.7%}
3  ... 

Histogram: HttpCache.BeforeSend recorded 10 samples, mean = 0.9 (flags = 0x41)
0  -------O                                                                  (7 = 70.0%)
1  --O                                                                       (2 = 20.0%) {70.0%}
2  ... 
7  -O                                                                        (1 = 10.0%) {90.0%}
8  ... 

Histogram: HttpCache.BeforeSend.CantConditionalize recorded 2 samples, mean = 0.5 (flags = 0x41)
0  -O                                                                        (1 = 50.0%)
1  -O                                                                        (1 = 50.0%) {50.0%}
2  ... 

Histogram: HttpCache.BeforeSend.NotCached recorded 5 samples, mean = 0.0 (flags = 0x41)
0  -----O                                                                    (5 = 100.0%)
1  ... 

Histogram: HttpCache.BeforeSend.Updated recorded 1 samples, mean = 7.0 (flags = 0x41)
0  ... 
7  -O                                                                        (1 = 100.0%) {0.0%}
8  ... 

Histogram: HttpCache.BeforeSend.Validated recorded 2 samples, mean = 0.5 (flags = 0x41)
0  -O                                                                        (1 = 50.0%)
1  -O                                                                        (1 = 50.0%) {50.0%}
2  ... 

Histogram: HttpCache.CreateDiskEntry recorded 5 samples, mean = 0.0 (flags = 0x41)
0  -----O                                                                    (5 = 100.0%)
1  ... 

Histogram: HttpCache.HardReset recorded 1 samples, mean = 0.0 (flags = 0x40)
0  -O                                                                        (1 = 100.0%)
1  ... 

Histogram: HttpCache.IsNoStore recorded 47 samples, mean = 0.1 (flags = 0x41)
0  ------------------------------------------O                               (42 = 89.4%)
1  -----O                                                                    (5 = 10.6%) {89.4%}
2  O                                                                         (0 = 0.0%) {100.0%}

Histogram: HttpCache.IsNoStore.MainFrameHTML recorded 1 samples, mean = 1.0 (flags = 0x41)
0  O                                                                         (0 = 0.0%)
1  -O                                                                        (1 = 100.0%) {0.0%}
2  O                                                                         (0 = 0.0%) {100.0%}

Histogram: HttpCache.MaxFileSizeOnInit recorded 1 samples, mean = 29315.0 (flags = 0x41)
0      ... 
28965  -O                                                                        (1 = 100.0%) {0.0%}
32969  ... 

Histogram: HttpCache.OpenDiskEntry recorded 42 samples, mean = 0.1 (flags = 0x41)
0  -------------------------------------O                                    (37 = 88.1%)
1  -----O                                                                    (5 = 11.9%) {88.1%}
2  ... 

Histogram: HttpCache.Pattern recorded 47 samples, mean = 3.1 (flags = 0x41)
0  ... 
2  -----O                                                                    (5 = 10.6%) {0.0%}
3  -------------------------------------O                                    (37 = 78.7%) {10.6%}
4  --O                                                                       (2 = 4.3%) {89.4%}
5  -O                                                                        (1 = 2.1%) {93.6%}
6  --O                                                                       (2 = 4.3%) {95.7%}
7  O                                                                         (0 = 0.0%) {100.0%}

Histogram: HttpCache.Pattern.CSS recorded 8 samples, mean = 3.1 (flags = 0x41)
0  ... 
3  -------O                                                                  (7 = 87.5%) {0.0%}
4  -O                                                                        (1 = 12.5%) {87.5%}
5  ... 

Histogram: HttpCache.Pattern.CSSThirdParty recorded 8 samples, mean = 3.1 (flags = 0x41)
0  ... 
3  -------O                                                                  (7 = 87.5%) {0.0%}
4  -O                                                                        (1 = 12.5%) {87.5%}
5  ... 

Histogram: HttpCache.Pattern.Font recorded 5 samples, mean = 3.0 (flags = 0x41)
0  ... 
3  -----O                                                                    (5 = 100.0%) {0.0%}
4  ... 

Histogram: HttpCache.Pattern.FontThirdParty recorded 5 samples, mean = 3.0 (flags = 0x41)
0  ... 
3  -----O                                                                    (5 = 100.0%) {0.0%}
4  ... 

Histogram: HttpCache.Pattern.Image recorded 1 samples, mean = 2.0 (flags = 0x41)
0  ... 
2  -O                                                                        (1 = 100.0%) {0.0%}
3  ... 

Histogram: HttpCache.Pattern.JavaScript recorded 25 samples, mean = 3.1 (flags = 0x41)
0  ... 
3  ------------------------O                                                 (24 = 96.0%) {0.0%}
4  O                                                                         (0 = 0.0%) {96.0%}
5  -O                                                                        (1 = 4.0%) {96.0%}
6  ... 

Histogram: HttpCache.Pattern.JavaScriptThirdParty recorded 25 samples, mean = 3.1 (flags = 0x41)
0  ... 
3  ------------------------O                                                 (24 = 96.0%) {0.0%}
4  O                                                                         (0 = 0.0%) {96.0%}
5  -O                                                                        (1 = 4.0%) {96.0%}
6  ... 

Histogram: HttpCache.Pattern.MainFrameHTML recorded 1 samples, mean = 2.0 (flags = 0x41)
0  ... 
2  -O                                                                        (1 = 100.0%) {0.0%}
3  ... 

Histogram: HttpCache.Pattern.NonTinyImage recorded 1 samples, mean = 2.0 (flags = 0x41)
0  ... 
2  -O                                                                        (1 = 100.0%) {0.0%}
3  ... 

Histogram: HttpCache.TotalDiskCacheTimePerTransaction.Read recorded 5 samples, mean = 0.6 (flags = 0x41)
0  ----O                                                                     (4 = 80.0%)
1  ... 
3  -O                                                                        (1 = 20.0%) {80.0%}
4  ... 

Histogram: HttpCache.TotalDiskCacheTimePerTransaction.Write recorded 5 samples, mean = 0.4 (flags = 0x41)
0  ----O                                                                     (4 = 80.0%)
1  O                                                                         (0 = 0.0%) {80.0%}
2  -O                                                                        (1 = 20.0%) {80.0%}
3  ... 

Histogram: ImageDecoder.Png.UiGfxIntoSkBitmap recorded 1 samples, mean = 190.0 (flags = 0x41)
0    ... 
149  -O                                                                        (1 = 100.0%) {0.0%}
196  ... 

Histogram: ImportantFile.FileReplaceRetryCount recorded 14 samples, mean = 0.0 (flags = 0x41)
0  --------------O                                                           (14 = 100.0%)
1  ... 

Histogram: ImportantFile.SerializationDuration recorded 2 samples, mean = 0.0 (flags = 0x41)
0  --O                                                                       (2 = 100.0%)
1  ... 

Histogram: ImportantFile.SerializationDuration.Local_State recorded 4 samples, mean = 0.0 (flags = 0x41)
0  ----O                                                                     (4 = 100.0%)
1  ... 

Histogram: ImportantFile.SerializationDuration.Preferences recorded 3 samples, mean = 0.0 (flags = 0x41)
0  ---O                                                                      (3 = 100.0%)
1  ... 

Histogram: ImportantFile.SerializationDuration.TransportSecurityPersister recorded 2 samples, mean = 0.0 (flags = 0x41)
0  --O                                                                       (2 = 100.0%)
1  ... 

Histogram: ImportantFile.WriteDuration recorded 2 samples, mean = 11.5 (flags = 0x41)
0   ... 
6   -O                                                                        (1 = 50.0%) {0.0%}
7   ... 
17  -O                                                                        (1 = 50.0%) {50.0%}
20  ... 

Histogram: ImportantFile.WriteDuration.Local_State recorded 4 samples, mean = 12.5 (flags = 0x41)
0   ... 
4   -O                                                                        (1 = 25.0%) {0.0%}
5   O                                                                         (0 = 0.0%) {25.0%}
6   -O                                                                        (1 = 25.0%) {25.0%}
7   -O                                                                        (1 = 25.0%) {50.0%}
8   ... 
29  -O                                                                        (1 = 25.0%) {75.0%}
34  ... 

Histogram: ImportantFile.WriteDuration.Preferences recorded 3 samples, mean = 7.0 (flags = 0x41)
0  ... 
6  -O                                                                        (1 = 33.3%) {0.0%}
7  -O                                                                        (1 = 33.3%) {33.3%}
8  -O                                                                        (1 = 33.3%) {66.7%}
10 ... 

Histogram: ImportantFile.WriteDuration.SCTAuditing recorded 2 samples, mean = 7.5 (flags = 0x41)
0  ... 
7  -O                                                                        (1 = 50.0%) {0.0%}
8  -O                                                                        (1 = 50.0%) {50.0%}
10 ... 

Histogram: ImportantFile.WriteDuration.TransportSecurityPersister recorded 2 samples, mean = 10.0 (flags = 0x41)
0   ... 
6   -O                                                                        (1 = 50.0%) {0.0%}
7   ... 
14  -O                                                                        (1 = 50.0%) {50.0%}
17  ... 

Histogram: ImportantFile.WriteDuration.TrustedVault recorded 1 samples, mean = 13.0 (flags = 0x41)
0   ... 
12  -O                                                                        (1 = 100.0%) {0.0%}
14  ... 

Histogram: InProductHelp.Config.ParsingEvent recorded 68 samples, mean = 6.4 (flags = 0x41)
0   -----------------------------O                                            (29 = 42.6%)
1   O                                                                         (0 = 0.0%) {42.6%}
2   ---------O                                                                (9 = 13.2%) {42.6%}
3   ... 
14  ------------------------------O                                           (30 = 44.1%) {55.9%}
15  ... 

Histogram: InProductHelp.Db.Init.AvailabilityStore recorded 1 samples, mean = 1.0 (flags = 0x41)
0  O                                                                         (0 = 0.0%)
1  -O                                                                        (1 = 100.0%) {0.0%}
2  O                                                                         (0 = 0.0%) {100.0%}

Histogram: InProductHelp.Db.Init.EventStore recorded 1 samples, mean = 1.0 (flags = 0x41)
0  O                                                                         (0 = 0.0%)
1  -O                                                                        (1 = 100.0%) {0.0%}
2  O                                                                         (0 = 0.0%) {100.0%}

Histogram: InProductHelp.Db.Load.AvailabilityStore recorded 1 samples, mean = 1.0 (flags = 0x41)
0  O                                                                         (0 = 0.0%)
1  -O                                                                        (1 = 100.0%) {0.0%}
2  O                                                                         (0 = 0.0%) {100.0%}

Histogram: InProductHelp.Db.Load.EventStore recorded 1 samples, mean = 1.0 (flags = 0x41)
0  O                                                                         (0 = 0.0%)
1  -O                                                                        (1 = 100.0%) {0.0%}
2  O                                                                         (0 = 0.0%) {100.0%}

Histogram: InProductHelp.Db.TotalEvents recorded 1 samples, mean = 0.0 (flags = 0x41)
0  -O                                                                        (1 = 100.0%)
1  ... 

Histogram: InProductHelp.Db.Update.AvailabilityStore recorded 1 samples, mean = 1.0 (flags = 0x41)
0  O                                                                         (0 = 0.0%)
1  -O                                                                        (1 = 100.0%) {0.0%}
2  O                                                                         (0 = 0.0%) {100.0%}

Histogram: IndexedDB.ContextShutdownDuration recorded 1 samples, mean = 0.0 (flags = 0x41)
0  -O                                                                        (1 = 100.0%)
1  ... 

Histogram: Input.Digitizer.MaxTouchPoints.Touch recorded 1 samples, mean = 10.0 (flags = 0x41)
0   ... 
10  -O                                                                        (1 = 100.0%) {0.0%}
11  ... 

Histogram: Input.Digitizer.MaxTouchPointsSupportedBySystemAtStartup recorded 1 samples, mean = 10.0 (flags = 0x41)
0   ... 
10  -O                                                                        (1 = 100.0%) {0.0%}
11  ... 

Histogram: Input.Digitizer.OnStartup recorded 1 samples, mean = 3.0 (flags = 0x41)
0  ... 
3  -O                                                                        (1 = 100.0%) {0.0%}
4  ... 

Histogram: Input.PointerTypePrimary recorded 1 samples, mean = 2.0 (flags = 0x41)
0  ... 
2  -O                                                                        (1 = 100.0%) {0.0%}
3  O                                                                         (0 = 0.0%) {100.0%}

Histogram: Input.PointerTypesAll recorded 1 samples, mean = 3.0 (flags = 0x41)
0  ... 
3  -O                                                                        (1 = 100.0%) {0.0%}
4  O                                                                         (0 = 0.0%) {100.0%}

Histogram: LanguageDetection.TFLiteModel.WasModelRequestDeferred recorded 2 samples, mean = 1.0 (flags = 0x41)
0  O                                                                         (0 = 0.0%)
1  --O                                                                       (2 = 100.0%) {0.0%}
2  O                                                                         (0 = 0.0%) {100.0%}

Histogram: LanguageUsage.AcceptLanguage recorded 2 samples (flags = 0x41)
25966  -O                                                                        (1 = 50.0%)
27503  -O                                                                        (1 = 50.0%)

Histogram: LanguageUsage.AcceptLanguage.Count recorded 1 samples, mean = 2.0 (flags = 0x41)
0  ... 
2  -O                                                                        (1 = 100.0%) {0.0%}
3  ... 

Histogram: LanguageUsage.AcceptLanguageAndContentLanguageUsage recorded 1 samples, mean = 0.0 (flags = 0x41)
0  -O                                                                        (1 = 100.0%)
1  ... 

Histogram: LanguageUsage.AcceptLanguageAndXmlHtmlLangUsage recorded 1 samples, mean = 7.0 (flags = 0x41)
0  ... 
7  -O                                                                        (1 = 100.0%) {0.0%}
8  O                                                                         (0 = 0.0%) {100.0%}

Histogram: LevelDB.ApproximateMemTableMemoryUse.BudgetManager recorded 0 samples (flags = 0x41)
0 ... 

Histogram: LevelDB.ApproximateMemTableMemoryUse.CartDatabase recorded 0 samples (flags = 0x41)
0 ... 

Histogram: LevelDB.ApproximateMemTableMemoryUse.ClientCertificatesDatabase recorded 0 samples (flags = 0x41)
0 ... 

Histogram: LevelDB.ApproximateMemTableMemoryUse.CommerceParcelTrackingDatabase recorded 0 samples (flags = 0x41)
0 ... 

Histogram: LevelDB.ApproximateMemTableMemoryUse.CommerceSubscriptionDatabase recorded 0 samples (flags = 0x41)
0 ... 

Histogram: LevelDB.ApproximateMemTableMemoryUse.CouponDatabase recorded 0 samples (flags = 0x41)
0 ... 

Histogram: LevelDB.ApproximateMemTableMemoryUse.DiscountsDatabase recorded 0 samples (flags = 0x41)
0 ... 

Histogram: LevelDB.ApproximateMemTableMemoryUse.DownloadDB recorded 0 samples (flags = 0x41)
0 ... 

Histogram: LevelDB.ApproximateMemTableMemoryUse.DownloadService recorded 0 samples (flags = 0x41)
0 ... 

Histogram: LevelDB.ApproximateMemTableMemoryUse.FeatureEngagementTrackerAvailabilityStore recorded 0 samples (flags = 0x41)
0 ... 

Histogram: LevelDB.ApproximateMemTableMemoryUse.FeatureEngagementTrackerEventStore recorded 0 samples (flags = 0x41)
0 ... 

Histogram: LevelDB.ApproximateMemTableMemoryUse.Metadata recorded 1 samples, mean = 4104.0 (flags = 0x41)
0  O                                                                         (0 = 0.0%)
1  -O                                                                        (1 = 100.0%) {0.0%}
270601... 

Histogram: LevelDB.ApproximateMemTableMemoryUse.PersistentOriginTrials recorded 0 samples (flags = 0x41)
0 ... 

Histogram: LevelDB.ApproximateMemTableMemoryUse.PreviewsHintCacheStore recorded 0 samples (flags = 0x41)
0 ... 

Histogram: LevelDB.ApproximateMemTableMemoryUse.SegmentInfoDatabase recorded 0 samples (flags = 0x41)
0 ... 

Histogram: LevelDB.ApproximateMemTableMemoryUse.SharedProtoDB recorded 1 samples, mean = 45144.0 (flags = 0x41)
0  O                                                                         (0 = 0.0%)
1  -O                                                                        (1 = 100.0%) {0.0%}
270601... 

Histogram: LevelDB.ApproximateMemTableMemoryUse.SignalDatabase recorded 0 samples (flags = 0x41)
0 ... 

Histogram: LevelDB.ApproximateMemTableMemoryUse.SignalStorageConfigDatabase recorded 0 samples (flags = 0x41)
0 ... 

Histogram: LevelDB.ApproximateMemTableMemoryUse.StrikeService recorded 0 samples (flags = 0x41)
0 ... 

Histogram: LevelDBEnv.DeleteTableBackupFile recorded 0 samples (flags = 0x41)
0 ... 

Histogram: LevelDBEnv.SyncResult recorded 21 samples, mean = 0.0 (flags = 0x41)
0  ---------------------O                                                    (21 = 100.0%)
1  ... 

Histogram: LevelDBWrapper.CommitDelay recorded 2 samples, mean = 5000.0 (flags = 0x41)
0     ... 
4516  --O                                                                       (2 = 100.0%) {0.0%}
6118  ... 

Histogram: LoadingPredictor.PreconnectCount recorded 1 samples, mean = 1.0 (flags = 0x41)
0  O                                                                         (0 = 0.0%)
1  -O                                                                        (1 = 100.0%) {0.0%}
2  ... 

Histogram: LoadingPredictor.PreconnectHitsPercentage recorded 1 samples, mean = 100.0 (flags = 0x41)
0    ... 
100  -O                                                                        (1 = 100.0%) {0.0%}
101  O                                                                         (0 = 0.0%) {100.0%}

Histogram: LoadingPredictor.PredictorDatabaseFileSize recorded 1 samples, mean = 44.0 (flags = 0x41)
0   ... 
37  -O                                                                        (1 = 100.0%) {0.0%}
49  ... 

Histogram: LoadingPredictor.PreresolveCount recorded 1 samples, mean = 1.0 (flags = 0x41)
0  O                                                                         (0 = 0.0%)
1  -O                                                                        (1 = 100.0%) {0.0%}
2  ... 

Histogram: LoadingPredictor.PreresolveHitsPercentage recorded 1 samples, mean = 100.0 (flags = 0x41)
0    ... 
100  -O                                                                        (1 = 100.0%) {0.0%}
101  O                                                                         (0 = 0.0%) {100.0%}

Histogram: LocalStorage.MojoSizeInKB recorded 1 samples, mean = 3.0 (flags = 0x41)
0  ... 
3  -O                                                                        (1 = 100.0%) {0.0%}
4  ... 

Histogram: LocalStorage.MojoTimeToPrime recorded 1 samples, mean = 0.0 (flags = 0x41)
0  -O                                                                        (1 = 100.0%)
1  ... 

Histogram: LocalStorage.MojoTimeToPrimeForUnder100KB recorded 1 samples, mean = 0.0 (flags = 0x41)
0  -O                                                                        (1 = 100.0%)
1  ... 

Histogram: LocalStorage.RendererAreaCacheHit recorded 1 samples, mean = 0.0 (flags = 0x41)
0  -O                                                                        (1 = 100.0%)
1  ... 

Histogram: LocalStorageContext.ShutDown.MaybeDroppedChanges recorded 1 samples, mean = 0.0 (flags = 0x40)
0  -O                                                                        (1 = 100.0%)
1  ... 

Histogram: MPArch.ChildProcessLaunchFirst recorded 1 samples, mean = 45.0 (flags = 0x41)
0   ... 
40  -O                                                                        (1 = 100.0%) {0.0%}
48  ... 

Histogram: MPArch.ChildProcessLaunchSubsequent recorded 6 samples, mean = 8.5 (flags = 0x41)
0   ... 
7   -O                                                                        (1 = 16.7%) {0.0%}
8   ----O                                                                     (4 = 66.7%) {16.7%}
10  -O                                                                        (1 = 16.7%) {83.3%}
12  ... 

Histogram: ManagedUsers.BlockedIframeCount recorded 1 samples, mean = 0.0 (flags = 0x41)
0  -O                                                                        (1 = 100.0%)
1  ... 

Histogram: Manifest.HasProperty.description recorded 1 samples, mean = 0.0 (flags = 0x41)
0  -O                                                                        (1 = 100.0%)
1  ... 

Histogram: Manifest.HasProperty.display recorded 1 samples, mean = 1.0 (flags = 0x41)
0  O                                                                         (0 = 0.0%)
1  -O                                                                        (1 = 100.0%) {0.0%}
2  O                                                                         (0 = 0.0%) {100.0%}

Histogram: Manifest.HasProperty.gcm_sender_id recorded 1 samples, mean = 0.0 (flags = 0x41)
0  -O                                                                        (1 = 100.0%)
1  ... 

Histogram: Manifest.HasProperty.icons recorded 1 samples, mean = 1.0 (flags = 0x41)
0  O                                                                         (0 = 0.0%)
1  -O                                                                        (1 = 100.0%) {0.0%}
2  O                                                                         (0 = 0.0%) {100.0%}

Histogram: Manifest.HasProperty.name recorded 1 samples, mean = 1.0 (flags = 0x41)
0  O                                                                         (0 = 0.0%)
1  -O                                                                        (1 = 100.0%) {0.0%}
2  O                                                                         (0 = 0.0%) {100.0%}

Histogram: Manifest.HasProperty.orientation recorded 1 samples, mean = 0.0 (flags = 0x41)
0  -O                                                                        (1 = 100.0%)
1  ... 

Histogram: Manifest.HasProperty.protocol_handlers recorded 1 samples, mean = 0.0 (flags = 0x41)
0  -O                                                                        (1 = 100.0%)
1  ... 

Histogram: Manifest.HasProperty.screenshots recorded 1 samples, mean = 0.0 (flags = 0x41)
0  -O                                                                        (1 = 100.0%)
1  ... 

Histogram: Manifest.HasProperty.share_target recorded 1 samples, mean = 0.0 (flags = 0x41)
0  -O                                                                        (1 = 100.0%)
1  ... 

Histogram: Manifest.HasProperty.short_name recorded 1 samples, mean = 1.0 (flags = 0x41)
0  O                                                                         (0 = 0.0%)
1  -O                                                                        (1 = 100.0%) {0.0%}
2  O                                                                         (0 = 0.0%) {100.0%}

Histogram: Manifest.HasProperty.start_url recorded 1 samples, mean = 1.0 (flags = 0x41)
0  O                                                                         (0 = 0.0%)
1  -O                                                                        (1 = 100.0%) {0.0%}
2  O                                                                         (0 = 0.0%) {100.0%}

Histogram: Manifest.ParseIdResult recorded 1 samples, mean = 1.0 (flags = 0x41)
0  O                                                                         (0 = 0.0%)
1  -O                                                                        (1 = 100.0%) {0.0%}
2  ... 

Histogram: Media.GPU.VideoDecoderType recorded 1 samples, mean = 11.0 (flags = 0x41)
0   ... 
11  -O                                                                        (1 = 100.0%) {0.0%}
12  ... 

Histogram: Media.MediaHistory.DatabaseExists recorded 1 samples, mean = 0.0 (flags = 0x41)
0  -O                                                                        (1 = 100.0%)
1  ... 

Histogram: MediaRouter.Cast.Discovery.ConnectedDevicesCount recorded 1 samples, mean = 0.0 (flags = 0x41)
0  -O                                                                        (1 = 100.0%)
1  ... 

Histogram: MediaRouter.Cast.Discovery.KnownDevicesCount recorded 1 samples, mean = 0.0 (flags = 0x41)
0  -O                                                                        (1 = 100.0%)
1  ... 

Histogram: MediaRouter.Dial.AvailableDevicesCount recorded 1 samples, mean = 0.0 (flags = 0x41)
0  -O                                                                        (1 = 100.0%)
1  ... 

Histogram: MediaRouter.Dial.KnownDevicesCount recorded 1 samples, mean = 0.0 (flags = 0x41)
0  -O                                                                        (1 = 100.0%)
1  ... 

Histogram: Memory.Discardable.FreelistSize.Foreground recorded 1 samples, mean = 0.0 (flags = 0x41)
0  -O                                                                        (1 = 100.0%)
1  ... 

Histogram: Memory.Discardable.Size.Foreground recorded 1 samples, mean = 0.0 (flags = 0x41)
0  -O                                                                        (1 = 100.0%)
1  ... 

Histogram: Memory.Discardable.VirtualSize.Foreground recorded 1 samples, mean = 0.0 (flags = 0x41)
0  -O                                                                        (1 = 100.0%)
1  ... 

Histogram: Memory.GPU.PeakMemoryAllocationSource2.PageLoad.SharedContextState recorded 1 samples, mean = 0.0 (flags = 0x41)
0  -O                                                                        (1 = 100.0%)
1  ... 

Histogram: Memory.GPU.PeakMemoryAllocationSource2.PageLoad.SharedImageStub recorded 1 samples, mean = 0.0 (flags = 0x41)
0  -O                                                                        (1 = 100.0%)
1  ... 

Histogram: Memory.GPU.PeakMemoryAllocationSource2.PageLoad.Skia recorded 1 samples, mean = 0.0 (flags = 0x41)
0  -O                                                                        (1 = 100.0%)
1  ... 

Histogram: Memory.GPU.PeakMemoryUsage2.PageLoad recorded 1 samples, mean = 0.0 (flags = 0x41)
0  -O                                                                        (1 = 100.0%)
1  ... 

Histogram: Memory.ParkableString.Compression.Latency recorded 17 samples, mean = 6872.8 (flags = 0x41)
0      -O                                                                        (1 = 5.9%)
500    ... 
584    --O                                                                       (2 = 11.8%) {5.9%}
631    -O                                                                        (1 = 5.9%) {17.6%}
682    ... 
1268   -O                                                                        (1 = 5.9%) {23.5%}
1370   ... 
2752   -O                                                                        (1 = 5.9%) {29.4%}
2974   O                                                                         (0 = 0.0%) {35.3%}
3214   --O                                                                       (2 = 11.8%) {35.3%}
3473   O                                                                         (0 = 0.0%) {47.1%}
3753   -O                                                                        (1 = 5.9%) {47.1%}
4056   O                                                                         (0 = 0.0%) {52.9%}
4383   -O                                                                        (1 = 5.9%) {52.9%}
4737   ... 
6460   -O                                                                        (1 = 5.9%) {58.8%}
6981   ... 
10289  -O                                                                        (1 = 5.9%) {64.7%}
11119  O                                                                         (0 = 0.0%) {70.6%}
12016  -O                                                                        (1 = 5.9%) {70.6%}
12985  O                                                                         (0 = 0.0%) {76.5%}
14032  --O                                                                       (2 = 11.8%) {76.5%}
15164  O                                                                         (0 = 0.0%) {88.2%}
16387  -O                                                                        (1 = 5.9%) {88.2%}
17709  -O                                                                        (1 = 5.9%) {94.1%}
19137  ... 

Histogram: Memory.ParkableString.Compression.SizeKb recorded 17 samples, mean = 281.8 (flags = 0x41)
0    ... 
14   -O                                                                        (1 = 5.9%) {0.0%}
16   ... 
26   -O                                                                        (1 = 5.9%) {5.9%}
29   -O                                                                        (1 = 5.9%) {11.8%}
33   ... 
60   -O                                                                        (1 = 5.9%) {17.6%}
67   -O                                                                        (1 = 5.9%) {23.5%}
75   O                                                                         (0 = 0.0%) {29.4%}
84   -O                                                                        (1 = 5.9%) {29.4%}
95   O                                                                         (0 = 0.0%) {35.3%}
107  -O                                                                        (1 = 5.9%) {35.3%}
120  O                                                                         (0 = 0.0%) {41.2%}
135  -O                                                                        (1 = 5.9%) {41.2%}
152  O                                                                         (0 = 0.0%) {47.1%}
171  --O                                                                       (2 = 11.8%) {47.1%}
192  -O                                                                        (1 = 5.9%) {58.8%}
216  ... 
307  -O                                                                        (1 = 5.9%) {64.7%}
345  -O                                                                        (1 = 5.9%) {70.6%}
388  ... 
623  -O                                                                        (1 = 5.9%) {76.5%}
701  -O                                                                        (1 = 5.9%) {82.4%}
789  --O                                                                       (2 = 11.8%) {88.2%}
888  ... 

Histogram: Memory.ParkableString.Decompression.Latency recorded 3 samples, mean = 206.3 (flags = 0x41)
0  ---O                                                                      (3 = 100.0%)
500... 

Histogram: Memory.ParkableString.Decompression.ThroughputMBps recorded 3 samples, mean = 501.0 (flags = 0x41)
0    ... 
388  -O                                                                        (1 = 33.3%) {0.0%}
437  O                                                                         (0 = 0.0%) {33.3%}
492  -O                                                                        (1 = 33.3%) {33.3%}
554  -O                                                                        (1 = 33.3%) {66.7%}
623  ... 

Histogram: Memory.ParkableString.Read.Latency recorded 3 samples, mean = 33.7 (flags = 0x41)
0  ---O                                                                      (3 = 100.0%)
500... 

Histogram: Memory.PartitionAlloc.MemoryReclaim recorded 40 samples, mean = 329.9 (flags = 0x41)
0     ... 
49    -----O                                                                    (5 = 12.5%) {0.0%}
65    --O                                                                       (2 = 5.0%) {12.5%}
86    --------O                                                                 (8 = 20.0%) {17.5%}
113   ---O                                                                      (3 = 7.5%) {37.5%}
149   ----O                                                                     (4 = 10.0%) {45.0%}
196   -O                                                                        (1 = 2.5%) {55.0%}
258   -O                                                                        (1 = 2.5%) {57.5%}
340   ---O                                                                      (3 = 7.5%) {60.0%}
448   -----O                                                                    (5 = 12.5%) {67.5%}
590   ----O                                                                     (4 = 10.0%) {80.0%}
777   ---O                                                                      (3 = 7.5%) {90.0%}
1023  -O                                                                        (1 = 2.5%) {97.5%}
1347  ... 

Histogram: Memory.PartitionAlloc.PartitionRoot.ExtrasSize recorded 1 samples, mean = 4.0 (flags = 0x41)
0  ... 
4  -O                                                                        (1 = 100.0%) {0.0%}
5  ... 

Histogram: Memory.PartitionAlloc.PeriodicPurge recorded 44 samples, mean = 18.8 (flags = 0x41)
0   ... 
5   -----O                                                                    (5 = 11.4%) {0.0%}
7   -------O                                                                  (7 = 15.9%) {11.4%}
9   ---------O                                                                (9 = 20.5%) {27.3%}
12  ----------O                                                               (10 = 22.7%) {47.7%}
16  -----O                                                                    (5 = 11.4%) {70.5%}
21  -O                                                                        (1 = 2.3%) {81.8%}
28  -O                                                                        (1 = 2.3%) {84.1%}
37  -O                                                                        (1 = 2.3%) {86.4%}
49  --O                                                                       (2 = 4.5%) {88.6%}
65  ---O                                                                      (3 = 6.8%) {93.2%}
86  ... 

Histogram: Memory.PressureLevel2 recorded 107 samples, mean = 0.0 (flags = 0x41)
0  ------------------------------------------------------------------------O (107 = 100.0%)
1  ... 

Histogram: Mojo.Channel.WriteReceiveMessageProcessType recorded 7 samples, mean = 2.7 (flags = 0x41)
0  ---O                                                                      (3 = 42.9%)
1  O                                                                         (0 = 0.0%) {42.9%}
2  --O                                                                       (2 = 28.6%) {42.9%}
3  ... 
6  -O                                                                        (1 = 14.3%) {71.4%}
7  ... 
9  -O                                                                        (1 = 14.3%) {85.7%}
10 ... 

Histogram: NQE.ContentObserver.NetworkQualityMeaningfullyChanged recorded 9 samples, mean = 0.7 (flags = 0x40)
0  ---O                                                                      (3 = 33.3%)
1  ------O                                                                   (6 = 66.7%) {33.3%}
2  O                                                                         (0 = 0.0%) {100.0%}

Histogram: NQE.RTT.Error.Absolute recorded 17 samples, mean = 52.0 (flags = 0x41)
0    O                                                                         (0 = 0.0%)
1    -O                                                                        (1 = 5.9%) {0.0%}
2    -O                                                                        (1 = 5.9%) {5.9%}
3    O                                                                         (0 = 0.0%) {11.8%}
4    ----O                                                                     (4 = 23.5%) {11.8%}
5    -O                                                                        (1 = 5.9%) {35.3%}
6    ... 
20   -O                                                                        (1 = 5.9%) {41.2%}
24   --O                                                                       (2 = 11.8%) {47.1%}
29   O                                                                         (0 = 0.0%) {58.8%}
34   -O                                                                        (1 = 5.9%) {58.8%}
40   ... 
57   --O                                                                       (2 = 11.8%) {64.7%}
68   -O                                                                        (1 = 5.9%) {76.5%}
81   ... 
160  --O                                                                       (2 = 11.8%) {82.4%}
190  -O                                                                        (1 = 5.9%) {94.1%}
226  ... 

Histogram: NQE.RTT.Error.IsZero recorded 17 samples, mean = 0.0 (flags = 0x41)
0  -----------------O                                                        (17 = 100.0%)
1  ... 

Histogram: NQE.RTT.Error.Negative recorded 9 samples, mean = 9.0 (flags = 0x41)
0   O                                                                         (0 = 0.0%)
1   -O                                                                        (1 = 11.1%) {0.0%}
2   -O                                                                        (1 = 11.1%) {11.1%}
3   O                                                                         (0 = 0.0%) {22.2%}
4   ----O                                                                     (4 = 44.4%) {22.2%}
5   -O                                                                        (1 = 11.1%) {66.7%}
6   ... 
20  -O                                                                        (1 = 11.1%) {77.8%}
24  ... 
34  -O                                                                        (1 = 11.1%) {88.9%}
40  ... 

Histogram: NQE.RTT.Error.Positive recorded 8 samples, mean = 100.4 (flags = 0x41)
0    ... 
24   --O                                                                       (2 = 25.0%) {0.0%}
29   ... 
57   --O                                                                       (2 = 25.0%) {25.0%}
68   -O                                                                        (1 = 12.5%) {50.0%}
81   ... 
160  --O                                                                       (2 = 25.0%) {62.5%}
190  -O                                                                        (1 = 12.5%) {87.5%}
226  ... 

Histogram: NQE.RTT.HittingThreshold.EndToEnd.FallbackSuccess recorded 5 samples, mean = 0.0 (flags = 0x41)
0  -----O                                                                    (5 = 100.0%)
1  ... 

Histogram: NQE.RTT.HittingThreshold.Transport.FallbackSuccess recorded 1 samples, mean = 0.0 (flags = 0x41)
0  -O                                                                        (1 = 100.0%)
1  ... 

Histogram: NQE.RTT.ObservationSource recorded 43 samples, mean = 1.5 (flags = 0x41)
0  -----------------O                                                        (17 = 39.5%)
1  O                                                                         (0 = 0.0%) {39.5%}
2  ----------------------O                                                   (22 = 51.2%) {39.5%}
3  -O                                                                        (1 = 2.3%) {90.7%}
4  -O                                                                        (1 = 2.3%) {93.0%}
5  O                                                                         (0 = 0.0%) {95.3%}
6  -O                                                                        (1 = 2.3%) {95.3%}
7  -O                                                                        (1 = 2.3%) {97.7%}
8  ... 

Histogram: NQE.RTT.OnECTComputation recorded 13 samples, mean = 108.6 (flags = 0x41)
0    ... 
40   -O                                                                        (1 = 7.7%) {0.0%}
48   ----O                                                                     (4 = 30.8%) {7.7%}
57   ... 
114  ----O                                                                     (4 = 30.8%) {38.5%}
135  O                                                                         (0 = 0.0%) {69.2%}
160  ----O                                                                     (4 = 30.8%) {69.2%}
190  ... 

Histogram: NQE.RenderThreadNotified recorded 15 samples, mean = 1.0 (flags = 0x40)
0  O                                                                         (0 = 0.0%)
1  ---------------O                                                          (15 = 100.0%) {0.0%}
2  O                                                                         (0 = 0.0%) {100.0%}

Histogram: NQE.TransportRTT.OnECTComputation recorded 12 samples, mean = 58.1 (flags = 0x41)
0    ... 
17   ----O                                                                     (4 = 33.3%) {0.0%}
20   ... 
34   -O                                                                        (1 = 8.3%) {33.3%}
40   ... 
57   ---O                                                                      (3 = 25.0%) {41.7%}
68   O                                                                         (0 = 0.0%) {66.7%}
81   ---O                                                                      (3 = 25.0%) {66.7%}
96   O                                                                         (0 = 0.0%) {91.7%}
114  -O                                                                        (1 = 8.3%) {91.7%}
135  ... 

Histogram: Navigation.BeginNavigationImpl.MainFrame recorded 2 samples, mean = 0.0 (flags = 0x41)
0  --O                                                                       (2 = 100.0%)
1  ... 

Histogram: Navigation.BrowserInitiatedSessionHistoryCount recorded 1 samples, mean = 0.0 (flags = 0x41)
0  -O                                                                        (1 = 100.0%)
1  ... 

Histogram: Navigation.CommitRenderFrame recorded 1 samples, mean = 8.0 (flags = 0x41)
0  ... 
8  -O                                                                        (1 = 100.0%) {0.0%}
10 ... 

Histogram: Navigation.CommitToCompositorCreation recorded 1 samples, mean = 656.0 (flags = 0x41)
0    ... 
635  -O                                                                        (1 = 100.0%) {0.0%}
826  ... 

Histogram: Navigation.CompositorRequestedBeforeCommit2 recorded 1 samples, mean = 0.0 (flags = 0x41)
0  -O                                                                        (1 = 100.0%)
1  ... 

Histogram: Navigation.CompositorRequestedBeforeSwapRFH2 recorded 1 samples, mean = 0.0 (flags = 0x41)
0  -O                                                                        (1 = 100.0%)
1  ... 

Histogram: Navigation.CreateSpeculativeRFH recorded 1 samples, mean = 5.0 (flags = 0x41)
0  ... 
5  -O                                                                        (1 = 100.0%) {0.0%}
6  ... 

Histogram: Navigation.DidCommitSameDocumentNavigation.Duration recorded 1 samples, mean = 0.0 (flags = 0x41)
0  -O                                                                        (1 = 100.0%)
1  ... 

Histogram: Navigation.DidStartLoading.MainFrame recorded 3 samples, mean = 0.0 (flags = 0x41)
0  ---O                                                                      (3 = 100.0%)
1  ... 

Histogram: Navigation.EarlyRenderFrameHostSwapType recorded 4 samples, mean = 0.0 (flags = 0x41)
0  ----O                                                                     (4 = 100.0%)
1  ... 

Histogram: Navigation.EngagementTime.HTTPS recorded 1 samples, mean = 105102.0 (flags = 0x41)
0      ... 
99734  -O                                                                        (1 = 100.0%) {0.0%}
115118 ... 

Histogram: Navigation.GetFrameHostForNavigation recorded 4 samples, mean = 3.0 (flags = 0x41)
0  --O                                                                       (2 = 50.0%)
1  ... 
5  -O                                                                        (1 = 25.0%) {50.0%}
6  O                                                                         (0 = 0.0%) {75.0%}
7  -O                                                                        (1 = 25.0%) {75.0%}
8  ... 

Histogram: Navigation.GetFrameHostForNavigationTime.InDidCreateNavigationRequest.IsHTTPOrHTTPS recorded 3 samples, mean = 2686.0 (flags = 0x41)
0     ... 
105   --O                                                                       (2 = 66.7%) {0.0%}
146   ... 
7439  -O                                                                        (1 = 33.3%) {66.7%}
10321 ... 

Histogram: Navigation.IsGuest recorded 1 samples, mean = 0.0 (flags = 0x41)
0  -O                                                                        (1 = 100.0%)
1  ... 

Histogram: Navigation.IsLockedProcess recorded 1 samples, mean = 1.0 (flags = 0x41)
0  O                                                                         (0 = 0.0%)
1  -O                                                                        (1 = 100.0%) {0.0%}
2  O                                                                         (0 = 0.0%) {100.0%}

Histogram: Navigation.IsLockedProcess.HTTPOrHTTPS recorded 1 samples, mean = 1.0 (flags = 0x41)
0  O                                                                         (0 = 0.0%)
1  -O                                                                        (1 = 100.0%) {0.0%}
2  O                                                                         (0 = 0.0%) {100.0%}

Histogram: Navigation.IsProcessBackgrounded.OnCommit recorded 1 samples, mean = 0.0 (flags = 0x41)
0  -O                                                                        (1 = 100.0%)
1  ... 

Histogram: Navigation.IsProcessBackgrounded.OnDOMContentLoaded recorded 1 samples, mean = 0.0 (flags = 0x41)
0  -O                                                                        (1 = 100.0%)
1  ... 

Histogram: Navigation.IsSameBrowsingInstance recorded 1 samples, mean = 0.0 (flags = 0x41)
0  -O                                                                        (1 = 100.0%)
1  ... 

Histogram: Navigation.IsSameSiteInstance recorded 1 samples, mean = 0.0 (flags = 0x41)
0  -O                                                                        (1 = 100.0%)
1  ... 

Histogram: Navigation.IsSameSiteInstance.MainFrame recorded 1 samples, mean = 0.0 (flags = 0x41)
0  -O                                                                        (1 = 100.0%)
1  ... 

Histogram: Navigation.LoaderCreateToRequestStart.MainFrame recorded 1 samples, mean = 0.0 (flags = 0x41)
0  -O                                                                        (1 = 100.0%)
1  ... 

Histogram: Navigation.MainFrame.FrameCount recorded 1 samples, mean = 1.0 (flags = 0x41)
0  O                                                                         (0 = 0.0%)
1  -O                                                                        (1 = 100.0%) {0.0%}
2  ... 

Histogram: Navigation.MainFrame.MaxFrameCount recorded 3 samples, mean = 1.0 (flags = 0x41)
0  O                                                                         (0 = 0.0%)
1  ---O                                                                      (3 = 100.0%) {0.0%}
2  ... 

Histogram: Navigation.MainFrame.NewNavigation.IgnoreRestore.IsHTTPOrHTTPS.BeginNavigationToLoaderStart.Time2 recorded 1 samples, mean = 1.0 (flags = 0x41)
0  O                                                                         (0 = 0.0%)
1  -O                                                                        (1 = 100.0%) {0.0%}
2  ... 

Histogram: Navigation.MainFrame.NewNavigation.IgnoreRestore.IsHTTPOrHTTPS.FetchStart.Time2 recorded 1 samples, mean = 2.0 (flags = 0x41)
0  ... 
2  -O                                                                        (1 = 100.0%) {0.0%}
3  ... 

Histogram: Navigation.MainFrame.NewNavigation.IgnoreRestore.IsHTTPOrHTTPS.LoaderStartToFetchStart.Time2 recorded 1 samples, mean = 1088.0 (flags = 0x41)
0     ... 
1062  -O                                                                        (1 = 100.0%) {0.0%}
1262  ... 

Histogram: Navigation.MainFrame.NewNavigation.IgnoreRestore.IsHTTPOrHTTPS.LoaderStartToReceiveResponse.Time2 recorded 1 samples, mean = 1416.0 (flags = 0x41)
0     ... 
1262  -O                                                                        (1 = 100.0%) {0.0%}
1500  ... 

Histogram: Navigation.MainFrame.NewNavigation.IgnoreRestore.IsHTTPOrHTTPS.NavigationStartToBeginNavigation.Time2 recorded 1 samples, mean = 2471.0 (flags = 0x41)
0     ... 
2117  -O                                                                        (1 = 100.0%) {0.0%}
2516  ... 

Histogram: Navigation.MainFrame.NewNavigation.IgnoreRestore.IsHTTPOrHTTPS.ReceiveHeaders.Time2 recorded 1 samples, mean = 251.0 (flags = 0x41)
0    ... 
226  -O                                                                        (1 = 100.0%) {0.0%}
268  ... 

Histogram: Navigation.MainFrame.NewNavigation.IgnoreRestore.IsHTTPOrHTTPS.ReceiveHeadersToReceiveResponse.Time2 recorded 1 samples, mean = 74.0 (flags = 0x41)
0   ... 
68  -O                                                                        (1 = 100.0%) {0.0%}
81  ... 

Histogram: Navigation.MainFrame.NewNavigation.IgnoreRestore.IsHTTPOrHTTPS.ReceiveResponseToCommitNavigation.Time2 recorded 1 samples, mean = 7.0 (flags = 0x41)
0  ... 
7  -O                                                                        (1 = 100.0%) {0.0%}
8  ... 

Histogram: Navigation.MainFrame.RendererInitiated.InitiatorFramePresentAtStart recorded 1 samples, mean = 0.0 (flags = 0x41)
0  -O                                                                        (1 = 100.0%)
1  ... 

Histogram: Navigation.MainFrame.SiteEngagementLevel recorded 1 samples, mean = 2.0 (flags = 0x41)
0  ... 
2  -O                                                                        (1 = 100.0%) {0.0%}
3  ... 

Histogram: Navigation.MainFrame.ThirdPartyCookieBlockingEnabled recorded 2 samples, mean = 0.0 (flags = 0x41)
0  --O                                                                       (2 = 100.0%)
1  ... 

Histogram: Navigation.MainFrameHasRTLDomain2 recorded 2 samples, mean = 0.0 (flags = 0x41)
0  --O                                                                       (2 = 100.0%)
1  ... 

Histogram: Navigation.MainFrameHasRTLDomainDifferentPage2 recorded 1 samples, mean = 0.0 (flags = 0x41)
0  -O                                                                        (1 = 100.0%)
1  ... 

Histogram: Navigation.MainFrameProfileType2 recorded 2 samples, mean = 0.0 (flags = 0x41)
0  --O                                                                       (2 = 100.0%)
1  ... 

Histogram: Navigation.MainFrameScheme2 recorded 2 samples, mean = 2.0 (flags = 0x41)
0  ... 
2  --O                                                                       (2 = 100.0%) {0.0%}
3  ... 

Histogram: Navigation.MainFrameSchemeDifferentPage2 recorded 1 samples, mean = 2.0 (flags = 0x41)
0  ... 
2  -O                                                                        (1 = 100.0%) {0.0%}
3  ... 

Histogram: Navigation.OnBeforeUnloadOverheadTime recorded 2 samples, mean = 1240.5 (flags = 0x41)
0     ... 
10    -O                                                                        (1 = 50.0%) {0.0%}
12    ... 
2117  -O                                                                        (1 = 50.0%) {50.0%}
2516  ... 

Histogram: Navigation.OriginAgentCluster.Result recorded 1 samples, mean = 9.0 (flags = 0x41)
0  ... 
9  -O                                                                        (1 = 100.0%) {0.0%}
10 O                                                                         (0 = 0.0%) {100.0%}

Histogram: Navigation.PendingCommit.DidBlockGetFrameHostForNavigation.Regular recorded 1 samples, mean = 0.0 (flags = 0x41)
0  -O                                                                        (1 = 100.0%)
1  ... 

Histogram: Navigation.PendingCommit.Duration.Regular recorded 1 samples, mean = 328.0 (flags = 0x41)
0    ... 
318  -O                                                                        (1 = 100.0%) {0.0%}
378  ... 

Histogram: Navigation.Preconnect.PreresolveJobQueueLength recorded 14 samples, mean = 0.5 (flags = 0x41)
0  -------O                                                                  (7 = 50.0%)
1  -------O                                                                  (7 = 50.0%) {50.0%}
2  ... 

Histogram: Navigation.Preconnect.PreresolveJobQueueingTime recorded 7 samples, mean = 0.0 (flags = 0x41)
0  -------O                                                                  (7 = 100.0%)
1  ... 

Histogram: Navigation.Preconnect.ProxyLookupCallbackQueueingTime recorded 7 samples, mean = 223.9 (flags = 0x41)
0    ---O                                                                      (3 = 42.9%)
1    ... 
318  --O                                                                       (2 = 28.6%) {42.9%}
378  O                                                                         (0 = 0.0%) {71.4%}
449  --O                                                                       (2 = 28.6%) {71.4%}
533  ... 

Histogram: Navigation.Preconnect.ProxyLookupLatency recorded 7 samples, mean = 593.7 (flags = 0x41)
0     ---O                                                                      (3 = 42.9%)
1     ... 
318   --O                                                                       (2 = 28.6%) {42.9%}
378   O                                                                         (0 = 0.0%) {71.4%}
449   -O                                                                        (1 = 14.3%) {71.4%}
533   ... 
2990  -O                                                                        (1 = 14.3%) {85.7%}
3553  ... 

Histogram: Navigation.Preconnect.ResolveHostCallbackQueueingTime recorded 7 samples, mean = 125.4 (flags = 0x41)
0    --O                                                                       (2 = 28.6%)
1    --O                                                                       (2 = 28.6%) {28.6%}
2    ... 
226  -O                                                                        (1 = 14.3%) {57.1%}
268  -O                                                                        (1 = 14.3%) {71.4%}
318  -O                                                                        (1 = 14.3%) {85.7%}
378  ... 

Histogram: Navigation.Preconnect.ResolveHostLatency recorded 7 samples, mean = 150.1 (flags = 0x41)
0    O                                                                         (0 = 0.0%)
1    ----O                                                                     (4 = 57.1%) {0.0%}
2    ... 
318  --O                                                                       (2 = 28.6%) {57.1%}
378  -O                                                                        (1 = 14.3%) {85.7%}
449  ... 

Histogram: Navigation.ProcessNavigationThrottlesTime.WillStartRequest.MainFrame recorded 2 samples, mean = 0.5 (flags = 0x41)
0  -O                                                                        (1 = 50.0%)
1  -O                                                                        (1 = 50.0%) {50.0%}
2  ... 

Histogram: Navigation.QueueTime.OnReceiveResponse.MainFrame recorded 1 samples, mean = 73.0 (flags = 0x41)
0   ... 
68  -O                                                                        (1 = 100.0%) {0.0%}
81  ... 

Histogram: Navigation.ReadyToCommitUntilCommit2 recorded 1 samples, mean = 328.0 (flags = 0x41)
0    ... 
280  -O                                                                        (1 = 100.0%) {0.0%}
356  ... 

Histogram: Navigation.ReadyToCommitUntilCommit2.ForegroundProcessPriority recorded 1 samples, mean = 328.0 (flags = 0x41)
0    ... 
280  -O                                                                        (1 = 100.0%) {0.0%}
356  ... 

Histogram: Navigation.ReadyToCommitUntilCommit2.NewNavigation recorded 1 samples, mean = 328.0 (flags = 0x41)
0    ... 
280  -O                                                                        (1 = 100.0%) {0.0%}
356  ... 

Histogram: Navigation.RegisterNavigationThrottlesTime.MainFrame recorded 2 samples, mean = 0.0 (flags = 0x41)
0  --O                                                                       (2 = 100.0%)
1  ... 

Histogram: Navigation.RenderFrameHostConstructor recorded 2 samples, mean = 0.0 (flags = 0x41)
0  --O                                                                       (2 = 100.0%)
1  ... 

Histogram: Navigation.RenderFrameHostDestructor recorded 2 samples, mean = 0.0 (flags = 0x41)
0  --O                                                                       (2 = 100.0%)
1  ... 

Histogram: Navigation.RenderViewHostConstructor recorded 2 samples, mean = 0.0 (flags = 0x41)
0  --O                                                                       (2 = 100.0%)
1  ... 

Histogram: Navigation.RenderViewHostDestructor recorded 2 samples, mean = 0.0 (flags = 0x41)
0  --O                                                                       (2 = 100.0%)
1  ... 

Histogram: Navigation.RenderWidgetHostConstructor recorded 2 samples, mean = 0.0 (flags = 0x41)
0  --O                                                                       (2 = 100.0%)
1  ... 

Histogram: Navigation.RenderWidgetHostDestructor recorded 2 samples, mean = 0.0 (flags = 0x41)
0  --O                                                                       (2 = 100.0%)
1  ... 

Histogram: Navigation.RendererCommitDelay.MainFrame recorded 1 samples, mean = 5.0 (flags = 0x41)
0  ... 
5  -O                                                                        (1 = 100.0%) {0.0%}
6  ... 

Histogram: Navigation.RendererCommitQueueTime.MainFrame recorded 1 samples, mean = 4.0 (flags = 0x41)
0  ... 
4  -O                                                                        (1 = 100.0%) {0.0%}
5  ... 

Histogram: Navigation.RendererDidNavigateTime.MainFrame recorded 1 samples, mean = 0.0 (flags = 0x41)
0  -O                                                                        (1 = 100.0%)
1  ... 

Histogram: Navigation.RequiresDedicatedProcess recorded 1 samples, mean = 1.0 (flags = 0x41)
0  O                                                                         (0 = 0.0%)
1  -O                                                                        (1 = 100.0%) {0.0%}
2  O                                                                         (0 = 0.0%) {100.0%}

Histogram: Navigation.RequiresDedicatedProcess.HTTPOrHTTPS recorded 1 samples, mean = 1.0 (flags = 0x41)
0  O                                                                         (0 = 0.0%)
1  -O                                                                        (1 = 100.0%) {0.0%}
2  O                                                                         (0 = 0.0%) {100.0%}

Histogram: Navigation.SameDocumentNavigationWithScreenshot recorded 1 samples, mean = 0.0 (flags = 0x41)
0  -O                                                                        (1 = 100.0%)
1  ... 

Histogram: Navigation.SendCommitNavigationTime.MainFrame recorded 1 samples, mean = 0.0 (flags = 0x41)
0  -O                                                                        (1 = 100.0%)
1  ... 

Histogram: Navigation.StartToCommit recorded 1 samples, mean = 4224.0 (flags = 0x41)
0     ... 
3900  -O                                                                        (1 = 100.0%) {0.0%}
4955  ... 

Histogram: Navigation.StartToCommit.CrossProcess recorded 1 samples, mean = 4224.0 (flags = 0x41)
0     ... 
3900  -O                                                                        (1 = 100.0%) {0.0%}
4955  ... 

Histogram: Navigation.StartToCommit.CrossProcess.ForegroundProcessPriority recorded 1 samples, mean = 4224.0 (flags = 0x41)
0     ... 
3900  -O                                                                        (1 = 100.0%) {0.0%}
4955  ... 

Histogram: Navigation.StartToCommit.CrossProcess.MainFrame recorded 1 samples, mean = 4224.0 (flags = 0x41)
0     ... 
3900  -O                                                                        (1 = 100.0%) {0.0%}
4955  ... 

Histogram: Navigation.StartToCommit.CrossProcess.MainFrame.ForegroundProcessPriority recorded 1 samples, mean = 4224.0 (flags = 0x41)
0     ... 
3900  -O                                                                        (1 = 100.0%) {0.0%}
4955  ... 

Histogram: Navigation.StartToCommit.CrossProcess.MainFrame.NewNavigation recorded 1 samples, mean = 4224.0 (flags = 0x41)
0     ... 
3900  -O                                                                        (1 = 100.0%) {0.0%}
4955  ... 

Histogram: Navigation.StartToCommit.CrossProcess.NewNavigation recorded 1 samples, mean = 4224.0 (flags = 0x41)
0     ... 
3900  -O                                                                        (1 = 100.0%) {0.0%}
4955  ... 

Histogram: Navigation.StartToCommit.ForegroundProcessPriority recorded 1 samples, mean = 4224.0 (flags = 0x41)
0     ... 
3900  -O                                                                        (1 = 100.0%) {0.0%}
4955  ... 

Histogram: Navigation.StartToCommit.MainFrame recorded 1 samples, mean = 4224.0 (flags = 0x41)
0     ... 
3900  -O                                                                        (1 = 100.0%) {0.0%}
4955  ... 

Histogram: Navigation.StartToCommit.MainFrame.ForegroundProcessPriority recorded 1 samples, mean = 4224.0 (flags = 0x41)
0     ... 
3900  -O                                                                        (1 = 100.0%) {0.0%}
4955  ... 

Histogram: Navigation.StartToCommit.MainFrame.NewNavigation recorded 1 samples, mean = 4224.0 (flags = 0x41)
0     ... 
3900  -O                                                                        (1 = 100.0%) {0.0%}
4955  ... 

Histogram: Navigation.StartToCommit.NewNavigation recorded 1 samples, mean = 4224.0 (flags = 0x41)
0     ... 
3900  -O                                                                        (1 = 100.0%) {0.0%}
4955  ... 

Histogram: Navigation.SuddenTerminationDisabler.AllOrigins recorded 1 samples, mean = 13.0 (flags = 0x41)
0   ... 
13  -O                                                                        (1 = 100.0%) {0.0%}
14  ... 

Histogram: Navigation.SuddenTerminationDisabler.SameOrigin recorded 1 samples, mean = 13.0 (flags = 0x41)
0   ... 
13  -O                                                                        (1 = 100.0%) {0.0%}
14  ... 

Histogram: Navigation.SwapRFHToCompositorCreation recorded 1 samples, mean = 331.0 (flags = 0x41)
0    ... 
288  -O                                                                        (1 = 100.0%) {0.0%}
375  ... 

Histogram: Navigation.ThrottleCount recorded 2 samples, mean = 20.0 (flags = 0x41)
0   ... 
20  --O                                                                       (2 = 100.0%) {0.0%}
21  ... 

Histogram: Navigation.ThrottleEventDurationTime.WillProcessResponse recorded 1 samples, mean = 0.0 (flags = 0x41)
0  -O                                                                        (1 = 100.0%)
1  ... 

Histogram: Navigation.ThrottleEventDurationTime.WillStartRequest recorded 2 samples, mean = 0.0 (flags = 0x41)
0  --O                                                                       (2 = 100.0%)
1  ... 

Histogram: Navigation.ThrottleEventExecutionTime.WillProcessResponse recorded 1 samples, mean = 0.0 (flags = 0x41)
0  -O                                                                        (1 = 100.0%)
1  ... 

Histogram: Navigation.ThrottleEventExecutionTime.WillStartRequest recorded 2 samples, mean = 0.0 (flags = 0x41)
0  --O                                                                       (2 = 100.0%)
1  ... 

Histogram: Navigation.ThrottleExecutionTime.WillProcessResponse recorded 20 samples, mean = 0.0 (flags = 0x41)
0  --------------------O                                                     (20 = 100.0%)
1  ... 

Histogram: Navigation.ThrottleExecutionTime.WillStartRequest recorded 40 samples, mean = 0.0 (flags = 0x41)
0  ----------------------------------------O                                 (40 = 100.0%)
1  ... 

Histogram: Navigation.ThrottleTotalDeferCount recorded 3 samples, mean = 0.0 (flags = 0x41)
0  ---O                                                                      (3 = 100.0%)
1  ... 

Histogram: Navigation.ThrottleTotalDeferCount.Request recorded 3 samples, mean = 0.0 (flags = 0x41)
0  ---O                                                                      (3 = 100.0%)
1  ... 

Histogram: Navigation.ThrottleTotalDeferTime recorded 3 samples, mean = 0.0 (flags = 0x41)
0  ---O                                                                      (3 = 100.0%)
1  ... 

Histogram: Navigation.ThrottleTotalDeferTime.Request recorded 3 samples, mean = 0.0 (flags = 0x41)
0  ---O                                                                      (3 = 100.0%)
1  ... 

Histogram: Navigation.Throttles.PolicyBlocklist.DeferDurationTime recorded 2 samples, mean = 0.0 (flags = 0x41)
0  --O                                                                       (2 = 100.0%)
1  ... 

Histogram: Navigation.Throttles.PolicyBlocklist.RequestThrottleAction recorded 2 samples, mean = 2.5 (flags = 0x41)
0  O                                                                         (0 = 0.0%)
1  -O                                                                        (1 = 50.0%) {0.0%}
2  ... 
4  -O                                                                        (1 = 50.0%) {50.0%}
5  ... 

Histogram: Navigation.Throttles.PolicyBlocklist.RequestToResponseTime recorded 1 samples, mean = 0.0 (flags = 0x41)
0  -O                                                                        (1 = 100.0%)
1  ... 

Histogram: Navigation.TimeToReadyToCommit2 recorded 1 samples, mean = 3896.0 (flags = 0x41)
0     ... 
3069  -O                                                                        (1 = 100.0%) {0.0%}
3900  ... 

Histogram: Navigation.TimeToReadyToCommit2.CrossProcess recorded 1 samples, mean = 3896.0 (flags = 0x41)
0     ... 
3069  -O                                                                        (1 = 100.0%) {0.0%}
3900  ... 

Histogram: Navigation.TimeToReadyToCommit2.CrossProcess.NewNavigation recorded 1 samples, mean = 3896.0 (flags = 0x41)
0     ... 
3069  -O                                                                        (1 = 100.0%) {0.0%}
3900  ... 

Histogram: Navigation.TimeToReadyToCommit2.MainFrame recorded 1 samples, mean = 3896.0 (flags = 0x41)
0     ... 
3069  -O                                                                        (1 = 100.0%) {0.0%}
3900  ... 

Histogram: Navigation.TimeToReadyToCommit2.MainFrame.NewNavigation recorded 1 samples, mean = 3896.0 (flags = 0x41)
0     ... 
3069  -O                                                                        (1 = 100.0%) {0.0%}
3900  ... 

Histogram: Navigation.TimeToReadyToCommit2.NewNavigation recorded 1 samples, mean = 3896.0 (flags = 0x41)
0     ... 
3069  -O                                                                        (1 = 100.0%) {0.0%}
3900  ... 

Histogram: Navigation.Unload recorded 1 samples, mean = 0.0 (flags = 0x41)
0  -O                                                                        (1 = 100.0%)
1  ... 

Histogram: Navigation.UserAgentStringType recorded 3 samples, mean = 1.0 (flags = 0x41)
0  O                                                                         (0 = 0.0%)
1  ---O                                                                      (3 = 100.0%) {0.0%}
2  ... 

Histogram: Navigation.WillStartRequestToLoaderStart.MainFrame recorded 2 samples, mean = 0.5 (flags = 0x41)
0  -O                                                                        (1 = 50.0%)
1  -O                                                                        (1 = 50.0%) {50.0%}
2  ... 

Histogram: NavigationPredictor.SearchEnginePreconnector.IsBrowserAppLikelyInForeground recorded 2 samples, mean = 1.0 (flags = 0x41)
0  O                                                                         (0 = 0.0%)
1  --O                                                                       (2 = 100.0%) {0.0%}
2  O                                                                         (0 = 0.0%) {100.0%}

Histogram: NavigationSuggestion.GetDomainInfoDelayBeforeAllowingNavigation recorded 1 samples, mean = 0.0 (flags = 0x41)
0  -O                                                                        (1 = 100.0%)
1  ... 

Histogram: NavigationSuggestion.IsLookalikeUrlDelayBeforeAllowingNavigation recorded 1 samples, mean = 0.0 (flags = 0x41)
0  -O                                                                        (1 = 100.0%)
1  ... 

Histogram: NavigationSuggestion.PerformChecksDelayBeforeAllowingNavigation recorded 1 samples, mean = 0.0 (flags = 0x41)
0  -O                                                                        (1 = 100.0%)
1  ... 

Histogram: Net.AlternateProtocolUsage recorded 27 samples, mean = 2.9 (flags = 0x41)
0  ------O                                                                   (6 = 22.2%)
1  ------O                                                                   (6 = 22.2%) {22.2%}
2  ----O                                                                     (4 = 14.8%) {44.4%}
3  ---O                                                                      (3 = 11.1%) {59.3%}
4  ... 
7  --------O                                                                 (8 = 29.6%) {70.4%}
8  O                                                                         (0 = 0.0%) {100.0%}

Histogram: Net.AlternateProtocolUsageGoogle recorded 2 samples, mean = 1.0 (flags = 0x41)
0  O                                                                         (0 = 0.0%)
1  --O                                                                       (2 = 100.0%) {0.0%}
2  ... 

Histogram: Net.AlternativeServiceTypeForRequest recorded 33 samples, mean = 0.5 (flags = 0x41)
0  ---------------O                                                          (15 = 45.5%)
1  ------------------O                                                       (18 = 54.5%) {45.5%}
2  ... 

Histogram: Net.CertVerifier.PathBuilderIterationCount recorded 14 samples, mean = 2.0 (flags = 0x41)
0  ... 
2  --------------O                                                           (14 = 100.0%) {0.0%}
3  ... 

Histogram: Net.CertVerifier_First_Job_Latency recorded 3 samples, mean = 398.7 (flags = 0x41)
0    ... 
348  --O                                                                       (2 = 66.7%) {0.0%}
394  -O                                                                        (1 = 33.3%) {66.7%}
446  ... 

Histogram: Net.CertVerifier_Job_Latency recorded 14 samples, mean = 440.6 (flags = 0x41)
0    ... 
42   -O                                                                        (1 = 7.1%) {0.0%}
48   ... 
211  -O                                                                        (1 = 7.1%) {7.1%}
239  O                                                                         (0 = 0.0%) {14.3%}
271  -O                                                                        (1 = 7.1%) {14.3%}
307  O                                                                         (0 = 0.0%) {21.4%}
348  ---O                                                                      (3 = 21.4%) {21.4%}
394  -O                                                                        (1 = 7.1%) {42.9%}
446  -O                                                                        (1 = 7.1%) {50.0%}
505  -O                                                                        (1 = 7.1%) {57.1%}
572  -----O                                                                    (5 = 35.7%) {64.3%}
648  ... 

Histogram: Net.Certificate.TrustAnchor.Request recorded 24 samples (flags = 0x41)
200  -O                                                                        (1 = 4.2%)
210  ----O                                                                     (4 = 16.7%)
483  -O                                                                        (1 = 4.2%)
486  ------------------O                                                       (18 = 75.0%)

Histogram: Net.Certificate.TrustAnchor.Verify recorded 14 samples (flags = 0x41)
200  -O                                                                        (1 = 7.1%)
210  --O                                                                       (2 = 14.3%)
483  --O                                                                       (2 = 14.3%)
486  ---------O                                                                (9 = 64.3%)

Histogram: Net.ConnectionInfo.MainFrame recorded 1 samples, mean = 40.0 (flags = 0x41)
0   ... 
40  -O                                                                        (1 = 100.0%) {0.0%}
41  ... 

Histogram: Net.ConnectionInfo.SubResource recorded 9 samples, mean = 23.7 (flags = 0x41)
0   O                                                                         (0 = 0.0%)
1   -O                                                                        (1 = 11.1%) {0.0%}
2   ... 
4   ---O                                                                      (3 = 33.3%) {11.1%}
5   ... 
40  -----O                                                                    (5 = 55.6%) {44.4%}
41  ... 

Histogram: Net.ContentEncodingType recorded 60 samples, mean = 0.7 (flags = 0x41)
0  -----------------------O                                                  (23 = 38.3%)
1  ---------------------------------O                                        (33 = 55.0%) {38.3%}
2  ----O                                                                     (4 = 6.7%) {93.3%}
3  ... 

Histogram: Net.Cors.AccessCheckResult recorded 10 samples, mean = 0.0 (flags = 0x41)
0  ----------O                                                               (10 = 100.0%)
1  ... 

Histogram: Net.CountOfQuicServerInfos recorded 1 samples, mean = 0.0 (flags = 0x41)
0  -O                                                                        (1 = 100.0%)
1  ... 

Histogram: Net.DNS.DnsConfig.DnsClientCapability recorded 38 samples, mean = 3.0 (flags = 0x41)
0  ... 
3  --------------------------------------O                                   (38 = 100.0%) {0.0%}
4  O                                                                         (0 = 0.0%) {100.0%}

Histogram: Net.DNS.DnsConfig.SecureDnsMode recorded 1 samples, mean = 4.0 (flags = 0x41)
0  ... 
4  -O                                                                        (1 = 100.0%) {0.0%}
5  ... 

Histogram: Net.DNS.DnsConfig.Windows.Compatibility recorded 2 samples, mean = 0.0 (flags = 0x41)
0  --O                                                                       (2 = 100.0%)
1  ... 

Histogram: Net.DNS.DnsConfig.Windows.ReadSystemSettings0 recorded 2 samples, mean = 0.0 (flags = 0x41)
0  --O                                                                       (2 = 100.0%)
1  ... 

Histogram: Net.DNS.DnsHosts.Count recorded 2 samples, mean = 0.0 (flags = 0x41)
0  --O                                                                       (2 = 100.0%)
1  ... 

Histogram: Net.DNS.DnsHosts.EstimateMemoryUsage recorded 2 samples, mean = 0.0 (flags = 0x41)
0  --O                                                                       (2 = 100.0%)
1000... 

Histogram: Net.DNS.DnsHosts.FileSize recorded 2 samples, mean = 854.0 (flags = 0x41)
0    ... 
737  --O                                                                       (2 = 100.0%) {0.0%}
1065 ... 

Histogram: Net.DNS.DnsTask.SuccessTime recorded 15 samples, mean = 28.9 (flags = 0x41)
0    ... 
9    --O                                                                       (2 = 13.3%) {0.0%}
10   --O                                                                       (2 = 13.3%) {13.3%}
12   ----O                                                                     (4 = 26.7%) {26.7%}
14   -O                                                                        (1 = 6.7%) {53.3%}
16   -O                                                                        (1 = 6.7%) {60.0%}
18   -O                                                                        (1 = 6.7%) {66.7%}
21   ... 
43   --O                                                                       (2 = 13.3%) {73.3%}
50   ... 
67   -O                                                                        (1 = 6.7%) {86.7%}
77   ... 
119  -O                                                                        (1 = 6.7%) {93.3%}
137  ... 

Histogram: Net.DNS.DnsTask.SvcbHttpsTransactionError recorded 15 samples, mean = 0.0 (flags = 0x41)
0  ---------------O                                                          (15 = 100.0%)
1  ... 

Histogram: Net.DNS.DnsTransaction.AttemptType recorded 30 samples, mean = 0.8 (flags = 0x41)
0  ----------------------O                                                   (22 = 73.3%)
1  ... 
3  --------O                                                                 (8 = 26.7%) {73.3%}
4  O                                                                         (0 = 0.0%) {100.0%}

Histogram: Net.DNS.DnsTransaction.Insecure.Other.SuccessTime recorded 22 samples, mean = 11.2 (flags = 0x41)
0   ... 
8   ------O                                                                   (6 = 27.3%) {0.0%}
10  -----------O                                                              (11 = 50.0%) {27.3%}
13  ----O                                                                     (4 = 18.2%) {77.3%}
16  -O                                                                        (1 = 4.5%) {95.5%}
20  ... 

Histogram: Net.DNS.DnsTransaction.SecureValidated.Google.SuccessTime recorded 11 samples, mean = 206.4 (flags = 0x41)
0    ... 
41   ----O                                                                     (4 = 36.4%) {0.0%}
52   O                                                                         (0 = 0.0%) {36.4%}
66   --O                                                                       (2 = 18.2%) {36.4%}
84   O                                                                         (0 = 0.0%) {54.5%}
107  --O                                                                       (2 = 18.2%) {54.5%}
136  ... 
452  ---O                                                                      (3 = 27.3%) {72.7%}
574  ... 

Histogram: Net.DNS.H3SupportedGoogleHost.TaskTypeMetadataAvailability2 recorded 2 samples, mean = 4.0 (flags = 0x41)
0  ... 
3  -O                                                                        (1 = 50.0%) {0.0%}
4  O                                                                         (0 = 0.0%) {50.0%}
5  -O                                                                        (1 = 50.0%) {50.0%}
6  ... 

Histogram: Net.DNS.HTTPSSVC.RecordHttps.Insecure.ExpectNoerror.DnsRcode recorded 11 samples, mean = 3.0 (flags = 0x41)
0  ... 
3  -----------O                                                              (11 = 100.0%) {0.0%}
4  ... 

Histogram: Net.DNS.HTTPSSVC.RecordHttps.Insecure.ExpectNoerror.Parsable recorded 3 samples, mean = 1.0 (flags = 0x41)
0  O                                                                         (0 = 0.0%)
1  ---O                                                                      (3 = 100.0%) {0.0%}
2  O                                                                         (0 = 0.0%) {100.0%}

Histogram: Net.DNS.HTTPSSVC.RecordHttps.Insecure.ExpectNoerror.ResolveTimeAddress recorded 11 samples, mean = 11.6 (flags = 0x41)
0   ... 
8   --O                                                                       (2 = 18.2%) {0.0%}
10  -------O                                                                  (7 = 63.6%) {18.2%}
13  -O                                                                        (1 = 9.1%) {81.8%}
16  -O                                                                        (1 = 9.1%) {90.9%}
20  ... 

Histogram: Net.DNS.HTTPSSVC.RecordHttps.Insecure.ExpectNoerror.ResolveTimeExperimental recorded 11 samples, mean = 11.3 (flags = 0x41)
0   ... 
8   ---O                                                                      (3 = 27.3%) {0.0%}
10  -----O                                                                    (5 = 45.5%) {27.3%}
13  --O                                                                       (2 = 18.2%) {72.7%}
16  -O                                                                        (1 = 9.1%) {90.9%}
20  ... 

Histogram: Net.DNS.HTTPSSVC.RecordHttps.Insecure.ExpectNoerror.ResolveTimeRatio recorded 11 samples, mean = 9.7 (flags = 0x41)
0   ... 
7   --O                                                                       (2 = 18.2%) {0.0%}
8   -O                                                                        (1 = 9.1%) {18.2%}
9   O                                                                         (0 = 0.0%) {27.3%}
10  ----O                                                                     (4 = 36.4%) {27.3%}
11  ---O                                                                      (3 = 27.3%) {63.6%}
12  -O                                                                        (1 = 9.1%) {90.9%}
13  ... 

Histogram: Net.DNS.HTTPSSVC.RecordHttps.Secure.ExpectNoerror.DnsRcode recorded 4 samples, mean = 3.0 (flags = 0x41)
0  ... 
3  ----O                                                                     (4 = 100.0%) {0.0%}
4  ... 

Histogram: Net.DNS.HTTPSSVC.RecordHttps.Secure.ExpectNoerror.Parsable recorded 1 samples, mean = 1.0 (flags = 0x41)
0  O                                                                         (0 = 0.0%)
1  -O                                                                        (1 = 100.0%) {0.0%}
2  O                                                                         (0 = 0.0%) {100.0%}

Histogram: Net.DNS.HTTPSSVC.RecordHttps.Secure.ExpectNoerror.ResolveTimeAddress recorded 4 samples, mean = 74.5 (flags = 0x41)
0    ... 
41   --O                                                                       (2 = 50.0%) {0.0%}
52   O                                                                         (0 = 0.0%) {50.0%}
66   -O                                                                        (1 = 25.0%) {50.0%}
84   O                                                                         (0 = 0.0%) {75.0%}
107  -O                                                                        (1 = 25.0%) {75.0%}
136  ... 

Histogram: Net.DNS.HTTPSSVC.RecordHttps.Secure.ExpectNoerror.ResolveTimeExperimental recorded 4 samples, mean = 74.2 (flags = 0x41)
0    ... 
41   --O                                                                       (2 = 50.0%) {0.0%}
52   O                                                                         (0 = 0.0%) {50.0%}
66   -O                                                                        (1 = 25.0%) {50.0%}
84   O                                                                         (0 = 0.0%) {75.0%}
107  -O                                                                        (1 = 25.0%) {75.0%}
136  ... 

Histogram: Net.DNS.HTTPSSVC.RecordHttps.Secure.ExpectNoerror.ResolveTimeRatio recorded 4 samples, mean = 9.5 (flags = 0x41)
0   ... 
9   --O                                                                       (2 = 50.0%) {0.0%}
10  --O                                                                       (2 = 50.0%) {50.0%}
11  ... 

Histogram: Net.DNS.JobQueueTime.PerTransaction recorded 30 samples, mean = 0.0 (flags = 0x41)
0  ------------------------------O                                           (30 = 100.0%)
1  ... 

Histogram: Net.DNS.JobQueueTime.Success recorded 15 samples, mean = 0.0 (flags = 0x41)
0  ---------------O                                                          (15 = 100.0%)
1  ... 

Histogram: Net.DNS.ProbeSequence.ConfigChange.Success.AttemptTime recorded 3 samples, mean = 558.3 (flags = 0x41)
0    ... 
539  ---O                                                                      (3 = 100.0%) {0.0%}
730  ... 

Histogram: Net.DNS.Request.TotalTime recorded 158 samples, mean = 1.9 (flags = 0x41)
0   ------------------------------------------------------------------------O (146 = 92.4%)
10  -O                                                                        (2 = 1.3%) {92.4%}
12  --O                                                                       (5 = 3.2%) {93.7%}
15  -O                                                                        (2 = 1.3%) {96.8%}
18  ... 
41  -O                                                                        (2 = 1.3%) {98.1%}
50  ... 
75  O                                                                         (1 = 0.6%) {99.4%}
92  ... 

Histogram: Net.DNS.Request.TotalTimeAsync recorded 20 samples, mean = 14.9 (flags = 0x41)
0   --------O                                                                 (8 = 40.0%)
10  --O                                                                       (2 = 10.0%) {40.0%}
12  -----O                                                                    (5 = 25.0%) {50.0%}
15  --O                                                                       (2 = 10.0%) {75.0%}
18  ... 
41  --O                                                                       (2 = 10.0%) {85.0%}
50  ... 
75  -O                                                                        (1 = 5.0%) {95.0%}
92  ... 

Histogram: Net.DNS.ResolveCategory recorded 22 samples, mean = 0.5 (flags = 0x41)
0  -------------O                                                            (13 = 59.1%)
1  -------O                                                                  (7 = 31.8%) {59.1%}
2  --O                                                                       (2 = 9.1%) {90.9%}
3  ... 

Histogram: Net.DNS.ResolveContext.DohAutoupgrade.Google.Status recorded 3 samples, mean = 0.0 (flags = 0x41)
0  ---O                                                                      (3 = 100.0%)
1  ... 

Histogram: Net.DNS.ResolveError.Fast recorded 7 samples (flags = 0x41)
105  -------O                                                                  (7 = 100.0%)

Histogram: Net.DNS.ResolveFailureTime recorded 7 samples, mean = 0.3 (flags = 0x41)
0  ------O                                                                   (6 = 85.7%)
1  O                                                                         (0 = 0.0%) {85.7%}
2  -O                                                                        (1 = 14.3%) {85.7%}
3  ... 

Histogram: Net.DNS.ResolveSuccessTime recorded 13 samples, mean = 22.8 (flags = 0x41)
0   ... 
9   -O                                                                        (1 = 7.7%) {0.0%}
10  --O                                                                       (2 = 15.4%) {7.7%}
12  ----O                                                                     (4 = 30.8%) {23.1%}
14  -O                                                                        (1 = 7.7%) {53.8%}
16  -O                                                                        (1 = 7.7%) {61.5%}
18  -O                                                                        (1 = 7.7%) {69.2%}
21  ... 
43  --O                                                                       (2 = 15.4%) {76.9%}
50  ... 
67  -O                                                                        (1 = 7.7%) {92.3%}
77  ... 

Histogram: Net.DNS.SystemTask.FailureTime recorded 7 samples, mean = 0.3 (flags = 0x41)
0  ------O                                                                   (6 = 85.7%)
1  O                                                                         (0 = 0.0%) {85.7%}
2  -O                                                                        (1 = 14.3%) {85.7%}
3  ... 

Histogram: Net.DNS.UpgradeConfig.HasPublicInsecureNameserver recorded 1 samples, mean = 1.0 (flags = 0x41)
0  O                                                                         (0 = 0.0%)
1  -O                                                                        (1 = 100.0%) {0.0%}
2  O                                                                         (0 = 0.0%) {100.0%}

Histogram: Net.DNS.UpgradeConfig.Ineligible.DohSpecified recorded 1 samples, mean = 0.0 (flags = 0x41)
0  -O                                                                        (1 = 100.0%)
1  ... 

Histogram: Net.DNS.UpgradeConfig.Ineligible.UnhandledOptions recorded 1 samples, mean = 0.0 (flags = 0x41)
0  -O                                                                        (1 = 100.0%)
1  ... 

Histogram: Net.DNS.UpgradeConfig.InsecureUpgradeSucceeded recorded 1 samples, mean = 1.0 (flags = 0x41)
0  O                                                                         (0 = 0.0%)
1  -O                                                                        (1 = 100.0%) {0.0%}
2  O                                                                         (0 = 0.0%) {100.0%}

Histogram: Net.DNS_Resolution_And_TCP_Connection_Latency2 recorded 11 samples, mean = 69.0 (flags = 0x41)
0    ... 
8    -O                                                                        (1 = 9.1%) {0.0%}
9    -O                                                                        (1 = 9.1%) {9.1%}
10   O                                                                         (0 = 0.0%) {18.2%}
11   -O                                                                        (1 = 9.1%) {18.2%}
12   -O                                                                        (1 = 9.1%) {27.3%}
14   ... 
42   ---O                                                                      (3 = 27.3%) {36.4%}
48   ... 
61   -O                                                                        (1 = 9.1%) {63.6%}
69   ... 
113  -O                                                                        (1 = 9.1%) {72.7%}
128  ... 
186  --O                                                                       (2 = 18.2%) {81.8%}
211  ... 

Histogram: Net.ErrorCodesForMainFrame4 recorded 2 samples (flags = 0x41)
0  -O                                                                        (1 = 50.0%)
3  -O                                                                        (1 = 50.0%)

Histogram: Net.ErrorCodesForSubresources3 recorded 46 samples (flags = 0x41)
0  ----------------------------------------------O                           (46 = 100.0%)

Histogram: Net.HttpJob.BytesReceived2 recorded 24 samples, mean = 5715.1 (flags = 0x41)
0      ... 
56     -O                                                                        (1 = 4.2%) {0.0%}
80     ... 
340    --O                                                                       (2 = 8.3%) {4.2%}
488    -----------O                                                              (11 = 45.8%) {12.5%}
700    ---O                                                                      (3 = 12.5%) {58.3%}
1004   -O                                                                        (1 = 4.2%) {70.8%}
1440   ... 
2961   ----O                                                                     (4 = 16.7%) {75.0%}
4246   ... 
17959  -O                                                                        (1 = 4.2%) {91.7%}
25755  ... 
75961  -O                                                                        (1 = 4.2%) {95.8%}
108935 ... 

Histogram: Net.HttpJob.BytesSent2 recorded 24 samples, mean = 479.2 (flags = 0x41)
0     ... 
13    ----O                                                                     (4 = 16.7%) {0.0%}
19    -O                                                                        (1 = 4.2%) {16.7%}
27    ... 
165   --------O                                                                 (8 = 33.3%) {20.8%}
237   ... 
488   -----O                                                                    (5 = 20.8%) {54.2%}
700   O                                                                         (0 = 0.0%) {75.0%}
1004  ------O                                                                   (6 = 25.0%) {75.0%}
1440  ... 

Histogram: Net.HttpJob.MainJobWaitTimeWithAvailableSpdySession recorded 6 samples, mean = 0.0 (flags = 0x41)
0  ------O                                                                   (6 = 100.0%)
1  ... 

Histogram: Net.HttpJob.MainJobWaitTimeWithoutAvailableSpdySession recorded 11 samples, mean = 160.5 (flags = 0x41)
0    --O                                                                       (2 = 18.2%)
1    ... 
12   -O                                                                        (1 = 9.1%) {18.2%}
14   ... 
20   -O                                                                        (1 = 9.1%) {27.3%}
24   ... 
81   -O                                                                        (1 = 9.1%) {36.4%}
96   ... 
135  -O                                                                        (1 = 9.1%) {45.5%}
160  ... 
268  -----O                                                                    (5 = 45.5%) {54.5%}
318  ... 

Histogram: Net.HttpJob.PrefilterBytesRead recorded 61 samples, mean = 22522.1 (flags = 0x41)
0       --O                                                                       (2 = 3.3%)
1       ... 
13      -O                                                                        (1 = 1.6%) {3.3%}
19      -O                                                                        (1 = 1.6%) {4.9%}
27      O                                                                         (0 = 0.0%) {6.6%}
39      -O                                                                        (1 = 1.6%) {6.6%}
56      -O                                                                        (1 = 1.6%) {8.2%}
80      -O                                                                        (1 = 1.6%) {9.8%}
115     O                                                                         (0 = 0.0%) {11.5%}
165     -O                                                                        (1 = 1.6%) {11.5%}
237     O                                                                         (0 = 0.0%) {13.1%}
340     ------------O                                                             (12 = 19.7%) {13.1%}
488     ----O                                                                     (4 = 6.6%) {32.8%}
700     ----O                                                                     (4 = 6.6%) {39.3%}
1004    --O                                                                       (2 = 3.3%) {45.9%}
1440    --O                                                                       (2 = 3.3%) {49.2%}
2065    --O                                                                       (2 = 3.3%) {52.5%}
2961    --O                                                                       (2 = 3.3%) {55.7%}
4246    --O                                                                       (2 = 3.3%) {59.0%}
6089    -O                                                                        (1 = 1.6%) {62.3%}
8732    --O                                                                       (2 = 3.3%) {63.9%}
12523   O                                                                         (0 = 0.0%) {67.2%}
17959   ------O                                                                   (6 = 9.8%) {67.2%}
25755   --O                                                                       (2 = 3.3%) {77.0%}
36935   ----O                                                                     (4 = 6.6%) {80.3%}
52968   O                                                                         (0 = 0.0%) {86.9%}
75961   -----O                                                                    (5 = 8.2%) {86.9%}
108935  --O                                                                       (2 = 3.3%) {95.1%}
156223  -O                                                                        (1 = 1.6%) {98.4%}
224038  ... 

Histogram: Net.HttpJob.PrefilterBytesRead.Cache recorded 39 samples, mean = 32202.6 (flags = 0x41)
0       ... 
165     -O                                                                        (1 = 2.6%) {0.0%}
237     O                                                                         (0 = 0.0%) {2.6%}
340     -O                                                                        (1 = 2.6%) {2.6%}
488     ----O                                                                     (4 = 10.3%) {5.1%}
700     ----O                                                                     (4 = 10.3%) {15.4%}
1004    -O                                                                        (1 = 2.6%) {25.6%}
1440    --O                                                                       (2 = 5.1%) {28.2%}
2065    -O                                                                        (1 = 2.6%) {33.3%}
2961    --O                                                                       (2 = 5.1%) {35.9%}
4246    --O                                                                       (2 = 5.1%) {41.0%}
6089    -O                                                                        (1 = 2.6%) {46.2%}
8732    --O                                                                       (2 = 5.1%) {48.7%}
12523   O                                                                         (0 = 0.0%) {53.8%}
17959   -----O                                                                    (5 = 12.8%) {53.8%}
25755   --O                                                                       (2 = 5.1%) {66.7%}
36935   ----O                                                                     (4 = 10.3%) {71.8%}
52968   O                                                                         (0 = 0.0%) {82.1%}
75961   ----O                                                                     (4 = 10.3%) {82.1%}
108935  --O                                                                       (2 = 5.1%) {92.3%}
156223  -O                                                                        (1 = 2.6%) {97.4%}
224038  ... 

Histogram: Net.HttpJob.PrefilterBytesRead.Net recorded 22 samples, mean = 5361.4 (flags = 0x41)
0      --O                                                                       (2 = 9.1%)
1      ... 
13     -O                                                                        (1 = 4.5%) {9.1%}
19     -O                                                                        (1 = 4.5%) {13.6%}
27     O                                                                         (0 = 0.0%) {18.2%}
39     -O                                                                        (1 = 4.5%) {18.2%}
56     -O                                                                        (1 = 4.5%) {22.7%}
80     -O                                                                        (1 = 4.5%) {27.3%}
115    ... 
340    -----------O                                                              (11 = 50.0%) {31.8%}
488    ... 
1004   -O                                                                        (1 = 4.5%) {81.8%}
1440   O                                                                         (0 = 0.0%) {86.4%}
2065   -O                                                                        (1 = 4.5%) {86.4%}
2961   ... 
17959  -O                                                                        (1 = 4.5%) {90.9%}
25755  ... 
75961  -O                                                                        (1 = 4.5%) {95.5%}
108935 ... 

Histogram: Net.HttpJob.ProxyTypeSuccess recorded 24 samples, mean = 1.0 (flags = 0x41)
0  O                                                                         (0 = 0.0%)
1  ------------------------O                                                 (24 = 100.0%) {0.0%}
2  ... 

Histogram: Net.HttpJob.TotalTime recorded 61 samples, mean = 157.3 (flags = 0x41)
0     -O                                                                        (1 = 1.6%)
1     -O                                                                        (1 = 1.6%) {1.6%}
2     ----O                                                                     (4 = 6.6%) {3.3%}
3     ----O                                                                     (4 = 6.6%) {9.8%}
4     -O                                                                        (1 = 1.6%) {16.4%}
5     O                                                                         (0 = 0.0%) {18.0%}
6     ------O                                                                   (6 = 9.8%) {18.0%}
7     --O                                                                       (2 = 3.3%) {27.9%}
8     ---O                                                                      (3 = 4.9%) {31.1%}
10    -O                                                                        (1 = 1.6%) {36.1%}
12    O                                                                         (0 = 0.0%) {37.7%}
14    -------O                                                                  (7 = 11.5%) {37.7%}
17    --O                                                                       (2 = 3.3%) {49.2%}
20    ---O                                                                      (3 = 4.9%) {52.5%}
24    --O                                                                       (2 = 3.3%) {57.4%}
29    ... 
40    ---O                                                                      (3 = 4.9%) {60.7%}
48    -O                                                                        (1 = 1.6%) {65.6%}
57    O                                                                         (0 = 0.0%) {67.2%}
68    --O                                                                       (2 = 3.3%) {67.2%}
81    ... 
114   --O                                                                       (2 = 3.3%) {70.5%}
135   ... 
190   -O                                                                        (1 = 1.6%) {73.8%}
226   ----O                                                                     (4 = 6.6%) {75.4%}
268   -O                                                                        (1 = 1.6%) {82.0%}
318   -O                                                                        (1 = 1.6%) {83.6%}
378   ... 
533   ---O                                                                      (3 = 4.9%) {85.2%}
633   -----O                                                                    (5 = 8.2%) {90.2%}
752   ... 
1500  -O                                                                        (1 = 1.6%) {98.4%}
1782  ... 

Histogram: Net.HttpJob.TotalTime.Secure.Quic recorded 2 samples, mean = 693.5 (flags = 0x41)
0    ... 
574  -O                                                                        (1 = 50.0%) {0.0%}
729  -O                                                                        (1 = 50.0%) {50.0%}
926  ... 

Histogram: Net.HttpJob.TotalTimeCached recorded 39 samples, mean = 34.3 (flags = 0x41)
0    -O                                                                        (1 = 2.6%)
1    -O                                                                        (1 = 2.6%) {2.6%}
2    ----O                                                                     (4 = 10.3%) {5.1%}
3    ----O                                                                     (4 = 10.3%) {15.4%}
4    -O                                                                        (1 = 2.6%) {25.6%}
5    O                                                                         (0 = 0.0%) {28.2%}
6    ------O                                                                   (6 = 15.4%) {28.2%}
7    --O                                                                       (2 = 5.1%) {43.6%}
8    ---O                                                                      (3 = 7.7%) {48.7%}
10   -O                                                                        (1 = 2.6%) {56.4%}
12   O                                                                         (0 = 0.0%) {59.0%}
14   -------O                                                                  (7 = 17.9%) {59.0%}
17   --O                                                                       (2 = 5.1%) {76.9%}
20   ---O                                                                      (3 = 7.7%) {82.1%}
24   --O                                                                       (2 = 5.1%) {89.7%}
29   ... 
268  -O                                                                        (1 = 2.6%) {94.9%}
318  ... 
633  -O                                                                        (1 = 2.6%) {97.4%}
752  ... 

Histogram: Net.HttpJob.TotalTimeNotCached recorded 22 samples, mean = 375.3 (flags = 0x41)
0     ... 
40    ---O                                                                      (3 = 13.6%) {0.0%}
48    -O                                                                        (1 = 4.5%) {13.6%}
57    O                                                                         (0 = 0.0%) {18.2%}
68    --O                                                                       (2 = 9.1%) {18.2%}
81    ... 
114   --O                                                                       (2 = 9.1%) {27.3%}
135   ... 
190   -O                                                                        (1 = 4.5%) {36.4%}
226   ----O                                                                     (4 = 18.2%) {40.9%}
268   O                                                                         (0 = 0.0%) {59.1%}
318   -O                                                                        (1 = 4.5%) {59.1%}
378   ... 
533   ---O                                                                      (3 = 13.6%) {63.6%}
633   ----O                                                                     (4 = 18.2%) {77.3%}
752   ... 
1500  -O                                                                        (1 = 4.5%) {95.5%}
1782  ... 

Histogram: Net.HttpJob.TotalTimeNotCached.Secure.Quic recorded 2 samples, mean = 693.5 (flags = 0x41)
0    ... 
574  -O                                                                        (1 = 50.0%) {0.0%}
729  -O                                                                        (1 = 50.0%) {50.0%}
926  ... 

Histogram: Net.HttpJob.TotalTimeSuccess recorded 61 samples, mean = 157.3 (flags = 0x41)
0     -O                                                                        (1 = 1.6%)
1     -O                                                                        (1 = 1.6%) {1.6%}
2     ----O                                                                     (4 = 6.6%) {3.3%}
3     ----O                                                                     (4 = 6.6%) {9.8%}
4     -O                                                                        (1 = 1.6%) {16.4%}
5     O                                                                         (0 = 0.0%) {18.0%}
6     ------O                                                                   (6 = 9.8%) {18.0%}
7     --O                                                                       (2 = 3.3%) {27.9%}
8     ---O                                                                      (3 = 4.9%) {31.1%}
10    -O                                                                        (1 = 1.6%) {36.1%}
12    O                                                                         (0 = 0.0%) {37.7%}
14    -------O                                                                  (7 = 11.5%) {37.7%}
17    --O                                                                       (2 = 3.3%) {49.2%}
20    ---O                                                                      (3 = 4.9%) {52.5%}
24    --O                                                                       (2 = 3.3%) {57.4%}
29    ... 
40    ---O                                                                      (3 = 4.9%) {60.7%}
48    -O                                                                        (1 = 1.6%) {65.6%}
57    O                                                                         (0 = 0.0%) {67.2%}
68    --O                                                                       (2 = 3.3%) {67.2%}
81    ... 
114   --O                                                                       (2 = 3.3%) {70.5%}
135   ... 
190   -O                                                                        (1 = 1.6%) {73.8%}
226   ----O                                                                     (4 = 6.6%) {75.4%}
268   -O                                                                        (1 = 1.6%) {82.0%}
318   -O                                                                        (1 = 1.6%) {83.6%}
378   ... 
533   ---O                                                                      (3 = 4.9%) {85.2%}
633   -----O                                                                    (5 = 8.2%) {90.2%}
752   ... 
1500  -O                                                                        (1 = 1.6%) {98.4%}
1782  ... 

Histogram: Net.HttpJob.TotalTimeSuccess.Priority1 recorded 7 samples, mean = 292.0 (flags = 0x41)
0    ... 
68   --O                                                                       (2 = 28.6%) {0.0%}
81   ... 
114  --O                                                                       (2 = 28.6%) {28.6%}
135  ... 
226  -O                                                                        (1 = 14.3%) {57.1%}
268  ... 
633  --O                                                                       (2 = 28.6%) {71.4%}
752  ... 

Histogram: Net.HttpJob.TotalTimeSuccess.Priority2 recorded 30 samples, mean = 151.8 (flags = 0x41)
0     O                                                                         (0 = 0.0%)
1     -O                                                                        (1 = 3.3%) {0.0%}
2     -O                                                                        (1 = 3.3%) {3.3%}
3     --O                                                                       (2 = 6.7%) {6.7%}
4     ... 
6     -O                                                                        (1 = 3.3%) {13.3%}
7     --O                                                                       (2 = 6.7%) {16.7%}
8     ---O                                                                      (3 = 10.0%) {23.3%}
10    -O                                                                        (1 = 3.3%) {33.3%}
12    O                                                                         (0 = 0.0%) {36.7%}
14    -------O                                                                  (7 = 23.3%) {36.7%}
17    -O                                                                        (1 = 3.3%) {60.0%}
20    ---O                                                                      (3 = 10.0%) {63.3%}
24    --O                                                                       (2 = 6.7%) {73.3%}
29    ... 
190   -O                                                                        (1 = 3.3%) {80.0%}
226   ... 
533   ---O                                                                      (3 = 10.0%) {83.3%}
633   -O                                                                        (1 = 3.3%) {93.3%}
752   ... 
1500  -O                                                                        (1 = 3.3%) {96.7%}
1782  ... 

Histogram: Net.HttpJob.TotalTimeSuccess.Priority3 recorded 3 samples, mean = 128.3 (flags = 0x41)
0    ... 
40   -O                                                                        (1 = 33.3%) {0.0%}
48   -O                                                                        (1 = 33.3%) {33.3%}
57   ... 
268  -O                                                                        (1 = 33.3%) {66.7%}
318  ... 

Histogram: Net.HttpJob.TotalTimeSuccess.Priority4 recorded 8 samples, mean = 201.0 (flags = 0x41)
0    -O                                                                        (1 = 12.5%)
1    O                                                                         (0 = 0.0%) {12.5%}
2    -O                                                                        (1 = 12.5%) {12.5%}
3    ... 
40   --O                                                                       (2 = 25.0%) {25.0%}
48   ... 
226  --O                                                                       (2 = 25.0%) {50.0%}
268  O                                                                         (0 = 0.0%) {75.0%}
318  -O                                                                        (1 = 12.5%) {75.0%}
378  ... 
633  -O                                                                        (1 = 12.5%) {87.5%}
752  ... 

Histogram: Net.HttpJob.TotalTimeSuccess.Priority5 recorded 13 samples, mean = 77.0 (flags = 0x41)
0    ... 
2    --O                                                                       (2 = 15.4%) {0.0%}
3    --O                                                                       (2 = 15.4%) {15.4%}
4    -O                                                                        (1 = 7.7%) {30.8%}
5    O                                                                         (0 = 0.0%) {38.5%}
6    -----O                                                                    (5 = 38.5%) {38.5%}
7    ... 
17   -O                                                                        (1 = 7.7%) {76.9%}
20   ... 
226  -O                                                                        (1 = 7.7%) {84.6%}
268  ... 
633  -O                                                                        (1 = 7.7%) {92.3%}
752  ... 

Histogram: Net.HttpRequestSSLUpgradeDecision recorded 1 samples, mean = 5.0 (flags = 0x41)
0  ... 
5  -O                                                                        (1 = 100.0%) {0.0%}
6  O                                                                         (0 = 0.0%) {100.0%}

Histogram: Net.HttpRequestStsState recorded 1 samples, mean = 2.0 (flags = 0x41)
0  ... 
2  -O                                                                        (1 = 100.0%) {0.0%}
3  ... 

Histogram: Net.HttpResponseCode recorded 72 samples, mean = 208.7 (flags = 0x41)
0    ... 
200  -----------------------------------------------------------------O        (65 = 90.3%) {0.0%}
201  ... 
204  --O                                                                       (2 = 2.8%) {90.3%}
205  ... 
302  --O                                                                       (2 = 2.8%) {93.1%}
303  O                                                                         (0 = 0.0%) {95.8%}
304  --O                                                                       (2 = 2.8%) {95.8%}
305  ... 
403  -O                                                                        (1 = 1.4%) {98.6%}
404  ... 

Histogram: Net.HttpTimeToFirstByte recorded 61 samples, mean = 153.9 (flags = 0x41)
0     --------------------------------O                                         (32 = 52.5%)
10    --O                                                                       (2 = 3.3%) {52.5%}
12    ---O                                                                      (3 = 4.9%) {55.7%}
15    ... 
41    ----O                                                                     (4 = 6.6%) {60.7%}
50    O                                                                         (0 = 0.0%) {67.2%}
61    --O                                                                       (2 = 3.3%) {67.2%}
75    ... 
113   --O                                                                       (2 = 3.3%) {70.5%}
139   O                                                                         (0 = 0.0%) {73.8%}
171   -O                                                                        (1 = 1.6%) {73.8%}
210   ----O                                                                     (4 = 6.6%) {75.4%}
258   -O                                                                        (1 = 1.6%) {82.0%}
317   -O                                                                        (1 = 1.6%) {83.6%}
389   O                                                                         (0 = 0.0%) {85.2%}
477   ---O                                                                      (3 = 4.9%) {85.2%}
585   ----O                                                                     (4 = 6.6%) {90.2%}
718   ... 
1081  --O                                                                       (2 = 3.3%) {96.7%}
1326  ... 

Histogram: Net.NetworkChangeNotifier.NewConnectionCost recorded 2 samples, mean = 1.0 (flags = 0x41)
0  O                                                                         (0 = 0.0%)
1  --O                                                                       (2 = 100.0%) {0.0%}
2  ... 

Histogram: Net.NumQuicSessionsAtShutdown recorded 3 samples, mean = 0.7 (flags = 0x41)
0  --O                                                                       (2 = 66.7%)
1  O                                                                         (0 = 0.0%) {66.7%}
2  -O                                                                        (1 = 33.3%) {66.7%}
3  ... 

Histogram: Net.OnTransferSizeUpdated.Experimental.OverridenBy recorded 47 samples, mean = 11.9 (flags = 0x41)
0   O                                                                         (0 = 0.0%)
1   ------------------O                                                       (18 = 38.3%) {0.0%}
2   ... 
11  ------------O                                                             (12 = 25.5%) {38.3%}
12  ----O                                                                     (4 = 8.5%) {63.8%}
13  ... 
26  -O                                                                        (1 = 2.1%) {72.3%}
27  O                                                                         (0 = 0.0%) {74.5%}
28  ------------O                                                             (12 = 25.5%) {74.5%}
29  ... 

Histogram: Net.QuicActiveSessions recorded 9 samples, mean = 2.4 (flags = 0x41)
0  --O                                                                       (2 = 22.2%)
1  --O                                                                       (2 = 22.2%) {22.2%}
2  -O                                                                        (1 = 11.1%) {44.4%}
3  -O                                                                        (1 = 11.1%) {55.6%}
4  -O                                                                        (1 = 11.1%) {66.7%}
5  --O                                                                       (2 = 22.2%) {77.8%}
7  ... 

Histogram: Net.QuicChromiumClientStream.HandleOnCloseConnectionError recorded 12 samples (flags = 0x41)
0  ------------O                                                             (12 = 100.0%)

Histogram: Net.QuicChromiumClientStream.HandleOnCloseNetError recorded 12 samples (flags = 0x41)
100  ------------O                                                             (12 = 100.0%)

Histogram: Net.QuicChromiumClientStream.HandleOnCloseStreamError recorded 12 samples (flags = 0x41)
0  ------------O                                                             (12 = 100.0%)

Histogram: Net.QuicChromiumClientStream.HeaderDecodingDelay recorded 12 samples, mean = 3.8 (flags = 0x41)
0   -----------O                                                              (11 = 91.7%)
1   ... 
40  -O                                                                        (1 = 8.3%) {91.7%}
48  ... 

Histogram: Net.QuicChromiumClientStream.HeaderDecodingDelayGoogle recorded 2 samples, mean = 0.0 (flags = 0x41)
0  --O                                                                       (2 = 100.0%)
1  ... 

Histogram: Net.QuicConnection.WritePacketStatus recorded 174 samples, mean = 0.0 (flags = 0x41)
0  ------------------------------------------------------------------------O (174 = 100.0%)
1  ... 

Histogram: Net.QuicCryptoClientConfig.PopulatedFromCanonicalConfig recorded 7 samples, mean = 0.0 (flags = 0x41)
0  -------O                                                                  (7 = 100.0%)
1  ... 

Histogram: Net.QuicDroppedPacketReason recorded 8 samples, mean = 6.0 (flags = 0x41)
0  ... 
6  --------O                                                                 (8 = 100.0%) {0.0%}
7  O                                                                         (0 = 0.0%) {100.0%}

Histogram: Net.QuicHandshakeState recorded 27 samples, mean = 1.0 (flags = 0x41)
0  ---------O                                                                (9 = 33.3%)
1  ---------O                                                                (9 = 33.3%) {33.3%}
2  ---------O                                                                (9 = 33.3%) {66.7%}
3  ... 

Histogram: Net.QuicHttpStream.ProcessResponseHeaderSuccess recorded 12 samples, mean = 1.0 (flags = 0x41)
0  O                                                                         (0 = 0.0%)
1  ------------O                                                             (12 = 100.0%) {0.0%}
2  O                                                                         (0 = 0.0%) {100.0%}

Histogram: Net.QuicSession.AbortedPendingStreamRequests recorded 9 samples, mean = 0.0 (flags = 0x41)
0  ---------O                                                                (9 = 100.0%)
1  ... 

Histogram: Net.QuicSession.AcceptChForOrigin recorded 12 samples, mean = 0.3 (flags = 0x41)
0  --------O                                                                 (8 = 66.7%)
1  ----O                                                                     (4 = 33.3%) {66.7%}
2  O                                                                         (0 = 0.0%) {100.0%}

Histogram: Net.QuicSession.AcceptChFrameReceivedViaAlps recorded 6 samples, mean = 1.0 (flags = 0x41)
0  O                                                                         (0 = 0.0%)
1  ------O                                                                   (6 = 100.0%) {0.0%}
2  ... 

Histogram: Net.QuicSession.AsyncRead recorded 235 samples, mean = 0.4 (flags = 0x41)
0  ------------------------------------------------------------------------O (147 = 62.6%)
1  -------------------------------------------O                              (88 = 37.4%) {62.6%}
2  O                                                                         (0 = 0.0%) {100.0%}

Histogram: Net.QuicSession.BlockedFrames.Received recorded 9 samples, mean = 0.0 (flags = 0x41)
0  ---------O                                                                (9 = 100.0%)
1  ... 

Histogram: Net.QuicSession.BlockedFrames.Sent recorded 9 samples, mean = 0.0 (flags = 0x41)
0  ---------O                                                                (9 = 100.0%)
1  ... 

Histogram: Net.QuicSession.CertVerificationResult recorded 9 samples (flags = 0x41)
0  ---------O                                                                (9 = 100.0%)

Histogram: Net.QuicSession.ClientSideMtu recorded 9 samples (flags = 0x41)
1250  ---------O                                                                (9 = 100.0%)

Histogram: Net.QuicSession.CloseAllSessionsError recorded 3 samples (flags = 0x41)
3  ---O                                                                      (3 = 100.0%)

Histogram: Net.QuicSession.CloseSessionOnError recorded 2 samples (flags = 0x41)
3  --O                                                                       (2 = 100.0%)

Histogram: Net.QuicSession.ClosedDuringInitializeSession recorded 9 samples, mean = 0.0 (flags = 0x41)
0  ---------O                                                                (9 = 100.0%)
1  ... 

Histogram: Net.QuicSession.CoalesceStreamFrameStatus recorded 59 samples, mean = 0.2 (flags = 0x41)
0  ----------------------------------------------O                           (46 = 78.0%)
1  -------------O                                                            (13 = 22.0%) {78.0%}
2  O                                                                         (0 = 0.0%) {100.0%}

Histogram: Net.QuicSession.ConnectRandomPortForHTTPS recorded 9 samples, mean = 0.0 (flags = 0x41)
0  ---------O                                                                (9 = 100.0%)
1  ... 

Histogram: Net.QuicSession.ConnectionClose.NumOpenStreams.TimedOut recorded 7 samples, mean = 0.0 (flags = 0x41)
0  -------O                                                                  (7 = 100.0%)
1  ... 

Histogram: Net.QuicSession.ConnectionCloseErrorCodeClient recorded 9 samples (flags = 0x41)
25  -------O                                                                  (7 = 77.8%)
70  --O                                                                       (2 = 22.2%)

Histogram: Net.QuicSession.ConnectionCloseErrorCodeClient.HandshakeConfirmed recorded 9 samples (flags = 0x41)
25  -------O                                                                  (7 = 77.8%)
70  --O                                                                       (2 = 22.2%)

Histogram: Net.QuicSession.ConnectionCloseErrorCodeClientGoogle recorded 4 samples (flags = 0x41)
25  ---O                                                                      (3 = 75.0%)
70  -O                                                                        (1 = 25.0%)

Histogram: Net.QuicSession.ConnectionCloseErrorCodeClientGoogle.HandshakeConfirmed recorded 4 samples (flags = 0x41)
25  ---O                                                                      (3 = 75.0%)
70  -O                                                                        (1 = 25.0%)

Histogram: Net.QuicSession.ConnectionDuration recorded 9 samples, mean = 26092.1 (flags = 0x41)
0      ... 
8704   --O                                                                       (2 = 22.2%) {0.0%}
10047  ... 
27425  -----O                                                                    (5 = 55.6%) {22.2%}
31655  -O                                                                        (1 = 11.1%) {77.8%}
36538  -O                                                                        (1 = 11.1%) {88.9%}
42174  ... 

Histogram: Net.QuicSession.ConnectionFlowControlBlocked recorded 5 samples, mean = 1.0 (flags = 0x41)
0  O                                                                         (0 = 0.0%)
1  -----O                                                                    (5 = 100.0%) {0.0%}
2  O                                                                         (0 = 0.0%) {100.0%}

Histogram: Net.QuicSession.ConnectionIpPooled recorded 9 samples, mean = 0.0 (flags = 0x41)
0  ---------O                                                                (9 = 100.0%)
1  ... 

Histogram: Net.QuicSession.ConnectionTypeFromSelf recorded 9 samples, mean = 1.0 (flags = 0x41)
0  O                                                                         (0 = 0.0%)
1  ---------O                                                                (9 = 100.0%) {0.0%}
2  O                                                                         (0 = 0.0%) {100.0%}

Histogram: Net.QuicSession.CryptoRetransmitCount.HandshakeConfirmed recorded 9 samples, mean = 0.6 (flags = 0x41)
0  ----O                                                                     (4 = 44.4%)
1  -----O                                                                    (5 = 55.6%) {44.4%}
2  ... 

Histogram: Net.QuicSession.DuplicatePacketsReceived recorded 9 samples, mean = 0.0 (flags = 0x41)
0  ---------O                                                                (9 = 100.0%)
1  ... 

Histogram: Net.QuicSession.EcnMarksObserved recorded 9 samples, mean = 1.0 (flags = 0x41)
0  O                                                                         (0 = 0.0%)
1  ---------O                                                                (9 = 100.0%) {0.0%}
2  ... 

Histogram: Net.QuicSession.EncryptionEstablishedTime recorded 9 samples, mean = 263.0 (flags = 0x41)
0    -O                                                                        (1 = 11.1%)
1    -O                                                                        (1 = 11.1%) {11.1%}
2    ... 
14   -O                                                                        (1 = 11.1%) {22.2%}
17   ... 
81   -O                                                                        (1 = 11.1%) {33.3%}
96   O                                                                         (0 = 0.0%) {44.4%}
114  -O                                                                        (1 = 11.1%) {44.4%}
135  ... 
318  -O                                                                        (1 = 11.1%) {55.6%}
378  ... 
533  --O                                                                       (2 = 22.2%) {66.7%}
633  -O                                                                        (1 = 11.1%) {88.9%}
752  ... 

Histogram: Net.QuicSession.FinchConfigIsValid recorded 3 samples, mean = 1.0 (flags = 0x41)
0  O                                                                         (0 = 0.0%)
1  ---O                                                                      (3 = 100.0%) {0.0%}
2  O                                                                         (0 = 0.0%) {100.0%}

Histogram: Net.QuicSession.FindMatchingIpSessionResult recorded 19 samples, mean = 2.0 (flags = 0x41)
0  ... 
2  -------------------O                                                      (19 = 100.0%) {0.0%}
3  O                                                                         (0 = 0.0%) {100.0%}

Histogram: Net.QuicSession.FindMatchingIpSessionResultGoogle recorded 8 samples, mean = 2.0 (flags = 0x41)
0  ... 
2  --------O                                                                 (8 = 100.0%) {0.0%}
3  O                                                                         (0 = 0.0%) {100.0%}

Histogram: Net.QuicSession.HandshakeConfirmedTime recorded 9 samples, mean = 277.0 (flags = 0x41)
0    ... 
14   -O                                                                        (1 = 11.1%) {0.0%}
17   ... 
57   --O                                                                       (2 = 22.2%) {11.1%}
68   O                                                                         (0 = 0.0%) {33.3%}
81   -O                                                                        (1 = 11.1%) {33.3%}
96   O                                                                         (0 = 0.0%) {44.4%}
114  -O                                                                        (1 = 11.1%) {44.4%}
135  ... 
318  -O                                                                        (1 = 11.1%) {55.6%}
378  ... 
533  --O                                                                       (2 = 22.2%) {66.7%}
633  -O                                                                        (1 = 11.1%) {88.9%}
752  ... 

Histogram: Net.QuicSession.HeaderCompressionRatioQpackReceived recorded 12 samples, mean = 35.5 (flags = 0x41)
0   O                                                                         (0 = 0.0%)
1   -O                                                                        (1 = 8.3%) {0.0%}
2   O                                                                         (0 = 0.0%) {8.3%}
3   ----O                                                                     (4 = 33.3%) {8.3%}
4   O                                                                         (0 = 0.0%) {41.7%}
5   -O                                                                        (1 = 8.3%) {41.7%}
6   ... 
62  -O                                                                        (1 = 8.3%) {50.0%}
63  ... 
69  ----O                                                                     (4 = 33.3%) {58.3%}
70  -O                                                                        (1 = 8.3%) {91.7%}
71  ... 

Histogram: Net.QuicSession.HeaderCompressionRatioQpackSent recorded 12 samples, mean = 66.1 (flags = 0x41)
0   ... 
47  --O                                                                       (2 = 16.7%) {0.0%}
48  ... 
59  -O                                                                        (1 = 8.3%) {16.7%}
60  -O                                                                        (1 = 8.3%) {25.0%}
61  ... 
64  -O                                                                        (1 = 8.3%) {33.3%}
65  ... 
69  -O                                                                        (1 = 8.3%) {41.7%}
70  ... 
72  -O                                                                        (1 = 8.3%) {50.0%}
73  -O                                                                        (1 = 8.3%) {58.3%}
74  -O                                                                        (1 = 8.3%) {66.7%}
75  O                                                                         (0 = 0.0%) {75.0%}
76  ---O                                                                      (3 = 25.0%) {75.0%}
77  ... 

Histogram: Net.QuicSession.HostResolution.HandshakeConfirmedTime recorded 9 samples, mean = 278.0 (flags = 0x41)
0    ... 
14   -O                                                                        (1 = 11.1%) {0.0%}
17   ... 
57   --O                                                                       (2 = 22.2%) {11.1%}
68   O                                                                         (0 = 0.0%) {33.3%}
81   -O                                                                        (1 = 11.1%) {33.3%}
96   O                                                                         (0 = 0.0%) {44.4%}
114  -O                                                                        (1 = 11.1%) {44.4%}
135  ... 
318  -O                                                                        (1 = 11.1%) {55.6%}
378  ... 
533  --O                                                                       (2 = 22.2%) {66.7%}
633  -O                                                                        (1 = 11.1%) {88.9%}
752  ... 

Histogram: Net.QuicSession.IncorrectConnectionIDsReceived recorded 9 samples, mean = 0.0 (flags = 0x41)
0  ---------O                                                                (9 = 100.0%)
1  ... 

Histogram: Net.QuicSession.InitialRttEsitmateSource recorded 9 samples, mean = 0.9 (flags = 0x41)
0  -O                                                                        (1 = 11.1%)
1  --------O                                                                 (8 = 88.9%) {11.1%}
2  ... 

Histogram: Net.QuicSession.KeyUpdate.PerConnection2 recorded 9 samples, mean = 0.0 (flags = 0x41)
0  ---------O                                                                (9 = 100.0%)
1  ... 

Histogram: Net.QuicSession.KeyUpdate.PotentialPeerKeyUpdateAttemptCount recorded 9 samples, mean = 0.0 (flags = 0x41)
0  ---------O                                                                (9 = 100.0%)
1  ... 

Histogram: Net.QuicSession.MaxConsecutiveRtoWithForwardProgress recorded 9 samples, mean = 0.6 (flags = 0x41)
0  ----O                                                                     (4 = 44.4%)
1  -----O                                                                    (5 = 55.6%) {44.4%}
2  ... 

Histogram: Net.QuicSession.MaxReordering recorded 1 samples, mean = 1.0 (flags = 0x41)
0  O                                                                         (0 = 0.0%)
1  -O                                                                        (1 = 100.0%) {0.0%}
2  ... 

Histogram: Net.QuicSession.MaxReorderingTime recorded 1 samples, mean = 0.0 (flags = 0x41)
0  -O                                                                        (1 = 100.0%)
1  ... 

Histogram: Net.QuicSession.MinRTT recorded 9 samples, mean = 44.2 (flags = 0x41)
0   ... 
7   -O                                                                        (1 = 11.1%) {0.0%}
8   --O                                                                       (2 = 22.2%) {11.1%}
10  ... 
40  ---O                                                                      (3 = 33.3%) {33.3%}
48  O                                                                         (0 = 0.0%) {66.7%}
57  -O                                                                        (1 = 11.1%) {66.7%}
68  O                                                                         (0 = 0.0%) {77.8%}
81  --O                                                                       (2 = 22.2%) {77.8%}
96  ... 

Histogram: Net.QuicSession.MtuProbesSent recorded 9 samples, mean = 0.0 (flags = 0x41)
0  ---------O                                                                (9 = 100.0%)
1  ... 

Histogram: Net.QuicSession.NumDefaultPathDegrading recorded 9 samples, mean = 0.0 (flags = 0x41)
0  ---------O                                                                (9 = 100.0%)
1  ... 

Histogram: Net.QuicSession.NumMigrations recorded 9 samples, mean = 0.0 (flags = 0x41)
0  ---------O                                                                (9 = 100.0%)
1  ... 

Histogram: Net.QuicSession.NumOpenStreams recorded 12 samples, mean = 1.2 (flags = 0x41)
0  O                                                                         (0 = 0.0%)
1  ----------O                                                               (10 = 83.3%) {0.0%}
2  --O                                                                       (2 = 16.7%) {83.3%}
3  ... 

Histogram: Net.QuicSession.NumPingsSent recorded 9 samples, mean = 0.6 (flags = 0x41)
0  ----O                                                                     (4 = 44.4%)
1  -----O                                                                    (5 = 55.6%) {44.4%}
2  ... 

Histogram: Net.QuicSession.NumQueuedPacketsBeforeWrite recorded 231 samples, mean = 0.0 (flags = 0x41)
0  ------------------------------------------------------------------------O (231 = 100.0%)
1  ... 

Histogram: Net.QuicSession.NumTotalStreams recorded 9 samples, mean = 1.3 (flags = 0x41)
0  --O                                                                       (2 = 22.2%)
1  ----O                                                                     (4 = 44.4%) {22.2%}
2  --O                                                                       (2 = 22.2%) {66.7%}
3  O                                                                         (0 = 0.0%) {88.9%}
4  -O                                                                        (1 = 11.1%) {88.9%}
5  ... 

Histogram: Net.QuicSession.OutOfOrderGapReceived recorded 3 samples, mean = 1.0 (flags = 0x41)
0  O                                                                         (0 = 0.0%)
1  ---O                                                                      (3 = 100.0%) {0.0%}
2  ... 

Histogram: Net.QuicSession.OutOfOrderLargePacketsReceived recorded 9 samples, mean = 0.0 (flags = 0x41)
0  ---------O                                                                (9 = 100.0%)
1  ... 

Histogram: Net.QuicSession.OutOfOrderPacketsReceived recorded 9 samples, mean = 0.3 (flags = 0x41)
0  -------O                                                                  (7 = 77.8%)
1  -O                                                                        (1 = 11.1%) {77.8%}
2  -O                                                                        (1 = 11.1%) {88.9%}
3  ... 

Histogram: Net.QuicSession.PacketGapReceived recorded 5 samples, mean = 1.0 (flags = 0x41)
0  O                                                                         (0 = 0.0%)
1  -----O                                                                    (5 = 100.0%) {0.0%}
2  ... 

Histogram: Net.QuicSession.PacketGapReceivedNearPing recorded 5 samples, mean = 1.4 (flags = 0x41)
0  O                                                                         (0 = 0.0%)
1  ---O                                                                      (3 = 60.0%) {0.0%}
2  --O                                                                       (2 = 40.0%) {60.0%}
3  ... 

Histogram: Net.QuicSession.PacketLossRate_CONNECTION_WIFI recorded 2 samples, mean = 14.5 (flags = 0x41)
0   ... 
10  -O                                                                        (1 = 50.0%) {0.0%}
11  ... 
19  -O                                                                        (1 = 50.0%) {50.0%}
20  ... 

Histogram: Net.QuicSession.PacketWriteTime.Synchronous recorded 172 samples, mean = 0.0 (flags = 0x41)
0  ------------------------------------------------------------------------O (172 = 100.0%)
1  ... 

Histogram: Net.QuicSession.PacketsBeforeEcnTransition recorded 9 samples, mean = 0.0 (flags = 0x41)
0  ---------O                                                                (9 = 100.0%)
1  ... 

Histogram: Net.QuicSession.PreferAesGcm recorded 3 samples, mean = 1.0 (flags = 0x41)
0  O                                                                         (0 = 0.0%)
1  ---O                                                                      (3 = 100.0%) {0.0%}
2  O                                                                         (0 = 0.0%) {100.0%}

Histogram: Net.QuicSession.Qpack.HeaderListCountWhenBlockedStreamLimited recorded 6 samples, mean = 2.0 (flags = 0x41)
0  O                                                                         (0 = 0.0%)
1  ---O                                                                      (3 = 50.0%) {0.0%}
2  -O                                                                        (1 = 16.7%) {50.0%}
3  -O                                                                        (1 = 16.7%) {66.7%}
4  -O                                                                        (1 = 16.7%) {83.3%}
5  ... 

Histogram: Net.QuicSession.Qpack.HeaderListCountWhenInsertionNotBlocked recorded 12 samples, mean = 1.7 (flags = 0x41)
0  O                                                                         (0 = 0.0%)
1  -------O                                                                  (7 = 58.3%) {0.0%}
2  ---O                                                                      (3 = 25.0%) {58.3%}
3  -O                                                                        (1 = 8.3%) {83.3%}
4  -O                                                                        (1 = 8.3%) {91.7%}
5  ... 

Histogram: Net.QuicSession.Qpack.HeaderListCountWhenNotBlockedStreamLimited recorded 6 samples, mean = 1.3 (flags = 0x41)
0  O                                                                         (0 = 0.0%)
1  ----O                                                                     (4 = 66.7%) {0.0%}
2  --O                                                                       (2 = 33.3%) {66.7%}
3  ... 

Histogram: Net.QuicSession.QuicVersion recorded 9 samples (flags = 0x41)
80  ---------O                                                                (9 = 100.0%)

Histogram: Net.QuicSession.ReceivedSettings.BlockedStreams recorded 6 samples, mean = 100.0 (flags = 0x41)
0   ... 
95  ------O                                                                   (6 = 100.0%) {0.0%}
107 ... 

Histogram: Net.QuicSession.ReceivedSettings.CountPlusOne recorded 9 samples, mean = 5.7 (flags = 0x41)
0  ... 
3  ---O                                                                      (3 = 33.3%) {0.0%}
4  ... 
7  ------O                                                                   (6 = 66.7%) {33.3%}
8  ... 

Histogram: Net.QuicSession.ReceivedSettings.MaxHeaderListSize2 recorded 9 samples, mean = 87381.3 (flags = 0x41)
0       ... 
63662   ------O                                                                   (6 = 66.7%) {0.0%}
83848   O                                                                         (0 = 0.0%) {66.7%}
110434  ---O                                                                      (3 = 33.3%) {66.7%}
145450  ... 

Histogram: Net.QuicSession.ReceivedSettings.MaxTableCapacity2 recorded 6 samples, mean = 65536.0 (flags = 0x41)
0      ... 
63662  ------O                                                                   (6 = 100.0%) {0.0%}
83848  ... 

Histogram: Net.QuicSession.ReceivedSettings.ReservedCountPlusOne recorded 9 samples, mean = 2.0 (flags = 0x41)
0  ... 
2  ---------O                                                                (9 = 100.0%) {0.0%}
3  ... 

Histogram: Net.QuicSession.RstStreamErrorCodeServer recorded 3 samples (flags = 0x41)
20  ---O                                                                      (3 = 100.0%)

Histogram: Net.QuicSession.SendPacketSize.0RTT recorded 4 samples, mean = 158.5 (flags = 0x41)
0    ... 
77   --O                                                                       (2 = 50.0%) {0.0%}
87   ... 
214  -O                                                                        (1 = 25.0%) {50.0%}
243  -O                                                                        (1 = 25.0%) {75.0%}
276  ... 

Histogram: Net.QuicSession.SendPacketSize.ForwardSecure recorded 120 samples, mean = 113.8 (flags = 0x41)
0     ... 
28    ----O                                                                     (4 = 3.3%) {0.0%}
32    -------------------O                                                      (19 = 15.8%) {3.3%}
36    ---O                                                                      (3 = 2.5%) {19.2%}
41    -------------------------------------------------------------------O      (67 = 55.8%) {21.7%}
47    -------O                                                                  (7 = 5.8%) {77.5%}
53    ... 
68    -----O                                                                    (5 = 4.2%) {83.3%}
77    ---O                                                                      (3 = 2.5%) {87.5%}
87    ... 
113   -O                                                                        (1 = 0.8%) {90.0%}
128   ... 
188   -O                                                                        (1 = 0.8%) {90.8%}
214   O                                                                         (0 = 0.0%) {91.7%}
243   -O                                                                        (1 = 0.8%) {91.7%}
276   -O                                                                        (1 = 0.8%) {92.5%}
314   ... 
406   -O                                                                        (1 = 0.8%) {93.3%}
461   ... 
595   -O                                                                        (1 = 0.8%) {94.2%}
676   -O                                                                        (1 = 0.8%) {95.0%}
768   ... 
1126  -----O                                                                    (5 = 4.2%) {95.8%}
1279  ... 

Histogram: Net.QuicSession.SendPacketSize.Handshake recorded 24 samples, mean = 58.2 (flags = 0x41)
0   ... 
36  ----------O                                                               (10 = 41.7%) {0.0%}
41  O                                                                         (0 = 0.0%) {41.7%}
47  -----O                                                                    (5 = 20.8%) {41.7%}
53  ... 
77  --------O                                                                 (8 = 33.3%) {62.5%}
87  O                                                                         (0 = 0.0%) {95.8%}
99  -O                                                                        (1 = 4.2%) {95.8%}
113 ... 

Histogram: Net.QuicSession.SendPacketSize.Initial recorded 26 samples, mean = 699.6 (flags = 0x41)
0     ... 
36    -O                                                                        (1 = 3.8%) {0.0%}
41    ----O                                                                     (4 = 15.4%) {3.8%}
47    ---O                                                                      (3 = 11.5%) {19.2%}
53    ... 
524   --O                                                                       (2 = 7.7%) {30.8%}
595   -----O                                                                    (5 = 19.2%) {38.5%}
676   ... 
1126  -----------O                                                              (11 = 42.3%) {57.7%}
1279  ... 

Histogram: Net.QuicSession.ServerSideMtu recorded 9 samples (flags = 0x41)
1200  ---O                                                                      (3 = 33.3%)
1250  ------O                                                                   (6 = 66.7%)

Histogram: Net.QuicSession.SmoothedRTT recorded 9 samples, mean = 49.4 (flags = 0x41)
0   ... 
8   -O                                                                        (1 = 11.1%) {0.0%}
10  ... 
14  -O                                                                        (1 = 11.1%) {11.1%}
17  ... 
34  -O                                                                        (1 = 11.1%) {22.2%}
40  ---O                                                                      (3 = 33.3%) {33.3%}
48  ... 
68  -O                                                                        (1 = 11.1%) {66.7%}
81  --O                                                                       (2 = 22.2%) {77.8%}
96  ... 

Histogram: Net.QuicSession.StopSendingErrorCodeClient recorded 3 samples (flags = 0x41)
20  ---O                                                                      (3 = 100.0%)

Histogram: Net.QuicSession.StreamFlowControlBlocked recorded 5 samples, mean = 1.0 (flags = 0x41)
0  O                                                                         (0 = 0.0%)
1  -----O                                                                    (5 = 100.0%) {0.0%}
2  O                                                                         (0 = 0.0%) {100.0%}

Histogram: Net.QuicSession.StreamFrameDuplicatedShortConnection recorded 7 samples, mean = 0.0 (flags = 0x41)
0  -------O                                                                  (7 = 100.0%)
1  ... 

Histogram: Net.QuicSession.TimeFromResolveHostToConfirmConnection recorded 9 samples, mean = 282.6 (flags = 0x41)
0    ... 
2    -O                                                                        (1 = 11.1%) {0.0%}
3    ... 
14   -O                                                                        (1 = 11.1%) {11.1%}
17   ... 
57   -O                                                                        (1 = 11.1%) {22.2%}
68   O                                                                         (0 = 0.0%) {33.3%}
81   -O                                                                        (1 = 11.1%) {33.3%}
96   ... 
190  -O                                                                        (1 = 11.1%) {44.4%}
226  ... 
318  -O                                                                        (1 = 11.1%) {55.6%}
378  ... 
533  --O                                                                       (2 = 22.2%) {66.7%}
633  -O                                                                        (1 = 11.1%) {88.9%}
752  ... 

Histogram: Net.QuicSession.TooManyOpenStreams recorded 12 samples, mean = 0.0 (flags = 0x41)
0  ------------O                                                             (12 = 100.0%)
1  ... 

Histogram: Net.QuicSession.TooSmallInitialSentPacket recorded 17 samples, mean = 791.8 (flags = 0x41)
0     ... 
16    -O                                                                        (1 = 5.9%) {0.0%}
18    -O                                                                        (1 = 5.9%) {5.9%}
20    ... 
505   -O                                                                        (1 = 5.9%) {11.8%}
571   -----O                                                                    (5 = 29.4%) {17.6%}
646   -O                                                                        (1 = 5.9%) {47.1%}
731   ... 
1060  --------O                                                                 (8 = 47.1%) {52.9%}
1200  O                                                                         (0 = 0.0%) {100.0%}

Histogram: Net.QuicSession.UndecryptablePacketsReceived recorded 9 samples, mean = 0.9 (flags = 0x41)
0  ------O                                                                   (6 = 66.7%)
1  O                                                                         (0 = 0.0%) {66.7%}
2  -O                                                                        (1 = 11.1%) {66.7%}
3  --O                                                                       (2 = 22.2%) {77.8%}
4  ... 

Histogram: Net.QuicSession.UndecryptablePacketsReceivedWithDecrypter recorded 9 samples, mean = 0.0 (flags = 0x41)
0  ---------O                                                                (9 = 100.0%)
1  ... 

Histogram: Net.QuicSession.ValidConnectionTime recorded 2 samples, mean = 1.0 (flags = 0x41)
0  -O                                                                        (1 = 50.0%)
1  O                                                                         (0 = 0.0%) {50.0%}
2  -O                                                                        (1 = 50.0%) {50.0%}
3  ... 

Histogram: Net.QuicSession.VerifyProofTime recorded 9 samples, mean = 219.4 (flags = 0x41)
0    ----O                                                                     (4 = 44.4%)
1    ... 
48   -O                                                                        (1 = 11.1%) {44.4%}
57   ... 
226  -O                                                                        (1 = 11.1%) {55.6%}
268  ... 
449  -O                                                                        (1 = 11.1%) {66.7%}
533  --O                                                                       (2 = 22.2%) {77.8%}
633  ... 

Histogram: Net.QuicSession.VerifyProofTime.google recorded 2 samples, mean = 116.5 (flags = 0x41)
0    -O                                                                        (1 = 50.0%)
1    ... 
226  -O                                                                        (1 = 50.0%) {50.0%}
268  ... 

Histogram: Net.QuicSession.ZeroRttReason recorded 9 samples, mean = 4.3 (flags = 0x41)
0  ... 
2  --O                                                                       (2 = 22.2%) {0.0%}
3  ... 
5  -------O                                                                  (7 = 77.8%) {22.2%}
6  ... 

Histogram: Net.QuicSession.ZeroRttReasonGoogle recorded 4 samples, mean = 4.2 (flags = 0x41)
0  ... 
2  -O                                                                        (1 = 25.0%) {0.0%}
3  ... 
5  ---O                                                                      (3 = 75.0%) {25.0%}
6  ... 

Histogram: Net.QuicSession.ZeroRttReasonNonGoogle recorded 5 samples, mean = 4.4 (flags = 0x41)
0  ... 
2  -O                                                                        (1 = 20.0%) {0.0%}
3  ... 
5  ----O                                                                     (4 = 80.0%) {20.0%}
6  ... 

Histogram: Net.QuicSession.ZeroRttState recorded 9 samples, mean = 1.6 (flags = 0x41)
0  --O                                                                       (2 = 22.2%)
1  O                                                                         (0 = 0.0%) {22.2%}
2  -------O                                                                  (7 = 77.8%) {22.2%}
3  O                                                                         (0 = 0.0%) {100.0%}

Histogram: Net.RestrictedCookieManager.GetCookiesString.Count30Seconds recorded 3 samples, mean = 0.3 (flags = 0x41)
0  --O                                                                       (2 = 66.7%)
1  -O                                                                        (1 = 33.3%) {66.7%}
2  ... 

Histogram: Net.RestrictedCookieManager.SiteForCookiesOK recorded 1 samples, mean = 1.0 (flags = 0x41)
0  O                                                                         (0 = 0.0%)
1  -O                                                                        (1 = 100.0%) {0.0%}
2  O                                                                         (0 = 0.0%) {100.0%}

Histogram: Net.RestrictedCookieManager.TopFrameOriginOK recorded 1 samples, mean = 1.0 (flags = 0x41)
0  O                                                                         (0 = 0.0%)
1  -O                                                                        (1 = 100.0%) {0.0%}
2  O                                                                         (0 = 0.0%) {100.0%}

Histogram: Net.SSLHandshakeDetails recorded 11 samples, mean = 6.0 (flags = 0x41)
0  ... 
6  -----------O                                                              (11 = 100.0%) {0.0%}
7  ... 

Histogram: Net.SSLNegotiatedAlpnProtocol recorded 11 samples, mean = 1.9 (flags = 0x41)
0  O                                                                         (0 = 0.0%)
1  -O                                                                        (1 = 9.1%) {0.0%}
2  ----------O                                                               (10 = 90.9%) {9.1%}
3  ... 

Histogram: Net.SSLRenegotiationInfoSupported recorded 11 samples, mean = 1.0 (flags = 0x41)
0  O                                                                         (0 = 0.0%)
1  -----------O                                                              (11 = 100.0%) {0.0%}
2  O                                                                         (0 = 0.0%) {100.0%}

Histogram: Net.SSLSignatureAlgorithm recorded 11 samples (flags = 0x41)
1027  --------O                                                                 (8 = 72.7%)
2052  ---O                                                                      (3 = 27.3%)

Histogram: Net.SSLVersion recorded 11 samples, mean = 6.0 (flags = 0x41)
0  ... 
6  -----------O                                                              (11 = 100.0%) {0.0%}
7  ... 

Histogram: Net.SSL_CipherSuite recorded 11 samples (flags = 0x41)
4865  ----------O                                                               (10 = 90.9%)
4866  -O                                                                        (1 = 9.1%)

Histogram: Net.SSL_Connection_Error recorded 11 samples (flags = 0x41)
0  -----------O                                                              (11 = 100.0%)

Histogram: Net.SSL_Connection_Latency_2 recorded 11 samples, mean = 461.5 (flags = 0x41)
0    ... 
83   -O                                                                        (1 = 9.1%) {0.0%}
92   ... 
200  -O                                                                        (1 = 9.1%) {9.1%}
221  ... 
297  -O                                                                        (1 = 9.1%) {18.2%}
328  ... 
399  -O                                                                        (1 = 9.1%) {27.3%}
440  ---O                                                                      (3 = 27.3%) {36.4%}
485  ... 
590  --O                                                                       (2 = 18.2%) {63.6%}
651  -O                                                                        (1 = 9.1%) {81.8%}
718  -O                                                                        (1 = 9.1%) {90.9%}
792  ... 

Histogram: Net.SSL_KeyExchange.ECDHE recorded 11 samples (flags = 0x41)
29     --------O                                                                 (8 = 72.7%)
25497  ---O                                                                      (3 = 27.3%)

Histogram: Net.SharedDictionaryStorageOnDisk.IsMetadataReadyOnFirstUse recorded 1 samples, mean = 1.0 (flags = 0x41)
0  O                                                                         (0 = 0.0%)
1  -O                                                                        (1 = 100.0%) {0.0%}
2  O                                                                         (0 = 0.0%) {100.0%}

Histogram: Net.SharedDictionaryStorageOnDisk.MetadataReadTime.Empty recorded 1 samples, mean = 1.0 (flags = 0x41)
0  O                                                                         (0 = 0.0%)
1  -O                                                                        (1 = 100.0%) {0.0%}
2  ... 

Histogram: Net.SharedDictionaryStore.DeleteExpiredDictionaries.Error recorded 2 samples, mean = 0.0 (flags = 0x41)
0  --O                                                                       (2 = 100.0%)
1  ... 

Histogram: Net.SharedDictionaryStore.GetDictionaries.Error recorded 1 samples, mean = 0.0 (flags = 0x41)
0  -O                                                                        (1 = 100.0%)
1  ... 

Histogram: Net.SharedDictionaryStore.ProcessEviction.Error recorded 1 samples, mean = 0.0 (flags = 0x41)
0  -O                                                                        (1 = 100.0%)
1  ... 

Histogram: Net.SpdyHeadersCompressionPercentage recorded 11 samples, mean = 53.1 (flags = 0x41)
0   ... 
34  -O                                                                        (1 = 9.1%) {0.0%}
35  ... 
40  -O                                                                        (1 = 9.1%) {9.1%}
41  -O                                                                        (1 = 9.1%) {18.2%}
42  ... 
49  ---O                                                                      (3 = 27.3%) {27.3%}
50  ... 
60  --O                                                                       (2 = 18.2%) {54.5%}
61  --O                                                                       (2 = 18.2%) {72.7%}
62  ... 
80  -O                                                                        (1 = 9.1%) {90.9%}
81  ... 

Histogram: Net.SpdyResponseCode recorded 11 samples (flags = 0x41)
200  --------O                                                                 (8 = 72.7%)
204  -O                                                                        (1 = 9.1%)
302  -O                                                                        (1 = 9.1%)
304  -O                                                                        (1 = 9.1%)

Histogram: Net.SpdySession.AcceptChForOrigin recorded 11 samples, mean = 0.6 (flags = 0x41)
0  ----O                                                                     (4 = 36.4%)
1  -------O                                                                  (7 = 63.6%) {36.4%}
2  O                                                                         (0 = 0.0%) {100.0%}

Histogram: Net.SpdySession.AlpsAcceptChEntries recorded 3 samples, mean = 1.0 (flags = 0x41)
0  O                                                                         (0 = 0.0%)
1  ---O                                                                      (3 = 100.0%) {0.0%}
2  ... 

Histogram: Net.SpdySession.AlpsDecoderStatus recorded 3 samples, mean = 0.0 (flags = 0x41)
0  ---O                                                                      (3 = 100.0%)
1  ... 

Histogram: Net.SpdySession.AlpsDecoderStatus.Bypassed recorded 3 samples, mean = 0.0 (flags = 0x41)
0  ---O                                                                      (3 = 100.0%)
1  ... 

Histogram: Net.SpdySession.AlpsSettingParameterCount recorded 3 samples, mean = 0.0 (flags = 0x41)
0  ---O                                                                      (3 = 100.0%)
1  ... 

Histogram: Net.SpdySession.ClosedOnError recorded 6 samples (flags = 0x41)
0  --O                                                                       (2 = 33.3%)
3  ----O                                                                     (4 = 66.7%)

Histogram: Net.SpdySession.CreateStreamWithSocketConnected recorded 11 samples, mean = 1.0 (flags = 0x41)
0  O                                                                         (0 = 0.0%)
1  -----------O                                                              (11 = 100.0%) {0.0%}
2  O                                                                         (0 = 0.0%) {100.0%}

Histogram: Net.SpdySession.GoAwayReceived recorded 2 samples (flags = 0x41)
0  --O                                                                       (2 = 100.0%)

Histogram: Net.SpdySession.OnSettings.ActiveStreamCount2 recorded 6 samples, mean = 1.0 (flags = 0x41)
0  O                                                                         (0 = 0.0%)
1  ------O                                                                   (6 = 100.0%) {0.0%}
2  ... 

Histogram: Net.SpdySession.OnSettings.CreatedAndActiveStreamCount2 recorded 6 samples, mean = 1.0 (flags = 0x41)
0  O                                                                         (0 = 0.0%)
1  ------O                                                                   (6 = 100.0%) {0.0%}
2  ... 

Histogram: Net.SpdySession.OnSettings.CreatedStreamCount2 recorded 6 samples, mean = 0.0 (flags = 0x41)
0  ------O                                                                   (6 = 100.0%)
1  ... 

Histogram: Net.SpdySession.OnSettings.PendingStreamCount2 recorded 6 samples, mean = 0.0 (flags = 0x41)
0  ------O                                                                   (6 = 100.0%)
1  ... 

Histogram: Net.SpdySession.ServerSupportsWebSocket recorded 6 samples, mean = 0.0 (flags = 0x41)
0  ------O                                                                   (6 = 100.0%)
1  ... 

Histogram: Net.SpdySessionGet recorded 11 samples, mean = 2.1 (flags = 0x41)
0  O                                                                         (0 = 0.0%)
1  -----O                                                                    (5 = 45.5%) {0.0%}
2  O                                                                         (0 = 0.0%) {45.5%}
3  ------O                                                                   (6 = 54.5%) {45.5%}
4  O                                                                         (0 = 0.0%) {100.0%}

Histogram: Net.SpdyStreamsAbandonedPerSession recorded 6 samples, mean = 0.0 (flags = 0x41)
0  ------O                                                                   (6 = 100.0%)
1  ... 

Histogram: Net.SpdyStreamsPerSession recorded 6 samples, mean = 1.8 (flags = 0x41)
0  O                                                                         (0 = 0.0%)
1  ----O                                                                     (4 = 66.7%) {0.0%}
2  -O                                                                        (1 = 16.7%) {66.7%}
3  ... 
5  -O                                                                        (1 = 16.7%) {83.3%}
6  ... 

Histogram: Net.TCP_Connection_Latency recorded 11 samples, mean = 68.9 (flags = 0x41)
0    ... 
8    -O                                                                        (1 = 9.1%) {0.0%}
9    -O                                                                        (1 = 9.1%) {9.1%}
10   O                                                                         (0 = 0.0%) {18.2%}
11   -O                                                                        (1 = 9.1%) {18.2%}
12   -O                                                                        (1 = 9.1%) {27.3%}
14   ... 
42   ---O                                                                      (3 = 27.3%) {36.4%}
48   ... 
61   -O                                                                        (1 = 9.1%) {63.6%}
69   ... 
113  -O                                                                        (1 = 9.1%) {72.7%}
128  ... 
186  --O                                                                       (2 = 18.2%) {81.8%}
211  ... 

Histogram: Net.TcpConnectAttempt.Latency.Success recorded 11 samples, mean = 68.6 (flags = 0x41)
0    --O                                                                       (2 = 18.2%)
10   -O                                                                        (1 = 9.1%) {18.2%}
12   -O                                                                        (1 = 9.1%) {27.3%}
15   ... 
41   ---O                                                                      (3 = 27.3%) {36.4%}
50   O                                                                         (0 = 0.0%) {63.6%}
61   -O                                                                        (1 = 9.1%) {63.6%}
75   O                                                                         (0 = 0.0%) {72.7%}
92   -O                                                                        (1 = 9.1%) {72.7%}
113  ... 
171  --O                                                                       (2 = 18.2%) {81.8%}
210  ... 

Histogram: Net.UDPSocketWinClose recorded 41 samples, mean = 0.0 (flags = 0x41)
0  -----------------------------------------O                                (41 = 100.0%)
1  ... 

Histogram: Net.URLLoaderThrottle.OnReceiveResponseTime recorded 47 samples, mean = 0.2 (flags = 0x41)
0  ---------------------------------------------O                            (45 = 95.7%)
1  -O                                                                        (1 = 2.1%) {95.7%}
2  ... 
7  -O                                                                        (1 = 2.1%) {97.9%}
8  ... 

Histogram: Net.URLLoaderThrottleExecutionTime.BeforeWillProcessResponse recorded 237 samples, mean = 0.0 (flags = 0x41)
0  ------------------------------------------------------------------------O (237 = 100.0%)
1  ... 

Histogram: Net.URLLoaderThrottleExecutionTime.WillProcessResponse recorded 237 samples, mean = 0.0 (flags = 0x41)
0  ------------------------------------------------------------------------O (237 = 100.0%)
1  ... 

Histogram: Net.URLLoaderThrottleExecutionTime.WillRedirectRequest recorded 5 samples, mean = 0.0 (flags = 0x41)
0  -----O                                                                    (5 = 100.0%)
1  ... 

Histogram: Net.URLLoaderThrottleExecutionTime.WillStartRequest recorded 237 samples, mean = 0.0 (flags = 0x41)
0  ------------------------------------------------------------------------O (237 = 100.0%)
1  ... 

Histogram: Net.URLRequest.ReferrerHasInformativePath.CrossOrigin recorded 53 samples, mean = 0.0 (flags = 0x41)
0  -----------------------------------------------------O                    (53 = 100.0%)
1  ... 

Histogram: Net.URLRequest.ReferrerHasInformativePath.SameOrigin recorded 8 samples, mean = 1.0 (flags = 0x41)
0  O                                                                         (0 = 0.0%)
1  --------O                                                                 (8 = 100.0%) {0.0%}
2  O                                                                         (0 = 0.0%) {100.0%}

Histogram: Net.URLRequest.ReferrerPolicyForRequest.CrossOrigin recorded 53 samples, mean = 1.0 (flags = 0x41)
0  ----------O                                                               (10 = 18.9%)
1  ----------------------------------------O                                 (40 = 75.5%) {18.9%}
2  O                                                                         (0 = 0.0%) {94.3%}
3  --O                                                                       (2 = 3.8%) {94.3%}
4  ... 
7  -O                                                                        (1 = 1.9%) {98.1%}
8  O                                                                         (0 = 0.0%) {100.0%}

Histogram: Net.URLRequest.ReferrerPolicyForRequest.SameOrigin recorded 8 samples, mean = 1.0 (flags = 0x41)
0  O                                                                         (0 = 0.0%)
1  --------O                                                                 (8 = 100.0%) {0.0%}
2  ... 

Histogram: Network.Mdns.Googlecast recorded 3 samples, mean = 0.0 (flags = 0x41)
0  ---O                                                                      (3 = 100.0%)
1  ... 

Histogram: NetworkService.DeletedOldCacheData recorded 1 samples, mean = 0.0 (flags = 0x41)
0  -O                                                                        (1 = 100.0%)
1  ... 

Histogram: NetworkService.GrantSandboxResult recorded 3 samples, mean = 9.0 (flags = 0x41)
0   ... 
7   -O                                                                        (1 = 33.3%) {0.0%}
8   ... 
10  --O                                                                       (2 = 66.7%) {33.3%}
11  ... 

Histogram: NetworkService.NetworkLoaderCompletionTime2.DiskCache recorded 39 samples, mean = 36.6 (flags = 0x41)
0    O                                                                         (0 = 0.0%)
1    --O                                                                       (2 = 5.1%) {0.0%}
2    O                                                                         (0 = 0.0%) {5.1%}
3    ------O                                                                   (6 = 15.4%) {5.1%}
4    --O                                                                       (2 = 5.1%) {20.5%}
5    ... 
8    --------O                                                                 (8 = 20.5%) {25.6%}
10   ---O                                                                      (3 = 7.7%) {46.2%}
12   -O                                                                        (1 = 2.6%) {53.8%}
14   -O                                                                        (1 = 2.6%) {56.4%}
17   -------O                                                                  (7 = 17.9%) {59.0%}
20   ---O                                                                      (3 = 7.7%) {76.9%}
24   ---O                                                                      (3 = 7.7%) {84.6%}
29   -O                                                                        (1 = 2.6%) {92.3%}
34   ... 
268  -O                                                                        (1 = 2.6%) {94.9%}
318  ... 
633  -O                                                                        (1 = 2.6%) {97.4%}
752  ... 

Histogram: NetworkService.NetworkLoaderCompletionTime2.Network recorded 10 samples, mean = 482.0 (flags = 0x41)
0     ... 
190   -O                                                                        (1 = 10.0%) {0.0%}
226   ----O                                                                     (4 = 40.0%) {10.0%}
268   O                                                                         (0 = 0.0%) {50.0%}
318   -O                                                                        (1 = 10.0%) {50.0%}
378   ... 
633   ---O                                                                      (3 = 30.0%) {60.0%}
752   ... 
1062  -O                                                                        (1 = 10.0%) {90.0%}
1262  ... 

Histogram: NetworkService.TimeToGrantCacheAccess recorded 1 samples, mean = 242.0 (flags = 0x41)
0    ... 
226  -O                                                                        (1 = 100.0%) {0.0%}
268  ... 

Histogram: NetworkService.TimeToGrantDataAccess recorded 2 samples, mean = 3.5 (flags = 0x41)
0  ... 
3  -O                                                                        (1 = 50.0%) {0.0%}
4  -O                                                                        (1 = 50.0%) {50.0%}
5  ... 

Histogram: NetworkService.TimeToGrantSharedDictionaryAccess recorded 1 samples, mean = 2.0 (flags = 0x41)
0  ... 
2  -O                                                                        (1 = 100.0%) {0.0%}
3  ... 

Histogram: NetworkedProfile.Check recorded 1 samples, mean = 4.0 (flags = 0x41)
0  ... 
4  -O                                                                        (1 = 100.0%) {0.0%}
5  ... 

Histogram: NewTabPage.MostVisited.DeciScore.0.Local recorded 1 samples, mean = 137.0 (flags = 0x41)
0    ... 
113  -O                                                                        (1 = 100.0%) {0.0%}
149  ... 

Histogram: NewTabPage.MostVisited.DeciScore.1.Local recorded 1 samples, mean = 137.0 (flags = 0x41)
0    ... 
113  -O                                                                        (1 = 100.0%) {0.0%}
149  ... 

Histogram: Notifications.UsingSystemNotificationCenter recorded 1 samples, mean = 0.0 (flags = 0x41)
0  -O                                                                        (1 = 100.0%)
1  ... 

Histogram: Notifications.Windows.GetDisplayedStatus recorded 1 samples, mean = 0.0 (flags = 0x41)
0  -O                                                                        (1 = 100.0%)
1  ... 

Histogram: Notifications.Windows.GetSettingPolicyStartup recorded 1 samples, mean = 2.0 (flags = 0x41)
0  ... 
2  -O                                                                        (1 = 100.0%) {0.0%}
3  ... 

Histogram: Notifications.Windows.GetSettingStatusStartup recorded 1 samples, mean = 0.0 (flags = 0x41)
0  -O                                                                        (1 = 100.0%)
1  ... 

Histogram: Notifications.Windows.HistoryStatus recorded 1 samples, mean = 0.0 (flags = 0x41)
0  -O                                                                        (1 = 100.0%)
1  ... 

Histogram: Notifications.Windows.SetReadyCallbackStatus2 recorded 1 samples, mean = 3.0 (flags = 0x41)
0  ... 
3  -O                                                                        (1 = 100.0%) {0.0%}
4  ... 

Histogram: Notifications.Windows.StartMenuShortcutStatus recorded 1 samples, mean = 2.0 (flags = 0x41)
0  ... 
2  -O                                                                        (1 = 100.0%) {0.0%}
3  ... 

Histogram: OSCrypt.AppBoundEncryption.SupportLevel recorded 1 samples, mean = 4.0 (flags = 0x41)
0  ... 
4  -O                                                                        (1 = 100.0%) {0.0%}
5  ... 

Histogram: OSCrypt.AppBoundProvider.KeyRetrieval.Status recorded 1 samples, mean = 1.0 (flags = 0x41)
0  O                                                                         (0 = 0.0%)
1  -O                                                                        (1 = 100.0%) {0.0%}
2  ... 

Histogram: OSCrypt.AsyncInitialization.Result recorded 1 samples, mean = 1.0 (flags = 0x41)
0  O                                                                         (0 = 0.0%)
1  -O                                                                        (1 = 100.0%) {0.0%}
2  O                                                                         (0 = 0.0%) {100.0%}

Histogram: OSCrypt.AsyncInitialization.Time recorded 1 samples, mean = 1.0 (flags = 0x41)
0  O                                                                         (0 = 0.0%)
1  -O                                                                        (1 = 100.0%) {0.0%}
2  ... 

Histogram: OSCrypt.DPAPIProvider.Status recorded 1 samples, mean = 0.0 (flags = 0x41)
0  -O                                                                        (1 = 100.0%)
1  ... 

Histogram: OSCrypt.Win.Decrypt.Result recorded 1 samples, mean = 1.0 (flags = 0x41)
0  O                                                                         (0 = 0.0%)
1  -O                                                                        (1 = 100.0%) {0.0%}
2  O                                                                         (0 = 0.0%) {100.0%}

Histogram: OSCrypt.Win.Decrypt.Time recorded 1 samples, mean = 1.0 (flags = 0x41)
0  O                                                                         (0 = 0.0%)
1  -O                                                                        (1 = 100.0%) {0.0%}
2  ... 

Histogram: Omnibox.TemplateUrl.RlzPresent recorded 8 samples, mean = 0.0 (flags = 0x41)
0  --------O                                                                 (8 = 100.0%)
1  ... 

Histogram: Omnibox.TemplateUrl.SearchClientPresent recorded 8 samples, mean = 0.0 (flags = 0x41)
0  --------O                                                                 (8 = 100.0%)
1  ... 

Histogram: OptimizationGuide.ApplyDecision.AboutThisSite recorded 1 samples, mean = 8.0 (flags = 0x41)
0  ... 
8  -O                                                                        (1 = 100.0%) {0.0%}
9  ... 

Histogram: OptimizationGuide.ApplyDecision.V8CompileHints recorded 1 samples, mean = 8.0 (flags = 0x41)
0  ... 
8  -O                                                                        (1 = 100.0%) {0.0%}
9  ... 

Histogram: OptimizationGuide.HintCacheLevelDBStore.LoadMetadataResult recorded 1 samples, mean = 6.0 (flags = 0x41)
0  ... 
6  -O                                                                        (1 = 100.0%) {0.0%}
7  O                                                                         (0 = 0.0%) {100.0%}

Histogram: OptimizationGuide.HintCacheLevelDBStore.Status recorded 3 samples, mean = 1.0 (flags = 0x41)
0  -O                                                                        (1 = 33.3%)
1  -O                                                                        (1 = 33.3%) {33.3%}
2  -O                                                                        (1 = 33.3%) {66.7%}
3  ... 

Histogram: OptimizationGuide.HintsManager.HintCacheInitialized recorded 1 samples, mean = 1.0 (flags = 0x40)
0  O                                                                         (0 = 0.0%)
1  -O                                                                        (1 = 100.0%) {0.0%}
2  O                                                                         (0 = 0.0%) {100.0%}

Histogram: OptimizationGuide.LoadedHint.Result recorded 3 samples, mean = 0.0 (flags = 0x40)
0  ---O                                                                      (3 = 100.0%)
1  ... 

Histogram: OptimizationGuide.ModelExecution.FeatureCurrentlyEnabledResult.Compose recorded 1 samples, mean = 1.0 (flags = 0x41)
0  O                                                                         (0 = 0.0%)
1  -O                                                                        (1 = 100.0%) {0.0%}
2  ... 

Histogram: OptimizationGuide.ModelExecution.FeatureCurrentlyEnabledResult.HistorySearch recorded 2 samples, mean = 3.0 (flags = 0x41)
0  ... 
3  --O                                                                       (2 = 100.0%) {0.0%}
4  ... 

Histogram: OptimizationGuide.ModelExecution.FeatureCurrentlyEnabledResult.TabOrganization recorded 1 samples, mean = 3.0 (flags = 0x41)
0  ... 
3  -O                                                                        (1 = 100.0%) {0.0%}
4  ... 

Histogram: OptimizationGuide.ModelExecution.FeatureCurrentlyEnabledResult.WallpaperSearch recorded 1 samples, mean = 1.0 (flags = 0x41)
0  O                                                                         (0 = 0.0%)
1  -O                                                                        (1 = 100.0%) {0.0%}
2  ... 

Histogram: OptimizationGuide.ModelExecution.FeatureEnabledAtStartup.Compose recorded 1 samples, mean = 0.0 (flags = 0x41)
0  -O                                                                        (1 = 100.0%)
1  ... 

Histogram: OptimizationGuide.ModelExecution.FeatureEnabledAtStartup.HistorySearch recorded 1 samples, mean = 0.0 (flags = 0x41)
0  -O                                                                        (1 = 100.0%)
1  ... 

Histogram: OptimizationGuide.ModelExecution.FeatureEnabledAtStartup.TabOrganization recorded 1 samples, mean = 0.0 (flags = 0x41)
0  -O                                                                        (1 = 100.0%)
1  ... 

Histogram: OptimizationGuide.ModelExecution.FeatureEnabledAtStartup.WallpaperSearch recorded 1 samples, mean = 0.0 (flags = 0x41)
0  -O                                                                        (1 = 100.0%)
1  ... 

Histogram: OptimizationGuide.ModelExecution.OnDeviceModelInstallCriteria.AtRegistration.All recorded 1 samples, mean = 0.0 (flags = 0x41)
0  -O                                                                        (1 = 100.0%)
1  ... 

Histogram: OptimizationGuide.ModelExecution.OnDeviceModelInstallCriteria.AtRegistration.DeviceCapability recorded 1 samples, mean = 0.0 (flags = 0x41)
0  -O                                                                        (1 = 100.0%)
1  ... 

Histogram: OptimizationGuide.ModelExecution.OnDeviceModelInstallCriteria.AtRegistration.DiskSpace recorded 1 samples, mean = 1.0 (flags = 0x41)
0  O                                                                         (0 = 0.0%)
1  -O                                                                        (1 = 100.0%) {0.0%}
2  O                                                                         (0 = 0.0%) {100.0%}

Histogram: OptimizationGuide.ModelExecution.OnDeviceModelInstallCriteria.AtRegistration.EnabledByEnterprisePolicy recorded 1 samples, mean = 1.0 (flags = 0x41)
0  O                                                                         (0 = 0.0%)
1  -O                                                                        (1 = 100.0%) {0.0%}
2  O                                                                         (0 = 0.0%) {100.0%}

Histogram: OptimizationGuide.ModelExecution.OnDeviceModelInstallCriteria.AtRegistration.EnabledByFeature recorded 1 samples, mean = 0.0 (flags = 0x41)
0  -O                                                                        (1 = 100.0%)
1  ... 

Histogram: OptimizationGuide.ModelExecution.OnDeviceModelInstallCriteria.AtRegistration.FeatureUse recorded 1 samples, mean = 0.0 (flags = 0x41)
0  -O                                                                        (1 = 100.0%)
1  ... 

Histogram: OptimizationGuide.ModelHandler.HandlerCreated.GeolocationPermissions recorded 1 samples, mean = 1.0 (flags = 0x41)
0  O                                                                         (0 = 0.0%)
1  -O                                                                        (1 = 100.0%) {0.0%}
2  O                                                                         (0 = 0.0%) {100.0%}

Histogram: OptimizationGuide.ModelHandler.HandlerCreated.NewTabPageHistoryClustersModuleRanking recorded 1 samples, mean = 1.0 (flags = 0x41)
0  O                                                                         (0 = 0.0%)
1  -O                                                                        (1 = 100.0%) {0.0%}
2  O                                                                         (0 = 0.0%) {100.0%}

Histogram: OptimizationGuide.ModelHandler.HandlerCreated.NotificationPermissions recorded 1 samples, mean = 1.0 (flags = 0x41)
0  O                                                                         (0 = 0.0%)
1  -O                                                                        (1 = 100.0%) {0.0%}
2  O                                                                         (0 = 0.0%) {100.0%}

Histogram: OptimizationGuide.ModelHandler.HandlerCreated.OmniboxUrlScoring recorded 1 samples, mean = 1.0 (flags = 0x41)
0  O                                                                         (0 = 0.0%)
1  -O                                                                        (1 = 100.0%) {0.0%}
2  O                                                                         (0 = 0.0%) {100.0%}

Histogram: OptimizationGuide.ModelHandler.HandlerCreated.PageTopicsV2 recorded 1 samples, mean = 1.0 (flags = 0x41)
0  O                                                                         (0 = 0.0%)
1  -O                                                                        (1 = 100.0%) {0.0%}
2  O                                                                         (0 = 0.0%) {100.0%}

Histogram: OptimizationGuide.ModelHandler.HandlerCreated.SegmentationChromeLowUserEngagement recorded 1 samples, mean = 1.0 (flags = 0x41)
0  O                                                                         (0 = 0.0%)
1  -O                                                                        (1 = 100.0%) {0.0%}
2  O                                                                         (0 = 0.0%) {100.0%}

Histogram: OptimizationGuide.ModelHandler.HandlerCreated.SegmentationComposePromotion recorded 1 samples, mean = 1.0 (flags = 0x41)
0  O                                                                         (0 = 0.0%)
1  -O                                                                        (1 = 100.0%) {0.0%}
2  O                                                                         (0 = 0.0%) {100.0%}

Histogram: OptimizationGuide.ModelHandler.HandlerCreated.SegmentationDeviceSwitcher recorded 1 samples, mean = 1.0 (flags = 0x41)
0  O                                                                         (0 = 0.0%)
1  -O                                                                        (1 = 100.0%) {0.0%}
2  O                                                                         (0 = 0.0%) {100.0%}

Histogram: OptimizationGuide.ModelHandler.HandlerCreated.SegmentationSearchUser recorded 1 samples, mean = 1.0 (flags = 0x41)
0  O                                                                         (0 = 0.0%)
1  -O                                                                        (1 = 100.0%) {0.0%}
2  O                                                                         (0 = 0.0%) {100.0%}

Histogram: OptimizationGuide.ModelHandler.HandlerCreated.SegmentationShoppingUser recorded 1 samples, mean = 1.0 (flags = 0x41)
0  O                                                                         (0 = 0.0%)
1  -O                                                                        (1 = 100.0%) {0.0%}
2  O                                                                         (0 = 0.0%) {100.0%}

Histogram: OptimizationGuide.ModelHandler.HandlerCreated.URLVisitResumptionRanker recorded 1 samples, mean = 1.0 (flags = 0x41)
0  O                                                                         (0 = 0.0%)
1  -O                                                                        (1 = 100.0%) {0.0%}
2  O                                                                         (0 = 0.0%) {100.0%}

Histogram: OptimizationGuide.ModelHandler.HandlerCreated.WebAppInstallationPromo recorded 1 samples, mean = 1.0 (flags = 0x41)
0  O                                                                         (0 = 0.0%)
1  -O                                                                        (1 = 100.0%) {0.0%}
2  O                                                                         (0 = 0.0%) {100.0%}

Histogram: OptimizationGuide.PageContentAnnotations.AnnotateVisitResultCached recorded 3 samples, mean = 0.0 (flags = 0x41)
0  ---O                                                                      (3 = 100.0%)
1  ... 

Histogram: OptimizationGuide.PageContentAnnotationsService.ContentAnnotated recorded 3 samples, mean = 0.0 (flags = 0x41)
0  ---O                                                                      (3 = 100.0%)
1  ... 

Histogram: OptimizationGuide.PredictionManager.DownloadServiceAvailabilityBlockedFetch recorded 1 samples, mean = 0.0 (flags = 0x41)
0  -O                                                                        (1 = 100.0%)
1  ... 

Histogram: OptimizationGuide.PredictionManager.FirstModelFetchSinceServiceInit recorded 1 samples, mean = 9987.0 (flags = 0x41)
0     ... 
8000  -O                                                                        (1 = 100.0%) {0.0%}
10165 ... 

Histogram: OptimizationGuide.PredictionManager.ModelAvailableAtRegistration.ClientSidePhishing recorded 1 samples, mean = 0.0 (flags = 0x41)
0  -O                                                                        (1 = 100.0%)
1  ... 

Histogram: OptimizationGuide.PredictionManager.ModelAvailableAtRegistration.GeolocationPermissions recorded 1 samples, mean = 0.0 (flags = 0x41)
0  -O                                                                        (1 = 100.0%)
1  ... 

Histogram: OptimizationGuide.PredictionManager.ModelAvailableAtRegistration.LanguageDetection recorded 2 samples, mean = 0.0 (flags = 0x41)
0  --O                                                                       (2 = 100.0%)
1  ... 

Histogram: OptimizationGuide.PredictionManager.ModelAvailableAtRegistration.NewTabPageHistoryClustersModuleRanking recorded 1 samples, mean = 0.0 (flags = 0x41)
0  -O                                                                        (1 = 100.0%)
1  ... 

Histogram: OptimizationGuide.PredictionManager.ModelAvailableAtRegistration.NotificationPermissions recorded 1 samples, mean = 0.0 (flags = 0x41)
0  -O                                                                        (1 = 100.0%)
1  ... 

Histogram: OptimizationGuide.PredictionManager.ModelAvailableAtRegistration.OmniboxUrlScoring recorded 1 samples, mean = 0.0 (flags = 0x41)
0  -O                                                                        (1 = 100.0%)
1  ... 

Histogram: OptimizationGuide.PredictionManager.ModelAvailableAtRegistration.PageTopicsV2 recorded 1 samples, mean = 0.0 (flags = 0x41)
0  -O                                                                        (1 = 100.0%)
1  ... 

Histogram: OptimizationGuide.PredictionManager.ModelAvailableAtRegistration.SegmentationChromeLowUserEngagement recorded 1 samples, mean = 0.0 (flags = 0x41)
0  -O                                                                        (1 = 100.0%)
1  ... 

Histogram: OptimizationGuide.PredictionManager.ModelAvailableAtRegistration.SegmentationComposePromotion recorded 1 samples, mean = 0.0 (flags = 0x41)
0  -O                                                                        (1 = 100.0%)
1  ... 

Histogram: OptimizationGuide.PredictionManager.ModelAvailableAtRegistration.SegmentationDeviceSwitcher recorded 1 samples, mean = 0.0 (flags = 0x41)
0  -O                                                                        (1 = 100.0%)
1  ... 

Histogram: OptimizationGuide.PredictionManager.ModelAvailableAtRegistration.SegmentationSearchUser recorded 1 samples, mean = 0.0 (flags = 0x41)
0  -O                                                                        (1 = 100.0%)
1  ... 

Histogram: OptimizationGuide.PredictionManager.ModelAvailableAtRegistration.SegmentationShoppingUser recorded 1 samples, mean = 0.0 (flags = 0x41)
0  -O                                                                        (1 = 100.0%)
1  ... 

Histogram: OptimizationGuide.PredictionManager.ModelAvailableAtRegistration.TextSafety recorded 1 samples, mean = 0.0 (flags = 0x41)
0  -O                                                                        (1 = 100.0%)
1  ... 

Histogram: OptimizationGuide.PredictionManager.ModelAvailableAtRegistration.URLVisitResumptionRanker recorded 1 samples, mean = 0.0 (flags = 0x41)
0  -O                                                                        (1 = 100.0%)
1  ... 

Histogram: OptimizationGuide.PredictionManager.ModelAvailableAtRegistration.VisualSearchClassification recorded 1 samples, mean = 0.0 (flags = 0x41)
0  -O                                                                        (1 = 100.0%)
1  ... 

Histogram: OptimizationGuide.PredictionManager.ModelAvailableAtRegistration.WebAppInstallationPromo recorded 1 samples, mean = 0.0 (flags = 0x41)
0  -O                                                                        (1 = 100.0%)
1  ... 

Histogram: OptimizationGuide.PredictionManager.ModelDeliveryEvents.ClientSidePhishing recorded 2 samples, mean = 5.5 (flags = 0x41)
0  ... 
3  -O                                                                        (1 = 50.0%) {0.0%}
4  ... 
8  -O                                                                        (1 = 50.0%) {50.0%}
9  ... 

Histogram: OptimizationGuide.PredictionManager.ModelDeliveryEvents.GeolocationPermissions recorded 2 samples, mean = 5.5 (flags = 0x41)
0  ... 
3  -O                                                                        (1 = 50.0%) {0.0%}
4  ... 
8  -O                                                                        (1 = 50.0%) {50.0%}
9  ... 

Histogram: OptimizationGuide.PredictionManager.ModelDeliveryEvents.LanguageDetection recorded 2 samples, mean = 5.5 (flags = 0x41)
0  ... 
3  -O                                                                        (1 = 50.0%) {0.0%}
4  ... 
8  -O                                                                        (1 = 50.0%) {50.0%}
9  ... 

Histogram: OptimizationGuide.PredictionManager.ModelDeliveryEvents.NewTabPageHistoryClustersModuleRanking recorded 2 samples, mean = 5.5 (flags = 0x41)
0  ... 
3  -O                                                                        (1 = 50.0%) {0.0%}
4  ... 
8  -O                                                                        (1 = 50.0%) {50.0%}
9  ... 

Histogram: OptimizationGuide.PredictionManager.ModelDeliveryEvents.NotificationPermissions recorded 2 samples, mean = 5.5 (flags = 0x41)
0  ... 
3  -O                                                                        (1 = 50.0%) {0.0%}
4  ... 
8  -O                                                                        (1 = 50.0%) {50.0%}
9  ... 

Histogram: OptimizationGuide.PredictionManager.ModelDeliveryEvents.OmniboxUrlScoring recorded 2 samples, mean = 5.5 (flags = 0x41)
0  ... 
3  -O                                                                        (1 = 50.0%) {0.0%}
4  ... 
8  -O                                                                        (1 = 50.0%) {50.0%}
9  ... 

Histogram: OptimizationGuide.PredictionManager.ModelDeliveryEvents.PageTopicsV2 recorded 2 samples, mean = 5.5 (flags = 0x41)
0  ... 
3  -O                                                                        (1 = 50.0%) {0.0%}
4  ... 
8  -O                                                                        (1 = 50.0%) {50.0%}
9  ... 

Histogram: OptimizationGuide.PredictionManager.ModelDeliveryEvents.SegmentationChromeLowUserEngagement recorded 2 samples, mean = 5.5 (flags = 0x41)
0  ... 
3  -O                                                                        (1 = 50.0%) {0.0%}
4  ... 
8  -O                                                                        (1 = 50.0%) {50.0%}
9  ... 

Histogram: OptimizationGuide.PredictionManager.ModelDeliveryEvents.SegmentationComposePromotion recorded 2 samples, mean = 5.5 (flags = 0x41)
0  ... 
3  -O                                                                        (1 = 50.0%) {0.0%}
4  ... 
8  -O                                                                        (1 = 50.0%) {50.0%}
9  ... 

Histogram: OptimizationGuide.PredictionManager.ModelDeliveryEvents.SegmentationDeviceSwitcher recorded 2 samples, mean = 5.5 (flags = 0x41)
0  ... 
3  -O                                                                        (1 = 50.0%) {0.0%}
4  ... 
8  -O                                                                        (1 = 50.0%) {50.0%}
9  ... 

Histogram: OptimizationGuide.PredictionManager.ModelDeliveryEvents.SegmentationSearchUser recorded 2 samples, mean = 5.5 (flags = 0x41)
0  ... 
3  -O                                                                        (1 = 50.0%) {0.0%}
4  ... 
8  -O                                                                        (1 = 50.0%) {50.0%}
9  ... 

Histogram: OptimizationGuide.PredictionManager.ModelDeliveryEvents.SegmentationShoppingUser recorded 2 samples, mean = 5.5 (flags = 0x41)
0  ... 
3  -O                                                                        (1 = 50.0%) {0.0%}
4  ... 
8  -O                                                                        (1 = 50.0%) {50.0%}
9  ... 

Histogram: OptimizationGuide.PredictionManager.ModelDeliveryEvents.TextSafety recorded 2 samples, mean = 5.5 (flags = 0x41)
0  ... 
3  -O                                                                        (1 = 50.0%) {0.0%}
4  ... 
8  -O                                                                        (1 = 50.0%) {50.0%}
9  ... 

Histogram: OptimizationGuide.PredictionManager.ModelDeliveryEvents.URLVisitResumptionRanker recorded 2 samples, mean = 5.5 (flags = 0x41)
0  ... 
3  -O                                                                        (1 = 50.0%) {0.0%}
4  ... 
8  -O                                                                        (1 = 50.0%) {50.0%}
9  ... 

Histogram: OptimizationGuide.PredictionManager.ModelDeliveryEvents.VisualSearchClassification recorded 2 samples, mean = 5.5 (flags = 0x41)
0  ... 
3  -O                                                                        (1 = 50.0%) {0.0%}
4  ... 
8  -O                                                                        (1 = 50.0%) {50.0%}
9  ... 

Histogram: OptimizationGuide.PredictionManager.ModelDeliveryEvents.WebAppInstallationPromo recorded 2 samples, mean = 5.5 (flags = 0x41)
0  ... 
3  -O                                                                        (1 = 50.0%) {0.0%}
4  ... 
8  -O                                                                        (1 = 50.0%) {50.0%}
9  ... 

Histogram: OptimizationGuide.PredictionManager.RegistrationTimeSinceServiceInit.ClientSidePhishing recorded 1 samples, mean = 0.0 (flags = 0x41)
0  -O                                                                        (1 = 100.0%)
1  ... 

Histogram: OptimizationGuide.PredictionManager.RegistrationTimeSinceServiceInit.GeolocationPermissions recorded 1 samples, mean = 0.0 (flags = 0x41)
0  -O                                                                        (1 = 100.0%)
1  ... 

Histogram: OptimizationGuide.PredictionManager.RegistrationTimeSinceServiceInit.LanguageDetection recorded 2 samples, mean = 5.0 (flags = 0x41)
0   -O                                                                        (1 = 50.0%)
1   ... 
10  -O                                                                        (1 = 50.0%) {50.0%}
13  ... 

Histogram: OptimizationGuide.PredictionManager.RegistrationTimeSinceServiceInit.NewTabPageHistoryClustersModuleRanking recorded 1 samples, mean = 0.0 (flags = 0x41)
0  -O                                                                        (1 = 100.0%)
1  ... 

Histogram: OptimizationGuide.PredictionManager.RegistrationTimeSinceServiceInit.NotificationPermissions recorded 1 samples, mean = 0.0 (flags = 0x41)
0  -O                                                                        (1 = 100.0%)
1  ... 

Histogram: OptimizationGuide.PredictionManager.RegistrationTimeSinceServiceInit.OmniboxUrlScoring recorded 1 samples, mean = 0.0 (flags = 0x41)
0  -O                                                                        (1 = 100.0%)
1  ... 

Histogram: OptimizationGuide.PredictionManager.RegistrationTimeSinceServiceInit.PageTopicsV2 recorded 1 samples, mean = 0.0 (flags = 0x41)
0  -O                                                                        (1 = 100.0%)
1  ... 

Histogram: OptimizationGuide.PredictionManager.RegistrationTimeSinceServiceInit.SegmentationChromeLowUserEngagement recorded 1 samples, mean = 3058.0 (flags = 0x41)
0     ... 
2415  -O                                                                        (1 = 100.0%) {0.0%}
3069  ... 

Histogram: OptimizationGuide.PredictionManager.RegistrationTimeSinceServiceInit.SegmentationComposePromotion recorded 1 samples, mean = 3058.0 (flags = 0x41)
0     ... 
2415  -O                                                                        (1 = 100.0%) {0.0%}
3069  ... 

Histogram: OptimizationGuide.PredictionManager.RegistrationTimeSinceServiceInit.SegmentationDeviceSwitcher recorded 1 samples, mean = 3058.0 (flags = 0x41)
0     ... 
2415  -O                                                                        (1 = 100.0%) {0.0%}
3069  ... 

Histogram: OptimizationGuide.PredictionManager.RegistrationTimeSinceServiceInit.SegmentationSearchUser recorded 1 samples, mean = 3058.0 (flags = 0x41)
0     ... 
2415  -O                                                                        (1 = 100.0%) {0.0%}
3069  ... 

Histogram: OptimizationGuide.PredictionManager.RegistrationTimeSinceServiceInit.SegmentationShoppingUser recorded 1 samples, mean = 3058.0 (flags = 0x41)
0     ... 
2415  -O                                                                        (1 = 100.0%) {0.0%}
3069  ... 

Histogram: OptimizationGuide.PredictionManager.RegistrationTimeSinceServiceInit.TextSafety recorded 1 samples, mean = 0.0 (flags = 0x41)
0  -O                                                                        (1 = 100.0%)
1  ... 

Histogram: OptimizationGuide.PredictionManager.RegistrationTimeSinceServiceInit.URLVisitResumptionRanker recorded 1 samples, mean = 3058.0 (flags = 0x41)
0     ... 
2415  -O                                                                        (1 = 100.0%) {0.0%}
3069  ... 

Histogram: OptimizationGuide.PredictionManager.RegistrationTimeSinceServiceInit.VisualSearchClassification recorded 1 samples, mean = 0.0 (flags = 0x41)
0  -O                                                                        (1 = 100.0%)
1  ... 

Histogram: OptimizationGuide.PredictionManager.RegistrationTimeSinceServiceInit.WebAppInstallationPromo recorded 1 samples, mean = 3058.0 (flags = 0x41)
0     ... 
2415  -O                                                                        (1 = 100.0%) {0.0%}
3069  ... 

Histogram: OptimizationGuide.PredictionManager.StoreInitialized recorded 1 samples, mean = 1.0 (flags = 0x40)
0  O                                                                         (0 = 0.0%)
1  -O                                                                        (1 = 100.0%) {0.0%}
2  O                                                                         (0 = 0.0%) {100.0%}

Histogram: OptimizationGuide.PredictionManager.SupportedModelEngineVersion recorded 1 samples, mean = 18.0 (flags = 0x40)
0   ... 
18  -O                                                                        (1 = 100.0%) {0.0%}
19  ... 

Histogram: OptimizationGuide.PredictionModelFetcher.GetModelsResponse.NetErrorCode recorded 1 samples (flags = 0x41)
379  -O                                                                        (1 = 100.0%)

Histogram: OptimizationGuide.PredictionModelFetcher.GetModelsResponse.NetErrorCode.ClientSidePhishing recorded 1 samples (flags = 0x41)
379  -O                                                                        (1 = 100.0%)

Histogram: OptimizationGuide.PredictionModelFetcher.GetModelsResponse.NetErrorCode.GeolocationPermissions recorded 1 samples (flags = 0x41)
379  -O                                                                        (1 = 100.0%)

Histogram: OptimizationGuide.PredictionModelFetcher.GetModelsResponse.NetErrorCode.LanguageDetection recorded 1 samples (flags = 0x41)
379  -O                                                                        (1 = 100.0%)

Histogram: OptimizationGuide.PredictionModelFetcher.GetModelsResponse.NetErrorCode.NewTabPageHistoryClustersModuleRanking recorded 1 samples (flags = 0x41)
379  -O                                                                        (1 = 100.0%)

Histogram: OptimizationGuide.PredictionModelFetcher.GetModelsResponse.NetErrorCode.NotificationPermissions recorded 1 samples (flags = 0x41)
379  -O                                                                        (1 = 100.0%)

Histogram: OptimizationGuide.PredictionModelFetcher.GetModelsResponse.NetErrorCode.OmniboxUrlScoring recorded 1 samples (flags = 0x41)
379  -O                                                                        (1 = 100.0%)

Histogram: OptimizationGuide.PredictionModelFetcher.GetModelsResponse.NetErrorCode.PageTopicsV2 recorded 1 samples (flags = 0x41)
379  -O                                                                        (1 = 100.0%)

Histogram: OptimizationGuide.PredictionModelFetcher.GetModelsResponse.NetErrorCode.SegmentationChromeLowUserEngagement recorded 1 samples (flags = 0x41)
379  -O                                                                        (1 = 100.0%)

Histogram: OptimizationGuide.PredictionModelFetcher.GetModelsResponse.NetErrorCode.SegmentationComposePromotion recorded 1 samples (flags = 0x41)
379  -O                                                                        (1 = 100.0%)

Histogram: OptimizationGuide.PredictionModelFetcher.GetModelsResponse.NetErrorCode.SegmentationDeviceSwitcher recorded 1 samples (flags = 0x41)
379  -O                                                                        (1 = 100.0%)

Histogram: OptimizationGuide.PredictionModelFetcher.GetModelsResponse.NetErrorCode.SegmentationSearchUser recorded 1 samples (flags = 0x41)
379  -O                                                                        (1 = 100.0%)

Histogram: OptimizationGuide.PredictionModelFetcher.GetModelsResponse.NetErrorCode.SegmentationShoppingUser recorded 1 samples (flags = 0x41)
379  -O                                                                        (1 = 100.0%)

Histogram: OptimizationGuide.PredictionModelFetcher.GetModelsResponse.NetErrorCode.TextSafety recorded 1 samples (flags = 0x41)
379  -O                                                                        (1 = 100.0%)

Histogram: OptimizationGuide.PredictionModelFetcher.GetModelsResponse.NetErrorCode.URLVisitResumptionRanker recorded 1 samples (flags = 0x41)
379  -O                                                                        (1 = 100.0%)

Histogram: OptimizationGuide.PredictionModelFetcher.GetModelsResponse.NetErrorCode.VisualSearchClassification recorded 1 samples (flags = 0x41)
379  -O                                                                        (1 = 100.0%)

Histogram: OptimizationGuide.PredictionModelFetcher.GetModelsResponse.NetErrorCode.WebAppInstallationPromo recorded 1 samples (flags = 0x41)
379  -O                                                                        (1 = 100.0%)

Histogram: OptimizationGuide.PredictionModelFetcher.GetModelsResponse.Status recorded 1 samples, mean = 403.0 (flags = 0x41)
0    ... 
403  -O                                                                        (1 = 100.0%) {0.0%}
404  ... 

Histogram: OptimizationGuide.PredictionModelFetcher.GetModelsResponse.Status.ClientSidePhishing recorded 1 samples, mean = 403.0 (flags = 0x41)
0    ... 
403  -O                                                                        (1 = 100.0%) {0.0%}
404  ... 

Histogram: OptimizationGuide.PredictionModelFetcher.GetModelsResponse.Status.GeolocationPermissions recorded 1 samples, mean = 403.0 (flags = 0x41)
0    ... 
403  -O                                                                        (1 = 100.0%) {0.0%}
404  ... 

Histogram: OptimizationGuide.PredictionModelFetcher.GetModelsResponse.Status.LanguageDetection recorded 1 samples, mean = 403.0 (flags = 0x41)
0    ... 
403  -O                                                                        (1 = 100.0%) {0.0%}
404  ... 

Histogram: OptimizationGuide.PredictionModelFetcher.GetModelsResponse.Status.NewTabPageHistoryClustersModuleRanking recorded 1 samples, mean = 403.0 (flags = 0x41)
0    ... 
403  -O                                                                        (1 = 100.0%) {0.0%}
404  ... 

Histogram: OptimizationGuide.PredictionModelFetcher.GetModelsResponse.Status.NotificationPermissions recorded 1 samples, mean = 403.0 (flags = 0x41)
0    ... 
403  -O                                                                        (1 = 100.0%) {0.0%}
404  ... 

Histogram: OptimizationGuide.PredictionModelFetcher.GetModelsResponse.Status.OmniboxUrlScoring recorded 1 samples, mean = 403.0 (flags = 0x41)
0    ... 
403  -O                                                                        (1 = 100.0%) {0.0%}
404  ... 

Histogram: OptimizationGuide.PredictionModelFetcher.GetModelsResponse.Status.PageTopicsV2 recorded 1 samples, mean = 403.0 (flags = 0x41)
0    ... 
403  -O                                                                        (1 = 100.0%) {0.0%}
404  ... 

Histogram: OptimizationGuide.PredictionModelFetcher.GetModelsResponse.Status.SegmentationChromeLowUserEngagement recorded 1 samples, mean = 403.0 (flags = 0x41)
0    ... 
403  -O                                                                        (1 = 100.0%) {0.0%}
404  ... 

Histogram: OptimizationGuide.PredictionModelFetcher.GetModelsResponse.Status.SegmentationComposePromotion recorded 1 samples, mean = 403.0 (flags = 0x41)
0    ... 
403  -O                                                                        (1 = 100.0%) {0.0%}
404  ... 

Histogram: OptimizationGuide.PredictionModelFetcher.GetModelsResponse.Status.SegmentationDeviceSwitcher recorded 1 samples, mean = 403.0 (flags = 0x41)
0    ... 
403  -O                                                                        (1 = 100.0%) {0.0%}
404  ... 

Histogram: OptimizationGuide.PredictionModelFetcher.GetModelsResponse.Status.SegmentationSearchUser recorded 1 samples, mean = 403.0 (flags = 0x41)
0    ... 
403  -O                                                                        (1 = 100.0%) {0.0%}
404  ... 

Histogram: OptimizationGuide.PredictionModelFetcher.GetModelsResponse.Status.SegmentationShoppingUser recorded 1 samples, mean = 403.0 (flags = 0x41)
0    ... 
403  -O                                                                        (1 = 100.0%) {0.0%}
404  ... 

Histogram: OptimizationGuide.PredictionModelFetcher.GetModelsResponse.Status.TextSafety recorded 1 samples, mean = 403.0 (flags = 0x41)
0    ... 
403  -O                                                                        (1 = 100.0%) {0.0%}
404  ... 

Histogram: OptimizationGuide.PredictionModelFetcher.GetModelsResponse.Status.URLVisitResumptionRanker recorded 1 samples, mean = 403.0 (flags = 0x41)
0    ... 
403  -O                                                                        (1 = 100.0%) {0.0%}
404  ... 

Histogram: OptimizationGuide.PredictionModelFetcher.GetModelsResponse.Status.VisualSearchClassification recorded 1 samples, mean = 403.0 (flags = 0x41)
0    ... 
403  -O                                                                        (1 = 100.0%) {0.0%}
404  ... 

Histogram: OptimizationGuide.PredictionModelFetcher.GetModelsResponse.Status.WebAppInstallationPromo recorded 1 samples, mean = 403.0 (flags = 0x41)
0    ... 
403  -O                                                                        (1 = 100.0%) {0.0%}
404  ... 

Histogram: OptimizationGuide.ProcessingComponentAtShutdown recorded 1 samples, mean = 0.0 (flags = 0x41)
0  -O                                                                        (1 = 100.0%)
1  ... 

Histogram: OptimizationGuide.RemoteFetchingEnabled recorded 1 samples, mean = 0.0 (flags = 0x41)
0  -O                                                                        (1 = 100.0%)
1  ... 

Histogram: OriginTrials.PersistentOriginTrial.LevelDbInitSuccess recorded 1 samples, mean = 1.0 (flags = 0x41)
0  O                                                                         (0 = 0.0%)
1  -O                                                                        (1 = 100.0%) {0.0%}
2  O                                                                         (0 = 0.0%) {100.0%}

Histogram: OriginTrials.PersistentOriginTrial.LevelDbLoadSize recorded 1 samples, mean = 0.0 (flags = 0x41)
0  -O                                                                        (1 = 100.0%)
1  ... 

Histogram: OriginTrials.PersistentOriginTrial.LevelDbLoadSuccess recorded 1 samples, mean = 1.0 (flags = 0x41)
0  O                                                                         (0 = 0.0%)
1  -O                                                                        (1 = 100.0%) {0.0%}
2  O                                                                         (0 = 0.0%) {100.0%}

Histogram: OriginTrials.PersistentOriginTrial.LevelDbLoadTime recorded 1 samples, mean = 3059.0 (flags = 0x41)
0     ... 
2990  -O                                                                        (1 = 100.0%) {0.0%}
3553  ... 

Histogram: OriginTrials.PersistentOriginTrial.OriginLookupsBeforeDbLoad recorded 1 samples, mean = 0.0 (flags = 0x41)
0  -O                                                                        (1 = 100.0%)
1  ... 

Histogram: OriginTrials.PersistentOriginTrial.OriginsAddedBeforeDbLoad recorded 1 samples, mean = 0.0 (flags = 0x41)
0  -O                                                                        (1 = 100.0%)
1  ... 

Histogram: PageActionController.ExtensionsWithPageActions recorded 1 samples, mean = 0.0 (flags = 0x41)
0  -O                                                                        (1 = 100.0%)
1  ... 

Histogram: PageContentAnnotations.AnnotateVisit.AnnotationRequestQueued recorded 3 samples, mean = 1.0 (flags = 0x40)
0  O                                                                         (0 = 0.0%)
1  ---O                                                                      (3 = 100.0%) {0.0%}
2  O                                                                         (0 = 0.0%) {100.0%}

Histogram: PageContentAnnotations.AnnotateVisit.AnnotationRequested recorded 3 samples, mean = 1.0 (flags = 0x40)
0  O                                                                         (0 = 0.0%)
1  ---O                                                                      (3 = 100.0%) {0.0%}
2  O                                                                         (0 = 0.0%) {100.0%}

Histogram: PageContentAnnotations.AnnotateVisit.BatchAnnotationStarted recorded 1 samples, mean = 1.0 (flags = 0x40)
0  O                                                                         (0 = 0.0%)
1  -O                                                                        (1 = 100.0%) {0.0%}
2  O                                                                         (0 = 0.0%) {100.0%}

Histogram: PageLoad.Clients.Ads.AllPages.NonAdNetworkBytes recorded 1 samples, mean = 125.0 (flags = 0x41)
0    ... 
108  -O                                                                        (1 = 100.0%) {0.0%}
141  ... 

Histogram: PageLoad.Clients.Ads.AllPages.PercentNetworkBytesAds recorded 1 samples, mean = 0.0 (flags = 0x41)
0  -O                                                                        (1 = 100.0%)
1  ... 

Histogram: PageLoad.Clients.Ads.AllPages.PercentTotalBytesAds recorded 1 samples, mean = 0.0 (flags = 0x41)
0  -O                                                                        (1 = 100.0%)
1  ... 

Histogram: PageLoad.Clients.Ads.AverageViewportAdDensity recorded 1 samples, mean = 0.0 (flags = 0x41)
0  -O                                                                        (1 = 100.0%)
1  ... 

Histogram: PageLoad.Clients.Ads.FrameCounts.AdFrames.Total recorded 1 samples, mean = 0.0 (flags = 0x41)
0  -O                                                                        (1 = 100.0%)
1  ... 

Histogram: PageLoad.Clients.Ads.NonVisible.FrameCounts.AdFrames.Total recorded 1 samples, mean = 0.0 (flags = 0x41)
0  -O                                                                        (1 = 100.0%)
1  ... 

Histogram: PageLoad.Clients.Ads.Visible.FrameCounts.AdFrames.Total recorded 1 samples, mean = 0.0 (flags = 0x41)
0  -O                                                                        (1 = 100.0%)
1  ... 

Histogram: PageLoad.Clients.CrossOrigin.LayoutInstability.CumulativeShiftScore recorded 1 samples, mean = 0.0 (flags = 0x41)
0  -O                                                                        (1 = 100.0%)
1  ... 

Histogram: PageLoad.Clients.CrossOrigin.LayoutInstability.CumulativeShiftScore.MainFrame recorded 1 samples, mean = 0.0 (flags = 0x41)
0  -O                                                                        (1 = 100.0%)
1  ... 

Histogram: PageLoad.Clients.Leakage2.AbandonReasonAt.LoaderStart recorded 1 samples, mean = 10.0 (flags = 0x41)
0   ... 
10  -O                                                                        (1 = 100.0%) {0.0%}
11  ... 

Histogram: PageLoad.Clients.Leakage2.LastMilestoneBeforeAbandon.NewReloadNavigation recorded 1 samples, mean = 1.0 (flags = 0x41)
0  O                                                                         (0 = 0.0%)
1  -O                                                                        (1 = 100.0%) {0.0%}
2  ... 

Histogram: PageLoad.Clients.Leakage2.LoaderStartToAbandon.NewReloadNavigation recorded 1 samples, mean = 2525.0 (flags = 0x41)
0     ... 
2435  -O                                                                        (1 = 100.0%) {0.0%}
2725  ... 

Histogram: PageLoad.Clients.Leakage2.NavigationStart recorded 2 samples, mean = 3394.0 (flags = 0x41)
0     ... 
2435  -O                                                                        (1 = 50.0%) {0.0%}
2725  ... 
3818  -O                                                                        (1 = 50.0%) {50.0%}
4272  ... 

Histogram: PageLoad.Clients.Leakage2.NavigationStartToCommitReceived recorded 1 samples, mean = 3902.0 (flags = 0x41)
0     ... 
3818  -O                                                                        (1 = 100.0%) {0.0%}
4272  ... 

Histogram: PageLoad.Clients.Leakage2.NavigationStartToCommitSent recorded 1 samples, mean = 3897.0 (flags = 0x41)
0     ... 
3818  -O                                                                        (1 = 100.0%) {0.0%}
4272  ... 

Histogram: PageLoad.Clients.Leakage2.NavigationStartToDOMContentLoaded recorded 1 samples, mean = 5346.0 (flags = 0x41)
0     ... 
4780  -O                                                                        (1 = 100.0%) {0.0%}
5349  ... 

Histogram: PageLoad.Clients.Leakage2.NavigationStartToDidCommit recorded 1 samples, mean = 4224.0 (flags = 0x41)
0     ... 
3818  -O                                                                        (1 = 100.0%) {0.0%}
4272  ... 

Histogram: PageLoad.Clients.Leakage2.NavigationStartToLoadStarted recorded 1 samples, mean = 6240.0 (flags = 0x41)
0     ... 
5985  -O                                                                        (1 = 100.0%) {0.0%}
6697  ... 

Histogram: PageLoad.Clients.Leakage2.NavigationStartToLoaderStart recorded 2 samples, mean = 1254.5 (flags = 0x41)
0     ... 
34    -O                                                                        (1 = 50.0%) {0.0%}
38    ... 
2435  -O                                                                        (1 = 50.0%) {50.0%}
2725  ... 

Histogram: PageLoad.Clients.Leakage2.NavigationStartToNonRedirectResponseLoaderCallback recorded 1 samples, mean = 3890.0 (flags = 0x41)
0     ... 
3818  -O                                                                        (1 = 100.0%) {0.0%}
4272  ... 

Histogram: PageLoad.Clients.Leakage2.NavigationStartToNonRedirectResponseStart recorded 1 samples, mean = 3815.0 (flags = 0x41)
0     ... 
3412  -O                                                                        (1 = 100.0%) {0.0%}
3818  ... 

Histogram: PageLoad.Clients.Leakage2.NavigationStartToNonRedirectedRequestStart recorded 1 samples, mean = 3563.0 (flags = 0x41)
0     ... 
3412  -O                                                                        (1 = 100.0%) {0.0%}
3818  ... 

Histogram: PageLoad.Clients.Leakage2.NavigationStartToParseStart recorded 1 samples, mean = 3906.0 (flags = 0x41)
0     ... 
3818  -O                                                                        (1 = 100.0%) {0.0%}
4272  ... 

Histogram: PageLoad.Clients.Leakage2.RendererProcessCreatedBeforeNav recorded 1 samples, mean = 1.0 (flags = 0x41)
0  O                                                                         (0 = 0.0%)
1  -O                                                                        (1 = 100.0%) {0.0%}
2  O                                                                         (0 = 0.0%) {100.0%}

Histogram: PageLoad.Clients.LinkPreview.Usage recorded 1 samples, mean = 0.0 (flags = 0x41)
0  -O                                                                        (1 = 100.0%)
1  ... 

Histogram: PageLoad.Clients.MultiTabLoading.WithTabCount_0.DocumentTiming.NavigationToDOMContentLoadedEventFired recorded 1 samples, mean = 5346.0 (flags = 0x41)
0     ... 
4780  -O                                                                        (1 = 100.0%) {0.0%}
5349  ... 

Histogram: PageLoad.Clients.MultiTabLoading.WithTabCount_0.DocumentTiming.NavigationToLoadEventFired recorded 1 samples, mean = 6240.0 (flags = 0x41)
0     ... 
5985  -O                                                                        (1 = 100.0%) {0.0%}
6697  ... 

Histogram: PageLoad.Clients.MultiTabLoading.With_0_OtherLoading.DocumentTiming.NavigationToDOMContentLoadedEventFired recorded 1 samples, mean = 5346.0 (flags = 0x41)
0     ... 
4780  -O                                                                        (1 = 100.0%) {0.0%}
5349  ... 

Histogram: PageLoad.Clients.MultiTabLoading.With_0_OtherLoading.DocumentTiming.NavigationToLoadEventFired recorded 1 samples, mean = 6240.0 (flags = 0x41)
0     ... 
5985  -O                                                                        (1 = 100.0%) {0.0%}
6697  ... 

Histogram: PageLoad.Clients.PerformanceManager.LoadedIdleWithoutLCP recorded 1 samples, mean = 8617.0 (flags = 0x41)
0     ... 
8000  -O                                                                        (1 = 100.0%) {0.0%}
10165 ... 

Histogram: PageLoad.Clients.PerformanceManager.LoadedIdleWithoutLCP.Foreground recorded 1 samples, mean = 8617.0 (flags = 0x41)
0     ... 
8000  -O                                                                        (1 = 100.0%) {0.0%}
10165 ... 

Histogram: PageLoad.Clients.Protocol.QUIC.DocumentTiming.NavigationToDOMContentLoadedEventFired recorded 1 samples, mean = 5346.0 (flags = 0x41)
0     ... 
4780  -O                                                                        (1 = 100.0%) {0.0%}
5349  ... 

Histogram: PageLoad.Clients.Protocol.QUIC.DocumentTiming.NavigationToLoadEventFired recorded 1 samples, mean = 6240.0 (flags = 0x41)
0     ... 
5985  -O                                                                        (1 = 100.0%) {0.0%}
6697  ... 

Histogram: PageLoad.Clients.Protocol.QUIC.ParseTiming.NavigationToParseStart recorded 1 samples, mean = 3906.0 (flags = 0x41)
0     ... 
3818  -O                                                                        (1 = 100.0%) {0.0%}
4272  ... 

Histogram: PageLoad.Clients.Scheme.HTTPS.ParseTiming.NavigationToParseStart recorded 1 samples, mean = 3906.0 (flags = 0x41)
0     ... 
3818  -O                                                                        (1 = 100.0%) {0.0%}
4272  ... 

Histogram: PageLoad.Clients.SubresourceLoading.DaysSinceLastVisitToOrigin recorded 1 samples, mean = 0.0 (flags = 0x40)
0  -O                                                                        (1 = 100.0%)
1  ... 

Histogram: PageLoad.Clients.SubresourceLoading.HasPreviousVisitToOrigin recorded 1 samples, mean = 1.0 (flags = 0x40)
0  O                                                                         (0 = 0.0%)
1  -O                                                                        (1 = 100.0%) {0.0%}
2  O                                                                         (0 = 0.0%) {100.0%}

Histogram: PageLoad.Clients.TPCD.CookieAccess.ThirdPartyCookieAllowMechanism3 recorded 2 samples, mean = 2.0 (flags = 0x41)
0  ... 
2  --O                                                                       (2 = 100.0%) {0.0%}
3  ... 

Histogram: PageLoad.Clients.TPCD.TPCAccess.CookieReadStatus2 recorded 1 samples, mean = 1.0 (flags = 0x41)
0  O                                                                         (0 = 0.0%)
1  -O                                                                        (1 = 100.0%) {0.0%}
2  ... 

Histogram: PageLoad.Clients.TPCD.ThirdPartyCookieAccessBlockedByExperiment2 recorded 2 samples, mean = 0.0 (flags = 0x41)
0  --O                                                                       (2 = 100.0%)
1  ... 

Histogram: PageLoad.Clients.ThirdParty.Origins.CookieRead2 recorded 1 samples, mean = 1.0 (flags = 0x41)
0  O                                                                         (0 = 0.0%)
1  -O                                                                        (1 = 100.0%) {0.0%}
2  ... 

Histogram: PageLoad.Cpu.TotalUsage recorded 1 samples, mean = 417.0 (flags = 0x41)
0    ... 
403  -O                                                                        (1 = 100.0%) {0.0%}
451  ... 

Histogram: PageLoad.Cpu.TotalUsageForegrounded recorded 1 samples, mean = 417.0 (flags = 0x41)
0    ... 
403  -O                                                                        (1 = 100.0%) {0.0%}
451  ... 

Histogram: PageLoad.DocumentTiming.NavigationToDOMContentLoadedEventFired recorded 1 samples, mean = 5346.0 (flags = 0x41)
0     ... 
4780  -O                                                                        (1 = 100.0%) {0.0%}
5349  ... 

Histogram: PageLoad.DocumentTiming.NavigationToLoadEventFired recorded 1 samples, mean = 6240.0 (flags = 0x41)
0     ... 
5985  -O                                                                        (1 = 100.0%) {0.0%}
6697  ... 

Histogram: PageLoad.Experimental.NavigationTiming.FinalLoaderCallbackToNavigationCommitSent recorded 1 samples, mean = 7.0 (flags = 0x41)
0  -O                                                                        (1 = 100.0%)
10 ... 

Histogram: PageLoad.Experimental.NavigationTiming.FinalRequestStartToFinalResponseStart recorded 1 samples, mean = 251.0 (flags = 0x41)
0    ... 
230  -O                                                                        (1 = 100.0%) {0.0%}
257  ... 

Histogram: PageLoad.Experimental.NavigationTiming.FinalResponseStartToFinalLoaderCallback recorded 1 samples, mean = 74.0 (flags = 0x41)
0   ... 
67  -O                                                                        (1 = 100.0%) {0.0%}
75  ... 

Histogram: PageLoad.Experimental.NavigationTiming.FirstRequestStartToFirstResponseStart recorded 1 samples, mean = 251.0 (flags = 0x41)
0    ... 
230  -O                                                                        (1 = 100.0%) {0.0%}
257  ... 

Histogram: PageLoad.Experimental.NavigationTiming.FirstResponseStartToFirstLoaderCallback recorded 1 samples, mean = 74.0 (flags = 0x41)
0   ... 
67  -O                                                                        (1 = 100.0%) {0.0%}
75  ... 

Histogram: PageLoad.Experimental.NavigationTiming.NavigationStartToFinalLoaderCallback recorded 1 samples, mean = 3890.0 (flags = 0x41)
0     ... 
3818  -O                                                                        (1 = 100.0%) {0.0%}
4272  ... 

Histogram: PageLoad.Experimental.NavigationTiming.NavigationStartToFinalRequestStart recorded 1 samples, mean = 3563.0 (flags = 0x41)
0     ... 
3412  -O                                                                        (1 = 100.0%) {0.0%}
3818  ... 

Histogram: PageLoad.Experimental.NavigationTiming.NavigationStartToFinalResponseStart recorded 1 samples, mean = 3815.0 (flags = 0x41)
0     ... 
3412  -O                                                                        (1 = 100.0%) {0.0%}
3818  ... 

Histogram: PageLoad.Experimental.NavigationTiming.NavigationStartToFirstLoaderCallback recorded 1 samples, mean = 3890.0 (flags = 0x41)
0     ... 
3818  -O                                                                        (1 = 100.0%) {0.0%}
4272  ... 

Histogram: PageLoad.Experimental.NavigationTiming.NavigationStartToFirstRequestStart recorded 1 samples, mean = 3563.0 (flags = 0x41)
0     ... 
3412  -O                                                                        (1 = 100.0%) {0.0%}
3818  ... 

Histogram: PageLoad.Experimental.NavigationTiming.NavigationStartToFirstResponseStart recorded 1 samples, mean = 3815.0 (flags = 0x41)
0     ... 
3412  -O                                                                        (1 = 100.0%) {0.0%}
3818  ... 

Histogram: PageLoad.Experimental.NavigationTiming.NavigationStartToNavigationCommitSent recorded 1 samples, mean = 3897.0 (flags = 0x41)
0     ... 
3818  -O                                                                        (1 = 100.0%) {0.0%}
4272  ... 

Histogram: PageLoad.Experimental.PageTiming.CachedResourceLoadTime. recorded 1 samples, mean = 1.0 (flags = 0x41)
0  O                                                                         (0 = 0.0%)
1  -O                                                                        (1 = 100.0%) {0.0%}
2  ... 

Histogram: PageLoad.Experimental.PageTiming.CachedResourceLoadTime.font recorded 5 samples, mean = 0.6 (flags = 0x41)
0  --O                                                                       (2 = 40.0%)
1  ---O                                                                      (3 = 60.0%) {40.0%}
2  ... 

Histogram: PageLoad.Experimental.PageTiming.CachedResourceLoadTime.manifest recorded 1 samples, mean = 290.0 (flags = 0x41)
0    ... 
280  -O                                                                        (1 = 100.0%) {0.0%}
356  ... 

Histogram: PageLoad.Experimental.PageTiming.CachedResourceLoadTime.script recorded 24 samples, mean = 6.1 (flags = 0x41)
0   --O                                                                       (2 = 8.3%)
1   O                                                                         (0 = 0.0%) {8.3%}
2   --O                                                                       (2 = 8.3%) {8.3%}
3   O                                                                         (0 = 0.0%) {16.7%}
4   -------O                                                                  (7 = 29.2%) {16.7%}
5   -O                                                                        (1 = 4.2%) {45.8%}
6   ----O                                                                     (4 = 16.7%) {50.0%}
8   ---O                                                                      (3 = 12.5%) {66.7%}
10  --O                                                                       (2 = 8.3%) {79.2%}
13  ---O                                                                      (3 = 12.5%) {87.5%}
16  ... 

Histogram: PageLoad.Experimental.PageTiming.CachedResourceLoadTime.style recorded 8 samples, mean = 88.4 (flags = 0x41)
0    ... 
4    -------O                                                                  (7 = 87.5%) {0.0%}
5    ... 
574  -O                                                                        (1 = 12.5%) {87.5%}
729  ... 

Histogram: PageLoad.Experimental.PageTiming.CommitSentToFirstSubresourceLoadStart recorded 1 samples, mean = 330.0 (flags = 0x41)
0    ... 
322  -O                                                                        (1 = 100.0%) {0.0%}
360  ... 

Histogram: PageLoad.Experimental.PageTiming.NavigationToFirstSubresourceLoadStart recorded 1 samples, mean = 4228.0 (flags = 0x41)
0     ... 
3818  -O                                                                        (1 = 100.0%) {0.0%}
4272  ... 

Histogram: PageLoad.Experimental.PageTiming.ResourceLoadTime. recorded 5 samples, mean = 353.6 (flags = 0x41)
0    ... 
220  ---O                                                                      (3 = 60.0%) {0.0%}
280  O                                                                         (0 = 0.0%) {60.0%}
356  -O                                                                        (1 = 20.0%) {60.0%}
452  O                                                                         (0 = 0.0%) {80.0%}
574  -O                                                                        (1 = 20.0%) {80.0%}
729  ... 

Histogram: PageLoad.Experimental.PageTiming.ResourceLoadTime.document recorded 1 samples, mean = 254.0 (flags = 0x41)
0    ... 
220  -O                                                                        (1 = 100.0%) {0.0%}
280  ... 

Histogram: PageLoad.Experimental.PageTiming.ResourceLoadTime.image recorded 1 samples, mean = 206.0 (flags = 0x41)
0    ... 
173  -O                                                                        (1 = 100.0%) {0.0%}
220  ... 

Histogram: PageLoad.Experimental.PageTiming.ResourceLoadTime.script recorded 1 samples, mean = 690.0 (flags = 0x41)
0    ... 
574  -O                                                                        (1 = 100.0%) {0.0%}
729  ... 

Histogram: PageLoad.Experimental.PageVisitFinalStatus recorded 1 samples, mean = 1.0 (flags = 0x41)
0  O                                                                         (0 = 0.0%)
1  -O                                                                        (1 = 100.0%) {0.0%}
2  ... 

Histogram: PageLoad.Experimental.PageVisitType2 recorded 1 samples, mean = 6.0 (flags = 0x41)
0  ... 
6  -O                                                                        (1 = 100.0%) {0.0%}
7  ... 

Histogram: PageLoad.Experimental.PaintTiming.FirstEligibleToPaintToFirstPaint recorded 1 samples, mean = 519.0 (flags = 0x41)
0    ... 
505  -O                                                                        (1 = 100.0%) {0.0%}
565  ... 

Histogram: PageLoad.Experimental.TotalForegroundDuration recorded 1 samples, mean = 107574.0 (flags = 0x41)
0       ... 
106344  -O                                                                        (1 = 100.0%) {0.0%}
121161  ... 

Histogram: PageLoad.Experimental.TotalForegroundDuration.AllVisit recorded 1 samples, mean = 107574.0 (flags = 0x41)
0       ... 
106344  -O                                                                        (1 = 100.0%) {0.0%}
121161  ... 

Histogram: PageLoad.Experimental.TotalForegroundDuration.IndependentUIVisit recorded 1 samples, mean = 107574.0 (flags = 0x41)
0       ... 
106344  -O                                                                        (1 = 100.0%) {0.0%}
121161  ... 

Histogram: PageLoad.Expermental.SoftNavigations.Count recorded 1 samples, mean = 0.0 (flags = 0x41)
0  -O                                                                        (1 = 100.0%)
1  ... 

Histogram: PageLoad.Internal.ErrorCode recorded 1 samples, mean = 17.0 (flags = 0x41)
0   ... 
17  -O                                                                        (1 = 100.0%) {0.0%}
18  O                                                                         (0 = 0.0%) {100.0%}

Histogram: PageLoad.Internal.PageLoadTimingStatus recorded 16 samples, mean = 0.0 (flags = 0x41)
0  ----------------O                                                         (16 = 100.0%)
1  ... 

Histogram: PageLoad.Internal.PageLoadTimingStatus.AtTimingCallbackDispatch recorded 3 samples, mean = 0.0 (flags = 0x41)
0  ---O                                                                      (3 = 100.0%)
1  ... 

Histogram: PageLoad.Internal.PageType recorded 2 samples, mean = 0.0 (flags = 0x41)
0  --O                                                                       (2 = 100.0%)
1  ... 

Histogram: PageLoad.Internal.SuppressedEventsBeforeMissingFirstPaint recorded 1 samples, mean = 0.0 (flags = 0x41)
0  -O                                                                        (1 = 100.0%)
1  ... 

Histogram: PageLoad.Internal.SuppressedEventsCountBeforePaint3 recorded 1 samples, mean = 0.0 (flags = 0x41)
0  -O                                                                        (1 = 100.0%)
1  ... 

Histogram: PageLoad.Internal.SuppressedEventsTimingBeforePaint3 recorded 1 samples, mean = 0.0 (flags = 0x41)
0  -O                                                                        (1 = 100.0%)
1  ... 

Histogram: PageLoad.Internal.SuppressedInteractionsCountBeforePaint3 recorded 1 samples, mean = 0.0 (flags = 0x41)
0  -O                                                                        (1 = 100.0%)
1  ... 

Histogram: PageLoad.LayoutInstability.CumulativeShiftScore recorded 1 samples, mean = 0.0 (flags = 0x41)
0  -O                                                                        (1 = 100.0%)
1  ... 

Histogram: PageLoad.LayoutInstability.CumulativeShiftScore.MainFrame recorded 1 samples, mean = 0.0 (flags = 0x41)
0  -O                                                                        (1 = 100.0%)
1  ... 

Histogram: PageLoad.LayoutInstability.MaxCumulativeShiftScore.SessionWindow.Gap1000ms.Max5000ms recorded 1 samples, mean = 0.0 (flags = 0x41)
0  -O                                                                        (1 = 100.0%)
1  ... 

Histogram: PageLoad.LayoutInstability.MaxCumulativeShiftScore.SessionWindow.Gap1000ms.Max5000ms2 recorded 1 samples, mean = 0.0 (flags = 0x41)
0  -O                                                                        (1 = 100.0%)
1  ... 

Histogram: PageLoad.PageTiming.ForegroundDuration recorded 1 samples, mean = 107574.0 (flags = 0x41)
0       ... 
106344  -O                                                                        (1 = 100.0%) {0.0%}
121161  ... 

Histogram: PageLoad.PageTiming.ForegroundDuration.AfterPaint recorded 1 samples, mean = 101801.0 (flags = 0x41)
0      ... 
93339  -O                                                                        (1 = 100.0%) {0.0%}
106344 ... 

Histogram: PageLoad.PageTiming.ForegroundDuration.NoCommit recorded 1 samples, mean = 90.0 (flags = 0x41)
0   ... 
81  -O                                                                        (1 = 100.0%) {0.0%}
92  ... 

Histogram: PageLoad.PageTiming.ForegroundDuration.WithPaint recorded 1 samples, mean = 107574.0 (flags = 0x41)
0       ... 
106344  -O                                                                        (1 = 100.0%) {0.0%}
121161  ... 

Histogram: PageLoad.PaintTiming.NavigationToFirstPaint recorded 1 samples, mean = 5773.0 (flags = 0x41)
0     ... 
5349  -O                                                                        (1 = 100.0%) {0.0%}
5985  ... 

Histogram: PageLoad.ParseTiming.NavigationToParseStart recorded 1 samples, mean = 3906.0 (flags = 0x41)
0     ... 
3818  -O                                                                        (1 = 100.0%) {0.0%}
4272  ... 

Histogram: PageLoad.ParseTiming.NavigationToParseStart.LoadType.NewNavigation recorded 1 samples, mean = 3906.0 (flags = 0x41)
0     ... 
3818  -O                                                                        (1 = 100.0%) {0.0%}
4272  ... 

Histogram: PageLoad.ParseTiming.ParseBlockedOnScriptExecution recorded 1 samples, mean = 1.0 (flags = 0x41)
0  -O                                                                        (1 = 100.0%)
10 ... 

Histogram: PageLoad.ParseTiming.ParseBlockedOnScriptExecutionFromDocumentWrite recorded 1 samples, mean = 0.0 (flags = 0x41)
0  -O                                                                        (1 = 100.0%)
10 ... 

Histogram: PageLoad.ParseTiming.ParseBlockedOnScriptLoad recorded 1 samples, mean = 1323.0 (flags = 0x41)
0     ... 
1240  -O                                                                        (1 = 100.0%) {0.0%}
1388  ... 

Histogram: PaintHolding.CommitTrigger2 recorded 1 samples, mean = 3.0 (flags = 0x41)
0  ... 
3  -O                                                                        (1 = 100.0%) {0.0%}
4  ... 

Histogram: PasswordManager.AccountStore.BlacklistedSitesHiRes3.WithoutCustomPassphrase recorded 1 samples, mean = 0.0 (flags = 0x41)
0  -O                                                                        (1 = 100.0%)
1  ... 

Histogram: PasswordManager.AccountStore.InaccessiblePasswords3 recorded 1 samples, mean = 0.0 (flags = 0x41)
0  -O                                                                        (1 = 100.0%)
1  ... 

Histogram: PasswordManager.AccountStore.LoginDatabaseEncryptionStatus recorded 1 samples, mean = 0.0 (flags = 0x41)
0  -O                                                                        (1 = 100.0%)
1  ... 

Histogram: PasswordManager.AccountStore.PasswordNotes.CountCredentialsWithNonEmptyNotes2 recorded 1 samples, mean = 0.0 (flags = 0x41)
0  -O                                                                        (1 = 100.0%)
1  ... 

Histogram: PasswordManager.AccountStore.TotalAccountsHiRes3.ByType.AutoGenerated.WithoutCustomPassphrase recorded 1 samples, mean = 0.0 (flags = 0x41)
0  -O                                                                        (1 = 100.0%)
1  ... 

Histogram: PasswordManager.AccountStore.TotalAccountsHiRes3.ByType.Overall recorded 1 samples, mean = 0.0 (flags = 0x41)
0  -O                                                                        (1 = 100.0%)
1  ... 

Histogram: PasswordManager.AccountStore.TotalAccountsHiRes3.ByType.Overall.WithoutCustomPassphrase recorded 1 samples, mean = 0.0 (flags = 0x41)
0  -O                                                                        (1 = 100.0%)
1  ... 

Histogram: PasswordManager.AccountStore.TotalAccountsHiRes3.ByType.ReceivedViaSharing.WithoutCustomPassphrase recorded 1 samples, mean = 0.0 (flags = 0x41)
0  -O                                                                        (1 = 100.0%)
1  ... 

Histogram: PasswordManager.AccountStore.TotalAccountsHiRes3.ByType.UserCreated.WithoutCustomPassphrase recorded 1 samples, mean = 0.0 (flags = 0x41)
0  -O                                                                        (1 = 100.0%)
1  ... 

Histogram: PasswordManager.AccountStore.TotalAccountsHiRes3.WithScheme.Android recorded 1 samples, mean = 0.0 (flags = 0x41)
0  -O                                                                        (1 = 100.0%)
1  ... 

Histogram: PasswordManager.AccountStore.TotalAccountsHiRes3.WithScheme.Ftp recorded 1 samples, mean = 0.0 (flags = 0x41)
0  -O                                                                        (1 = 100.0%)
1  ... 

Histogram: PasswordManager.AccountStore.TotalAccountsHiRes3.WithScheme.Http recorded 1 samples, mean = 0.0 (flags = 0x41)
0  -O                                                                        (1 = 100.0%)
1  ... 

Histogram: PasswordManager.AccountStore.TotalAccountsHiRes3.WithScheme.Https recorded 1 samples, mean = 0.0 (flags = 0x41)
0  -O                                                                        (1 = 100.0%)
1  ... 

Histogram: PasswordManager.AccountStore.TotalAccountsHiRes3.WithScheme.Other recorded 1 samples, mean = 0.0 (flags = 0x41)
0  -O                                                                        (1 = 100.0%)
1  ... 

Histogram: PasswordManager.AffiliationDatabase.DatabaseSize recorded 1 samples, mean = 52.0 (flags = 0x41)
0  -O                                                                        (1 = 100.0%)
1000... 

Histogram: PasswordManager.BiometricAuthBeforeFillingEnabled2 recorded 1 samples, mean = 0.0 (flags = 0x41)
0  -O                                                                        (1 = 100.0%)
1  ... 

Histogram: PasswordManager.BubbleSuppression.AccountsInStatisticsTable2 recorded 1 samples, mean = 0.0 (flags = 0x41)
0  -O                                                                        (1 = 100.0%)
1  ... 

Histogram: PasswordManager.CompromisedCredentials3.CountLeaked recorded 1 samples, mean = 0.0 (flags = 0x41)
0  -O                                                                        (1 = 100.0%)
1  ... 

Histogram: PasswordManager.CompromisedCredentials3.CountPhished recorded 1 samples, mean = 0.0 (flags = 0x41)
0  -O                                                                        (1 = 100.0%)
1  ... 

Histogram: PasswordManager.CredentialsWithDuplicates3 recorded 1 samples, mean = 0.0 (flags = 0x41)
0  -O                                                                        (1 = 100.0%)
1  ... 

Histogram: PasswordManager.CredentialsWithMismatchedDuplicates3 recorded 1 samples, mean = 0.0 (flags = 0x41)
0  -O                                                                        (1 = 100.0%)
1  ... 

Histogram: PasswordManager.EnableState recorded 1 samples, mean = 0.0 (flags = 0x41)
0  -O                                                                        (1 = 100.0%)
1  ... 

Histogram: PasswordManager.GetAllLogins.TimeSinceInit recorded 4 samples, mean = 35236.5 (flags = 0x41)
0      ... 
33665  ----O                                                                     (4 = 100.0%) {0.0%}
42775  ... 

Histogram: PasswordManager.GetAutofillableLogins.TimeSinceInit recorded 2 samples, mean = 3987.5 (flags = 0x41)
0     ... 
3900  --O                                                                       (2 = 100.0%) {0.0%}
4955  ... 

Histogram: PasswordManager.LoginDatabaseInit2 recorded 2 samples, mean = 0.0 (flags = 0x41)
0  --O                                                                       (2 = 100.0%)
1  ... 

Histogram: PasswordManager.OnEncryptorReceived.Success recorded 2 samples, mean = 1.0 (flags = 0x41)
0  O                                                                         (0 = 0.0%)
1  --O                                                                       (2 = 100.0%) {0.0%}
2  O                                                                         (0 = 0.0%) {100.0%}

Histogram: PasswordManager.PasswordStore.InitTime recorded 2 samples, mean = 2567.5 (flags = 0x41)
0     ... 
2516  --O                                                                       (2 = 100.0%) {0.0%}
2990  ... 

Histogram: PasswordManager.PasswordStoreBackend.GetAllLoginsAsync recorded 8 samples, mean = 1.0 (flags = 0x41)
0  ----O                                                                     (4 = 50.0%)
1  O                                                                         (0 = 0.0%) {50.0%}
2  ----O                                                                     (4 = 50.0%) {50.0%}
3  ... 

Histogram: PasswordManager.PasswordStoreBackend.GetAllLoginsAsync.Latency recorded 4 samples, mean = 0.0 (flags = 0x41)
0  ----O                                                                     (4 = 100.0%)
1  ... 

Histogram: PasswordManager.PasswordStoreBackend.GetAllLoginsAsync.Success recorded 4 samples, mean = 1.0 (flags = 0x41)
0  O                                                                         (0 = 0.0%)
1  ----O                                                                     (4 = 100.0%) {0.0%}
2  O                                                                         (0 = 0.0%) {100.0%}

Histogram: PasswordManager.PasswordStoreBackend.GetAutofillableLoginsAsync recorded 4 samples, mean = 1.0 (flags = 0x41)
0  --O                                                                       (2 = 50.0%)
1  O                                                                         (0 = 0.0%) {50.0%}
2  --O                                                                       (2 = 50.0%) {50.0%}
3  ... 

Histogram: PasswordManager.PasswordStoreBackend.GetAutofillableLoginsAsync.Latency recorded 2 samples, mean = 1.0 (flags = 0x41)
0  O                                                                         (0 = 0.0%)
1  --O                                                                       (2 = 100.0%) {0.0%}
2  ... 

Histogram: PasswordManager.PasswordStoreBackend.GetAutofillableLoginsAsync.Success recorded 2 samples, mean = 1.0 (flags = 0x41)
0  O                                                                         (0 = 0.0%)
1  --O                                                                       (2 = 100.0%) {0.0%}
2  O                                                                         (0 = 0.0%) {100.0%}

Histogram: PasswordManager.PasswordStoreBuiltInBackend.GetAllLoginsAsync recorded 8 samples, mean = 1.0 (flags = 0x41)
0  ----O                                                                     (4 = 50.0%)
1  O                                                                         (0 = 0.0%) {50.0%}
2  ----O                                                                     (4 = 50.0%) {50.0%}
3  ... 

Histogram: PasswordManager.PasswordStoreBuiltInBackend.GetAllLoginsAsync.Latency recorded 4 samples, mean = 0.0 (flags = 0x41)
0  ----O                                                                     (4 = 100.0%)
1  ... 

Histogram: PasswordManager.PasswordStoreBuiltInBackend.GetAllLoginsAsync.Success recorded 4 samples, mean = 1.0 (flags = 0x41)
0  O                                                                         (0 = 0.0%)
1  ----O                                                                     (4 = 100.0%) {0.0%}
2  O                                                                         (0 = 0.0%) {100.0%}

Histogram: PasswordManager.PasswordStoreBuiltInBackend.GetAutofillableLoginsAsync recorded 4 samples, mean = 1.0 (flags = 0x41)
0  --O                                                                       (2 = 50.0%)
1  O                                                                         (0 = 0.0%) {50.0%}
2  --O                                                                       (2 = 50.0%) {50.0%}
3  ... 

Histogram: PasswordManager.PasswordStoreBuiltInBackend.GetAutofillableLoginsAsync.Latency recorded 2 samples, mean = 1.0 (flags = 0x41)
0  O                                                                         (0 = 0.0%)
1  --O                                                                       (2 = 100.0%) {0.0%}
2  ... 

Histogram: PasswordManager.PasswordStoreBuiltInBackend.GetAutofillableLoginsAsync.Success recorded 2 samples, mean = 1.0 (flags = 0x41)
0  O                                                                         (0 = 0.0%)
1  --O                                                                       (2 = 100.0%) {0.0%}
2  O                                                                         (0 = 0.0%) {100.0%}

Histogram: PasswordManager.ProfileStore.BlacklistedSitesHiRes3.WithoutCustomPassphrase recorded 1 samples, mean = 0.0 (flags = 0x41)
0  -O                                                                        (1 = 100.0%)
1  ... 

Histogram: PasswordManager.ProfileStore.InaccessiblePasswords3 recorded 1 samples, mean = 0.0 (flags = 0x41)
0  -O                                                                        (1 = 100.0%)
1  ... 

Histogram: PasswordManager.ProfileStore.LoginDatabaseEncryptionStatus recorded 1 samples, mean = 0.0 (flags = 0x41)
0  -O                                                                        (1 = 100.0%)
1  ... 

Histogram: PasswordManager.ProfileStore.PasswordNotes.CountCredentialsWithNonEmptyNotes2 recorded 1 samples, mean = 0.0 (flags = 0x41)
0  -O                                                                        (1 = 100.0%)
1  ... 

Histogram: PasswordManager.ProfileStore.TotalAccountsHiRes3.ByType.AutoGenerated.WithoutCustomPassphrase recorded 1 samples, mean = 0.0 (flags = 0x41)
0  -O                                                                        (1 = 100.0%)
1  ... 

Histogram: PasswordManager.ProfileStore.TotalAccountsHiRes3.ByType.Overall recorded 1 samples, mean = 0.0 (flags = 0x41)
0  -O                                                                        (1 = 100.0%)
1  ... 

Histogram: PasswordManager.ProfileStore.TotalAccountsHiRes3.ByType.Overall.WithoutCustomPassphrase recorded 1 samples, mean = 0.0 (flags = 0x41)
0  -O                                                                        (1 = 100.0%)
1  ... 

Histogram: PasswordManager.ProfileStore.TotalAccountsHiRes3.ByType.ReceivedViaSharing.WithoutCustomPassphrase recorded 1 samples, mean = 0.0 (flags = 0x41)
0  -O                                                                        (1 = 100.0%)
1  ... 

Histogram: PasswordManager.ProfileStore.TotalAccountsHiRes3.ByType.UserCreated.WithoutCustomPassphrase recorded 1 samples, mean = 0.0 (flags = 0x41)
0  -O                                                                        (1 = 100.0%)
1  ... 

Histogram: PasswordManager.ProfileStore.TotalAccountsHiRes3.WithScheme.Android recorded 1 samples, mean = 0.0 (flags = 0x41)
0  -O                                                                        (1 = 100.0%)
1  ... 

Histogram: PasswordManager.ProfileStore.TotalAccountsHiRes3.WithScheme.Ftp recorded 1 samples, mean = 0.0 (flags = 0x41)
0  -O                                                                        (1 = 100.0%)
1  ... 

Histogram: PasswordManager.ProfileStore.TotalAccountsHiRes3.WithScheme.Http recorded 1 samples, mean = 0.0 (flags = 0x41)
0  -O                                                                        (1 = 100.0%)
1  ... 

Histogram: PasswordManager.ProfileStore.TotalAccountsHiRes3.WithScheme.Https recorded 1 samples, mean = 0.0 (flags = 0x41)
0  -O                                                                        (1 = 100.0%)
1  ... 

Histogram: PasswordManager.ProfileStore.TotalAccountsHiRes3.WithScheme.Other recorded 1 samples, mean = 0.0 (flags = 0x41)
0  -O                                                                        (1 = 100.0%)
1  ... 

Histogram: PasswordManager.SavedGaiaPasswordHashCount2 recorded 1 samples, mean = 0.0 (flags = 0x41)
0  -O                                                                        (1 = 100.0%)
1  ... 

Histogram: PasswordManager.SyncMetadataReadError2 recorded 2 samples, mean = 0.0 (flags = 0x41)
0  --O                                                                       (2 = 100.0%)
1  ... 

Histogram: PasswordManager.SyncingAccountState3 recorded 1 samples, mean = 2.0 (flags = 0x41)
0  ... 
2  -O                                                                        (1 = 100.0%) {0.0%}
3  ... 

Histogram: PaymentRequest.IsCanMakePaymentAllowedByPref.Startup recorded 1 samples, mean = 1.0 (flags = 0x41)
0  O                                                                         (0 = 0.0%)
1  -O                                                                        (1 = 100.0%) {0.0%}
2  O                                                                         (0 = 0.0%) {100.0%}

Histogram: PerformanceManager.LoadingNotQuiescentPageCount.All recorded 2 samples, mean = 0.0 (flags = 0x41)
0  --O                                                                       (2 = 100.0%)
1  ... 

Histogram: PerformanceManager.LoadingNotQuiescentPageCount.Hidden recorded 2 samples, mean = 0.0 (flags = 0x41)
0  --O                                                                       (2 = 100.0%)
1  ... 

Histogram: PerformanceManager.LoadingNotQuiescentPageCount.MixedVisibility recorded 2 samples, mean = 0.0 (flags = 0x41)
0  --O                                                                       (2 = 100.0%)
1  ... 

Histogram: PerformanceManager.LoadingNotQuiescentPageCount.Visible recorded 2 samples, mean = 0.0 (flags = 0x41)
0  --O                                                                       (2 = 100.0%)
1  ... 

Histogram: PerformanceManager.QuiescentPageCount recorded 2 samples, mean = 1.0 (flags = 0x41)
0  O                                                                         (0 = 0.0%)
1  --O                                                                       (2 = 100.0%) {0.0%}
2  ... 

Histogram: PerformanceManager.SiteDB.DatabaseInit recorded 1 samples, mean = 0.0 (flags = 0x41)
0  -O                                                                        (1 = 100.0%)
1  ... 

Histogram: PerformanceManager.SiteDB.OnDiskSize recorded 1 samples, mean = 1.0 (flags = 0x41)
0  -O                                                                        (1 = 100.0%)
1000... 

Histogram: PerformanceManager.SiteDB.WriteCompleted.WriteSiteDataIntoStore recorded 1 samples, mean = 1.0 (flags = 0x41)
0  O                                                                         (0 = 0.0%)
1  -O                                                                        (1 = 100.0%) {0.0%}
2  O                                                                         (0 = 0.0%) {100.0%}

Histogram: PerformanceManager.SiteDB.WriteScheduled.WriteSiteDataIntoStore recorded 1 samples, mean = 1.0 (flags = 0x41)
0  O                                                                         (0 = 0.0%)
1  -O                                                                        (1 = 100.0%) {0.0%}
2  O                                                                         (0 = 0.0%) {100.0%}

Histogram: PerformanceManager.TabRevisitTracker.TimeToClose2 recorded 1 samples, mean = 107.0 (flags = 0x41)
0    ... 
107  -O                                                                        (1 = 100.0%) {0.0%}
113  ... 

Histogram: PerformanceManager.UserTuning.BatterySaverModeEnabledPercent recorded 1 samples, mean = 0.0 (flags = 0x41)
0  -O                                                                        (1 = 100.0%)
1  ... 

Histogram: PerformanceManager.UserTuning.MemorySaverModeEnabledPercent recorded 1 samples, mean = 0.0 (flags = 0x41)
0  -O                                                                        (1 = 100.0%)
1  ... 

Histogram: PerformanceMonitor.HasPreciseCPUUsage recorded 8 samples, mean = 1.0 (flags = 0x41)
0  O                                                                         (0 = 0.0%)
1  --------O                                                                 (8 = 100.0%) {0.0%}
2  O                                                                         (0 = 0.0%) {100.0%}

Histogram: Permissions.Experimental.PrimaryMainNavigationFinished.AudioCapture.TopLevelHeaderPolicy recorded 1 samples, mean = 0.0 (flags = 0x41)
0  -O                                                                        (1 = 100.0%)
1  ... 

Histogram: Permissions.Experimental.PrimaryMainNavigationFinished.Geolocation.TopLevelHeaderPolicy recorded 1 samples, mean = 0.0 (flags = 0x41)
0  -O                                                                        (1 = 100.0%)
1  ... 

Histogram: Permissions.Experimental.PrimaryMainNavigationFinished.VideoCapture.TopLevelHeaderPolicy recorded 1 samples, mean = 0.0 (flags = 0x41)
0  -O                                                                        (1 = 100.0%)
1  ... 

Histogram: Permissions.QuietNotificationPrompts.RegularProfile.IsEnabledInPrefs recorded 1 samples, mean = 0.0 (flags = 0x41)
0  -O                                                                        (1 = 100.0%)
1  ... 

Histogram: Platform.IntelMaxMicroArchitecture recorded 1 samples, mean = 10.0 (flags = 0x41)
0   ... 
10  -O                                                                        (1 = 100.0%) {0.0%}
11  ... 

Histogram: Power.BatteryDischargeGranularityIsOrdered recorded 3 samples, mean = 1.0 (flags = 0x41)
0  O                                                                         (0 = 0.0%)
1  ---O                                                                      (3 = 100.0%) {0.0%}
2  O                                                                         (0 = 0.0%) {100.0%}

Histogram: Power.BatteryDischargeMode5 recorded 1 samples, mean = 1.0 (flags = 0x41)
0  O                                                                         (0 = 0.0%)
1  -O                                                                        (1 = 100.0%) {0.0%}
2  ... 

Histogram: Power.BatteryDischargeMode5.Initial recorded 1 samples, mean = 1.0 (flags = 0x41)
0  O                                                                         (0 = 0.0%)
1  -O                                                                        (1 = 100.0%) {0.0%}
2  ... 

Histogram: Power.BatteryDischargeMode5.ZeroWindow recorded 1 samples, mean = 1.0 (flags = 0x41)
0  O                                                                         (0 = 0.0%)
1  -O                                                                        (1 = 100.0%) {0.0%}
2  ... 

Histogram: Power.BatteryDischargeMode5.ZeroWindow.Initial recorded 1 samples, mean = 1.0 (flags = 0x41)
0  O                                                                         (0 = 0.0%)
1  -O                                                                        (1 = 100.0%) {0.0%}
2  ... 

Histogram: Power.HasPreciseBatteryDischargeGranularity recorded 1 samples, mean = 0.0 (flags = 0x41)
0  -O                                                                        (1 = 100.0%)
1  ... 

Histogram: Prefs.JSonStore.SetValueKey recorded 18 samples (flags = 0x41)
67499933    -O                                                                        (1 = 5.6%)
372921139   --O                                                                       (2 = 11.1%)
830521985   -O                                                                        (1 = 5.6%)
852125461   --O                                                                       (2 = 11.1%)
945162316   -O                                                                        (1 = 5.6%)
1285180254  -O                                                                        (1 = 5.6%)
1441835268  -O                                                                        (1 = 5.6%)
1886855768  -O                                                                        (1 = 5.6%)
1923415074  --O                                                                       (2 = 11.1%)
1927273959  -O                                                                        (1 = 5.6%)
1936820420  --O                                                                       (2 = 11.1%)
1956100443  -O                                                                        (1 = 5.6%)
2056672062  -O                                                                        (1 = 5.6%)
2082524502  -O                                                                        (1 = 5.6%)

Histogram: Privacy.CookieControlsSetting.RegularProfile recorded 1 samples, mean = 2.0 (flags = 0x41)
0  ... 
2  -O                                                                        (1 = 100.0%) {0.0%}
3  O                                                                         (0 = 0.0%) {100.0%}

Histogram: Privacy.DIPS.BounceCategoryServer.Block3PC recorded 1 samples, mean = 0.0 (flags = 0x41)
0  -O                                                                        (1 = 100.0%)
1  ... 

Histogram: Privacy.DIPS.DIPSErrorCodes recorded 1 samples, mean = 6.0 (flags = 0x41)
0  ... 
6  -O                                                                        (1 = 100.0%) {0.0%}
7  ... 

Histogram: Privacy.DIPS.Database.Operation.FilterSitesWithProtectiveEventTime recorded 1 samples, mean = 0.0 (flags = 0x41)
0  -O                                                                        (1 = 100.0%)
1  ... 

Histogram: Privacy.DIPS.Database.Operation.InitTime recorded 1 samples, mean = 1.0 (flags = 0x41)
0  O                                                                         (0 = 0.0%)
1  -O                                                                        (1 = 100.0%) {0.0%}
2  ... 

Histogram: Privacy.DIPS.Database.Operation.ReadPopupTime recorded 2 samples, mean = 0.0 (flags = 0x41)
0  --O                                                                       (2 = 100.0%)
1  ... 

Histogram: Privacy.DIPS.Database.Operation.ReadTime recorded 2 samples, mean = 0.0 (flags = 0x41)
0  --O                                                                       (2 = 100.0%)
1  ... 

Histogram: Privacy.DIPS.Database.Operation.RemoveRowsTime recorded 1 samples, mean = 2.0 (flags = 0x41)
0  ... 
2  -O                                                                        (1 = 100.0%) {0.0%}
3  ... 

Histogram: Privacy.DIPS.Database.Operation.WriteTime recorded 1 samples, mean = 3.0 (flags = 0x41)
0  ... 
3  -O                                                                        (1 = 100.0%) {0.0%}
4  ... 

Histogram: Privacy.DIPS.DatabaseEntryCount recorded 1 samples, mean = 1.0 (flags = 0x41)
0  O                                                                         (0 = 0.0%)
1  -O                                                                        (1 = 100.0%) {0.0%}
2  ... 

Histogram: Privacy.DIPS.DatabaseHealthMetricsTime recorded 1 samples, mean = 0.0 (flags = 0x41)
0  -O                                                                        (1 = 100.0%)
1  ... 

Histogram: Privacy.DIPS.DatabaseInit recorded 1 samples, mean = 1.0 (flags = 0x41)
0  O                                                                         (0 = 0.0%)
1  -O                                                                        (1 = 100.0%) {0.0%}
2  ... 

Histogram: Privacy.DIPS.DatabaseSize recorded 1 samples, mean = 36.0 (flags = 0x41)
0  -O                                                                        (1 = 100.0%)
1000... 

Histogram: Privacy.DoNotTrackSetting2 recorded 1 samples, mean = 0.0 (flags = 0x41)
0  -O                                                                        (1 = 100.0%)
1  ... 

Histogram: Privacy.ThirdPartyCookieBlockingSetting.RegularProfile recorded 1 samples, mean = 0.0 (flags = 0x41)
0  -O                                                                        (1 = 100.0%)
1  ... 

Histogram: PrivacyBudget.Identifiability.FinchConfigValidationResult recorded 1 samples, mean = 1.0 (flags = 0x41)
0  O                                                                         (0 = 0.0%)
1  -O                                                                        (1 = 100.0%) {0.0%}
2  O                                                                         (0 = 0.0%) {100.0%}

Histogram: PrivacySandbox.NoticeRequirement.IsVariationCountryEmpty recorded 3 samples, mean = 1.0 (flags = 0x41)
0  O                                                                         (0 = 0.0%)
1  ---O                                                                      (3 = 100.0%) {0.0%}
2  O                                                                         (0 = 0.0%) {100.0%}

Histogram: PrivacySandbox.NoticeRequirement.IsVariationServiceReady recorded 3 samples, mean = 1.0 (flags = 0x41)
0  O                                                                         (0 = 0.0%)
1  ---O                                                                      (3 = 100.0%) {0.0%}
2  O                                                                         (0 = 0.0%) {100.0%}

Histogram: PrivacySandbox.TrackingProtection.OnboardingStartup.State recorded 1 samples, mean = 0.0 (flags = 0x41)
0  -O                                                                        (1 = 100.0%)
1  ... 

Histogram: PrivacySandbox.TrackingProtection.SilentOnboardingStartup.State recorded 1 samples, mean = 0.0 (flags = 0x41)
0  -O                                                                        (1 = 100.0%)
1  ... 

Histogram: Profile.Destroyer.OffTheRecord recorded 1 samples, mean = 1.0 (flags = 0x41)
0  O                                                                         (0 = 0.0%)
1  -O                                                                        (1 = 100.0%) {0.0%}
2  ... 

Histogram: Profile.DidDestroyProfileBeforeShutdown recorded 1 samples, mean = 0.0 (flags = 0x41)
0  -O                                                                        (1 = 100.0%)
1  ... 

Histogram: Profile.KeepAliveLeakAtShutdown recorded 2 samples, mean = 3.5 (flags = 0x41)
0  -O                                                                        (1 = 50.0%)
1  ... 
7  -O                                                                        (1 = 50.0%) {50.0%}
8  ... 

Histogram: Profile.NumberOfActiveProfiles recorded 1 samples, mean = 0.0 (flags = 0x41)
0  -O                                                                        (1 = 100.0%)
1  ... 

Histogram: Profile.NumberOfManagedProfiles recorded 1 samples, mean = 0.0 (flags = 0x41)
0  -O                                                                        (1 = 100.0%)
1  ... 

Histogram: Profile.NumberOfProfiles recorded 1 samples, mean = 1.0 (flags = 0x41)
0  O                                                                         (0 = 0.0%)
1  -O                                                                        (1 = 100.0%) {0.0%}
2  ... 

Histogram: Profile.NumberOfSignedInProfiles recorded 1 samples, mean = 0.0 (flags = 0x41)
0  -O                                                                        (1 = 100.0%)
1  ... 

Histogram: Profile.NumberOfUnusedProfiles recorded 1 samples, mean = 1.0 (flags = 0x41)
0  O                                                                         (0 = 0.0%)
1  -O                                                                        (1 = 100.0%) {0.0%}
2  ... 

Histogram: Profile.PercentageOfManagedProfiles recorded 1 samples, mean = 0.0 (flags = 0x41)
0  -O                                                                        (1 = 100.0%)
1  ... 

Histogram: Profile.TriggeredReset recorded 1 samples, mean = 0.0 (flags = 0x41)
0  -O                                                                        (1 = 100.0%)
1  ... 

Histogram: ProfilePicker.StartupMode.CreateInitialProfile recorded 1 samples, mean = 0.0 (flags = 0x41)
0  -O                                                                        (1 = 100.0%)
1  ... 

Histogram: ProfilePicker.StartupMode.GetStartupProfile recorded 1 samples, mean = 0.0 (flags = 0x41)
0  -O                                                                        (1 = 100.0%)
1  ... 

Histogram: ProfilePicker.StartupReason.GetStartupProfile recorded 1 samples, mean = 27.0 (flags = 0x41)
0   ... 
27  -O                                                                        (1 = 100.0%) {0.0%}
28  ... 

Histogram: ProtoDB.GetErrorStatus.Metadata recorded 0 samples (flags = 0x41)
0 ... 

Histogram: ProtoDB.GetFound.Metadata recorded 18 samples, mean = 1.0 (flags = 0x41)
0  O                                                                         (0 = 0.0%)
1  ------------------O                                                       (18 = 100.0%) {0.0%}
2  O                                                                         (0 = 0.0%) {100.0%}

Histogram: ProtoDB.GetSuccess.Metadata recorded 18 samples, mean = 1.0 (flags = 0x41)
0  O                                                                         (0 = 0.0%)
1  ------------------O                                                       (18 = 100.0%) {0.0%}
2  O                                                                         (0 = 0.0%) {100.0%}

Histogram: ProtoDB.InitStatus.BudgetManager recorded 1 samples, mean = 4.0 (flags = 0x41)
0  ... 
4  -O                                                                        (1 = 100.0%) {0.0%}
5  ... 

Histogram: ProtoDB.InitStatus.CartDatabase recorded 1 samples, mean = 4.0 (flags = 0x41)
0  ... 
4  -O                                                                        (1 = 100.0%) {0.0%}
5  ... 

Histogram: ProtoDB.InitStatus.ClientCertificatesDatabase recorded 1 samples, mean = 4.0 (flags = 0x41)
0  ... 
4  -O                                                                        (1 = 100.0%) {0.0%}
5  ... 

Histogram: ProtoDB.InitStatus.CommerceParcelTrackingDatabase recorded 1 samples, mean = 4.0 (flags = 0x41)
0  ... 
4  -O                                                                        (1 = 100.0%) {0.0%}
5  ... 

Histogram: ProtoDB.InitStatus.CommerceSubscriptionDatabase recorded 1 samples, mean = 4.0 (flags = 0x41)
0  ... 
4  -O                                                                        (1 = 100.0%) {0.0%}
5  ... 

Histogram: ProtoDB.InitStatus.CouponDatabase recorded 1 samples, mean = 4.0 (flags = 0x41)
0  ... 
4  -O                                                                        (1 = 100.0%) {0.0%}
5  ... 

Histogram: ProtoDB.InitStatus.DiscountsDatabase recorded 1 samples, mean = 4.0 (flags = 0x41)
0  ... 
4  -O                                                                        (1 = 100.0%) {0.0%}
5  ... 

Histogram: ProtoDB.InitStatus.DownloadDB recorded 1 samples, mean = 4.0 (flags = 0x41)
0  ... 
4  -O                                                                        (1 = 100.0%) {0.0%}
5  ... 

Histogram: ProtoDB.InitStatus.DownloadService recorded 1 samples, mean = 4.0 (flags = 0x41)
0  ... 
4  -O                                                                        (1 = 100.0%) {0.0%}
5  ... 

Histogram: ProtoDB.InitStatus.FeatureEngagementTrackerAvailabilityStore recorded 1 samples, mean = 4.0 (flags = 0x41)
0  ... 
4  -O                                                                        (1 = 100.0%) {0.0%}
5  ... 

Histogram: ProtoDB.InitStatus.FeatureEngagementTrackerEventStore recorded 1 samples, mean = 4.0 (flags = 0x41)
0  ... 
4  -O                                                                        (1 = 100.0%) {0.0%}
5  ... 

Histogram: ProtoDB.InitStatus.Metadata recorded 1 samples, mean = 0.0 (flags = 0x41)
0  -O                                                                        (1 = 100.0%)
1  ... 

Histogram: ProtoDB.InitStatus.PersistentOriginTrials recorded 1 samples, mean = 4.0 (flags = 0x41)
0  ... 
4  -O                                                                        (1 = 100.0%) {0.0%}
5  ... 

Histogram: ProtoDB.InitStatus.PreviewsHintCacheStore recorded 1 samples, mean = 4.0 (flags = 0x41)
0  ... 
4  -O                                                                        (1 = 100.0%) {0.0%}
5  ... 

Histogram: ProtoDB.InitStatus.SegmentInfoDatabase recorded 1 samples, mean = 4.0 (flags = 0x41)
0  ... 
4  -O                                                                        (1 = 100.0%) {0.0%}
5  ... 

Histogram: ProtoDB.InitStatus.SharedDb recorded 1 samples, mean = 0.0 (flags = 0x41)
0  -O                                                                        (1 = 100.0%)
1  ... 

Histogram: ProtoDB.InitStatus.SignalDatabase recorded 1 samples, mean = 4.0 (flags = 0x41)
0  ... 
4  -O                                                                        (1 = 100.0%) {0.0%}
5  ... 

Histogram: ProtoDB.InitStatus.SignalStorageConfigDatabase recorded 1 samples, mean = 4.0 (flags = 0x41)
0  ... 
4  -O                                                                        (1 = 100.0%) {0.0%}
5  ... 

Histogram: ProtoDB.InitStatus.StrikeService recorded 1 samples, mean = 4.0 (flags = 0x41)
0  ... 
4  -O                                                                        (1 = 100.0%) {0.0%}
5  ... 

Histogram: ProtoDB.LoadEntriesSuccess.CartDatabase recorded 1 samples, mean = 1.0 (flags = 0x41)
0  O                                                                         (0 = 0.0%)
1  -O                                                                        (1 = 100.0%) {0.0%}
2  O                                                                         (0 = 0.0%) {100.0%}

Histogram: ProtoDB.LoadEntriesSuccess.CouponDatabase recorded 1 samples, mean = 1.0 (flags = 0x41)
0  O                                                                         (0 = 0.0%)
1  -O                                                                        (1 = 100.0%) {0.0%}
2  O                                                                         (0 = 0.0%) {100.0%}

Histogram: ProtoDB.LoadEntriesSuccess.DownloadDB recorded 1 samples, mean = 1.0 (flags = 0x41)
0  O                                                                         (0 = 0.0%)
1  -O                                                                        (1 = 100.0%) {0.0%}
2  O                                                                         (0 = 0.0%) {100.0%}

Histogram: ProtoDB.LoadEntriesSuccess.DownloadService recorded 1 samples, mean = 1.0 (flags = 0x41)
0  O                                                                         (0 = 0.0%)
1  -O                                                                        (1 = 100.0%) {0.0%}
2  O                                                                         (0 = 0.0%) {100.0%}

Histogram: ProtoDB.LoadEntriesSuccess.FeatureEngagementTrackerAvailabilityStore recorded 1 samples, mean = 1.0 (flags = 0x41)
0  O                                                                         (0 = 0.0%)
1  -O                                                                        (1 = 100.0%) {0.0%}
2  O                                                                         (0 = 0.0%) {100.0%}

Histogram: ProtoDB.LoadEntriesSuccess.FeatureEngagementTrackerEventStore recorded 1 samples, mean = 1.0 (flags = 0x41)
0  O                                                                         (0 = 0.0%)
1  -O                                                                        (1 = 100.0%) {0.0%}
2  O                                                                         (0 = 0.0%) {100.0%}

Histogram: ProtoDB.LoadEntriesSuccess.PersistentOriginTrials recorded 1 samples, mean = 1.0 (flags = 0x41)
0  O                                                                         (0 = 0.0%)
1  -O                                                                        (1 = 100.0%) {0.0%}
2  O                                                                         (0 = 0.0%) {100.0%}

Histogram: ProtoDB.LoadEntriesSuccess.SegmentInfoDatabase recorded 1 samples, mean = 1.0 (flags = 0x41)
0  O                                                                         (0 = 0.0%)
1  -O                                                                        (1 = 100.0%) {0.0%}
2  O                                                                         (0 = 0.0%) {100.0%}

Histogram: ProtoDB.LoadEntriesSuccess.SignalStorageConfigDatabase recorded 1 samples, mean = 1.0 (flags = 0x41)
0  O                                                                         (0 = 0.0%)
1  -O                                                                        (1 = 100.0%) {0.0%}
2  O                                                                         (0 = 0.0%) {100.0%}

Histogram: ProtoDB.LoadKeysAndEntriesSuccess.PreviewsHintCacheStore recorded 2 samples, mean = 1.0 (flags = 0x41)
0  O                                                                         (0 = 0.0%)
1  --O                                                                       (2 = 100.0%) {0.0%}
2  O                                                                         (0 = 0.0%) {100.0%}

Histogram: ProtoDB.LoadKeysAndEntriesSuccess.SignalDatabase recorded 19 samples, mean = 1.0 (flags = 0x41)
0  O                                                                         (0 = 0.0%)
1  -------------------O                                                      (19 = 100.0%) {0.0%}
2  O                                                                         (0 = 0.0%) {100.0%}

Histogram: ProtoDB.LoadKeysAndEntriesSuccess.StrikeService recorded 1 samples, mean = 1.0 (flags = 0x41)
0  O                                                                         (0 = 0.0%)
1  -O                                                                        (1 = 100.0%) {0.0%}
2  O                                                                         (0 = 0.0%) {100.0%}

Histogram: ProtoDB.SharedDbInitStatus recorded 53 samples, mean = 11.4 (flags = 0x41)
0   ------------------O                                                       (18 = 34.0%)
1   ... 
11  -----------------O                                                        (17 = 32.1%) {34.0%}
12  ... 
23  -----------------O                                                        (17 = 32.1%) {66.0%}
24  ... 
27  -O                                                                        (1 = 1.9%) {98.1%}
28  ... 

Histogram: ProtoDB.UpdateErrorStatus.CartDatabase recorded 0 samples (flags = 0x41)
0 ... 

Histogram: ProtoDB.UpdateErrorStatus.CouponDatabase recorded 0 samples (flags = 0x41)
0 ... 

Histogram: ProtoDB.UpdateErrorStatus.FeatureEngagementTrackerAvailabilityStore recorded 0 samples (flags = 0x41)
0 ... 

Histogram: ProtoDB.UpdateErrorStatus.Metadata recorded 0 samples (flags = 0x41)
0 ... 

Histogram: ProtoDB.UpdateErrorStatus.SegmentInfoDatabase recorded 0 samples (flags = 0x41)
0 ... 

Histogram: ProtoDB.UpdateErrorStatus.SignalDatabase recorded 0 samples (flags = 0x41)
0 ... 

Histogram: ProtoDB.UpdateSuccess.CartDatabase recorded 1 samples, mean = 1.0 (flags = 0x41)
0  O                                                                         (0 = 0.0%)
1  -O                                                                        (1 = 100.0%) {0.0%}
2  O                                                                         (0 = 0.0%) {100.0%}

Histogram: ProtoDB.UpdateSuccess.CouponDatabase recorded 1 samples, mean = 1.0 (flags = 0x41)
0  O                                                                         (0 = 0.0%)
1  -O                                                                        (1 = 100.0%) {0.0%}
2  O                                                                         (0 = 0.0%) {100.0%}

Histogram: ProtoDB.UpdateSuccess.FeatureEngagementTrackerAvailabilityStore recorded 1 samples, mean = 1.0 (flags = 0x41)
0  O                                                                         (0 = 0.0%)
1  -O                                                                        (1 = 100.0%) {0.0%}
2  O                                                                         (0 = 0.0%) {100.0%}

Histogram: ProtoDB.UpdateSuccess.Metadata recorded 1 samples, mean = 1.0 (flags = 0x41)
0  O                                                                         (0 = 0.0%)
1  -O                                                                        (1 = 100.0%) {0.0%}
2  O                                                                         (0 = 0.0%) {100.0%}

Histogram: ProtoDB.UpdateSuccess.SegmentInfoDatabase recorded 16 samples, mean = 1.0 (flags = 0x41)
0  O                                                                         (0 = 0.0%)
1  ----------------O                                                         (16 = 100.0%) {0.0%}
2  O                                                                         (0 = 0.0%) {100.0%}

Histogram: ProtoDB.UpdateSuccess.SignalDatabase recorded 1 samples, mean = 1.0 (flags = 0x41)
0  O                                                                         (0 = 0.0%)
1  -O                                                                        (1 = 100.0%) {0.0%}
2  O                                                                         (0 = 0.0%) {100.0%}

Histogram: Quota.AvailableDiskSpace recorded 1 samples, mean = 22841.0 (flags = 0x41)
0      ... 
22105  -O                                                                        (1 = 100.0%) {0.0%}
25787  ... 

Histogram: Quota.GlobalTemporaryPoolSize recorded 1 samples, mean = 372380.0 (flags = 0x41)
0       ... 
353788  -O                                                                        (1 = 100.0%) {0.0%}
412711  ... 

Histogram: Quota.PercentDiskAvailable recorded 1 samples, mean = 4.0 (flags = 0x41)
0  ... 
4  -O                                                                        (1 = 100.0%) {0.0%}
5  ... 

Histogram: Quota.TotalDiskSpace recorded 1 samples, mean = 465475.0 (flags = 0x41)
0       ... 
412711  -O                                                                        (1 = 100.0%) {0.0%}
481447  ... 

Histogram: Quota.TotalDiskSpaceIsZero recorded 1 samples, mean = 0.0 (flags = 0x41)
0  -O                                                                        (1 = 100.0%)
1  ... 

Histogram: ReadingList.Read.Count.OnModelLoaded.AccountStorage recorded 1 samples, mean = 0.0 (flags = 0x41)
0  -O                                                                        (1 = 100.0%)
1  ... 

Histogram: ReadingList.Read.Count.OnModelLoaded.LocalStorage recorded 1 samples, mean = 0.0 (flags = 0x41)
0  -O                                                                        (1 = 100.0%)
1  ... 

Histogram: ReadingList.Unread.Count.OnModelLoaded.AccountStorage recorded 1 samples, mean = 0.0 (flags = 0x41)
0  -O                                                                        (1 = 100.0%)
1  ... 

Histogram: ReadingList.Unread.Count.OnModelLoaded.LocalStorage recorded 1 samples, mean = 0.0 (flags = 0x41)
0  -O                                                                        (1 = 100.0%)
1  ... 

Histogram: Renderer.BrowserLaunchToRunLoopStart recorded 1 samples, mean = 72.0 (flags = 0x41)
0   ... 
68  -O                                                                        (1 = 100.0%) {0.0%}
81  ... 

Histogram: Renderer.Core.Timing.Performance.SwapsPerPerformanceEntryInsertion recorded 48 samples, mean = 1.1 (flags = 0x41)
0   ----------------------------------O                                       (34 = 70.8%)
1   -----O                                                                    (5 = 10.4%) {70.8%}
2   ---O                                                                      (3 = 6.2%) {81.2%}
3   O                                                                         (0 = 0.0%) {87.5%}
4   -O                                                                        (1 = 2.1%) {87.5%}
5   --O                                                                       (2 = 4.2%) {89.6%}
6   O                                                                         (0 = 0.0%) {93.8%}
7   -O                                                                        (1 = 2.1%) {93.8%}
8   -O                                                                        (1 = 2.1%) {95.8%}
9   ... 
11  -O                                                                        (1 = 2.1%) {97.9%}
12  ... 

Histogram: Renderer.CriticalFonts.BlockingResourcesLoadTime recorded 1 samples, mean = 5237.0 (flags = 0x41)
0     ... 
5017  -O                                                                        (1 = 100.0%) {0.0%}
5961  ... 

Histogram: Renderer.CriticalFonts.CriticalFontDelay recorded 1 samples, mean = 0.0 (flags = 0x41)
0  -O                                                                        (1 = 100.0%)
1  ... 

Histogram: Renderer.CriticalFonts.PreloadedFontsLoadTime recorded 1 samples, mean = 4231.0 (flags = 0x41)
0     ... 
4222  -O                                                                        (1 = 100.0%) {0.0%}
5017  ... 

Histogram: Renderer.Font.PrimaryFont.DomContentLoaded recorded 1 samples, mean = 0.0 (flags = 0x41)
0  -O                                                                        (1 = 100.0%)
1  ... 

Histogram: Renderer.Font.PrimaryFont.DomContentLoaded.Style recorded 1 samples, mean = 0.0 (flags = 0x41)
0  -O                                                                        (1 = 100.0%)
1  ... 

Histogram: Renderer.Font.SystemFallback.DomContentLoaded recorded 1 samples, mean = 0.0 (flags = 0x41)
0  -O                                                                        (1 = 100.0%)
1  ... 

Histogram: Renderer.Layout.TextWrapBalance recorded 5 samples, mean = 0.0 (flags = 0x41)
0  -----O                                                                    (5 = 100.0%)
1  ... 

Histogram: Renderer.ProcessLifetime3 recorded 3 samples, mean = 70179.0 (flags = 0x41)
0       ... 
1590    -O                                                                        (1 = 33.3%) {0.0%}
1786    ... 
103509  --O                                                                       (2 = 66.7%) {33.3%}
116238  ... 

Histogram: Renderer.ProcessLifetime3.Empty recorded 1 samples, mean = 103684.0 (flags = 0x41)
0       ... 
103509  -O                                                                        (1 = 100.0%) {0.0%}
116238  ... 

Histogram: Renderer.ProcessLifetime3.MainFrame recorded 1 samples, mean = 105099.0 (flags = 0x41)
0       ... 
103509  -O                                                                        (1 = 100.0%) {0.0%}
116238  ... 

Histogram: Renderer.ProcessLifetime3.Speculative recorded 1 samples, mean = 1754.0 (flags = 0x41)
0     ... 
1590  -O                                                                        (1 = 100.0%) {0.0%}
1786  ... 

Histogram: Renderer.ReduceSubresourceResponseIPC.DidNotifyBrowser recorded 46 samples, mean = 1.0 (flags = 0x41)
0  O                                                                         (0 = 0.0%)
1  ----------------------------------------------O                           (46 = 100.0%) {0.0%}
2  O                                                                         (0 = 0.0%) {100.0%}

Histogram: Renderer.RenderThreadImpl.Init recorded 1 samples, mean = 10.0 (flags = 0x41)
0   ... 
10  -O                                                                        (1 = 100.0%) {0.0%}
12  ... 

Histogram: Renderer4.GpuRasterizationEnabled recorded 1 samples, mean = 1.0 (flags = 0x41)
0  O                                                                         (0 = 0.0%)
1  -O                                                                        (1 = 100.0%) {0.0%}
2  O                                                                         (0 = 0.0%) {100.0%}

Histogram: RendererScheduler.RendererMainThreadLoad5 recorded 214 samples, mean = 0.5 (flags = 0x41)
0   ------------------------------------------------------------------------O (206 = 96.3%)
1   O                                                                         (1 = 0.5%) {96.3%}
2   -O                                                                        (4 = 1.9%) {96.7%}
3   O                                                                         (1 = 0.5%) {98.6%}
4   ... 
48  O                                                                         (1 = 0.5%) {99.1%}
49  O                                                                         (1 = 0.5%) {99.5%}
50  ... 

Histogram: RendererScheduler.RendererMainThreadLoad5.Background recorded 104 samples, mean = 0.0 (flags = 0x41)
0  ------------------------------------------------------------------------O (103 = 99.0%)
1  O                                                                         (0 = 0.0%) {99.0%}
2  -O                                                                        (1 = 1.0%) {99.0%}
3  ... 

Histogram: RendererScheduler.RendererMainThreadLoad5.Background.AfterFirstMinute recorded 44 samples, mean = 0.0 (flags = 0x41)
0  --------------------------------------------O                             (44 = 100.0%)
1  ... 

Histogram: RendererScheduler.RendererMainThreadLoad5.Foreground recorded 109 samples, mean = 1.0 (flags = 0x41)
0   ------------------------------------------------------------------------O (103 = 94.5%)
1   -O                                                                        (2 = 1.8%) {94.5%}
2   ... 
5   -O                                                                        (2 = 1.8%) {96.3%}
6   ... 
47  -O                                                                        (1 = 0.9%) {98.2%}
48  -O                                                                        (1 = 0.9%) {99.1%}
49  ... 

Histogram: RendererScheduler.RendererMainThreadLoad5.Foreground.AfterFirstMinute recorded 44 samples, mean = 0.0 (flags = 0x41)
0  --------------------------------------------O                             (44 = 100.0%)
1  ... 

Histogram: ReportingAndNEL.NumberOfLoadedNELPolicies recorded 1 samples, mean = 0.0 (flags = 0x41)
0  -O                                                                        (1 = 100.0%)
1  ... 

Histogram: ReportingAndNEL.NumberOfLoadedNELPolicies2 recorded 1 samples, mean = 0.0 (flags = 0x41)
0  -O                                                                        (1 = 100.0%)
1  ... 

Histogram: ReportingAndNEL.TimeInitializeDB recorded 1 samples, mean = 1.0 (flags = 0x41)
0  O                                                                         (0 = 0.0%)
1  -O                                                                        (1 = 100.0%) {0.0%}
2  ... 

Histogram: ResourceScheduler.RequestQueuingDuration.Priority1 recorded 3 samples, mean = 0.0 (flags = 0x41)
0  ---O                                                                      (3 = 100.0%)
1  ... 

Histogram: ResourceScheduler.RequestQueuingDuration.Priority2 recorded 27 samples, mean = 0.0 (flags = 0x41)
0  ---------------------------O                                              (27 = 100.0%)
1  ... 

Histogram: ResourceScheduler.RequestQueuingDuration.Priority3 recorded 1 samples, mean = 0.0 (flags = 0x41)
0  -O                                                                        (1 = 100.0%)
1  ... 

Histogram: ResourceScheduler.RequestQueuingDuration.Priority4 recorded 6 samples, mean = 0.0 (flags = 0x41)
0  ------O                                                                   (6 = 100.0%)
1  ... 

Histogram: ResourceScheduler.RequestQueuingDuration.Priority5 recorded 13 samples, mean = 0.0 (flags = 0x41)
0  -------------O                                                            (13 = 100.0%)
1  ... 

Histogram: SBClientPhishing.Classifier.Event recorded 2 samples, mean = 1.0 (flags = 0x41)
0  O                                                                         (0 = 0.0%)
1  --O                                                                       (2 = 100.0%) {0.0%}
2  ... 

Histogram: SBClientPhishing.HighConfidenceAllowlistCheckDuration recorded 1 samples, mean = 5.0 (flags = 0x41)
0  ... 
5  -O                                                                        (1 = 100.0%) {0.0%}
6  ... 

Histogram: SBClientPhishing.ImageEmbedder.Event recorded 2 samples, mean = 1.0 (flags = 0x41)
0  O                                                                         (0 = 0.0%)
1  --O                                                                       (2 = 100.0%) {0.0%}
2  ... 

Histogram: SBClientPhishing.LoadReportTimesFromPrefAtServiceCreationSuccessful recorded 1 samples, mean = 1.0 (flags = 0x41)
0  O                                                                         (0 = 0.0%)
1  -O                                                                        (1 = 100.0%) {0.0%}
2  O                                                                         (0 = 0.0%) {100.0%}

Histogram: SBClientPhishing.MatchHighConfidenceAllowlist recorded 1 samples, mean = 3.0 (flags = 0x41)
0  ... 
3  -O                                                                        (1 = 100.0%) {0.0%}
4  O                                                                         (0 = 0.0%) {100.0%}

Histogram: SBClientPhishing.MatchHighConfidenceAllowlist.TriggerModel recorded 1 samples, mean = 3.0 (flags = 0x41)
0  ... 
3  -O                                                                        (1 = 100.0%) {0.0%}
4  O                                                                         (0 = 0.0%) {100.0%}

Histogram: SBClientPhishing.PreClassificationCheckResult recorded 1 samples, mean = 3.0 (flags = 0x41)
0  ... 
3  -O                                                                        (1 = 100.0%) {0.0%}
4  ... 

Histogram: SBIRS.DroppedIncident recorded 1 samples, mean = 1.0 (flags = 0x41)
0  O                                                                         (0 = 0.0%)
1  -O                                                                        (1 = 100.0%) {0.0%}
2  ... 

Histogram: SBIRS.ReceivedIncident recorded 1 samples, mean = 1.0 (flags = 0x41)
0  O                                                                         (0 = 0.0%)
1  -O                                                                        (1 = 100.0%) {0.0%}
2  ... 

Histogram: SSL.Experimental.SubresourceResponse recorded 46 samples, mean = 0.0 (flags = 0x41)
0  ----------------------------------------------O                           (46 = 100.0%)
1  ... 

Histogram: SafeBrowsing.AsyncCheck.CommittedNavigationIdsSize recorded 3 samples, mean = 0.7 (flags = 0x41)
0  -O                                                                        (1 = 33.3%)
1  --O                                                                       (2 = 66.7%) {33.3%}
2  ... 

Histogram: SafeBrowsing.BrowserThrottle.CheckerOnIOLifetime recorded 1 samples, mean = 1417.0 (flags = 0x41)
0     ... 
1177  -O                                                                        (1 = 100.0%) {0.0%}
1496  ... 

Histogram: SafeBrowsing.BrowserThrottle.IntervalBetweenStartAndProcess recorded 1 samples, mean = 1417.0 (flags = 0x41)
0     ... 
1262  -O                                                                        (1 = 100.0%) {0.0%}
1500  ... 

Histogram: SafeBrowsing.BrowserThrottle.IntervalBetweenStartAndProcess.FromNetwork recorded 1 samples, mean = 1417.0 (flags = 0x41)
0     ... 
1262  -O                                                                        (1 = 100.0%) {0.0%}
1500  ... 

Histogram: SafeBrowsing.BrowserThrottle.IsCheckCompletedOnProcessResponse recorded 1 samples, mean = 1.0 (flags = 0x41)
0  O                                                                         (0 = 0.0%)
1  -O                                                                        (1 = 100.0%) {0.0%}
2  O                                                                         (0 = 0.0%) {100.0%}

Histogram: SafeBrowsing.BrowserThrottle.RequestDestination recorded 1 samples, mean = 3.0 (flags = 0x41)
0  ... 
3  -O                                                                        (1 = 100.0%) {0.0%}
4  ... 

Histogram: SafeBrowsing.BrowserThrottle.RequestDestination.Checked recorded 1 samples, mean = 3.0 (flags = 0x41)
0  ... 
3  -O                                                                        (1 = 100.0%) {0.0%}
4  ... 

Histogram: SafeBrowsing.BrowserThrottle.TotalDelay2.FromNetwork recorded 1 samples, mean = 0.0 (flags = 0x41)
0  -O                                                                        (1 = 100.0%)
1  ... 

Histogram: SafeBrowsing.BrowserThrottle.TotalDelay2.HashPrefixDatabaseCheck recorded 1 samples, mean = 0.0 (flags = 0x41)
0  -O                                                                        (1 = 100.0%)
1  ... 

Histogram: SafeBrowsing.BrowserThrottle.WillProcessResponseCount recorded 1 samples, mean = 1.0 (flags = 0x41)
0  O                                                                         (0 = 0.0%)
1  -O                                                                        (1 = 100.0%) {0.0%}
2  ... 

Histogram: SafeBrowsing.CheckBrowseUrl.HasLocalMatch recorded 1 samples, mean = 1.0 (flags = 0x41)
0  O                                                                         (0 = 0.0%)
1  -O                                                                        (1 = 100.0%) {0.0%}
2  O                                                                         (0 = 0.0%) {100.0%}

Histogram: SafeBrowsing.CheckUrl.Action recorded 1 samples, mean = 0.0 (flags = 0x41)
0  -O                                                                        (1 = 100.0%)
1  ... 

Histogram: SafeBrowsing.CheckUrl.FirstRequestThreatType2 recorded 1 samples, mean = 1.0 (flags = 0x41)
0  O                                                                         (0 = 0.0%)
1  -O                                                                        (1 = 100.0%) {0.0%}
2  ... 

Histogram: SafeBrowsing.CheckUrl.FirstRequestThreatType2.LocalPVer4 recorded 1 samples, mean = 1.0 (flags = 0x41)
0  O                                                                         (0 = 0.0%)
1  -O                                                                        (1 = 100.0%) {0.0%}
2  ... 

Histogram: SafeBrowsing.CheckUrl.FirstRequestTimedOut recorded 1 samples, mean = 0.0 (flags = 0x41)
0  -O                                                                        (1 = 100.0%)
1  ... 

Histogram: SafeBrowsing.CheckUrl.FirstRequestTimedOut.LocalPVer4 recorded 1 samples, mean = 0.0 (flags = 0x41)
0  -O                                                                        (1 = 100.0%)
1  ... 

Histogram: SafeBrowsing.CheckUrl.IsDocumentCheckPrefetch recorded 1 samples, mean = 0.0 (flags = 0x41)
0  -O                                                                        (1 = 100.0%)
1  ... 

Histogram: SafeBrowsing.CheckUrl.TimeTaken.HashDatabase recorded 1 samples, mean = 399.0 (flags = 0x41)
0    ... 
378  -O                                                                        (1 = 100.0%) {0.0%}
449  ... 

Histogram: SafeBrowsing.CheckUrl.Timeout recorded 1 samples, mean = 0.0 (flags = 0x41)
0  -O                                                                        (1 = 100.0%)
1  ... 

Histogram: SafeBrowsing.CheckUrl.UrlScheme recorded 1 samples, mean = 10.0 (flags = 0x41)
0   ... 
10  -O                                                                        (1 = 100.0%) {0.0%}
11  ... 

Histogram: SafeBrowsing.ClientSidePhishingDetection.AllowlistMatchResult recorded 1 samples, mean = 1.0 (flags = 0x41)
0  O                                                                         (0 = 0.0%)
1  -O                                                                        (1 = 100.0%) {0.0%}
2  ... 

Histogram: SafeBrowsing.Daily.BypassCountLast28Days.StandardProtection.AllEvents recorded 1 samples, mean = 0.0 (flags = 0x41)
0  -O                                                                        (1 = 100.0%)
1  ... 

Histogram: SafeBrowsing.Daily.SecuritySensitiveCountLast28Days.StandardProtection.AllEvents recorded 1 samples, mean = 0.0 (flags = 0x41)
0  -O                                                                        (1 = 100.0%)
1  ... 

Histogram: SafeBrowsing.FileTypeUpdate.ResourceBundleResult recorded 1 samples (flags = 0x41)
1  -O                                                                        (1 = 100.0%)

Histogram: SafeBrowsing.FileTypeUpdate.ResourceBundleVersion recorded 1 samples (flags = 0x41)
66  -O                                                                        (1 = 100.0%)

Histogram: SafeBrowsing.HPRT.Cache.FullHashCount recorded 1 samples, mean = 0.0 (flags = 0x41)
0  -O                                                                        (1 = 100.0%)
1  ... 

Histogram: SafeBrowsing.HPRT.Cache.HashPrefixCount recorded 1 samples, mean = 0.0 (flags = 0x41)
0  -O                                                                        (1 = 100.0%)
1  ... 

Histogram: SafeBrowsing.HPRT.Ineligible.FeatureOff recorded 1 samples, mean = 0.0 (flags = 0x41)
0  -O                                                                        (1 = 100.0%)
1  ... 

Histogram: SafeBrowsing.HPRT.Ineligible.IneligibleForLocation recorded 1 samples, mean = 0.0 (flags = 0x41)
0  -O                                                                        (1 = 100.0%)
1  ... 

Histogram: SafeBrowsing.HPRT.Ineligible.IneligibleForSessionOrLocation recorded 1 samples, mean = 1.0 (flags = 0x41)
0  O                                                                         (0 = 0.0%)
1  -O                                                                        (1 = 100.0%) {0.0%}
2  O                                                                         (0 = 0.0%) {100.0%}

Histogram: SafeBrowsing.HPRT.Ineligible.NoGoogleChromeBranding recorded 1 samples, mean = 1.0 (flags = 0x41)
0  O                                                                         (0 = 0.0%)
1  -O                                                                        (1 = 100.0%) {0.0%}
2  O                                                                         (0 = 0.0%) {100.0%}

Histogram: SafeBrowsing.HPRT.Ineligible.NotAllowedByPolicy recorded 1 samples, mean = 0.0 (flags = 0x41)
0  -O                                                                        (1 = 100.0%)
1  ... 

Histogram: SafeBrowsing.HPRT.Ineligible.NotStandardProtection recorded 1 samples, mean = 0.0 (flags = 0x41)
0  -O                                                                        (1 = 100.0%)
1  ... 

Histogram: SafeBrowsing.HPRT.Ineligible.OffTheRecord recorded 1 samples, mean = 0.0 (flags = 0x41)
0  -O                                                                        (1 = 100.0%)
1  ... 

Histogram: SafeBrowsing.HasCookieAtStartup2 recorded 1 samples, mean = 0.0 (flags = 0x41)
0  -O                                                                        (1 = 100.0%)
1  ... 

Histogram: SafeBrowsing.PageLoadToken.TokenCount recorded 1 samples, mean = 0.0 (flags = 0x41)
0  -O                                                                        (1 = 100.0%)
1  ... 

Histogram: SafeBrowsing.Pref.Daily.Extended recorded 1 samples, mean = 0.0 (flags = 0x41)
0  -O                                                                        (1 = 100.0%)
1  ... 

Histogram: SafeBrowsing.Pref.Daily.PasswordLeakToggle recorded 1 samples, mean = 1.0 (flags = 0x41)
0  O                                                                         (0 = 0.0%)
1  -O                                                                        (1 = 100.0%) {0.0%}
2  O                                                                         (0 = 0.0%) {100.0%}

Histogram: SafeBrowsing.Pref.Daily.SafeBrowsingModeManaged recorded 1 samples, mean = 0.0 (flags = 0x41)
0  -O                                                                        (1 = 100.0%)
1  ... 

Histogram: SafeBrowsing.Pref.Daily.SafeBrowsingState recorded 1 samples, mean = 1.0 (flags = 0x41)
0  O                                                                         (0 = 0.0%)
1  -O                                                                        (1 = 100.0%) {0.0%}
2  ... 

Histogram: SafeBrowsing.Pref.Enhanced recorded 1 samples, mean = 0.0 (flags = 0x41)
0  -O                                                                        (1 = 100.0%)
1  ... 

Histogram: SafeBrowsing.Pref.Enhanced.RegularProfile recorded 1 samples, mean = 0.0 (flags = 0x41)
0  -O                                                                        (1 = 100.0%)
1  ... 

Histogram: SafeBrowsing.Pref.Extended recorded 1 samples, mean = 0.0 (flags = 0x41)
0  -O                                                                        (1 = 100.0%)
1  ... 

Histogram: SafeBrowsing.Pref.General recorded 1 samples, mean = 1.0 (flags = 0x41)
0  O                                                                         (0 = 0.0%)
1  -O                                                                        (1 = 100.0%) {0.0%}
2  O                                                                         (0 = 0.0%) {100.0%}

Histogram: SafeBrowsing.RT.CacheManager.CleanUpTime recorded 1 samples, mean = 0.0 (flags = 0x41)
0  -O                                                                        (1 = 100.0%)
1  ... 

Histogram: SafeBrowsing.RT.CanCheckDatabase recorded 1 samples, mean = 1.0 (flags = 0x41)
0  O                                                                         (0 = 0.0%)
1  -O                                                                        (1 = 100.0%) {0.0%}
2  O                                                                         (0 = 0.0%) {100.0%}

Histogram: SafeBrowsing.RT.ConsumerVersionReason recorded 2 samples, mean = 1.0 (flags = 0x41)
0  -O                                                                        (1 = 50.0%)
1  O                                                                         (0 = 0.0%) {50.0%}
2  -O                                                                        (1 = 50.0%) {50.0%}
3  ... 

Histogram: SafeBrowsing.RendererThrottle.IsCheckCompletedOnProcessResponse recorded 46 samples, mean = 1.0 (flags = 0x41)
0  O                                                                         (0 = 0.0%)
1  ----------------------------------------------O                           (46 = 100.0%) {0.0%}
2  O                                                                         (0 = 0.0%) {100.0%}

Histogram: SafeBrowsing.RendererThrottle.RequestDestination recorded 46 samples, mean = 10.8 (flags = 0x41)
0   ------O                                                                   (6 = 13.0%)
1   ... 
5   -----O                                                                    (5 = 10.9%) {13.0%}
6   ... 
8   -O                                                                        (1 = 2.2%) {23.9%}
9   -O                                                                        (1 = 2.2%) {26.1%}
10  ... 
13  -------------------------O                                                (25 = 54.3%) {28.3%}
14  ... 
16  --------O                                                                 (8 = 17.4%) {82.6%}
17  ... 

Histogram: SafeBrowsing.V4Database.Size recorded 1 samples, mean = 0.0 (flags = 0x41)
0  -O                                                                        (1 = 100.0%)
1  ... 

Histogram: SafeBrowsing.V4Database.Size.ChromeExtMalware recorded 1 samples, mean = 0.0 (flags = 0x41)
0  -O                                                                        (1 = 100.0%)
1  ... 

Histogram: SafeBrowsing.V4Database.Size.UrlBilling recorded 1 samples, mean = 0.0 (flags = 0x41)
0  -O                                                                        (1 = 100.0%)
1  ... 

Histogram: SafeBrowsing.V4Database.Size.UrlCsdDownloadAllowlist recorded 1 samples, mean = 0.0 (flags = 0x41)
0  -O                                                                        (1 = 100.0%)
1  ... 

Histogram: SafeBrowsing.V4Database.Size.UrlMalBin recorded 1 samples, mean = 0.0 (flags = 0x41)
0  -O                                                                        (1 = 100.0%)
1  ... 

Histogram: SafeBrowsing.V4Database.Size.UrlMalware recorded 1 samples, mean = 0.0 (flags = 0x41)
0  -O                                                                        (1 = 100.0%)
1  ... 

Histogram: SafeBrowsing.V4Database.Size.UrlSoceng recorded 1 samples, mean = 0.0 (flags = 0x41)
0  -O                                                                        (1 = 100.0%)
1  ... 

Histogram: SafeBrowsing.V4Database.Size.UrlUws recorded 1 samples, mean = 0.0 (flags = 0x41)
0  -O                                                                        (1 = 100.0%)
1  ... 

Histogram: SafeBrowsing.V4Database.SizeLinear recorded 1 samples, mean = 0.0 (flags = 0x41)
0  -O                                                                        (1 = 100.0%)
1  ... 

Histogram: SafeBrowsing.V4Database.SizeLinear.ChromeExtMalware recorded 1 samples, mean = 0.0 (flags = 0x41)
0  -O                                                                        (1 = 100.0%)
1  ... 

Histogram: SafeBrowsing.V4Database.SizeLinear.UrlMalBin recorded 1 samples, mean = 0.0 (flags = 0x41)
0  -O                                                                        (1 = 100.0%)
1  ... 

Histogram: SafeBrowsing.V4Database.SizeLinear.UrlSoceng recorded 1 samples, mean = 0.0 (flags = 0x41)
0  -O                                                                        (1 = 100.0%)
1  ... 

Histogram: SafeBrowsing.V4DatabaseInitializationTime recorded 1 samples, mean = 2575.0 (flags = 0x41)
0     ... 
2516  -O                                                                        (1 = 100.0%) {0.0%}
2990  ... 

Histogram: SafeBrowsing.V4Store.IsStoreValid recorded 7 samples, mean = 0.0 (flags = 0x41)
0  -------O                                                                  (7 = 100.0%)
1  ... 

Histogram: SafeBrowsing.V4Store.IsStoreValid.ChromeExtMalware recorded 1 samples, mean = 0.0 (flags = 0x41)
0  -O                                                                        (1 = 100.0%)
1  ... 

Histogram: SafeBrowsing.V4Store.IsStoreValid.UrlBilling recorded 1 samples, mean = 0.0 (flags = 0x41)
0  -O                                                                        (1 = 100.0%)
1  ... 

Histogram: SafeBrowsing.V4Store.IsStoreValid.UrlCsdDownloadAllowlist recorded 1 samples, mean = 0.0 (flags = 0x41)
0  -O                                                                        (1 = 100.0%)
1  ... 

Histogram: SafeBrowsing.V4Store.IsStoreValid.UrlMalBin recorded 1 samples, mean = 0.0 (flags = 0x41)
0  -O                                                                        (1 = 100.0%)
1  ... 

Histogram: SafeBrowsing.V4Store.IsStoreValid.UrlMalware recorded 1 samples, mean = 0.0 (flags = 0x41)
0  -O                                                                        (1 = 100.0%)
1  ... 

Histogram: SafeBrowsing.V4Store.IsStoreValid.UrlSoceng recorded 1 samples, mean = 0.0 (flags = 0x41)
0  -O                                                                        (1 = 100.0%)
1  ... 

Histogram: SafeBrowsing.V4Store.IsStoreValid.UrlUws recorded 1 samples, mean = 0.0 (flags = 0x41)
0  -O                                                                        (1 = 100.0%)
1  ... 

Histogram: SafeBrowsing.V4Store.ReadyOnStartup recorded 7 samples, mean = 0.0 (flags = 0x41)
0  -------O                                                                  (7 = 100.0%)
1  ... 

Histogram: SafeBrowsing.V4StoreRead.Result recorded 7 samples, mean = 2.0 (flags = 0x41)
0  ... 
2  -------O                                                                  (7 = 100.0%) {0.0%}
3  ... 

Histogram: Scheduling.MessagePumpTimeKeeper.BrowserIO recorded 0 samples (flags = 0x41)
0 ... 

Histogram: Scheduling.MessagePumpTimeKeeper.BrowserUI recorded 0 samples (flags = 0x41)
0 ... 

Histogram: Scheduling.Renderer.DrawInterval2 recorded 1 samples, mean = 17530.0 (flags = 0x41)
0      ... 
17241  -O                                                                        (1 = 100.0%) {0.0%}
17857  ... 

Histogram: Scheduling.ThreadController.ActiveIntervalDuration.Any.BrowserUI recorded 21 samples, mean = 0.0 (flags = 0x41)
0  ---------------------O                                                    (21 = 100.0%)
1  ... 

Histogram: Scheduling.ThreadController.ActiveIntervalDuration.Any.Other recorded 7 samples, mean = 0.0 (flags = 0x41)
0  -------O                                                                  (7 = 100.0%)
1  ... 

Histogram: Scheduling.ThreadController.ActiveIntervalDuration.Short.BrowserUI recorded 21 samples, mean = 1.7 (flags = 0x41)
0  --O                                                                       (2 = 9.5%)
1  ---------O                                                                (9 = 42.9%) {9.5%}
2  ------O                                                                   (6 = 28.6%) {52.4%}
3  ---O                                                                      (3 = 14.3%) {81.0%}
4  O                                                                         (0 = 0.0%) {95.2%}
5  -O                                                                        (1 = 4.8%) {95.2%}
6  ... 

Histogram: Scheduling.ThreadController.ActiveIntervalDuration.Short.Other recorded 7 samples, mean = 77.6 (flags = 0x41)
0    ... 
9    -O                                                                        (1 = 14.3%) {0.0%}
10   ... 
17   -O                                                                        (1 = 14.3%) {14.3%}
18   ... 
31   -O                                                                        (1 = 14.3%) {28.6%}
33   O                                                                         (0 = 0.0%) {42.9%}
35   -O                                                                        (1 = 14.3%) {42.9%}
37   ... 
100  --O                                                                       (2 = 28.6%) {57.1%}
105  ... 
233  -O                                                                        (1 = 14.3%) {85.7%}
245  ... 

Histogram: Scheduling.ThreadController.ActiveIntervalOffCpuDuration.Any.BrowserUI recorded 21 samples, mean = 0.0 (flags = 0x41)
0  ---------------------O                                                    (21 = 100.0%)
1  ... 

Histogram: Scheduling.ThreadController.ActiveIntervalOffCpuDuration.Any.Other recorded 7 samples, mean = 0.0 (flags = 0x41)
0  -------O                                                                  (7 = 100.0%)
1  ... 

Histogram: Scheduling.ThreadController.ActiveIntervalOffCpuDuration.Short.BrowserUI recorded 21 samples, mean = 1.0 (flags = 0x41)
0  --------O                                                                 (8 = 38.1%)
1  -------O                                                                  (7 = 33.3%) {38.1%}
2  -----O                                                                    (5 = 23.8%) {71.4%}
3  O                                                                         (0 = 0.0%) {95.2%}
4  -O                                                                        (1 = 4.8%) {95.2%}
5  ... 

Histogram: Scheduling.ThreadController.ActiveIntervalOffCpuDuration.Short.Other recorded 7 samples, mean = 18.3 (flags = 0x41)
0    -O                                                                        (1 = 14.3%)
1    --O                                                                       (2 = 28.6%) {14.3%}
2    -O                                                                        (1 = 14.3%) {42.9%}
3    ... 
8    -O                                                                        (1 = 14.3%) {57.1%}
9    ... 
15   -O                                                                        (1 = 14.3%) {71.4%}
16   ... 
100  -O                                                                        (1 = 14.3%) {85.7%}
105  ... 

Histogram: Scheduling.ThreadController.ActiveIntervalOnCpuDuration.Any.BrowserUI recorded 21 samples, mean = 0.0 (flags = 0x41)
0  ---------------------O                                                    (21 = 100.0%)
1  ... 

Histogram: Scheduling.ThreadController.ActiveIntervalOnCpuDuration.Any.Other recorded 7 samples, mean = 0.0 (flags = 0x41)
0  -------O                                                                  (7 = 100.0%)
1  ... 

Histogram: Scheduling.ThreadController.ActiveIntervalOnCpuDuration.Short.BrowserUI recorded 21 samples, mean = 0.7 (flags = 0x41)
0  ---------O                                                                (9 = 42.9%)
1  -----------O                                                              (11 = 52.4%) {42.9%}
2  O                                                                         (0 = 0.0%) {95.2%}
3  -O                                                                        (1 = 4.8%) {95.2%}
4  ... 

Histogram: Scheduling.ThreadController.ActiveIntervalOnCpuDuration.Short.Other recorded 7 samples, mean = 59.3 (flags = 0x41)
0    -O                                                                        (1 = 14.3%)
1    ... 
8    -O                                                                        (1 = 14.3%) {14.3%}
9    ... 
17   -O                                                                        (1 = 14.3%) {28.6%}
18   ... 
21   -O                                                                        (1 = 14.3%) {42.9%}
22   ... 
31   -O                                                                        (1 = 14.3%) {57.1%}
33   ... 
95   -O                                                                        (1 = 14.3%) {71.4%}
100  ... 
233  -O                                                                        (1 = 14.3%) {85.7%}
245  ... 

Histogram: Scheduling.ThreadController.ActiveIntervalOnCpuPercentage.Any.BrowserUI recorded 21 samples, mean = 49.3 (flags = 0x41)
0    -------O                                                                  (7 = 33.3%)
1    ... 
20   -O                                                                        (1 = 4.8%) {33.3%}
21   ... 
33   --O                                                                       (2 = 9.5%) {38.1%}
34   ... 
50   ---O                                                                      (3 = 14.3%) {47.6%}
51   ... 
100  --------O                                                                 (8 = 38.1%) {61.9%}
101  O                                                                         (0 = 0.0%) {100.0%}

Histogram: Scheduling.ThreadController.ActiveIntervalOnCpuPercentage.Any.Other recorded 7 samples, mean = 76.1 (flags = 0x41)
0    -O                                                                        (1 = 14.3%)
1    ... 
58   -O                                                                        (1 = 14.3%) {14.3%}
59   ... 
88   -O                                                                        (1 = 14.3%) {28.6%}
89   ... 
92   -O                                                                        (1 = 14.3%) {42.9%}
93   ... 
96   -O                                                                        (1 = 14.3%) {57.1%}
97   ... 
99   -O                                                                        (1 = 14.3%) {71.4%}
100  -O                                                                        (1 = 14.3%) {85.7%}
101  O                                                                         (0 = 0.0%) {100.0%}

Histogram: Scheduling.ThreadController.ActiveIntervalOnCpuPercentage.Short.BrowserUI recorded 21 samples, mean = 49.3 (flags = 0x41)
0    -------O                                                                  (7 = 33.3%)
1    ... 
20   -O                                                                        (1 = 4.8%) {33.3%}
21   ... 
33   --O                                                                       (2 = 9.5%) {38.1%}
34   ... 
50   ---O                                                                      (3 = 14.3%) {47.6%}
51   ... 
100  --------O                                                                 (8 = 38.1%) {61.9%}
101  O                                                                         (0 = 0.0%) {100.0%}

Histogram: Scheduling.ThreadController.ActiveIntervalOnCpuPercentage.Short.Other recorded 7 samples, mean = 76.1 (flags = 0x41)
0    -O                                                                        (1 = 14.3%)
1    ... 
58   -O                                                                        (1 = 14.3%) {14.3%}
59   ... 
88   -O                                                                        (1 = 14.3%) {28.6%}
89   ... 
92   -O                                                                        (1 = 14.3%) {42.9%}
93   ... 
96   -O                                                                        (1 = 14.3%) {57.1%}
97   ... 
99   -O                                                                        (1 = 14.3%) {71.4%}
100  -O                                                                        (1 = 14.3%) {85.7%}
101  O                                                                         (0 = 0.0%) {100.0%}

Histogram: Scheduling.ThreadController.IdleDuration.Any.BrowserUI recorded 21 samples, mean = 0.0 (flags = 0x41)
0  ---------------------O                                                    (21 = 100.0%)
1  ... 

Histogram: Scheduling.ThreadController.IdleDuration.Any.Other recorded 7 samples, mean = 4.0 (flags = 0x41)
0   ----O                                                                     (4 = 57.1%)
1   ... 
3   -O                                                                        (1 = 14.3%) {57.1%}
4   ... 
10  -O                                                                        (1 = 14.3%) {71.4%}
12  O                                                                         (0 = 0.0%) {85.7%}
14  -O                                                                        (1 = 14.3%) {85.7%}
17  ... 

Histogram: Scheduling.ThreadController.IdleDuration.Medium.Other recorded 3 samples, mean = 9.3 (flags = 0x41)
0   ... 
3   -O                                                                        (1 = 33.3%) {0.0%}
4   ... 
10  -O                                                                        (1 = 33.3%) {33.3%}
11  ... 
15  -O                                                                        (1 = 33.3%) {66.7%}
16  ... 

Histogram: Scheduling.ThreadController.IdleDuration.Short.BrowserUI recorded 21 samples, mean = 8.3 (flags = 0x41)
0   ... 
2   -O                                                                        (1 = 4.8%) {0.0%}
3   ------O                                                                   (6 = 28.6%) {4.8%}
4   ----O                                                                     (4 = 19.0%) {33.3%}
5   --O                                                                       (2 = 9.5%) {52.4%}
6   -O                                                                        (1 = 4.8%) {61.9%}
7   O                                                                         (0 = 0.0%) {66.7%}
8   ---O                                                                      (3 = 14.3%) {66.7%}
9   ... 
11  --O                                                                       (2 = 9.5%) {81.0%}
12  ... 
18  -O                                                                        (1 = 4.8%) {90.5%}
19  ... 
58  -O                                                                        (1 = 4.8%) {95.2%}
61  ... 

Histogram: Scheduling.ThreadController.IdleDuration.Short.Other recorded 4 samples, mean = 265.8 (flags = 0x41)
0    ... 
49   -O                                                                        (1 = 25.0%) {0.0%}
52   ... 
110  -O                                                                        (1 = 25.0%) {25.0%}
116  ... 
315  -O                                                                        (1 = 25.0%) {50.0%}
331  ... 
575  -O                                                                        (1 = 25.0%) {75.0%}
605  ... 

Histogram: Search.ChoiceReprompt recorded 1 samples, mean = 6.0 (flags = 0x41)
0  ... 
6  -O                                                                        (1 = 100.0%) {0.0%}
7  O                                                                         (0 = 0.0%) {100.0%}

Histogram: Search.SearchProviderOverrideStatus recorded 1 samples, mean = 0.0 (flags = 0x41)
0  -O                                                                        (1 = 100.0%)
1  ... 

Histogram: Security.GwpAsan.Activated.Malloc.Browser recorded 1 samples, mean = 0.0 (flags = 0x41)
0  -O                                                                        (1 = 100.0%)
1  ... 

Histogram: Security.GwpAsan.Activated.PartitionAlloc.Browser recorded 1 samples, mean = 0.0 (flags = 0x41)
0  -O                                                                        (1 = 100.0%)
1  ... 

Histogram: Security.HttpsFirstMode.SettingEnabledAtStartup recorded 1 samples, mean = 0.0 (flags = 0x41)
0  -O                                                                        (1 = 100.0%)
1  ... 

Histogram: Security.JSONParser.ChromiumExtensionUsage recorded 1 samples, mean = 1.0 (flags = 0x41)
0  O                                                                         (0 = 0.0%)
1  -O                                                                        (1 = 100.0%) {0.0%}
2  ... 

Histogram: Security.JSONParser.ParsingTime recorded 17 samples, mean = 37.0 (flags = 0x41)
0    -O                                                                        (1 = 5.9%)
1    O                                                                         (0 = 0.0%) {5.9%}
2    -O                                                                        (1 = 5.9%) {5.9%}
3    --O                                                                       (2 = 11.8%) {11.8%}
4    O                                                                         (0 = 0.0%) {23.5%}
5    ---O                                                                      (3 = 17.6%) {23.5%}
7    O                                                                         (0 = 0.0%) {41.2%}
9    -O                                                                        (1 = 5.9%) {41.2%}
12   --O                                                                       (2 = 11.8%) {47.1%}
16   O                                                                         (0 = 0.0%) {58.8%}
21   -O                                                                        (1 = 5.9%) {58.8%}
28   O                                                                         (0 = 0.0%) {64.7%}
37   -O                                                                        (1 = 5.9%) {64.7%}
49   --O                                                                       (2 = 11.8%) {70.6%}
65   --O                                                                       (2 = 11.8%) {82.4%}
86   ... 
196  -O                                                                        (1 = 5.9%) {94.1%}
258  ... 

Histogram: Security.NavigationRequestSecurityLevel recorded 1 samples, mean = 1.0 (flags = 0x41)
0  O                                                                         (0 = 0.0%)
1  -O                                                                        (1 = 100.0%) {0.0%}
2  ... 

Histogram: Security.PageEndReason.SECURE recorded 1 samples, mean = 6.0 (flags = 0x41)
0  ... 
6  -O                                                                        (1 = 100.0%) {0.0%}
7  ... 

Histogram: Security.PageEndReason.SafetyTip_None recorded 1 samples, mean = 6.0 (flags = 0x41)
0  ... 
6  -O                                                                        (1 = 100.0%) {0.0%}
7  ... 

Histogram: Security.PrivateNetworkAccess.CheckResult recorded 46 samples, mean = 1.9 (flags = 0x41)
0   ---O                                                                      (3 = 6.5%)
1   ---------------------------------------O                                  (39 = 84.8%) {6.5%}
2   ... 
12  ----O                                                                     (4 = 8.7%) {91.3%}
13  O                                                                         (0 = 0.0%) {100.0%}

Histogram: Security.SCTAuditing.NumPersistedReportsLoaded recorded 1 samples, mean = 0.0 (flags = 0x41)
0  -O                                                                        (1 = 100.0%)
1  ... 

Histogram: Security.SafetyTips.GetReputationStatusWithEngagedSitesTime recorded 1 samples, mean = 0.0 (flags = 0x41)
0  -O                                                                        (1 = 100.0%)
1  ... 

Histogram: Security.SafetyTips.ReputationCheckComplete.DidFinishNavigation recorded 1 samples, mean = 1.0 (flags = 0x41)
0  O                                                                         (0 = 0.0%)
1  -O                                                                        (1 = 100.0%) {0.0%}
2  ... 

Histogram: Security.SafetyTips.SafetyTipShown recorded 1 samples, mean = 1.0 (flags = 0x41)
0  O                                                                         (0 = 0.0%)
1  -O                                                                        (1 = 100.0%) {0.0%}
2  ... 

Histogram: Security.SafetyTips.StatusWithInitiator.Unknown recorded 1 samples, mean = 1.0 (flags = 0x41)
0  O                                                                         (0 = 0.0%)
1  -O                                                                        (1 = 100.0%) {0.0%}
2  ... 

Histogram: Security.SecurityLevel.OnCommit recorded 1 samples, mean = 3.0 (flags = 0x41)
0  ... 
3  -O                                                                        (1 = 100.0%) {0.0%}
4  ... 

Histogram: Security.SecurityLevel.OnComplete recorded 1 samples, mean = 3.0 (flags = 0x41)
0  ... 
3  -O                                                                        (1 = 100.0%) {0.0%}
4  ... 

Histogram: Security.SiteEngagement.SECURE recorded 1 samples, mean = 12.0 (flags = 0x41)
0   ... 
12  -O                                                                        (1 = 100.0%) {0.0%}
13  ... 

Histogram: Security.SiteEngagement.SafetyTip_None recorded 1 samples, mean = 12.0 (flags = 0x41)
0   ... 
12  -O                                                                        (1 = 100.0%) {0.0%}
13  ... 

Histogram: Security.TimeOnPage2.SECURE recorded 1 samples, mean = 105102.0 (flags = 0x41)
0      ... 
99734  -O                                                                        (1 = 100.0%) {0.0%}
115118 ... 

Histogram: Security.TimeOnPage2.SafetyTip_None recorded 1 samples, mean = 105102.0 (flags = 0x41)
0      ... 
99734  -O                                                                        (1 = 100.0%) {0.0%}
115118 ... 

Histogram: SegmentationPlatform.ClassificationRequest.TotalDuration.DeviceSwitcher recorded 1 samples, mean = 97900.0 (flags = 0x41)
0      ... 
10000  -O                                                                        (1 = 100.0%) {0.0%}

Histogram: SegmentationPlatform.ClassificationRequest.TotalDuration.WebAppInstallationPromo recorded 1 samples, mean = 0.0 (flags = 0x41)
0  -O                                                                        (1 = 100.0%)
1  ... 

Histogram: SegmentationPlatform.CrossDeviceUser.PostProcessing.TopLabel.Computed recorded 1 samples (flags = 0x41)
-1 -O                                                                        (1 = 100.0%)

Histogram: SegmentationPlatform.Database.AddUmaMetric recorded 1 samples, mean = 0.0 (flags = 0x41)
0  -O                                                                        (1 = 100.0%)
1  ... 

Histogram: SegmentationPlatform.Database.RunReadOnlyQueries recorded 1 samples, mean = 0.0 (flags = 0x41)
0  -O                                                                        (1 = 100.0%)
1  ... 

Histogram: SegmentationPlatform.Database.StoreUkmEntry recorded 7 samples, mean = 0.0 (flags = 0x41)
0  -------O                                                                  (7 = 100.0%)
1  ... 

Histogram: SegmentationPlatform.Database.UpdateUrlForUkmSource recorded 5 samples, mean = 2.0 (flags = 0x41)
0  ---O                                                                      (3 = 60.0%)
1  -O                                                                        (1 = 20.0%) {60.0%}
2  ... 
8  -O                                                                        (1 = 20.0%) {80.0%}
10 ... 

Histogram: SegmentationPlatform.DefaultModelDelivery.Metadata.FeatureCount.ChromeLowUserEngagement recorded 1 samples, mean = 1.0 (flags = 0x41)
0  O                                                                         (0 = 0.0%)
1  -O                                                                        (1 = 100.0%) {0.0%}
2  ... 

Histogram: SegmentationPlatform.DefaultModelDelivery.Metadata.FeatureCount.ComposePromotion recorded 1 samples, mean = 1.0 (flags = 0x41)
0  O                                                                         (0 = 0.0%)
1  -O                                                                        (1 = 100.0%) {0.0%}
2  ... 

Histogram: SegmentationPlatform.DefaultModelDelivery.Metadata.FeatureCount.CrossDeviceUserSegment recorded 1 samples, mean = 4.0 (flags = 0x41)
0  ... 
4  -O                                                                        (1 = 100.0%) {0.0%}
5  ... 

Histogram: SegmentationPlatform.DefaultModelDelivery.Metadata.FeatureCount.DatabaseApiClients recorded 1 samples, mean = 3.0 (flags = 0x41)
0  ... 
3  -O                                                                        (1 = 100.0%) {0.0%}
4  ... 

Histogram: SegmentationPlatform.DefaultModelDelivery.Metadata.FeatureCount.DeviceSwitcher recorded 1 samples, mean = 1.0 (flags = 0x41)
0  O                                                                         (0 = 0.0%)
1  -O                                                                        (1 = 100.0%) {0.0%}
2  ... 

Histogram: SegmentationPlatform.DefaultModelDelivery.Metadata.FeatureCount.PasswordManagerUser recorded 1 samples, mean = 7.0 (flags = 0x41)
0  ... 
7  -O                                                                        (1 = 100.0%) {0.0%}
8  ... 

Histogram: SegmentationPlatform.DefaultModelDelivery.Metadata.FeatureCount.ResumeHeavyUserSegment recorded 1 samples, mean = 5.0 (flags = 0x41)
0  ... 
5  -O                                                                        (1 = 100.0%) {0.0%}
6  ... 

Histogram: SegmentationPlatform.DefaultModelDelivery.Metadata.FeatureCount.SearchUser recorded 1 samples, mean = 2.0 (flags = 0x41)
0  ... 
2  -O                                                                        (1 = 100.0%) {0.0%}
3  ... 

Histogram: SegmentationPlatform.DefaultModelDelivery.Metadata.FeatureCount.ShoppingUser recorded 1 samples, mean = 2.0 (flags = 0x41)
0  ... 
2  -O                                                                        (1 = 100.0%) {0.0%}
3  ... 

Histogram: SegmentationPlatform.DefaultModelDelivery.Metadata.FeatureCount.UrlVisitResumptionRanker recorded 1 samples, mean = 23.0 (flags = 0x41)
0   ... 
23  -O                                                                        (1 = 100.0%) {0.0%}
26  ... 

Histogram: SegmentationPlatform.DefaultModelDelivery.Metadata.Validation.Processed.ChromeLowUserEngagement recorded 1 samples, mean = 0.0 (flags = 0x41)
0  -O                                                                        (1 = 100.0%)
1  ... 

Histogram: SegmentationPlatform.DefaultModelDelivery.Metadata.Validation.Processed.ComposePromotion recorded 1 samples, mean = 0.0 (flags = 0x41)
0  -O                                                                        (1 = 100.0%)
1  ... 

Histogram: SegmentationPlatform.DefaultModelDelivery.Metadata.Validation.Processed.CrossDeviceUserSegment recorded 1 samples, mean = 0.0 (flags = 0x41)
0  -O                                                                        (1 = 100.0%)
1  ... 

Histogram: SegmentationPlatform.DefaultModelDelivery.Metadata.Validation.Processed.DatabaseApiClients recorded 1 samples, mean = 0.0 (flags = 0x41)
0  -O                                                                        (1 = 100.0%)
1  ... 

Histogram: SegmentationPlatform.DefaultModelDelivery.Metadata.Validation.Processed.DeviceSwitcher recorded 1 samples, mean = 0.0 (flags = 0x41)
0  -O                                                                        (1 = 100.0%)
1  ... 

Histogram: SegmentationPlatform.DefaultModelDelivery.Metadata.Validation.Processed.PasswordManagerUser recorded 1 samples, mean = 0.0 (flags = 0x41)
0  -O                                                                        (1 = 100.0%)
1  ... 

Histogram: SegmentationPlatform.DefaultModelDelivery.Metadata.Validation.Processed.ResumeHeavyUserSegment recorded 1 samples, mean = 0.0 (flags = 0x41)
0  -O                                                                        (1 = 100.0%)
1  ... 

Histogram: SegmentationPlatform.DefaultModelDelivery.Metadata.Validation.Processed.SearchUser recorded 1 samples, mean = 0.0 (flags = 0x41)
0  -O                                                                        (1 = 100.0%)
1  ... 

Histogram: SegmentationPlatform.DefaultModelDelivery.Metadata.Validation.Processed.ShoppingUser recorded 1 samples, mean = 0.0 (flags = 0x41)
0  -O                                                                        (1 = 100.0%)
1  ... 

Histogram: SegmentationPlatform.DefaultModelDelivery.Metadata.Validation.Processed.UrlVisitResumptionRanker recorded 1 samples, mean = 0.0 (flags = 0x41)
0  -O                                                                        (1 = 100.0%)
1  ... 

Histogram: SegmentationPlatform.DefaultModelDelivery.Received recorded 10 samples (flags = 0x41)
16    -O                                                                        (1 = 10.0%)
21    -O                                                                        (1 = 10.0%)
23    -O                                                                        (1 = 10.0%)
27    -O                                                                        (1 = 10.0%)
45    -O                                                                        (1 = 10.0%)
46    -O                                                                        (1 = 10.0%)
1001  -O                                                                        (1 = 10.0%)
1004  -O                                                                        (1 = 10.0%)
1007  -O                                                                        (1 = 10.0%)
1009  -O                                                                        (1 = 10.0%)

Histogram: SegmentationPlatform.DefaultModelDelivery.SaveResult.ChromeLowUserEngagement recorded 1 samples, mean = 1.0 (flags = 0x41)
0  O                                                                         (0 = 0.0%)
1  -O                                                                        (1 = 100.0%) {0.0%}
2  O                                                                         (0 = 0.0%) {100.0%}

Histogram: SegmentationPlatform.DefaultModelDelivery.SaveResult.ComposePromotion recorded 1 samples, mean = 1.0 (flags = 0x41)
0  O                                                                         (0 = 0.0%)
1  -O                                                                        (1 = 100.0%) {0.0%}
2  O                                                                         (0 = 0.0%) {100.0%}

Histogram: SegmentationPlatform.DefaultModelDelivery.SaveResult.CrossDeviceUserSegment recorded 1 samples, mean = 1.0 (flags = 0x41)
0  O                                                                         (0 = 0.0%)
1  -O                                                                        (1 = 100.0%) {0.0%}
2  O                                                                         (0 = 0.0%) {100.0%}

Histogram: SegmentationPlatform.DefaultModelDelivery.SaveResult.DatabaseApiClients recorded 1 samples, mean = 1.0 (flags = 0x41)
0  O                                                                         (0 = 0.0%)
1  -O                                                                        (1 = 100.0%) {0.0%}
2  O                                                                         (0 = 0.0%) {100.0%}

Histogram: SegmentationPlatform.DefaultModelDelivery.SaveResult.DeviceSwitcher recorded 1 samples, mean = 1.0 (flags = 0x41)
0  O                                                                         (0 = 0.0%)
1  -O                                                                        (1 = 100.0%) {0.0%}
2  O                                                                         (0 = 0.0%) {100.0%}

Histogram: SegmentationPlatform.DefaultModelDelivery.SaveResult.PasswordManagerUser recorded 1 samples, mean = 1.0 (flags = 0x41)
0  O                                                                         (0 = 0.0%)
1  -O                                                                        (1 = 100.0%) {0.0%}
2  O                                                                         (0 = 0.0%) {100.0%}

Histogram: SegmentationPlatform.DefaultModelDelivery.SaveResult.ResumeHeavyUserSegment recorded 1 samples, mean = 1.0 (flags = 0x41)
0  O                                                                         (0 = 0.0%)
1  -O                                                                        (1 = 100.0%) {0.0%}
2  O                                                                         (0 = 0.0%) {100.0%}

Histogram: SegmentationPlatform.DefaultModelDelivery.SaveResult.SearchUser recorded 1 samples, mean = 1.0 (flags = 0x41)
0  O                                                                         (0 = 0.0%)
1  -O                                                                        (1 = 100.0%) {0.0%}
2  O                                                                         (0 = 0.0%) {100.0%}

Histogram: SegmentationPlatform.DefaultModelDelivery.SaveResult.ShoppingUser recorded 1 samples, mean = 1.0 (flags = 0x41)
0  O                                                                         (0 = 0.0%)
1  -O                                                                        (1 = 100.0%) {0.0%}
2  O                                                                         (0 = 0.0%) {100.0%}

Histogram: SegmentationPlatform.DefaultModelDelivery.SaveResult.UrlVisitResumptionRanker recorded 1 samples, mean = 1.0 (flags = 0x41)
0  O                                                                         (0 = 0.0%)
1  -O                                                                        (1 = 100.0%) {0.0%}
2  O                                                                         (0 = 0.0%) {100.0%}

Histogram: SegmentationPlatform.DefaultModelDelivery.SegmentIdMatches.ChromeLowUserEngagement recorded 1 samples, mean = 1.0 (flags = 0x41)
0  O                                                                         (0 = 0.0%)
1  -O                                                                        (1 = 100.0%) {0.0%}
2  O                                                                         (0 = 0.0%) {100.0%}

Histogram: SegmentationPlatform.DefaultModelDelivery.SegmentIdMatches.ComposePromotion recorded 1 samples, mean = 1.0 (flags = 0x41)
0  O                                                                         (0 = 0.0%)
1  -O                                                                        (1 = 100.0%) {0.0%}
2  O                                                                         (0 = 0.0%) {100.0%}

Histogram: SegmentationPlatform.DefaultModelDelivery.SegmentIdMatches.CrossDeviceUserSegment recorded 1 samples, mean = 1.0 (flags = 0x41)
0  O                                                                         (0 = 0.0%)
1  -O                                                                        (1 = 100.0%) {0.0%}
2  O                                                                         (0 = 0.0%) {100.0%}

Histogram: SegmentationPlatform.DefaultModelDelivery.SegmentIdMatches.DatabaseApiClients recorded 1 samples, mean = 1.0 (flags = 0x41)
0  O                                                                         (0 = 0.0%)
1  -O                                                                        (1 = 100.0%) {0.0%}
2  O                                                                         (0 = 0.0%) {100.0%}

Histogram: SegmentationPlatform.DefaultModelDelivery.SegmentIdMatches.DeviceSwitcher recorded 1 samples, mean = 1.0 (flags = 0x41)
0  O                                                                         (0 = 0.0%)
1  -O                                                                        (1 = 100.0%) {0.0%}
2  O                                                                         (0 = 0.0%) {100.0%}

Histogram: SegmentationPlatform.DefaultModelDelivery.SegmentIdMatches.PasswordManagerUser recorded 1 samples, mean = 1.0 (flags = 0x41)
0  O                                                                         (0 = 0.0%)
1  -O                                                                        (1 = 100.0%) {0.0%}
2  O                                                                         (0 = 0.0%) {100.0%}

Histogram: SegmentationPlatform.DefaultModelDelivery.SegmentIdMatches.ResumeHeavyUserSegment recorded 1 samples, mean = 1.0 (flags = 0x41)
0  O                                                                         (0 = 0.0%)
1  -O                                                                        (1 = 100.0%) {0.0%}
2  O                                                                         (0 = 0.0%) {100.0%}

Histogram: SegmentationPlatform.DefaultModelDelivery.SegmentIdMatches.SearchUser recorded 1 samples, mean = 1.0 (flags = 0x41)
0  O                                                                         (0 = 0.0%)
1  -O                                                                        (1 = 100.0%) {0.0%}
2  O                                                                         (0 = 0.0%) {100.0%}

Histogram: SegmentationPlatform.DefaultModelDelivery.SegmentIdMatches.ShoppingUser recorded 1 samples, mean = 1.0 (flags = 0x41)
0  O                                                                         (0 = 0.0%)
1  -O                                                                        (1 = 100.0%) {0.0%}
2  O                                                                         (0 = 0.0%) {100.0%}

Histogram: SegmentationPlatform.DefaultModelDelivery.SegmentIdMatches.UrlVisitResumptionRanker recorded 1 samples, mean = 1.0 (flags = 0x41)
0  O                                                                         (0 = 0.0%)
1  -O                                                                        (1 = 100.0%) {0.0%}
2  O                                                                         (0 = 0.0%) {100.0%}

Histogram: SegmentationPlatform.DeviceSwitcher.PostProcessing.TopLabel.Computed recorded 1 samples (flags = 0x41)
7  -O                                                                        (1 = 100.0%)

Histogram: SegmentationPlatform.FeatureProcessing.Error.CrossDeviceUserSegment recorded 1 samples, mean = 7.0 (flags = 0x41)
0  ... 
7  -O                                                                        (1 = 100.0%) {0.0%}
8  O                                                                         (0 = 0.0%) {100.0%}

Histogram: SegmentationPlatform.FeatureProcessing.Error.DeviceSwitcher recorded 1 samples, mean = 7.0 (flags = 0x41)
0  ... 
7  -O                                                                        (1 = 100.0%) {0.0%}
8  O                                                                         (0 = 0.0%) {100.0%}

Histogram: SegmentationPlatform.FeatureProcessing.Error.PasswordManagerUser recorded 1 samples, mean = 7.0 (flags = 0x41)
0  ... 
7  -O                                                                        (1 = 100.0%) {0.0%}
8  O                                                                         (0 = 0.0%) {100.0%}

Histogram: SegmentationPlatform.FeatureProcessing.Error.ResumeHeavyUserSegment recorded 1 samples, mean = 7.0 (flags = 0x41)
0  ... 
7  -O                                                                        (1 = 100.0%) {0.0%}
8  O                                                                         (0 = 0.0%) {100.0%}

Histogram: SegmentationPlatform.FeatureProcessing.Error.SearchUser recorded 1 samples, mean = 7.0 (flags = 0x41)
0  ... 
7  -O                                                                        (1 = 100.0%) {0.0%}
8  O                                                                         (0 = 0.0%) {100.0%}

Histogram: SegmentationPlatform.FeatureProcessing.Error.ShoppingUser recorded 1 samples, mean = 7.0 (flags = 0x41)
0  ... 
7  -O                                                                        (1 = 100.0%) {0.0%}
8  O                                                                         (0 = 0.0%) {100.0%}

Histogram: SegmentationPlatform.Init.CreationToInitializationLatency recorded 1 samples, mean = 3063.0 (flags = 0x41)
0     ... 
2415  -O                                                                        (1 = 100.0%) {0.0%}
3069  ... 

Histogram: SegmentationPlatform.Init.ModelUpdatedTimeDifferenceInDays.ChromeLowUserEngagement recorded 1 samples, mean = 8.0 (flags = 0x41)
0  ... 
8  -O                                                                        (1 = 100.0%) {0.0%}
9  ... 

Histogram: SegmentationPlatform.Init.ModelUpdatedTimeDifferenceInDays.ComposePromotion recorded 1 samples, mean = 8.0 (flags = 0x41)
0  ... 
8  -O                                                                        (1 = 100.0%) {0.0%}
9  ... 

Histogram: SegmentationPlatform.Init.ModelUpdatedTimeDifferenceInDays.CrossDeviceUserSegment recorded 1 samples, mean = 8.0 (flags = 0x41)
0  ... 
8  -O                                                                        (1 = 100.0%) {0.0%}
9  ... 

Histogram: SegmentationPlatform.Init.ModelUpdatedTimeDifferenceInDays.DatabaseApiClients recorded 1 samples, mean = 8.0 (flags = 0x41)
0  ... 
8  -O                                                                        (1 = 100.0%) {0.0%}
9  ... 

Histogram: SegmentationPlatform.Init.ModelUpdatedTimeDifferenceInDays.DeviceSwitcher recorded 1 samples, mean = 8.0 (flags = 0x41)
0  ... 
8  -O                                                                        (1 = 100.0%) {0.0%}
9  ... 

Histogram: SegmentationPlatform.Init.ModelUpdatedTimeDifferenceInDays.PasswordManagerUser recorded 1 samples, mean = 8.0 (flags = 0x41)
0  ... 
8  -O                                                                        (1 = 100.0%) {0.0%}
9  ... 

Histogram: SegmentationPlatform.Init.ModelUpdatedTimeDifferenceInDays.ResumeHeavyUserSegment recorded 1 samples, mean = 8.0 (flags = 0x41)
0  ... 
8  -O                                                                        (1 = 100.0%) {0.0%}
9  ... 

Histogram: SegmentationPlatform.Init.ModelUpdatedTimeDifferenceInDays.SearchUser recorded 1 samples, mean = 8.0 (flags = 0x41)
0  ... 
8  -O                                                                        (1 = 100.0%) {0.0%}
9  ... 

Histogram: SegmentationPlatform.Init.ModelUpdatedTimeDifferenceInDays.ShoppingUser recorded 1 samples, mean = 8.0 (flags = 0x41)
0  ... 
8  -O                                                                        (1 = 100.0%) {0.0%}
9  ... 

Histogram: SegmentationPlatform.Init.ModelUpdatedTimeDifferenceInDays.UrlVisitResumptionRanker recorded 1 samples, mean = 8.0 (flags = 0x41)
0  ... 
8  -O                                                                        (1 = 100.0%) {0.0%}
9  ... 

Histogram: SegmentationPlatform.Init.ProcessCreationToServiceCreationLatency recorded 1 samples, mean = 164215856.0 (flags = 0x41)
0       ... 
180000  -O                                                                        (1 = 100.0%) {0.0%}

Histogram: SegmentationPlatform.Maintenance.CleanupSignalSuccessCount recorded 1 samples, mean = 0.0 (flags = 0x41)
0  -O                                                                        (1 = 100.0%)
1  ... 

Histogram: SegmentationPlatform.Maintenance.SignalIdentifierCount recorded 1 samples, mean = 20.0 (flags = 0x41)
0   ... 
20  -O                                                                        (1 = 100.0%) {0.0%}
23  ... 

Histogram: SegmentationPlatform.ModelAvailability.ChromeLowUserEngagement recorded 1 samples, mean = 0.0 (flags = 0x41)
0  -O                                                                        (1 = 100.0%)
1  ... 

Histogram: SegmentationPlatform.ModelAvailability.ComposePromotion recorded 1 samples, mean = 0.0 (flags = 0x41)
0  -O                                                                        (1 = 100.0%)
1  ... 

Histogram: SegmentationPlatform.ModelAvailability.DeviceSwitcher recorded 1 samples, mean = 0.0 (flags = 0x41)
0  -O                                                                        (1 = 100.0%)
1  ... 

Histogram: SegmentationPlatform.ModelAvailability.SearchUser recorded 1 samples, mean = 0.0 (flags = 0x41)
0  -O                                                                        (1 = 100.0%)
1  ... 

Histogram: SegmentationPlatform.ModelAvailability.ShoppingUser recorded 1 samples, mean = 0.0 (flags = 0x41)
0  -O                                                                        (1 = 100.0%)
1  ... 

Histogram: SegmentationPlatform.ModelAvailability.UrlVisitResumptionRanker recorded 1 samples, mean = 0.0 (flags = 0x41)
0  -O                                                                        (1 = 100.0%)
1  ... 

Histogram: SegmentationPlatform.ModelAvailability.WebAppInstallationPromo recorded 1 samples, mean = 0.0 (flags = 0x41)
0  -O                                                                        (1 = 100.0%)
1  ... 

Histogram: SegmentationPlatform.ModelExecution.DefaultProvider.Status.CrossDeviceUserSegment recorded 1 samples, mean = 0.0 (flags = 0x41)
0  -O                                                                        (1 = 100.0%)
1  ... 

Histogram: SegmentationPlatform.ModelExecution.DefaultProvider.Status.DeviceSwitcher recorded 1 samples, mean = 0.0 (flags = 0x41)
0  -O                                                                        (1 = 100.0%)
1  ... 

Histogram: SegmentationPlatform.ModelExecution.DefaultProvider.Status.PasswordManagerUser recorded 1 samples, mean = 0.0 (flags = 0x41)
0  -O                                                                        (1 = 100.0%)
1  ... 

Histogram: SegmentationPlatform.ModelExecution.DefaultProvider.Status.ResumeHeavyUserSegment recorded 1 samples, mean = 0.0 (flags = 0x41)
0  -O                                                                        (1 = 100.0%)
1  ... 

Histogram: SegmentationPlatform.ModelExecution.DefaultProvider.Status.SearchUser recorded 1 samples, mean = 0.0 (flags = 0x41)
0  -O                                                                        (1 = 100.0%)
1  ... 

Histogram: SegmentationPlatform.ModelExecution.DefaultProvider.Status.ShoppingUser recorded 1 samples, mean = 0.0 (flags = 0x41)
0  -O                                                                        (1 = 100.0%)
1  ... 

Histogram: SegmentationPlatform.ModelExecution.Duration.FeatureProcessing.CrossDeviceUserSegment recorded 4 samples, mean = 0.0 (flags = 0x41)
0  ----O                                                                     (4 = 100.0%)
1  ... 

Histogram: SegmentationPlatform.ModelExecution.Duration.FeatureProcessing.PasswordManagerUser recorded 7 samples, mean = 0.0 (flags = 0x41)
0  -------O                                                                  (7 = 100.0%)
1  ... 

Histogram: SegmentationPlatform.ModelExecution.Duration.FeatureProcessing.ResumeHeavyUserSegment recorded 5 samples, mean = 0.0 (flags = 0x41)
0  -----O                                                                    (5 = 100.0%)
1  ... 

Histogram: SegmentationPlatform.ModelExecution.Duration.FeatureProcessing.SearchUser recorded 1 samples, mean = 0.0 (flags = 0x41)
0  -O                                                                        (1 = 100.0%)
1  ... 

Histogram: SegmentationPlatform.ModelExecution.Duration.FeatureProcessing.ShoppingUser recorded 2 samples, mean = 0.0 (flags = 0x41)
0  --O                                                                       (2 = 100.0%)
1  ... 

Histogram: SegmentationPlatform.ModelExecution.Duration.Model.CrossDeviceUserSegment.Success recorded 1 samples, mean = 0.0 (flags = 0x41)
0  -O                                                                        (1 = 100.0%)
1  ... 

Histogram: SegmentationPlatform.ModelExecution.Duration.Model.DeviceSwitcher.Success recorded 1 samples, mean = 0.0 (flags = 0x41)
0  -O                                                                        (1 = 100.0%)
1  ... 

Histogram: SegmentationPlatform.ModelExecution.Duration.Model.PasswordManagerUser.Success recorded 1 samples, mean = 0.0 (flags = 0x41)
0  -O                                                                        (1 = 100.0%)
1  ... 

Histogram: SegmentationPlatform.ModelExecution.Duration.Model.ResumeHeavyUserSegment.Success recorded 1 samples, mean = 0.0 (flags = 0x41)
0  -O                                                                        (1 = 100.0%)
1  ... 

Histogram: SegmentationPlatform.ModelExecution.Duration.Model.SearchUser.Success recorded 1 samples, mean = 0.0 (flags = 0x41)
0  -O                                                                        (1 = 100.0%)
1  ... 

Histogram: SegmentationPlatform.ModelExecution.Duration.Model.ShoppingUser.Success recorded 1 samples, mean = 0.0 (flags = 0x41)
0  -O                                                                        (1 = 100.0%)
1  ... 

Histogram: SegmentationPlatform.ModelExecution.Duration.Total.CrossDeviceUserSegment.Success recorded 1 samples, mean = 2.0 (flags = 0x41)
0  ... 
2  -O                                                                        (1 = 100.0%) {0.0%}
3  ... 

Histogram: SegmentationPlatform.ModelExecution.Duration.Total.DeviceSwitcher.Success recorded 1 samples, mean = 94569.0 (flags = 0x41)
0      ... 
10000  -O                                                                        (1 = 100.0%) {0.0%}

Histogram: SegmentationPlatform.ModelExecution.Duration.Total.PasswordManagerUser.Success recorded 1 samples, mean = 7.0 (flags = 0x41)
0  ... 
7  -O                                                                        (1 = 100.0%) {0.0%}
8  ... 

Histogram: SegmentationPlatform.ModelExecution.Duration.Total.ResumeHeavyUserSegment.Success recorded 1 samples, mean = 2.0 (flags = 0x41)
0  ... 
2  -O                                                                        (1 = 100.0%) {0.0%}
3  ... 

Histogram: SegmentationPlatform.ModelExecution.Duration.Total.SearchUser.Success recorded 1 samples, mean = 3.0 (flags = 0x41)
0  ... 
3  -O                                                                        (1 = 100.0%) {0.0%}
4  ... 

Histogram: SegmentationPlatform.ModelExecution.Duration.Total.ShoppingUser.Success recorded 1 samples, mean = 2.0 (flags = 0x41)
0  ... 
2  -O                                                                        (1 = 100.0%) {0.0%}
3  ... 

Histogram: SegmentationPlatform.ModelExecution.Result.0.CrossDeviceUserSegment recorded 1 samples, mean = 1.0 (flags = 0x41)
0  O                                                                         (0 = 0.0%)
1  -O                                                                        (1 = 100.0%) {0.0%}
2  ... 

Histogram: SegmentationPlatform.ModelExecution.Result.0.DeviceSwitcher recorded 1 samples, mean = 0.0 (flags = 0x41)
0  -O                                                                        (1 = 100.0%)
1  ... 

Histogram: SegmentationPlatform.ModelExecution.Result.0.PasswordManagerUser recorded 1 samples, mean = 0.0 (flags = 0x41)
0  -O                                                                        (1 = 100.0%)
1  ... 

Histogram: SegmentationPlatform.ModelExecution.Result.0.ResumeHeavyUserSegment recorded 1 samples, mean = 0.0 (flags = 0x41)
0  -O                                                                        (1 = 100.0%)
1  ... 

Histogram: SegmentationPlatform.ModelExecution.Result.0.SearchUser recorded 1 samples, mean = 0.0 (flags = 0x41)
0  -O                                                                        (1 = 100.0%)
1  ... 

Histogram: SegmentationPlatform.ModelExecution.Result.0.ShoppingUser recorded 1 samples, mean = 0.0 (flags = 0x41)
0  -O                                                                        (1 = 100.0%)
1  ... 

Histogram: SegmentationPlatform.ModelExecution.Result.1.DeviceSwitcher recorded 1 samples, mean = 0.0 (flags = 0x41)
0  -O                                                                        (1 = 100.0%)
1  ... 

Histogram: SegmentationPlatform.ModelExecution.Result.2.DeviceSwitcher recorded 1 samples, mean = 0.0 (flags = 0x41)
0  -O                                                                        (1 = 100.0%)
1  ... 

Histogram: SegmentationPlatform.ModelExecution.Result.3.DeviceSwitcher recorded 1 samples, mean = 0.0 (flags = 0x41)
0  -O                                                                        (1 = 100.0%)
1  ... 

Histogram: SegmentationPlatform.ModelExecution.Result.4.DeviceSwitcher recorded 1 samples, mean = 0.0 (flags = 0x41)
0  -O                                                                        (1 = 100.0%)
1  ... 

Histogram: SegmentationPlatform.ModelExecution.Result.5.DeviceSwitcher recorded 1 samples, mean = 0.0 (flags = 0x41)
0  -O                                                                        (1 = 100.0%)
1  ... 

Histogram: SegmentationPlatform.ModelExecution.Result.6.DeviceSwitcher recorded 1 samples, mean = 0.0 (flags = 0x41)
0  -O                                                                        (1 = 100.0%)
1  ... 

Histogram: SegmentationPlatform.ModelExecution.Result.7.DeviceSwitcher recorded 1 samples, mean = 100.0 (flags = 0x41)
0    ... 
100  -O                                                                        (1 = 100.0%) {0.0%}
101  O                                                                         (0 = 0.0%) {100.0%}

Histogram: SegmentationPlatform.ModelExecution.SaveResult.CrossDeviceUserSegment recorded 1 samples, mean = 1.0 (flags = 0x41)
0  O                                                                         (0 = 0.0%)
1  -O                                                                        (1 = 100.0%) {0.0%}
2  O                                                                         (0 = 0.0%) {100.0%}

Histogram: SegmentationPlatform.ModelExecution.SaveResult.PasswordManagerUser recorded 1 samples, mean = 1.0 (flags = 0x41)
0  O                                                                         (0 = 0.0%)
1  -O                                                                        (1 = 100.0%) {0.0%}
2  O                                                                         (0 = 0.0%) {100.0%}

Histogram: SegmentationPlatform.ModelExecution.SaveResult.ResumeHeavyUserSegment recorded 1 samples, mean = 1.0 (flags = 0x41)
0  O                                                                         (0 = 0.0%)
1  -O                                                                        (1 = 100.0%) {0.0%}
2  O                                                                         (0 = 0.0%) {100.0%}

Histogram: SegmentationPlatform.ModelExecution.SaveResult.SearchUser recorded 1 samples, mean = 1.0 (flags = 0x41)
0  O                                                                         (0 = 0.0%)
1  -O                                                                        (1 = 100.0%) {0.0%}
2  O                                                                         (0 = 0.0%) {100.0%}

Histogram: SegmentationPlatform.ModelExecution.SaveResult.ShoppingUser recorded 1 samples, mean = 1.0 (flags = 0x41)
0  O                                                                         (0 = 0.0%)
1  -O                                                                        (1 = 100.0%) {0.0%}
2  O                                                                         (0 = 0.0%) {100.0%}

Histogram: SegmentationPlatform.ModelExecution.ZeroValuePercent.CrossDeviceUserSegment recorded 1 samples, mean = 100.0 (flags = 0x41)
0    ... 
100  -O                                                                        (1 = 100.0%) {0.0%}
101  O                                                                         (0 = 0.0%) {100.0%}

Histogram: SegmentationPlatform.ModelExecution.ZeroValuePercent.DeviceSwitcher recorded 1 samples, mean = 90.0 (flags = 0x41)
0   ... 
90  -O                                                                        (1 = 100.0%) {0.0%}
91  ... 

Histogram: SegmentationPlatform.ModelExecution.ZeroValuePercent.PasswordManagerUser recorded 1 samples, mean = 100.0 (flags = 0x41)
0    ... 
100  -O                                                                        (1 = 100.0%) {0.0%}
101  O                                                                         (0 = 0.0%) {100.0%}

Histogram: SegmentationPlatform.ModelExecution.ZeroValuePercent.ResumeHeavyUserSegment recorded 1 samples, mean = 100.0 (flags = 0x41)
0    ... 
100  -O                                                                        (1 = 100.0%) {0.0%}
101  O                                                                         (0 = 0.0%) {100.0%}

Histogram: SegmentationPlatform.ModelExecution.ZeroValuePercent.SearchUser recorded 1 samples, mean = 50.0 (flags = 0x41)
0   ... 
50  -O                                                                        (1 = 100.0%) {0.0%}
51  ... 

Histogram: SegmentationPlatform.ModelExecution.ZeroValuePercent.ShoppingUser recorded 1 samples, mean = 100.0 (flags = 0x41)
0    ... 
100  -O                                                                        (1 = 100.0%) {0.0%}
101  O                                                                         (0 = 0.0%) {100.0%}

Histogram: SegmentationPlatform.PasswordManagerUser.PostProcessing.TopLabel.Computed recorded 1 samples (flags = 0x41)
0  -O                                                                        (1 = 100.0%)

Histogram: SegmentationPlatform.ResumeHeavyUser.PostProcessing.TopLabel.Computed recorded 1 samples (flags = 0x41)
0  -O                                                                        (1 = 100.0%)

Histogram: SegmentationPlatform.SearchUser.PostProcessing.TopLabel.Computed recorded 1 samples (flags = 0x41)
-1 -O                                                                        (1 = 100.0%)

Histogram: SegmentationPlatform.SegmentInfoDatabase.ProtoDBUpdateResult.ChromeLowUserEngagement recorded 1 samples, mean = 1.0 (flags = 0x41)
0  O                                                                         (0 = 0.0%)
1  -O                                                                        (1 = 100.0%) {0.0%}
2  O                                                                         (0 = 0.0%) {100.0%}

Histogram: SegmentationPlatform.SegmentInfoDatabase.ProtoDBUpdateResult.ComposePromotion recorded 1 samples, mean = 1.0 (flags = 0x41)
0  O                                                                         (0 = 0.0%)
1  -O                                                                        (1 = 100.0%) {0.0%}
2  O                                                                         (0 = 0.0%) {100.0%}

Histogram: SegmentationPlatform.SegmentInfoDatabase.ProtoDBUpdateResult.CrossDeviceUserSegment recorded 2 samples, mean = 1.0 (flags = 0x41)
0  O                                                                         (0 = 0.0%)
1  --O                                                                       (2 = 100.0%) {0.0%}
2  O                                                                         (0 = 0.0%) {100.0%}

Histogram: SegmentationPlatform.SegmentInfoDatabase.ProtoDBUpdateResult.DatabaseApiClients recorded 1 samples, mean = 1.0 (flags = 0x41)
0  O                                                                         (0 = 0.0%)
1  -O                                                                        (1 = 100.0%) {0.0%}
2  O                                                                         (0 = 0.0%) {100.0%}

Histogram: SegmentationPlatform.SegmentInfoDatabase.ProtoDBUpdateResult.DeviceSwitcher recorded 1 samples, mean = 1.0 (flags = 0x41)
0  O                                                                         (0 = 0.0%)
1  -O                                                                        (1 = 100.0%) {0.0%}
2  O                                                                         (0 = 0.0%) {100.0%}

Histogram: SegmentationPlatform.SegmentInfoDatabase.ProtoDBUpdateResult.PasswordManagerUser recorded 2 samples, mean = 1.0 (flags = 0x41)
0  O                                                                         (0 = 0.0%)
1  --O                                                                       (2 = 100.0%) {0.0%}
2  O                                                                         (0 = 0.0%) {100.0%}

Histogram: SegmentationPlatform.SegmentInfoDatabase.ProtoDBUpdateResult.ResumeHeavyUserSegment recorded 2 samples, mean = 1.0 (flags = 0x41)
0  O                                                                         (0 = 0.0%)
1  --O                                                                       (2 = 100.0%) {0.0%}
2  O                                                                         (0 = 0.0%) {100.0%}

Histogram: SegmentationPlatform.SegmentInfoDatabase.ProtoDBUpdateResult.SearchUser recorded 2 samples, mean = 1.0 (flags = 0x41)
0  O                                                                         (0 = 0.0%)
1  --O                                                                       (2 = 100.0%) {0.0%}
2  O                                                                         (0 = 0.0%) {100.0%}

Histogram: SegmentationPlatform.SegmentInfoDatabase.ProtoDBUpdateResult.ShoppingUser recorded 2 samples, mean = 1.0 (flags = 0x41)
0  O                                                                         (0 = 0.0%)
1  --O                                                                       (2 = 100.0%) {0.0%}
2  O                                                                         (0 = 0.0%) {100.0%}

Histogram: SegmentationPlatform.SegmentInfoDatabase.ProtoDBUpdateResult.UrlVisitResumptionRanker recorded 1 samples, mean = 1.0 (flags = 0x41)
0  O                                                                         (0 = 0.0%)
1  -O                                                                        (1 = 100.0%) {0.0%}
2  O                                                                         (0 = 0.0%) {100.0%}

Histogram: SegmentationPlatform.SegmentInfoDatabase.ProtoDBUpdateResult.WebAppInstallationPromo recorded 1 samples, mean = 1.0 (flags = 0x41)
0  O                                                                         (0 = 0.0%)
1  -O                                                                        (1 = 100.0%) {0.0%}
2  O                                                                         (0 = 0.0%) {100.0%}

Histogram: SegmentationPlatform.SelectionFailedReason.ChromeLowUserEngagement recorded 2 samples, mean = 14.5 (flags = 0x41)
0   ... 
12  -O                                                                        (1 = 50.0%) {0.0%}
13  ... 
17  -O                                                                        (1 = 50.0%) {50.0%}
18  ... 

Histogram: SegmentationPlatform.SelectionFailedReason.ComposePromotion recorded 1 samples, mean = 17.0 (flags = 0x41)
0   ... 
17  -O                                                                        (1 = 100.0%) {0.0%}
18  ... 

Histogram: SegmentationPlatform.SelectionFailedReason.CrossDeviceUser recorded 3 samples, mean = 18.3 (flags = 0x41)
0   ... 
16  -O                                                                        (1 = 33.3%) {0.0%}
17  O                                                                         (0 = 0.0%) {33.3%}
18  -O                                                                        (1 = 33.3%) {33.3%}
19  ... 
21  -O                                                                        (1 = 33.3%) {66.7%}
22  ... 

Histogram: SegmentationPlatform.SelectionFailedReason.DatabaseApiClients recorded 1 samples, mean = 17.0 (flags = 0x41)
0   ... 
17  -O                                                                        (1 = 100.0%) {0.0%}
18  ... 

Histogram: SegmentationPlatform.SelectionFailedReason.DeviceSwitcher recorded 2 samples, mean = 19.0 (flags = 0x41)
0   ... 
17  -O                                                                        (1 = 50.0%) {0.0%}
18  ... 
21  -O                                                                        (1 = 50.0%) {50.0%}
22  ... 

Histogram: SegmentationPlatform.SelectionFailedReason.PasswordManagerUser recorded 3 samples, mean = 18.3 (flags = 0x41)
0   ... 
16  -O                                                                        (1 = 33.3%) {0.0%}
17  O                                                                         (0 = 0.0%) {33.3%}
18  -O                                                                        (1 = 33.3%) {33.3%}
19  ... 
21  -O                                                                        (1 = 33.3%) {66.7%}
22  ... 

Histogram: SegmentationPlatform.SelectionFailedReason.ResumeHeavyUser recorded 3 samples, mean = 18.3 (flags = 0x41)
0   ... 
16  -O                                                                        (1 = 33.3%) {0.0%}
17  O                                                                         (0 = 0.0%) {33.3%}
18  -O                                                                        (1 = 33.3%) {33.3%}
19  ... 
21  -O                                                                        (1 = 33.3%) {66.7%}
22  ... 

Histogram: SegmentationPlatform.SelectionFailedReason.SearchUser recorded 3 samples, mean = 18.3 (flags = 0x41)
0   ... 
16  -O                                                                        (1 = 33.3%) {0.0%}
17  O                                                                         (0 = 0.0%) {33.3%}
18  -O                                                                        (1 = 33.3%) {33.3%}
19  ... 
21  -O                                                                        (1 = 33.3%) {66.7%}
22  ... 

Histogram: SegmentationPlatform.SelectionFailedReason.ShoppingUser recorded 3 samples, mean = 18.3 (flags = 0x41)
0   ... 
16  -O                                                                        (1 = 33.3%) {0.0%}
17  O                                                                         (0 = 0.0%) {33.3%}
18  -O                                                                        (1 = 33.3%) {33.3%}
19  ... 
21  -O                                                                        (1 = 33.3%) {66.7%}
22  ... 

Histogram: SegmentationPlatform.SelectionFailedReason.URLVisitResumptionRanker recorded 1 samples, mean = 17.0 (flags = 0x41)
0   ... 
17  -O                                                                        (1 = 100.0%) {0.0%}
18  ... 

Histogram: SegmentationPlatform.SelectionFailedReason.WebAppInstallationPromo recorded 3 samples, mean = 17.3 (flags = 0x41)
0   ... 
11  -O                                                                        (1 = 33.3%) {0.0%}
12  ... 
17  -O                                                                        (1 = 33.3%) {33.3%}
18  ... 
24  -O                                                                        (1 = 33.3%) {66.7%}
25  ... 

Histogram: SegmentationPlatform.ShoppingUser.PostProcessing.TopLabel.Computed recorded 1 samples (flags = 0x41)
0  -O                                                                        (1 = 100.0%)

Histogram: SegmentationPlatform.SignalDatabase.GetSamples.DatabaseEntryCount recorded 19 samples, mean = 0.1 (flags = 0x41)
0  ------------------O                                                       (18 = 94.7%)
1  O                                                                         (0 = 0.0%) {94.7%}
2  -O                                                                        (1 = 5.3%) {94.7%}
3  ... 

Histogram: SegmentationPlatform.SignalDatabase.GetSamples.Result recorded 19 samples, mean = 1.0 (flags = 0x41)
0  O                                                                         (0 = 0.0%)
1  -------------------O                                                      (19 = 100.0%) {0.0%}
2  O                                                                         (0 = 0.0%) {100.0%}

Histogram: SegmentationPlatform.SignalDatabase.GetSamples.SampleCount recorded 19 samples, mean = 0.1 (flags = 0x41)
0  ------------------O                                                       (18 = 94.7%)
1  O                                                                         (0 = 0.0%) {94.7%}
2  -O                                                                        (1 = 5.3%) {94.7%}
3  ... 

Histogram: SegmentationPlatform.Signals.ListeningCount.HistogramEnum recorded 1 samples, mean = 7.0 (flags = 0x41)
0  ... 
7  -O                                                                        (1 = 100.0%) {0.0%}
8  ... 

Histogram: SegmentationPlatform.Signals.ListeningCount.HistogramValue recorded 1 samples, mean = 6.0 (flags = 0x41)
0  ... 
6  -O                                                                        (1 = 100.0%) {0.0%}
7  ... 

Histogram: SegmentationPlatform.Signals.ListeningCount.UserAction recorded 1 samples, mean = 7.0 (flags = 0x41)
0  ... 
7  -O                                                                        (1 = 100.0%) {0.0%}
8  ... 

Histogram: SegmentationPlatform.SyncSessions.TabsCountAtStartup recorded 1 samples, mean = 0.0 (flags = 0x41)
0  -O                                                                        (1 = 100.0%)
1  ... 

Histogram: SegmentationPlatform.UkmDatabase.InitTime recorded 1 samples, mean = 1.0 (flags = 0x41)
0  O                                                                         (0 = 0.0%)
1  -O                                                                        (1 = 100.0%) {0.0%}
2  ... 

Histogram: SegmentationPlatform.WebAppInstallationPromo.PostProcessing.TopLabel.Computed recorded 1 samples (flags = 0x41)
-2 -O                                                                        (1 = 100.0%)

Histogram: ServiceWorker.FindRegistrationForClientUrl.IsCalledForNavigation recorded 5 samples, mean = 0.2 (flags = 0x41)
0  ----O                                                                     (4 = 80.0%)
1  -O                                                                        (1 = 20.0%) {80.0%}
2  O                                                                         (0 = 0.0%) {100.0%}

Histogram: ServiceWorker.FindRegistrationForClientUrl.SkippedMojoCall.OnNavigation recorded 1 samples, mean = 0.0 (flags = 0x41)
0  -O                                                                        (1 = 100.0%)
1  ... 

Histogram: ServiceWorker.OnBrowserStartup.SkipServiceWorkerOnFirstNavigation recorded 1 samples, mean = 0.0 (flags = 0x41)
0  -O                                                                        (1 = 100.0%)
1  ... 

Histogram: ServiceWorker.RegisteredStorageKeyCount recorded 1 samples, mean = 0.0 (flags = 0x41)
0  -O                                                                        (1 = 100.0%)
1  ... 

Histogram: ServiceWorker.Storage.ReadInitialDataFromDB.Time recorded 1 samples, mean = 0.0 (flags = 0x41)
0  -O                                                                        (1 = 100.0%)
1  ... 

Histogram: ServiceWorker.Storage.RegisteredStorageKeyCacheInitialization.Time recorded 1 samples, mean = 2588.0 (flags = 0x41)
0     ... 
2415  -O                                                                        (1 = 100.0%) {0.0%}
3069  ... 

Histogram: SessionRestore.UnrecoverableWriteErrorCount recorded 1 samples, mean = 0.0 (flags = 0x41)
0  -O                                                                        (1 = 100.0%)
1  ... 

Histogram: SessionStorageContext.CommitResult recorded 2 samples, mean = 0.0 (flags = 0x41)
0  --O                                                                       (2 = 100.0%)
1  ... 

Histogram: Settings.AdvancedSpellcheck.OnStartup2 recorded 1 samples, mean = 0.0 (flags = 0x41)
0  -O                                                                        (1 = 100.0%)
1  ... 

Histogram: Settings.AutocompleteSearches.OnStartup2 recorded 1 samples, mean = 1.0 (flags = 0x41)
0  O                                                                         (0 = 0.0%)
1  -O                                                                        (1 = 100.0%) {0.0%}
2  O                                                                         (0 = 0.0%) {100.0%}

Histogram: Settings.FingerprintingProtection.Enabled recorded 1 samples, mean = 0.0 (flags = 0x41)
0  -O                                                                        (1 = 100.0%)
1  ... 

Histogram: Settings.FirstPartySets.State recorded 1 samples, mean = 0.0 (flags = 0x41)
0  -O                                                                        (1 = 100.0%)
1  ... 

Histogram: Settings.IpProtection.Enabled recorded 1 samples, mean = 0.0 (flags = 0x41)
0  -O                                                                        (1 = 100.0%)
1  ... 

Histogram: Settings.PreloadStatus.OnStartup3 recorded 1 samples, mean = 1.0 (flags = 0x41)
0  O                                                                         (0 = 0.0%)
1  -O                                                                        (1 = 100.0%) {0.0%}
2  ... 

Histogram: Settings.PrivacySandbox.AdMeasurement.Enabled recorded 1 samples, mean = 0.0 (flags = 0x41)
0  -O                                                                        (1 = 100.0%)
1  ... 

Histogram: Settings.PrivacySandbox.Fledge.Enabled recorded 1 samples, mean = 0.0 (flags = 0x41)
0  -O                                                                        (1 = 100.0%)
1  ... 

Histogram: Settings.PrivacySandbox.Topics.Enabled recorded 1 samples, mean = 0.0 (flags = 0x41)
0  -O                                                                        (1 = 100.0%)
1  ... 

Histogram: Settings.ShowHomeButton2 recorded 1 samples, mean = 0.0 (flags = 0x41)
0  -O                                                                        (1 = 100.0%)
1  ... 

Histogram: Settings.StartupPageLoadSettings2 recorded 1 samples, mean = 5.0 (flags = 0x41)
0  ... 
5  -O                                                                        (1 = 100.0%) {0.0%}
6  ... 

Histogram: Settings.TrackedPreferenceChanged.FromRegistry recorded 1 samples, mean = 5.0 (flags = 0x41)
0  ... 
5  -O                                                                        (1 = 100.0%) {0.0%}
6  ... 

Histogram: Settings.TrackedPreferenceUnchanged recorded 18 samples, mean = 14.5 (flags = 0x41)
0   -O                                                                        (1 = 5.6%)
1   -O                                                                        (1 = 5.6%) {5.6%}
2   -O                                                                        (1 = 5.6%) {11.1%}
3   -O                                                                        (1 = 5.6%) {16.7%}
4   -O                                                                        (1 = 5.6%) {22.2%}
5   -O                                                                        (1 = 5.6%) {27.8%}
6   -O                                                                        (1 = 5.6%) {33.3%}
7   -O                                                                        (1 = 5.6%) {38.9%}
8   ... 
11  -O                                                                        (1 = 5.6%) {44.4%}
12  ... 
14  -O                                                                        (1 = 5.6%) {50.0%}
15  -O                                                                        (1 = 5.6%) {55.6%}
16  ... 
18  -O                                                                        (1 = 5.6%) {61.1%}
19  ... 
23  -O                                                                        (1 = 5.6%) {66.7%}
24  -O                                                                        (1 = 5.6%) {72.2%}
25  ... 
29  -O                                                                        (1 = 5.6%) {77.8%}
30  ... 
32  -O                                                                        (1 = 5.6%) {83.3%}
33  -O                                                                        (1 = 5.6%) {88.9%}
34  -O                                                                        (1 = 5.6%) {94.4%}
35  O                                                                         (0 = 0.0%) {100.0%}

Histogram: Settings.TrackedPreferenceUnchanged.FromRegistry recorded 17 samples, mean = 15.1 (flags = 0x41)
0   -O                                                                        (1 = 5.9%)
1   -O                                                                        (1 = 5.9%) {5.9%}
2   -O                                                                        (1 = 5.9%) {11.8%}
3   -O                                                                        (1 = 5.9%) {17.6%}
4   -O                                                                        (1 = 5.9%) {23.5%}
5   O                                                                         (0 = 0.0%) {29.4%}
6   -O                                                                        (1 = 5.9%) {29.4%}
7   -O                                                                        (1 = 5.9%) {35.3%}
8   ... 
11  -O                                                                        (1 = 5.9%) {41.2%}
12  ... 
14  -O                                                                        (1 = 5.9%) {47.1%}
15  -O                                                                        (1 = 5.9%) {52.9%}
16  ... 
18  -O                                                                        (1 = 5.9%) {58.8%}
19  ... 
23  -O                                                                        (1 = 5.9%) {64.7%}
24  -O                                                                        (1 = 5.9%) {70.6%}
25  ... 
29  -O                                                                        (1 = 5.9%) {76.5%}
30  ... 
32  -O                                                                        (1 = 5.9%) {82.4%}
33  -O                                                                        (1 = 5.9%) {88.2%}
34  -O                                                                        (1 = 5.9%) {94.1%}
35  O                                                                         (0 = 0.0%) {100.0%}

Histogram: Settings.TrackingProtection.Enabled recorded 1 samples, mean = 0.0 (flags = 0x41)
0  -O                                                                        (1 = 100.0%)
1  ... 

Histogram: SharedDictionary.TimeInitializeDB recorded 1 samples, mean = 2.0 (flags = 0x41)
0  ... 
2  -O                                                                        (1 = 100.0%) {0.0%}
3  ... 

Histogram: Signin.APIKeyMatchesFeatureOnStartup recorded 3 samples, mean = 0.0 (flags = 0x41)
0  ---O                                                                      (3 = 100.0%)
1  ... 

Histogram: Signin.AccountTracker.CountOfLoadedAccounts recorded 1 samples, mean = 0.0 (flags = 0x41)
0  -O                                                                        (1 = 100.0%)
1  ... 

Histogram: Signin.ExplicitSigninMigration recorded 1 samples, mean = 0.0 (flags = 0x41)
0  -O                                                                        (1 = 100.0%)
1  ... 

Histogram: Signin.HadPreviousSyncAccount.SignedOutOnProfileLoad recorded 1 samples, mean = 0.0 (flags = 0x41)
0  -O                                                                        (1 = 100.0%)
1  ... 

Histogram: Signin.HadPreviousSyncAccount.SyncOffOnProfileLoad recorded 1 samples, mean = 0.0 (flags = 0x41)
0  -O                                                                        (1 = 100.0%)
1  ... 

Histogram: Signin.ListAccountsFailure recorded 1 samples, mean = 0.0 (flags = 0x41)
0  -O                                                                        (1 = 100.0%)
1  ... 

Histogram: Signin.PAMInitialize.PrimaryAccountPrefs recorded 1 samples, mean = 2.0 (flags = 0x41)
0  ... 
2  -O                                                                        (1 = 100.0%) {0.0%}
3  ... 

Histogram: Signin.SigninAllowed recorded 1 samples, mean = 0.0 (flags = 0x41)
0  -O                                                                        (1 = 100.0%)
1  ... 

Histogram: Signin.TokenTable.GetAllTokensSqlStatementValidity recorded 1 samples, mean = 1.0 (flags = 0x41)
0  O                                                                         (0 = 0.0%)
1  -O                                                                        (1 = 100.0%) {0.0%}
2  O                                                                         (0 = 0.0%) {100.0%}

Histogram: SimpleCache.App.CacheSizeOnInit recorded 1 samples, mean = 0.0 (flags = 0x41)
0  -O                                                                        (1 = 100.0%)
1000... 

Histogram: SimpleCache.App.ConsistencyResult recorded 1 samples, mean = 0.0 (flags = 0x41)
0  -O                                                                        (1 = 100.0%)
1  ... 

Histogram: SimpleCache.App.CreationToIndex recorded 1 samples, mean = 5.0 (flags = 0x41)
0  ... 
5  -O                                                                        (1 = 100.0%) {0.0%}
6  ... 

Histogram: SimpleCache.App.IndexFileStateOnLoad recorded 1 samples, mean = 2.0 (flags = 0x41)
0  ... 
2  -O                                                                        (1 = 100.0%) {0.0%}
3  ... 

Histogram: SimpleCache.App.IndexInitializeMethod recorded 1 samples, mean = 1.0 (flags = 0x41)
0  O                                                                         (0 = 0.0%)
1  -O                                                                        (1 = 100.0%) {0.0%}
2  ... 

Histogram: SimpleCache.App.IndexNumEntriesOnInit recorded 1 samples, mean = 0.0 (flags = 0x41)
0  -O                                                                        (1 = 100.0%)
1  ... 

Histogram: SimpleCache.App.MaxCacheSizeOnInit recorded 1 samples, mean = 0.0 (flags = 0x41)
0  -O                                                                        (1 = 100.0%)
1000... 

Histogram: SimpleCache.Code.CacheSizeOnInit recorded 1 samples, mean = 6734.0 (flags = 0x41)
0     ... 
6124  -O                                                                        (1 = 100.0%) {0.0%}
6971  ... 

Histogram: SimpleCache.Code.ConsistencyResult recorded 1 samples, mean = 0.0 (flags = 0x41)
0  -O                                                                        (1 = 100.0%)
1  ... 

Histogram: SimpleCache.Code.CreationToIndex recorded 1 samples, mean = 2.0 (flags = 0x41)
0  ... 
2  -O                                                                        (1 = 100.0%) {0.0%}
3  ... 

Histogram: SimpleCache.Code.DiskCloseLatency recorded 29 samples, mean = 0.0 (flags = 0x41)
0  -----------------------------O                                            (29 = 100.0%)
1  ... 

Histogram: SimpleCache.Code.DiskCreateLatency recorded 1 samples, mean = 0.0 (flags = 0x40)
0  -O                                                                        (1 = 100.0%)
1  ... 

Histogram: SimpleCache.Code.DiskDoomLatency recorded 1 samples, mean = 0.0 (flags = 0x41)
0  -O                                                                        (1 = 100.0%)
1  ... 

Histogram: SimpleCache.Code.DiskOpenLatency recorded 28 samples, mean = 0.0 (flags = 0x41)
0  ---------------------------O                                              (27 = 96.4%)
1  -O                                                                        (1 = 3.6%) {96.4%}
2  ... 

Histogram: SimpleCache.Code.EntryCreationTime recorded 29 samples, mean = 0.3 (flags = 0x41)
0  -------------------O                                                      (19 = 65.5%)
1  ----------O                                                               (10 = 34.5%) {65.5%}
2  ... 

Histogram: SimpleCache.Code.HeaderSize recorded 3 samples, mean = 236.0 (flags = 0x41)
0    ... 
34   --O                                                                       (2 = 66.7%) {0.0%}
40   ... 
633  -O                                                                        (1 = 33.3%) {66.7%}
752  ... 

Histogram: SimpleCache.Code.IndexFileStateOnLoad recorded 1 samples, mean = 2.0 (flags = 0x41)
0  ... 
2  -O                                                                        (1 = 100.0%) {0.0%}
3  ... 

Histogram: SimpleCache.Code.IndexInitializeMethod recorded 1 samples, mean = 1.0 (flags = 0x41)
0  O                                                                         (0 = 0.0%)
1  -O                                                                        (1 = 100.0%) {0.0%}
2  ... 

Histogram: SimpleCache.Code.IndexNumEntriesOnInit recorded 1 samples, mean = 114.0 (flags = 0x41)
0   ... 
95  -O                                                                        (1 = 100.0%) {0.0%}
119 ... 

Histogram: SimpleCache.Code.MaxCacheSizeOnInit recorded 1 samples, mean = 233900.0 (flags = 0x41)
0       ... 
229921  -O                                                                        (1 = 100.0%) {0.0%}
261704  ... 

Histogram: SimpleCache.Code.OpenEntryIndexState recorded 33 samples, mean = 1.8 (flags = 0x41)
0  O                                                                         (0 = 0.0%)
1  -----O                                                                    (5 = 15.2%) {0.0%}
2  ----------------------------O                                             (28 = 84.8%) {15.2%}
3  O                                                                         (0 = 0.0%) {100.0%}

Histogram: SimpleCache.Code.SyncCheckEOFResult recorded 37 samples, mean = 0.0 (flags = 0x40)
0  -------------------------------------O                                    (37 = 100.0%)
1  ... 

Histogram: SimpleCache.Code.SyncCloseResult recorded 29 samples, mean = 0.0 (flags = 0x40)
0  -----------------------------O                                            (29 = 100.0%)
1  ... 

Histogram: SimpleCache.Code.SyncOpenPrefetchMode recorded 28 samples, mean = 0.0 (flags = 0x41)
0  ----------------------------O                                             (28 = 100.0%)
1  ... 

Histogram: SimpleCache.Code.SyncOpenResult recorded 28 samples, mean = 0.0 (flags = 0x40)
0  ----------------------------O                                             (28 = 100.0%)
1  ... 

Histogram: SiteEngagementService.EngagementScore recorded 2 samples, mean = 12.0 (flags = 0x41)
0   ... 
12  --O                                                                       (2 = 100.0%) {0.0%}
13  ... 

Histogram: SiteEngagementService.EngagementType recorded 1 samples, mean = 0.0 (flags = 0x41)
0  -O                                                                        (1 = 100.0%)
1  ... 

Histogram: SiteEngagementService.MeanEngagement recorded 1 samples, mean = 12.0 (flags = 0x41)
0   ... 
12  -O                                                                        (1 = 100.0%) {0.0%}
13  ... 

Histogram: SiteEngagementService.MedianEngagement recorded 1 samples, mean = 12.0 (flags = 0x41)
0   ... 
12  -O                                                                        (1 = 100.0%) {0.0%}
13  ... 

Histogram: SiteEngagementService.OriginsEngaged recorded 1 samples, mean = 2.0 (flags = 0x41)
0  ... 
2  -O                                                                        (1 = 100.0%) {0.0%}
3  ... 

Histogram: SiteIsolatedCodeCache.JS.Behaviour recorded 34 samples, mean = 0.5 (flags = 0x41)
0  --------------------------O                                               (26 = 76.5%)
1  ----O                                                                     (4 = 11.8%) {76.5%}
2  -O                                                                        (1 = 2.9%) {88.2%}
3  --O                                                                       (2 = 5.9%) {91.2%}
4  -O                                                                        (1 = 2.9%) {97.1%}
5  ... 

Histogram: SiteIsolatedCodeCache.JS.FetchCodeCache recorded 21 samples, mean = 0.9 (flags = 0x41)
0  -----O                                                                    (5 = 23.8%)
1  --------------O                                                           (14 = 66.7%) {23.8%}
2  --O                                                                       (2 = 9.5%) {90.5%}
3  ... 

Histogram: SiteIsolatedCodeCache.JS.Hit recorded 25 samples, mean = 0.8 (flags = 0x41)
0  ----O                                                                     (4 = 16.0%)
1  ---------------------O                                                    (21 = 84.0%) {16.0%}
2  O                                                                         (0 = 0.0%) {100.0%}

Histogram: SiteIsolatedCodeCache.JS.PotentialMemoryBackedCodeCacheHit recorded 25 samples, mean = 0.0 (flags = 0x41)
0  -------------------------O                                                (25 = 100.0%)
1  ... 

Histogram: SiteIsolatedCodeCache.WASM.Behaviour recorded 5 samples, mean = 1.0 (flags = 0x41)
0  O                                                                         (0 = 0.0%)
1  -----O                                                                    (5 = 100.0%) {0.0%}
2  ... 

Histogram: SiteIsolation.BrowsingInstance.MaxCountPerProcess recorded 3 samples, mean = 0.7 (flags = 0x41)
0  -O                                                                        (1 = 33.3%)
1  --O                                                                       (2 = 66.7%) {33.3%}
2  ... 

Histogram: SiteIsolation.NewProcessUsedForNavigationWhenSameSiteProcessExists recorded 1 samples, mean = 0.0 (flags = 0x41)
0  -O                                                                        (1 = 100.0%)
1  ... 

Histogram: SiteIsolation.ProcessPerSiteWithMainFrameThreshold.IsDevToolsUser recorded 1 samples, mean = 0.0 (flags = 0x41)
0  -O                                                                        (1 = 100.0%)
1  ... 

Histogram: Skia.SubmitRenderPasses recorded 21 samples, mean = 1.4 (flags = 0x41)
0  -----------O                                                              (11 = 52.4%)
1  ---O                                                                      (3 = 14.3%) {52.4%}
2  -O                                                                        (1 = 4.8%) {66.7%}
3  O                                                                         (0 = 0.0%) {71.4%}
4  ------O                                                                   (6 = 28.6%) {71.4%}
5  ... 

Histogram: Sql.Statement.Affiliation.VMSteps recorded 15 samples, mean = 15.5 (flags = 0x41)
0   ... 
3   ----O                                                                     (4 = 26.7%) {0.0%}
4   O                                                                         (0 = 0.0%) {26.7%}
5   -O                                                                        (1 = 6.7%) {26.7%}
6   -O                                                                        (1 = 6.7%) {33.3%}
7   ... 
12  -----O                                                                    (5 = 33.3%) {40.0%}
14  ... 
20  -O                                                                        (1 = 6.7%) {73.3%}
24  O                                                                         (0 = 0.0%) {80.0%}
29  -O                                                                        (1 = 6.7%) {80.0%}
34  O                                                                         (0 = 0.0%) {86.7%}
40  -O                                                                        (1 = 6.7%) {86.7%}
48  -O                                                                        (1 = 6.7%) {93.3%}
57  ... 

Histogram: Sql.Statement.BrowsingTopics.VMSteps recorded 12 samples, mean = 8.0 (flags = 0x41)
0   ... 
3   ----O                                                                     (4 = 33.3%) {0.0%}
4   O                                                                         (0 = 0.0%) {33.3%}
5   -O                                                                        (1 = 8.3%) {33.3%}
6   ... 
8   --O                                                                       (2 = 16.7%) {41.7%}
10  O                                                                         (0 = 0.0%) {58.3%}
12  -----O                                                                    (5 = 41.7%) {58.3%}
14  ... 

Histogram: Sql.Statement.Cookie.VMSteps recorded 32 samples, mean = 23.4 (flags = 0x41)
0   ... 
3   ------O                                                                   (6 = 18.8%) {0.0%}
4   O                                                                         (0 = 0.0%) {18.8%}
5   --O                                                                       (2 = 6.2%) {18.8%}
6   O                                                                         (0 = 0.0%) {25.0%}
7   -O                                                                        (1 = 3.1%) {25.0%}
8   ... 
12  ----------O                                                               (10 = 31.2%) {28.1%}
14  ... 
20  --O                                                                       (2 = 6.2%) {59.4%}
24  --O                                                                       (2 = 6.2%) {65.6%}
29  O                                                                         (0 = 0.0%) {71.9%}
34  ---O                                                                      (3 = 9.4%) {71.9%}
40  O                                                                         (0 = 0.0%) {81.2%}
48  --O                                                                       (2 = 6.2%) {81.2%}
57  ---O                                                                      (3 = 9.4%) {87.5%}
68  ... 
96  -O                                                                        (1 = 3.1%) {96.9%}
114 ... 

Histogram: Sql.Statement.DIPS.VMSteps recorded 24 samples, mean = 12.2 (flags = 0x41)
0   ... 
3   --O                                                                       (2 = 8.3%) {0.0%}
4   O                                                                         (0 = 0.0%) {8.3%}
5   -O                                                                        (1 = 4.2%) {8.3%}
6   ... 
8   ---O                                                                      (3 = 12.5%) {12.5%}
10  --O                                                                       (2 = 8.3%) {25.0%}
12  -----------O                                                              (11 = 45.8%) {33.3%}
14  --O                                                                       (2 = 8.3%) {79.2%}
17  -O                                                                        (1 = 4.2%) {87.5%}
20  O                                                                         (0 = 0.0%) {91.7%}
24  --O                                                                       (2 = 8.3%) {91.7%}
29  ... 

Histogram: Sql.Statement.FirstPartySets.VMSteps recorded 31 samples, mean = 9.2 (flags = 0x41)
0   ... 
3   ----------O                                                               (10 = 32.3%) {0.0%}
4   O                                                                         (0 = 0.0%) {32.3%}
5   -O                                                                        (1 = 3.2%) {32.3%}
6   ... 
8   ----O                                                                     (4 = 12.9%) {35.5%}
10  ---O                                                                      (3 = 9.7%) {48.4%}
12  -----------O                                                              (11 = 35.5%) {58.1%}
14  ... 
20  -O                                                                        (1 = 3.2%) {93.5%}
24  -O                                                                        (1 = 3.2%) {96.8%}
29  ... 

Histogram: Sql.Statement.History.VMSteps recorded 69 samples, mean = 28.8 (flags = 0x41)
0    ... 
3    ------O                                                                   (6 = 8.7%) {0.0%}
4    O                                                                         (0 = 0.0%) {8.7%}
5    -O                                                                        (1 = 1.4%) {8.7%}
6    --O                                                                       (2 = 2.9%) {10.1%}
7    O                                                                         (0 = 0.0%) {13.0%}
8    ----O                                                                     (4 = 5.8%) {13.0%}
10   ----O                                                                     (4 = 5.8%) {18.8%}
12   -----------O                                                              (11 = 15.9%) {24.6%}
14   ---O                                                                      (3 = 4.3%) {40.6%}
17   -------------O                                                            (13 = 18.8%) {44.9%}
20   ---O                                                                      (3 = 4.3%) {63.8%}
24   ------O                                                                   (6 = 8.7%) {68.1%}
29   ---O                                                                      (3 = 4.3%) {76.8%}
34   -O                                                                        (1 = 1.4%) {81.2%}
40   O                                                                         (0 = 0.0%) {82.6%}
48   --O                                                                       (2 = 2.9%) {82.6%}
57   -O                                                                        (1 = 1.4%) {85.5%}
68   ----O                                                                     (4 = 5.8%) {87.0%}
81   -O                                                                        (1 = 1.4%) {92.8%}
96   -O                                                                        (1 = 1.4%) {94.2%}
114  O                                                                         (0 = 0.0%) {95.7%}
135  ---O                                                                      (3 = 4.3%) {95.7%}
160  ... 

Histogram: Sql.Statement.OptOutBlacklist.VMSteps recorded 4 samples, mean = 10.8 (flags = 0x41)
0   ... 
5   -O                                                                        (1 = 25.0%) {0.0%}
6   O                                                                         (0 = 0.0%) {25.0%}
7   -O                                                                        (1 = 25.0%) {25.0%}
8   O                                                                         (0 = 0.0%) {50.0%}
10  -O                                                                        (1 = 25.0%) {50.0%}
12  ... 
20  -O                                                                        (1 = 25.0%) {75.0%}
24  ... 

Histogram: Sql.Statement.Passwords.VMSteps recorded 53 samples, mean = 23.9 (flags = 0x41)
0   ... 
3   ----O                                                                     (4 = 7.5%) {0.0%}
4   O                                                                         (0 = 0.0%) {7.5%}
5   --O                                                                       (2 = 3.8%) {7.5%}
6   --------O                                                                 (8 = 15.1%) {11.3%}
7   ----O                                                                     (4 = 7.5%) {26.4%}
8   ---O                                                                      (3 = 5.7%) {34.0%}
10  O                                                                         (0 = 0.0%) {39.6%}
12  ------------O                                                             (12 = 22.6%) {39.6%}
14  --O                                                                       (2 = 3.8%) {62.3%}
17  O                                                                         (0 = 0.0%) {66.0%}
20  --O                                                                       (2 = 3.8%) {66.0%}
24  ... 
34  --O                                                                       (2 = 3.8%) {69.8%}
40  ----O                                                                     (4 = 7.5%) {73.6%}
48  O                                                                         (0 = 0.0%) {81.1%}
57  ----O                                                                     (4 = 7.5%) {81.1%}
68  ------O                                                                   (6 = 11.3%) {88.7%}
81  ... 

Histogram: Sql.Statement.Predictor.VMSteps recorded 15 samples, mean = 15.9 (flags = 0x41)
0   ... 
3   --O                                                                       (2 = 13.3%) {0.0%}
4   O                                                                         (0 = 0.0%) {13.3%}
5   -O                                                                        (1 = 6.7%) {13.3%}
6   -O                                                                        (1 = 6.7%) {20.0%}
7   O                                                                         (0 = 0.0%) {26.7%}
8   -O                                                                        (1 = 6.7%) {26.7%}
10  ----O                                                                     (4 = 26.7%) {33.3%}
12  -O                                                                        (1 = 6.7%) {60.0%}
14  -O                                                                        (1 = 6.7%) {66.7%}
17  ... 
24  -O                                                                        (1 = 6.7%) {73.3%}
29  -O                                                                        (1 = 6.7%) {80.0%}
34  O                                                                         (0 = 0.0%) {86.7%}
40  -O                                                                        (1 = 6.7%) {86.7%}
48  -O                                                                        (1 = 6.7%) {93.3%}
57  ... 

Histogram: Sql.Statement.Quota.VMSteps recorded 15 samples, mean = 8.9 (flags = 0x41)
0   ... 
3   ----O                                                                     (4 = 26.7%) {0.0%}
4   O                                                                         (0 = 0.0%) {26.7%}
5   -O                                                                        (1 = 6.7%) {26.7%}
6   ... 
8   -O                                                                        (1 = 6.7%) {33.3%}
10  -O                                                                        (1 = 6.7%) {40.0%}
12  --------O                                                                 (8 = 53.3%) {46.7%}
14  ... 

Histogram: Sql.Statement.ReportingAndNEL.VMSteps recorded 12 samples, mean = 13.8 (flags = 0x41)
0   ... 
3   --O                                                                       (2 = 16.7%) {0.0%}
4   O                                                                         (0 = 0.0%) {16.7%}
5   -O                                                                        (1 = 8.3%) {16.7%}
6   -O                                                                        (1 = 8.3%) {25.0%}
7   ... 
12  -----O                                                                    (5 = 41.7%) {33.3%}
14  ... 
20  -O                                                                        (1 = 8.3%) {75.0%}
24  O                                                                         (0 = 0.0%) {83.3%}
29  -O                                                                        (1 = 8.3%) {83.3%}
34  -O                                                                        (1 = 8.3%) {91.7%}
40  ... 

Histogram: Sql.Statement.SharedDictionary.VMSteps recorded 20 samples, mean = 9.1 (flags = 0x41)
0   ... 
3   --------O                                                                 (8 = 40.0%) {0.0%}
4   O                                                                         (0 = 0.0%) {40.0%}
5   -O                                                                        (1 = 5.0%) {40.0%}
6   ... 
8   -O                                                                        (1 = 5.0%) {45.0%}
10  O                                                                         (0 = 0.0%) {50.0%}
12  -------O                                                                  (7 = 35.0%) {50.0%}
14  O                                                                         (0 = 0.0%) {85.0%}
17  --O                                                                       (2 = 10.0%) {85.0%}
20  -O                                                                        (1 = 5.0%) {95.0%}
24  ... 

Histogram: Sql.Statement.SharedStorage.VMSteps recorded 3 samples, mean = 7.7 (flags = 0x41)
0   ... 
5   -O                                                                        (1 = 33.3%) {0.0%}
6   ... 
8   -O                                                                        (1 = 33.3%) {33.3%}
10  -O                                                                        (1 = 33.3%) {66.7%}
12  ... 

Histogram: Sql.Statement.Thumbnail.VMSteps recorded 20 samples, mean = 10.6 (flags = 0x41)
0   ... 
3   ------O                                                                   (6 = 30.0%) {0.0%}
4   O                                                                         (0 = 0.0%) {30.0%}
5   -O                                                                        (1 = 5.0%) {30.0%}
6   ... 
8   -O                                                                        (1 = 5.0%) {35.0%}
10  O                                                                         (0 = 0.0%) {40.0%}
12  ----------O                                                               (10 = 50.0%) {40.0%}
14  ... 
24  -O                                                                        (1 = 5.0%) {90.0%}
29  -O                                                                        (1 = 5.0%) {95.0%}
34  ... 

Histogram: Sql.Statement.TopSites.VMSteps recorded 13 samples, mean = 12.7 (flags = 0x41)
0   ... 
3   --O                                                                       (2 = 15.4%) {0.0%}
4   O                                                                         (0 = 0.0%) {15.4%}
5   -O                                                                        (1 = 7.7%) {15.4%}
6   ... 
12  ---------O                                                                (9 = 69.2%) {23.1%}
14  ... 
40  -O                                                                        (1 = 7.7%) {92.3%}
48  ... 

Histogram: Sql.Statement.TrustTokens.VMSteps recorded 16 samples, mean = 14.1 (flags = 0x41)
0   ... 
3   --O                                                                       (2 = 12.5%) {0.0%}
4   O                                                                         (0 = 0.0%) {12.5%}
5   -O                                                                        (1 = 6.2%) {12.5%}
6   ---O                                                                      (3 = 18.8%) {18.8%}
7   ... 
10  -O                                                                        (1 = 6.2%) {37.5%}
12  -----O                                                                    (5 = 31.2%) {43.8%}
14  ... 
20  -O                                                                        (1 = 6.2%) {75.0%}
24  O                                                                         (0 = 0.0%) {81.2%}
29  -O                                                                        (1 = 6.2%) {81.2%}
34  --O                                                                       (2 = 12.5%) {87.5%}
40  ... 

Histogram: Sql.Statement.UKMMetrics.VMSteps recorded 24 samples, mean = 17.8 (flags = 0x41)
0   ... 
3   ---O                                                                      (3 = 12.5%) {0.0%}
4   O                                                                         (0 = 0.0%) {12.5%}
5   -O                                                                        (1 = 4.2%) {12.5%}
6   ... 
8   -----O                                                                    (5 = 20.8%) {16.7%}
10  O                                                                         (0 = 0.0%) {37.5%}
12  ----O                                                                     (4 = 16.7%) {37.5%}
14  ... 
20  -----O                                                                    (5 = 20.8%) {54.2%}
24  -O                                                                        (1 = 4.2%) {75.0%}
29  -O                                                                        (1 = 4.2%) {79.2%}
34  -O                                                                        (1 = 4.2%) {83.3%}
40  ---O                                                                      (3 = 12.5%) {87.5%}
48  ... 

Histogram: Sql.Statement.Web.VMSteps recorded 116 samples, mean = 53.1 (flags = 0x41)
0    ... 
3    --------O                                                                 (8 = 6.9%) {0.0%}
4    -O                                                                        (1 = 0.9%) {6.9%}
5    -O                                                                        (1 = 0.9%) {7.8%}
6    ------------O                                                             (12 = 10.3%) {8.6%}
7    ----------O                                                               (10 = 8.6%) {19.0%}
8    ------O                                                                   (6 = 5.2%) {27.6%}
10   ---------O                                                                (9 = 7.8%) {32.8%}
12   --------------O                                                           (14 = 12.1%) {40.5%}
14   -O                                                                        (1 = 0.9%) {52.6%}
17   ---O                                                                      (3 = 2.6%) {53.4%}
20   -O                                                                        (1 = 0.9%) {56.0%}
24   -O                                                                        (1 = 0.9%) {56.9%}
29   --O                                                                       (2 = 1.7%) {57.8%}
34   --O                                                                       (2 = 1.7%) {59.5%}
40   --O                                                                       (2 = 1.7%) {61.2%}
48   ---O                                                                      (3 = 2.6%) {62.9%}
57   ----O                                                                     (4 = 3.4%) {65.5%}
68   ----O                                                                     (4 = 3.4%) {69.0%}
81   --O                                                                       (2 = 1.7%) {72.4%}
96   -------O                                                                  (7 = 6.0%) {74.1%}
114  -----O                                                                    (5 = 4.3%) {80.2%}
135  -------O                                                                  (7 = 6.0%) {84.5%}
160  -----O                                                                    (5 = 4.3%) {90.5%}
190  ------O                                                                   (6 = 5.2%) {94.8%}
226  ... 

Histogram: Sql.vfs.SyncTime recorded 35 samples, mean = 0.3 (flags = 0x41)
0  ----------------------------------O                                       (34 = 97.1%)
1  ... 
8  -O                                                                        (1 = 2.9%) {97.1%}
10 ... 

Histogram: Stability.Counts2 recorded 8 samples, mean = 24.2 (flags = 0x43)
0   ... 
2   -O                                                                        (1 = 12.5%) {0.0%}
3   ... 
15  -O                                                                        (1 = 12.5%) {12.5%}
16  ... 
26  ---O                                                                      (3 = 37.5%) {25.0%}
27  ... 
33  ---O                                                                      (3 = 37.5%) {62.5%}
34  O                                                                         (0 = 0.0%) {100.0%}

Histogram: Stability.Experimental.PageLoads recorded 1 samples, mean = 17.0 (flags = 0x41)
0   ... 
17  -O                                                                        (1 = 100.0%) {0.0%}
18  O                                                                         (0 = 0.0%) {100.0%}

Histogram: Startup.AfterStartupTaskCount recorded 1 samples, mean = 2.0 (flags = 0x41)
0  ... 
2  -O                                                                        (1 = 100.0%) {0.0%}
3  ... 

Histogram: Startup.AfterStartupTaskDelayedUntilTime recorded 1 samples, mean = 20543.0 (flags = 0x41)
0      ... 
15215  -O                                                                        (1 = 100.0%) {0.0%}
20614  ... 

Histogram: Startup.BrowserMainRunnerImplInitializeLongTime recorded 1 samples, mean = 84.0 (flags = 0x41)
0   ... 
77  -O                                                                        (1 = 100.0%) {0.0%}
89  ... 

Histogram: Startup.BrowserMessageLoopFirstIdle recorded 1 samples, mean = 107775.0 (flags = 0x41)
0      ... 
99734  -O                                                                        (1 = 100.0%) {0.0%}
115118 ... 

Histogram: Startup.BrowserMessageLoopStartTime recorded 1 samples, mean = 105.0 (flags = 0x41)
0    ... 
103  -O                                                                        (1 = 100.0%) {0.0%}
119  ... 

Histogram: Startup.CreateFirstProfile recorded 1 samples, mean = 41.0 (flags = 0x41)
0   ... 
35  -O                                                                        (1 = 100.0%) {0.0%}
47  ... 

Histogram: Startup.FirstWebContents.FinishReason recorded 1 samples, mean = 6.0 (flags = 0x41)
0  ... 
6  -O                                                                        (1 = 100.0%) {0.0%}
7  ... 

Histogram: Startup.LoadTime.ApplicationStartToChromeMain recorded 1 samples, mean = 0.0 (flags = 0x41)
0  -O                                                                        (1 = 100.0%)
1  ... 

Histogram: Startup.LoadTime.ProcessCreateToApplicationStart recorded 1 samples, mean = 11721.0 (flags = 0x41)
0      ... 
11230  -O                                                                        (1 = 100.0%) {0.0%}
15215  ... 

Histogram: Startup.LoadTime.RecordedProcessCreation recorded 1 samples, mean = 1.0 (flags = 0x1)
0  O                                                                         (0 = 0.0%)
1  -O                                                                        (1 = 100.0%) {0.0%}
2  O                                                                         (0 = 0.0%) {100.0%}

Histogram: Startup.PreMainMessageLoopRunImplLongTime recorded 1 samples, mean = 49.0 (flags = 0x41)
0   ... 
43  -O                                                                        (1 = 100.0%) {0.0%}
50  ... 

Histogram: Startup.Renderer.LoadTime.ApplicationStartToRendererStartRunLoop recorded 1 samples, mean = 22.0 (flags = 0x41)
0   ... 
20  -O                                                                        (1 = 100.0%) {0.0%}
25  ... 

Histogram: Startup.Renderer.LoadTime.ChromeMainToRendererStartRunLoop recorded 1 samples, mean = 22.0 (flags = 0x41)
0   ... 
20  -O                                                                        (1 = 100.0%) {0.0%}
25  ... 

Histogram: Startup.Renderer.LoadTime.ProcessCreationToRendererStartRunLoop recorded 1 samples, mean = 70.0 (flags = 0x41)
0   ... 
66  -O                                                                        (1 = 100.0%) {0.0%}
84  ... 

Histogram: Startup.Temperature recorded 1 samples, mean = 3.0 (flags = 0x41)
0  ... 
3  -O                                                                        (1 = 100.0%) {0.0%}
4  O                                                                         (0 = 0.0%) {100.0%}

Histogram: Storage.Blob.CreateDirectoryResult recorded 1 samples, mean = 0.0 (flags = 0x41)
0  -O                                                                        (1 = 100.0%)
1  ... 

Histogram: Storage.SessionStorage.RendererAreaCacheHit recorded 1 samples, mean = 0.0 (flags = 0x41)
0  -O                                                                        (1 = 100.0%)
1  ... 

Histogram: Storage.SharedStorage.Database.Timing.OpenImpl recorded 1 samples, mean = 2.0 (flags = 0x41)
0  ... 
2  -O                                                                        (1 = 100.0%) {0.0%}
3  ... 

Histogram: Storage.SharedStorage.OnShutdown.NumSqlErrors recorded 1 samples, mean = 0.0 (flags = 0x41)
0  -O                                                                        (1 = 100.0%)
1  ... 

Histogram: Storage.SharedStorage.OnShutdown.RecoveryFromInitFailureAttempted recorded 1 samples, mean = 0.0 (flags = 0x41)
0  -O                                                                        (1 = 100.0%)
1  ... 

Histogram: Storage.SharedStorage.OnShutdown.RecoveryOnDiskAttempted recorded 1 samples, mean = 0.0 (flags = 0x41)
0  -O                                                                        (1 = 100.0%)
1  ... 

Histogram: Storage.SharedStorage.Worklet.NumPerPage recorded 1 samples, mean = 0.0 (flags = 0x41)
0  -O                                                                        (1 = 100.0%)
1  ... 

Histogram: Storage.SharedStorage.Worklet.SelectURL.CallsPerPage recorded 1 samples, mean = 0.0 (flags = 0x41)
0  -O                                                                        (1 = 100.0%)
1  ... 

Histogram: Style.InvalidationTime recorded 3 samples, mean = 31.7 (flags = 0x41)
0   ... 
21  -O                                                                        (1 = 33.3%) {0.0%}
29  -O                                                                        (1 = 33.3%) {33.3%}
40  -O                                                                        (1 = 33.3%) {66.7%}
55  ... 

Histogram: Style.RebuildLayoutTreeTime recorded 9 samples, mean = 259.9 (flags = 0x41)
0     ... 
3     -O                                                                        (1 = 11.1%) {0.0%}
4     ... 
29    ----O                                                                     (4 = 44.4%) {11.1%}
40    -O                                                                        (1 = 11.1%) {55.6%}
55    -O                                                                        (1 = 11.1%) {66.7%}
76    ... 
146   -O                                                                        (1 = 11.1%) {77.8%}
203   ... 
1447  -O                                                                        (1 = 11.1%) {88.9%}
2008  ... 

Histogram: Style.RecalcTime recorded 10 samples, mean = 1429.6 (flags = 0x41)
0     ... 
6     -O                                                                        (1 = 10.0%) {0.0%}
8     ... 
55    -O                                                                        (1 = 10.0%) {10.0%}
76    O                                                                         (0 = 0.0%) {20.0%}
105   -O                                                                        (1 = 10.0%) {20.0%}
146   ... 
282   -O                                                                        (1 = 10.0%) {30.0%}
391   ... 
1043  -O                                                                        (1 = 10.0%) {40.0%}
1447  --O                                                                       (2 = 20.0%) {50.0%}
2008  --O                                                                       (2 = 20.0%) {70.0%}
2786  -O                                                                        (1 = 10.0%) {90.0%}
3865  ... 

Histogram: SubresourceFilter.MainFrameLoad.RulesetIsAvailableAnyActivationLevel recorded 1 samples, mean = 0.0 (flags = 0x41)
0  -O                                                                        (1 = 100.0%)
1  ... 

Histogram: SubresourceFilter.PageLoad.ActivationDecision recorded 1 samples, mean = 1.0 (flags = 0x41)
0  O                                                                         (0 = 0.0%)
1  -O                                                                        (1 = 100.0%) {0.0%}
2  ... 

Histogram: SubresourceFilter.PageLoad.ActivationList recorded 1 samples, mean = 0.0 (flags = 0x41)
0  -O                                                                        (1 = 100.0%)
1  ... 

Histogram: SubresourceFilter.PageLoad.ActivationState recorded 2 samples, mean = 0.0 (flags = 0x41)
0  --O                                                                       (2 = 100.0%)
1  ... 

Histogram: SubresourceFilter.PageLoad.SafeBrowsingDelay recorded 1 samples, mean = 0.0 (flags = 0x41)
0  -O                                                                        (1 = 100.0%)
1  ... 

Histogram: SubresourceFilter.SafeBrowsing.TotalCheckTime recorded 2 samples, mean = 0.0 (flags = 0x41)
0  --O                                                                       (2 = 100.0%)
1  ... 

Histogram: Sync.ModelTypeStoreBackendError.ReadRecords recorded 5 samples, mean = 1.0 (flags = 0x41)
0  O                                                                         (0 = 0.0%)
1  -----O                                                                    (5 = 100.0%) {0.0%}
2  ... 

Histogram: Sync.ModelTypeStoreBackendInitializationSuccess recorded 1 samples, mean = 1.0 (flags = 0x41)
0  O                                                                         (0 = 0.0%)
1  -O                                                                        (1 = 100.0%) {0.0%}
2  O                                                                         (0 = 0.0%) {100.0%}

Histogram: Sync.PassphraseType2 recorded 1 samples, mean = 0.0 (flags = 0x41)
0  -O                                                                        (1 = 100.0%)
1  ... 

Histogram: Sync.SyncToSigninMigrationDecision recorded 1 samples, mean = 1.0 (flags = 0x41)
0  O                                                                         (0 = 0.0%)
1  -O                                                                        (1 = 100.0%) {0.0%}
2  ... 

Histogram: Sync.TrustedVaultFileReadStatus recorded 1 samples, mean = 0.0 (flags = 0x41)
0  -O                                                                        (1 = 100.0%)
1  ... 

Histogram: Sync.TrustedVaultFileWriteSuccess recorded 1 samples, mean = 1.0 (flags = 0x41)
0  O                                                                         (0 = 0.0%)
1  -O                                                                        (1 = 100.0%) {0.0%}
2  O                                                                         (0 = 0.0%) {100.0%}

Histogram: TabGroups.CollapsedGroupCountPerLoad recorded 1 samples, mean = 0.0 (flags = 0x41)
0  -O                                                                        (1 = 100.0%)
1  ... 

Histogram: TabGroups.UserCustomizedGroupCountPerLoad recorded 1 samples, mean = 0.0 (flags = 0x41)
0  -O                                                                        (1 = 100.0%)
1  ... 

Histogram: TabGroups.UserGroupCountPerLoad recorded 1 samples, mean = 0.0 (flags = 0x41)
0  -O                                                                        (1 = 100.0%)
1  ... 

Histogram: TabGroups.UserPinnedTabCountPerLoad recorded 1 samples, mean = 0.0 (flags = 0x41)
0  -O                                                                        (1 = 100.0%)
1  ... 

Histogram: Tabs.NewNavigationWithSameOriginTab recorded 1 samples, mean = 0.0 (flags = 0x41)
0  -O                                                                        (1 = 100.0%)
1  ... 

Histogram: Tabs.TabCountPerLoad recorded 1 samples, mean = 0.0 (flags = 0x41)
0  -O                                                                        (1 = 100.0%)
1  ... 

Histogram: ThirdPartyModules.InputMethodEditorsCount recorded 1 samples, mean = 0.0 (flags = 0x41)
0  -O                                                                        (1 = 100.0%)
1  ... 

Histogram: ThreadPool.UnnecessaryWakeup.Browser.Foreground recorded 64 samples, mean = 1.0 (flags = 0x41)
0  O                                                                         (0 = 0.0%)
1  ----------------------------------------------------------------O         (64 = 100.0%) {0.0%}
2  O                                                                         (0 = 0.0%) {100.0%}

Histogram: ThreadPool.UnnecessaryWakeup.ContentChild.Background recorded 1 samples, mean = 1.0 (flags = 0x41)
0  O                                                                         (0 = 0.0%)
1  -O                                                                        (1 = 100.0%) {0.0%}
2  O                                                                         (0 = 0.0%) {100.0%}

Histogram: ThreadPool.UnnecessaryWakeup.ContentChild.Foreground recorded 5 samples, mean = 1.0 (flags = 0x41)
0  O                                                                         (0 = 0.0%)
1  -----O                                                                    (5 = 100.0%) {0.0%}
2  O                                                                         (0 = 0.0%) {100.0%}

Histogram: ThreadPool.UnnecessaryWakeup.GPU.Foreground recorded 2 samples, mean = 1.0 (flags = 0x41)
0  O                                                                         (0 = 0.0%)
1  --O                                                                       (2 = 100.0%) {0.0%}
2  O                                                                         (0 = 0.0%) {100.0%}

Histogram: ThreadPool.UnnecessaryWakeup.Renderer.Foreground recorded 51 samples, mean = 1.0 (flags = 0x41)
0  O                                                                         (0 = 0.0%)
1  ---------------------------------------------------O                      (51 = 100.0%) {0.0%}
2  O                                                                         (0 = 0.0%) {100.0%}

Histogram: Translate.ApplicationStart.AlwaysTranslateLanguage.Count recorded 1 samples, mean = 0.0 (flags = 0x41)
0  -O                                                                        (1 = 100.0%)
1  ... 

Histogram: Translate.ApplicationStart.NeverTranslateLanguage recorded 1 samples (flags = 0x41)
1670494558  -O                                                                        (1 = 100.0%)

Histogram: Translate.ApplicationStart.NeverTranslateLanguage.Count recorded 1 samples, mean = 1.0 (flags = 0x41)
0  O                                                                         (0 = 0.0%)
1  -O                                                                        (1 = 100.0%) {0.0%}
2  ... 

Histogram: Translate.ApplicationStart.NeverTranslateSite.Count recorded 1 samples, mean = 0.0 (flags = 0x41)
0  -O                                                                        (1 = 100.0%)
1  ... 

Histogram: Translate.LanguageDetection.LanguageVerification recorded 1 samples, mean = 2.0 (flags = 0x41)
0  ... 
2  -O                                                                        (1 = 100.0%) {0.0%}
3  ... 

Histogram: Translate.LanguageDeterminedDuration recorded 1 samples, mean = 1327.0 (flags = 0x41)
0    ... 
989  -O                                                                        (1 = 100.0%) {0.0%}
1340 ... 

Histogram: Translate.PageLoad.FinalSourceLanguage recorded 1 samples (flags = 0x41)
1670494558  -O                                                                        (1 = 100.0%)

Histogram: Translate.PageLoad.FinalState recorded 1 samples, mean = 1.0 (flags = 0x41)
0  O                                                                         (0 = 0.0%)
1  -O                                                                        (1 = 100.0%) {0.0%}
2  ... 

Histogram: Translate.PageLoad.FinalTargetLanguage recorded 1 samples (flags = 0x41)
1670494558  -O                                                                        (1 = 100.0%)

Histogram: Translate.PageLoad.InitialSourceLanguage recorded 1 samples (flags = 0x41)
1670494558  -O                                                                        (1 = 100.0%)

Histogram: Translate.PageLoad.InitialState recorded 1 samples, mean = 1.0 (flags = 0x41)
0  O                                                                         (0 = 0.0%)
1  -O                                                                        (1 = 100.0%) {0.0%}
2  ... 

Histogram: Translate.PageLoad.InitialTargetLanguage recorded 1 samples (flags = 0x41)
1670494558  -O                                                                        (1 = 100.0%)

Histogram: Translate.PageLoad.InitialTargetLanguage.Origin recorded 1 samples, mean = 1.0 (flags = 0x41)
0  O                                                                         (0 = 0.0%)
1  -O                                                                        (1 = 100.0%) {0.0%}
2  ... 

Histogram: Translate.PageLoad.IsInitialSourceLanguageInUsersContentLanguages recorded 1 samples, mean = 1.0 (flags = 0x41)
0  O                                                                         (0 = 0.0%)
1  -O                                                                        (1 = 100.0%) {0.0%}
2  O                                                                         (0 = 0.0%) {100.0%}

Histogram: Translate.PageLoad.NumReversions recorded 1 samples, mean = 0.0 (flags = 0x41)
0  -O                                                                        (1 = 100.0%)
1  ... 

Histogram: Translate.PageLoad.NumTargetLanguageChanges recorded 1 samples, mean = 0.0 (flags = 0x41)
0  -O                                                                        (1 = 100.0%)
1  ... 

Histogram: Translate.PageLoad.NumTranslations recorded 1 samples, mean = 0.0 (flags = 0x41)
0  -O                                                                        (1 = 100.0%)
1  ... 

Histogram: Translate.PageLoad.Ranker.Decision recorded 1 samples, mean = 1.0 (flags = 0x41)
0  O                                                                         (0 = 0.0%)
1  -O                                                                        (1 = 100.0%) {0.0%}
2  ... 

Histogram: Translate.PageLoad.Ranker.Version recorded 1 samples (flags = 0x41)
0  -O                                                                        (1 = 100.0%)

Histogram: Translate.PageLoad.TriggerDecision recorded 1 samples, mean = 4.0 (flags = 0x41)
0  ... 
4  -O                                                                        (1 = 100.0%) {0.0%}
5  ... 

Histogram: Translate.Ranker.Model.Status2 recorded 2 samples, mean = 6.5 (flags = 0x41)
0  ... 
6  -O                                                                        (1 = 50.0%) {0.0%}
7  -O                                                                        (1 = 50.0%) {50.0%}
8  O                                                                         (0 = 0.0%) {100.0%}

Histogram: UI.DeviceScale recorded 2 samples (flags = 0x41)
100  -O                                                                        (1 = 50.0%)
200  -O                                                                        (1 = 50.0%)

Histogram: UKM.Entries.Dropped recorded 81 samples, mean = 1.0 (flags = 0x41)
0  O                                                                         (0 = 0.0%)
1  ------------------------------------------------------------------------O (81 = 100.0%) {0.0%}
2  ... 

Histogram: UKM.Entries.Dropped.ByEntryHash recorded 81 samples (flags = 0x41)
58315124    -O                                                                        (1 = 1.2%)
181657211   -O                                                                        (1 = 1.2%)
182085608   -O                                                                        (1 = 1.2%)
189164898   -O                                                                        (1 = 1.2%)
251237400   -O                                                                        (1 = 1.2%)
270025173   -O                                                                        (1 = 1.2%)
277070773   -O                                                                        (1 = 1.2%)
385121421   -O                                                                        (1 = 1.2%)
480593958   ---O                                                                      (3 = 3.7%)
532600439   -O                                                                        (1 = 1.2%)
624513781   -O                                                                        (1 = 1.2%)
654949485   ----------O                                                               (10 = 12.3%)
661477988   -O                                                                        (1 = 1.2%)
705322609   ---O                                                                      (3 = 3.7%)
805578149   -O                                                                        (1 = 1.2%)
810755299   -O                                                                        (1 = 1.2%)
854760832   -O                                                                        (1 = 1.2%)
888761441   -O                                                                        (1 = 1.2%)
902138984   -----O                                                                    (5 = 6.2%)
986870865   -O                                                                        (1 = 1.2%)
1004547038  -O                                                                        (1 = 1.2%)
1035062417  -O                                                                        (1 = 1.2%)
1078164680  --O                                                                       (2 = 2.5%)
1149114043  -O                                                                        (1 = 1.2%)
1262170432  --------O                                                                 (8 = 9.9%)
1321082436  -O                                                                        (1 = 1.2%)
1350795912  -O                                                                        (1 = 1.2%)
1354891390  -O                                                                        (1 = 1.2%)
1548358279  -O                                                                        (1 = 1.2%)
1604233346  ---O                                                                      (3 = 3.7%)
1607081943  -O                                                                        (1 = 1.2%)
1663717192  -O                                                                        (1 = 1.2%)
1767609109  -----------O                                                              (11 = 13.6%)
1790338714  -O                                                                        (1 = 1.2%)
1832900131  ----O                                                                     (4 = 4.9%)
1866365893  -O                                                                        (1 = 1.2%)
1871083634  -O                                                                        (1 = 1.2%)
1982793904  -O                                                                        (1 = 1.2%)
2037740339  --O                                                                       (2 = 2.5%)
2066033668  -O                                                                        (1 = 1.2%)

Histogram: UKM.PersistentLogRecall.Status recorded 1 samples, mean = 1.0 (flags = 0x41)
0  O                                                                         (0 = 0.0%)
1  -O                                                                        (1 = 100.0%) {0.0%}
2  ... 

Histogram: UKM.Sources.Dropped recorded 5 samples, mean = 1.0 (flags = 0x41)
0  O                                                                         (0 = 0.0%)
1  -----O                                                                    (5 = 100.0%) {0.0%}
2  ... 

Histogram: UKM.WebDXFeatureSets.Dropped recorded 2 samples, mean = 1.0 (flags = 0x41)
0  O                                                                         (0 = 0.0%)
1  --O                                                                       (2 = 100.0%) {0.0%}
2  ... 

Histogram: UMA.ChildProcess.Ping.SharedMemorySetUp recorded 21 samples, mean = 1.0 (flags = 0x41)
0  -------O                                                                  (7 = 33.3%)
1  -------O                                                                  (7 = 33.3%) {33.3%}
2  -------O                                                                  (7 = 33.3%) {66.7%}
3  O                                                                         (0 = 0.0%) {100.0%}

Histogram: UMA.CleanExitBeaconConsistency3 recorded 1 samples, mean = 0.0 (flags = 0x41)
0  -O                                                                        (1 = 100.0%)
1  ... 

Histogram: UMA.EntropySourceType recorded 1 samples, mean = 1.0 (flags = 0x41)
0  O                                                                         (0 = 0.0%)
1  -O                                                                        (1 = 100.0%) {0.0%}
2  ... 

Histogram: UMA.LocalHistogram recorded 9 samples, mean = 1.0 (flags = 0x40)
0  O                                                                         (0 = 0.0%)
1  ---------O                                                                (9 = 100.0%) {0.0%}
2  O                                                                         (0 = 0.0%) {100.0%}

Histogram: UMA.MachineIdState recorded 1 samples, mean = 3.0 (flags = 0x41)
0  ... 
3  -O                                                                        (1 = 100.0%) {0.0%}
4  O                                                                         (0 = 0.0%) {100.0%}

Histogram: UMA.MetricsService.Initialize.Time recorded 1 samples, mean = 22.0 (flags = 0x41)
0   ... 
21  -O                                                                        (1 = 100.0%) {0.0%}
28  ... 

Histogram: UMA.MetricsService.PendingOngoingLogOnDisable recorded 1 samples, mean = 0.0 (flags = 0x41)
0  -O                                                                        (1 = 100.0%)
1  ... 

Histogram: UMA.PersistentAllocator.BrowserMetrics.Errors recorded 0 samples (flags = 0x41)
0 ... 

Histogram: UMA.PersistentAllocator.BrowserMetrics.UsedPct recorded 0 samples (flags = 0x41)
0 ... 

Histogram: UMA.PersistentAllocator.EarlyHistograms.BrowserMetrics recorded 1 samples, mean = 1.0 (flags = 0x41)
0  O                                                                         (0 = 0.0%)
1  -O                                                                        (1 = 100.0%) {0.0%}
2  ... 

Histogram: UMA.PersistentAllocator.EarlyHistograms.GpuMetrics recorded 1 samples, mean = 25.0 (flags = 0x41)
0   ... 
25  -O                                                                        (1 = 100.0%) {0.0%}
26  ... 

Histogram: UMA.PersistentAllocator.EarlyHistograms.RendererMetrics recorded 3 samples, mean = 28.3 (flags = 0x41)
0   ... 
25  -O                                                                        (1 = 33.3%) {0.0%}
26  ... 
30  --O                                                                       (2 = 66.7%) {33.3%}
32  ... 

Histogram: UMA.PersistentAllocator.EarlyHistograms.UtilityMetrics recorded 3 samples, mean = 7.0 (flags = 0x41)
0  ... 
7  ---O                                                                      (3 = 100.0%) {0.0%}
8  ... 

Histogram: UMA.PersistentAllocator.FieldTrialAllocator.Errors recorded 0 samples (flags = 0x41)
0 ... 

Histogram: UMA.PersistentAllocator.FieldTrialAllocator.UsedPct recorded 7 samples, mean = 0.0 (flags = 0x41)
0  -------O                                                                  (7 = 100.0%)
1  ... 

Histogram: UMA.PersistentHistograms.InitResult recorded 1 samples, mean = 2.0 (flags = 0x41)
0  ... 
2  -O                                                                        (1 = 100.0%) {0.0%}
3  ... 

Histogram: UMA.Pseudo.PageLoad.LayoutInstability.CumulativeShiftScore recorded 1 samples, mean = 0.0 (flags = 0x41)
0  -O                                                                        (1 = 100.0%)
1  ... 

Histogram: UMA.Pseudo.PageLoad.LayoutInstability.MaxCumulativeShiftScore.SessionWindow.Gap1000ms.Max5000ms2 recorded 1 samples, mean = 0.0 (flags = 0x41)
0  -O                                                                        (1 = 100.0%)
1  ... 

Histogram: UnifiedConsent.MakeSearchesAndBrowsingBetter.OnProfileLoad recorded 1 samples, mean = 0.0 (flags = 0x41)
0  -O                                                                        (1 = 100.0%)
1  ... 

Histogram: V8.CollectSourcePositions recorded 28 samples, mean = 49.8 (flags = 0x41)
0    ... 
3    -O                                                                        (1 = 3.6%) {0.0%}
4    -O                                                                        (1 = 3.6%) {3.6%}
5    -O                                                                        (1 = 3.6%) {7.1%}
7    -O                                                                        (1 = 3.6%) {10.7%}
9    ----O                                                                     (4 = 14.3%) {14.3%}
12   --O                                                                       (2 = 7.1%) {28.6%}
16   --O                                                                       (2 = 7.1%) {35.7%}
21   ---O                                                                      (3 = 10.7%) {42.9%}
28   -----O                                                                    (5 = 17.9%) {53.6%}
37   -O                                                                        (1 = 3.6%) {71.4%}
49   -O                                                                        (1 = 3.6%) {75.0%}
65   O                                                                         (0 = 0.0%) {78.6%}
86   ---O                                                                      (3 = 10.7%) {78.6%}
113  -O                                                                        (1 = 3.6%) {89.3%}
149  -O                                                                        (1 = 3.6%) {92.9%}
196  O                                                                         (0 = 0.0%) {96.4%}
258  -O                                                                        (1 = 3.6%) {96.4%}
340  ... 

Histogram: V8.CompileDeserializeMicroSeconds recorded 20 samples, mean = 6.7 (flags = 0x41)
0   O                                                                         (0 = 0.0%)
1   --O                                                                       (2 = 10.0%) {0.0%}
2   ----O                                                                     (4 = 20.0%) {10.0%}
3   -----O                                                                    (5 = 25.0%) {30.0%}
4   -O                                                                        (1 = 5.0%) {55.0%}
5   ---O                                                                      (3 = 15.0%) {60.0%}
7   ---O                                                                      (3 = 15.0%) {75.0%}
9   ... 
21  -O                                                                        (1 = 5.0%) {90.0%}
28  O                                                                         (0 = 0.0%) {95.0%}
37  -O                                                                        (1 = 5.0%) {95.0%}
49  ... 

Histogram: V8.CompileLazyMicroSeconds recorded 4 samples, mean = 3910.2 (flags = 0x41)
0     ... 
40    -O                                                                        (1 = 25.0%) {0.0%}
55    ... 
1447  -O                                                                        (1 = 25.0%) {25.0%}
2008  O                                                                         (0 = 0.0%) {50.0%}
2786  -O                                                                        (1 = 25.0%) {50.0%}
3865  ... 
7439  -O                                                                        (1 = 25.0%) {75.0%}
10321 ... 

Histogram: V8.CompileMicroSeconds recorded 20 samples, mean = 33.2 (flags = 0x41)
0    O                                                                         (0 = 0.0%)
1    ----O                                                                     (4 = 20.0%) {0.0%}
2    ------O                                                                   (6 = 30.0%) {20.0%}
3    -O                                                                        (1 = 5.0%) {50.0%}
4    -O                                                                        (1 = 5.0%) {55.0%}
5    O                                                                         (0 = 0.0%) {60.0%}
7    -O                                                                        (1 = 5.0%) {60.0%}
9    -O                                                                        (1 = 5.0%) {65.0%}
12   ... 
21   --O                                                                       (2 = 10.0%) {70.0%}
28   O                                                                         (0 = 0.0%) {80.0%}
37   --O                                                                       (2 = 10.0%) {80.0%}
49   ... 
113  -O                                                                        (1 = 5.0%) {90.0%}
149  ... 
258  -O                                                                        (1 = 5.0%) {95.0%}
340  ... 

Histogram: V8.CompileScript.CacheBehaviour recorded 45 samples, mean = 4.9 (flags = 0x41)
0   ... 
2   --------------------O                                                     (20 = 44.4%) {0.0%}
3   O                                                                         (0 = 0.0%) {44.4%}
4   ---------------O                                                          (15 = 33.3%) {44.4%}
5   ... 
8   -O                                                                        (1 = 2.2%) {77.8%}
9   ... 
12  -----O                                                                    (5 = 11.1%) {80.0%}
13  ----O                                                                     (4 = 8.9%) {91.1%}
14  ... 

Histogram: V8.CompileScriptMicroSeconds recorded 45 samples, mean = 44.4 (flags = 0x41)
0    O                                                                         (0 = 0.0%)
1    --O                                                                       (2 = 4.4%) {0.0%}
2    --O                                                                       (2 = 4.4%) {4.4%}
3    ---O                                                                      (3 = 6.7%) {8.9%}
4    ----O                                                                     (4 = 8.9%) {15.6%}
5    ------O                                                                   (6 = 13.3%) {24.4%}
7    ---O                                                                      (3 = 6.7%) {37.8%}
9    --O                                                                       (2 = 4.4%) {44.4%}
12   ------O                                                                   (6 = 13.3%) {48.9%}
16   -----O                                                                    (5 = 11.1%) {62.2%}
21   ---O                                                                      (3 = 6.7%) {73.3%}
28   O                                                                         (0 = 0.0%) {80.0%}
37   --O                                                                       (2 = 4.4%) {80.0%}
49   -O                                                                        (1 = 2.2%) {84.4%}
65   O                                                                         (0 = 0.0%) {86.7%}
86   --O                                                                       (2 = 4.4%) {86.7%}
113  -O                                                                        (1 = 2.2%) {91.1%}
149  O                                                                         (0 = 0.0%) {93.3%}
196  -O                                                                        (1 = 2.2%) {93.3%}
258  O                                                                         (0 = 0.0%) {95.6%}
340  -O                                                                        (1 = 2.2%) {95.6%}
448  O                                                                         (0 = 0.0%) {97.8%}
590  -O                                                                        (1 = 2.2%) {97.8%}
777  ... 

Histogram: V8.CompileScriptMicroSeconds.BackgroundThread recorded 5 samples, mean = 4075.0 (flags = 0x41)
0      ... 
149    -O                                                                        (1 = 20.0%) {0.0%}
196    -O                                                                        (1 = 20.0%) {20.0%}
258    -O                                                                        (1 = 20.0%) {40.0%}
340    ... 
1023   -O                                                                        (1 = 20.0%) {60.0%}
1347   ... 
16063  -O                                                                        (1 = 20.0%) {80.0%}
21156  ... 

Histogram: V8.CompileScriptMicroSeconds.ConsumeCache recorded 20 samples, mean = 8.6 (flags = 0x41)
0   O                                                                         (0 = 0.0%)
1   -O                                                                        (1 = 5.0%) {0.0%}
2   ---O                                                                      (3 = 15.0%) {5.0%}
3   ---O                                                                      (3 = 15.0%) {20.0%}
4   ---O                                                                      (3 = 15.0%) {35.0%}
5   --O                                                                       (2 = 10.0%) {50.0%}
7   --O                                                                       (2 = 10.0%) {60.0%}
9   -O                                                                        (1 = 5.0%) {70.0%}
12  ---O                                                                      (3 = 15.0%) {75.0%}
16  O                                                                         (0 = 0.0%) {90.0%}
21  -O                                                                        (1 = 5.0%) {90.0%}
28  O                                                                         (0 = 0.0%) {95.0%}
37  -O                                                                        (1 = 5.0%) {95.0%}
49  ... 

Histogram: V8.CompileScriptMicroSeconds.ConsumeCache.BackgroundThread recorded 20 samples, mean = 247.4 (flags = 0x41)
0     ... 
21    -O                                                                        (1 = 5.0%) {0.0%}
28    ---O                                                                      (3 = 15.0%) {5.0%}
37    -----O                                                                    (5 = 25.0%) {20.0%}
49    --O                                                                       (2 = 10.0%) {45.0%}
65    --O                                                                       (2 = 10.0%) {55.0%}
86    --O                                                                       (2 = 10.0%) {65.0%}
113   --O                                                                       (2 = 10.0%) {75.0%}
149   --O                                                                       (2 = 10.0%) {85.0%}
196   ... 
3077  -O                                                                        (1 = 5.0%) {95.0%}
4053  ... 

Histogram: V8.CompileScriptMicroSeconds.NoCache.InlineScript recorded 15 samples, mean = 42.3 (flags = 0x41)
0    ... 
4    -O                                                                        (1 = 6.7%) {0.0%}
5    O                                                                         (0 = 0.0%) {6.7%}
7    -O                                                                        (1 = 6.7%) {6.7%}
9    -O                                                                        (1 = 6.7%) {13.3%}
12   ---O                                                                      (3 = 20.0%) {20.0%}
16   ----O                                                                     (4 = 26.7%) {40.0%}
21   -O                                                                        (1 = 6.7%) {66.7%}
28   O                                                                         (0 = 0.0%) {73.3%}
37   -O                                                                        (1 = 6.7%) {73.3%}
49   ... 
86   -O                                                                        (1 = 6.7%) {80.0%}
113  -O                                                                        (1 = 6.7%) {86.7%}
149  O                                                                         (0 = 0.0%) {93.3%}
196  -O                                                                        (1 = 6.7%) {93.3%}
258  ... 

Histogram: V8.CompileScriptMicroSeconds.NoCache.Other recorded 5 samples, mean = 237.4 (flags = 0x41)
0    ... 
21   -O                                                                        (1 = 20.0%) {0.0%}
28   ... 
49   -O                                                                        (1 = 20.0%) {20.0%}
65   O                                                                         (0 = 0.0%) {40.0%}
86   -O                                                                        (1 = 20.0%) {40.0%}
113  ... 
340  -O                                                                        (1 = 20.0%) {60.0%}
448  O                                                                         (0 = 0.0%) {80.0%}
590  -O                                                                        (1 = 20.0%) {80.0%}
777  ... 

Histogram: V8.CompileScriptMicroSeconds.StreamingFinalization recorded 5 samples, mean = 9.6 (flags = 0x41)
0   ... 
5   -O                                                                        (1 = 20.0%) {0.0%}
7   ---O                                                                      (3 = 60.0%) {20.0%}
9   ... 
21  -O                                                                        (1 = 20.0%) {80.0%}
28  ... 

Histogram: V8.ErrorsThrownPerContext recorded 1 samples, mean = 0.0 (flags = 0x41)
0  -O                                                                        (1 = 100.0%)
1  ... 

Histogram: V8.GC.Cycle.CollectionRate.Full recorded 2 samples, mean = 93.0 (flags = 0x41)
0   ... 
80  --O                                                                       (2 = 100.0%) {0.0%}
100 O                                                                         (0 = 0.0%) {100.0%}

Histogram: V8.GC.Cycle.CollectionRate.Full.Cpp recorded 2 samples, mean = 71.5 (flags = 0x41)
0   ... 
41  -O                                                                        (1 = 50.0%) {0.0%}
51  ... 
80  -O                                                                        (1 = 50.0%) {50.0%}
100 O                                                                         (0 = 0.0%) {100.0%}

Histogram: V8.GC.Cycle.CollectionRate.Young recorded 9 samples, mean = 34.3 (flags = 0x41)
0   ... 
17  -O                                                                        (1 = 11.1%) {0.0%}
21  -O                                                                        (1 = 11.1%) {11.1%}
26  ---O                                                                      (3 = 33.3%) {22.2%}
33  --O                                                                       (2 = 22.2%) {55.6%}
41  -O                                                                        (1 = 11.1%) {77.8%}
51  -O                                                                        (1 = 11.1%) {88.9%}
64  ... 

Histogram: V8.GC.Cycle.CollectionWeight.Full recorded 2 samples, mean = 0.0 (flags = 0x41)
0  --O                                                                       (2 = 100.0%)
1  ... 

Histogram: V8.GC.Cycle.CollectionWeight.Full.Cpp recorded 2 samples, mean = 0.0 (flags = 0x41)
0  --O                                                                       (2 = 100.0%)
1  ... 

Histogram: V8.GC.Cycle.CollectionWeight.MainThread.Full recorded 2 samples, mean = 0.0 (flags = 0x41)
0  --O                                                                       (2 = 100.0%)
1  ... 

Histogram: V8.GC.Cycle.CollectionWeight.MainThread.Full.Cpp recorded 2 samples, mean = 0.0 (flags = 0x41)
0  --O                                                                       (2 = 100.0%)
1  ... 

Histogram: V8.GC.Cycle.Efficiency.Full recorded 2 samples, mean = 20.5 (flags = 0x41)
0   O                                                                         (0 = 0.0%)
1   -O                                                                        (1 = 50.0%) {0.0%}
2   ... 
35  -O                                                                        (1 = 50.0%) {50.0%}
48  ... 

Histogram: V8.GC.Cycle.Efficiency.Full.Cpp recorded 2 samples, mean = 350.5 (flags = 0x41)
0    -O                                                                        (1 = 50.0%)
1    ... 
559  -O                                                                        (1 = 50.0%) {50.0%}
760  ... 

Histogram: V8.GC.Cycle.Efficiency.MainThread.Full recorded 2 samples, mean = 193.5 (flags = 0x41)
0    ... 
7    -O                                                                        (1 = 50.0%) {0.0%}
10   ... 
302  -O                                                                        (1 = 50.0%) {50.0%}
411  ... 

Histogram: V8.GC.Cycle.Efficiency.MainThread.Full.Cpp recorded 2 samples, mean = 716.5 (flags = 0x41)
0     ... 
2     -O                                                                        (1 = 50.0%) {0.0%}
3     ... 
1407  -O                                                                        (1 = 50.0%) {50.0%}
1914  ... 

Histogram: V8.GC.Cycle.Efficiency.MainThread.Young recorded 9 samples, mean = 2073.1 (flags = 0x41)
0     ... 
411   -O                                                                        (1 = 11.1%) {0.0%}
559   O                                                                         (0 = 0.0%) {11.1%}
760   -O                                                                        (1 = 11.1%) {11.1%}
1034  --O                                                                       (2 = 22.2%) {22.2%}
1407  --O                                                                       (2 = 22.2%) {44.4%}
1914  -O                                                                        (1 = 11.1%) {66.7%}
2604  O                                                                         (0 = 0.0%) {77.8%}
3542  -O                                                                        (1 = 11.1%) {77.8%}
4818  -O                                                                        (1 = 11.1%) {88.9%}
6554  ... 

Histogram: V8.GC.Cycle.Efficiency.Young recorded 9 samples, mean = 976.7 (flags = 0x41)
0     ... 
302   -O                                                                        (1 = 11.1%) {0.0%}
411   O                                                                         (0 = 0.0%) {11.1%}
559   ----O                                                                     (4 = 44.4%) {11.1%}
760   -O                                                                        (1 = 11.1%) {55.6%}
1034  -O                                                                        (1 = 11.1%) {66.7%}
1407  -O                                                                        (1 = 11.1%) {77.8%}
1914  -O                                                                        (1 = 11.1%) {88.9%}
2604  ... 

Histogram: V8.GC.Cycle.Full recorded 2 samples, mean = 48.0 (flags = 0x41)
0   ... 
29  -O                                                                        (1 = 50.0%) {0.0%}
34  ... 
57  -O                                                                        (1 = 50.0%) {50.0%}
68  ... 

Histogram: V8.GC.Cycle.Full.Compact recorded 2 samples, mean = 4.5 (flags = 0x41)
0  O                                                                         (0 = 0.0%)
1  -O                                                                        (1 = 50.0%) {0.0%}
2  ... 
8  -O                                                                        (1 = 50.0%) {50.0%}
10 ... 

Histogram: V8.GC.Cycle.Full.Compact.Cpp recorded 2 samples, mean = 1.0 (flags = 0x41)
0  -O                                                                        (1 = 50.0%)
1  O                                                                         (0 = 0.0%) {50.0%}
2  -O                                                                        (1 = 50.0%) {50.0%}
3  ... 

Histogram: V8.GC.Cycle.Full.Cpp recorded 2 samples, mean = 14.5 (flags = 0x41)
0   ... 
8   -O                                                                        (1 = 50.0%) {0.0%}
10  ... 
20  -O                                                                        (1 = 50.0%) {50.0%}
24  ... 

Histogram: V8.GC.Cycle.Full.Mark recorded 2 samples, mean = 37.0 (flags = 0x41)
0   ... 
24  -O                                                                        (1 = 50.0%) {0.0%}
29  ... 
48  -O                                                                        (1 = 50.0%) {50.0%}
57  ... 

Histogram: V8.GC.Cycle.Full.Mark.Cpp recorded 2 samples, mean = 10.5 (flags = 0x41)
0   ... 
5   -O                                                                        (1 = 50.0%) {0.0%}
6   ... 
14  -O                                                                        (1 = 50.0%) {50.0%}
17  ... 

Histogram: V8.GC.Cycle.Full.Sweep recorded 2 samples, mean = 4.0 (flags = 0x41)
0  ... 
3  -O                                                                        (1 = 50.0%) {0.0%}
4  O                                                                         (0 = 0.0%) {50.0%}
5  -O                                                                        (1 = 50.0%) {50.0%}
6  ... 

Histogram: V8.GC.Cycle.Full.Sweep.Cpp recorded 2 samples, mean = 2.0 (flags = 0x41)
0  O                                                                         (0 = 0.0%)
1  -O                                                                        (1 = 50.0%) {0.0%}
2  O                                                                         (0 = 0.0%) {50.0%}
3  -O                                                                        (1 = 50.0%) {50.0%}
4  ... 

Histogram: V8.GC.Cycle.Full.Weak recorded 2 samples, mean = 0.0 (flags = 0x41)
0  --O                                                                       (2 = 100.0%)
1  ... 

Histogram: V8.GC.Cycle.Full.Weak.Cpp recorded 2 samples, mean = 0.0 (flags = 0x41)
0  --O                                                                       (2 = 100.0%)
1  ... 

Histogram: V8.GC.Cycle.MainThread.Full recorded 2 samples, mean = 7.0 (flags = 0x41)
0   ... 
3   -O                                                                        (1 = 50.0%) {0.0%}
4   ... 
10  -O                                                                        (1 = 50.0%) {50.0%}
12  ... 

Histogram: V8.GC.Cycle.MainThread.Full.Atomic recorded 2 samples, mean = 4.0 (flags = 0x41)
0  O                                                                         (0 = 0.0%)
1  -O                                                                        (1 = 50.0%) {0.0%}
2  ... 
7  -O                                                                        (1 = 50.0%) {50.0%}
8  ... 

Histogram: V8.GC.Cycle.MainThread.Full.Atomic.Compact recorded 2 samples, mean = 1.5 (flags = 0x41)
0  -O                                                                        (1 = 50.0%)
1  ... 
3  -O                                                                        (1 = 50.0%) {50.0%}
4  ... 

Histogram: V8.GC.Cycle.MainThread.Full.Atomic.Compact.Cpp recorded 2 samples, mean = 1.0 (flags = 0x41)
0  -O                                                                        (1 = 50.0%)
1  O                                                                         (0 = 0.0%) {50.0%}
2  -O                                                                        (1 = 50.0%) {50.0%}
3  ... 

Histogram: V8.GC.Cycle.MainThread.Full.Atomic.Cpp recorded 2 samples, mean = 1.0 (flags = 0x41)
0  -O                                                                        (1 = 50.0%)
1  O                                                                         (0 = 0.0%) {50.0%}
2  -O                                                                        (1 = 50.0%) {50.0%}
3  ... 

Histogram: V8.GC.Cycle.MainThread.Full.Atomic.Mark recorded 2 samples, mean = 0.0 (flags = 0x41)
0  --O                                                                       (2 = 100.0%)
1  ... 

Histogram: V8.GC.Cycle.MainThread.Full.Atomic.Mark.Cpp recorded 2 samples, mean = 0.0 (flags = 0x41)
0  --O                                                                       (2 = 100.0%)
1  ... 

Histogram: V8.GC.Cycle.MainThread.Full.Atomic.Sweep recorded 2 samples, mean = 0.0 (flags = 0x41)
0  --O                                                                       (2 = 100.0%)
1  ... 

Histogram: V8.GC.Cycle.MainThread.Full.Atomic.Sweep.Cpp recorded 2 samples, mean = 0.0 (flags = 0x41)
0  --O                                                                       (2 = 100.0%)
1  ... 

Histogram: V8.GC.Cycle.MainThread.Full.Atomic.Weak recorded 2 samples, mean = 0.0 (flags = 0x41)
0  --O                                                                       (2 = 100.0%)
1  ... 

Histogram: V8.GC.Cycle.MainThread.Full.Atomic.Weak.Cpp recorded 2 samples, mean = 0.0 (flags = 0x41)
0  --O                                                                       (2 = 100.0%)
1  ... 

Histogram: V8.GC.Cycle.MainThread.Full.Compact recorded 2 samples, mean = 1.5 (flags = 0x41)
0  -O                                                                        (1 = 50.0%)
1  ... 
3  -O                                                                        (1 = 50.0%) {50.0%}
4  ... 

Histogram: V8.GC.Cycle.MainThread.Full.Compact.Cpp recorded 2 samples, mean = 1.0 (flags = 0x41)
0  -O                                                                        (1 = 50.0%)
1  O                                                                         (0 = 0.0%) {50.0%}
2  -O                                                                        (1 = 50.0%) {50.0%}
3  ... 

Histogram: V8.GC.Cycle.MainThread.Full.Cpp recorded 2 samples, mean = 5.5 (flags = 0x41)
0  ... 
4  -O                                                                        (1 = 50.0%) {0.0%}
5  ... 
7  -O                                                                        (1 = 50.0%) {50.0%}
8  ... 

Histogram: V8.GC.Cycle.MainThread.Full.Incremental.Mark recorded 2 samples, mean = 2.5 (flags = 0x41)
0  O                                                                         (0 = 0.0%)
1  -O                                                                        (1 = 50.0%) {0.0%}
2  ... 
4  -O                                                                        (1 = 50.0%) {50.0%}
5  ... 

Histogram: V8.GC.Cycle.MainThread.Full.Incremental.Mark.Cpp recorded 2 samples, mean = 2.5 (flags = 0x41)
0  O                                                                         (0 = 0.0%)
1  -O                                                                        (1 = 50.0%) {0.0%}
2  ... 
4  -O                                                                        (1 = 50.0%) {50.0%}
5  ... 

Histogram: V8.GC.Cycle.MainThread.Full.Incremental.Mark.StartStop recorded 2 samples, mean = 6.5 (flags = 0x41)
0  ... 
4  -O                                                                        (1 = 50.0%) {0.0%}
5  ... 
8  -O                                                                        (1 = 50.0%) {50.0%}
10 ... 

Histogram: V8.GC.Cycle.MainThread.Full.Incremental.Sweep recorded 2 samples, mean = 0.0 (flags = 0x41)
0  --O                                                                       (2 = 100.0%)
1  ... 

Histogram: V8.GC.Cycle.MainThread.Full.Incremental.Sweep.Cpp recorded 2 samples, mean = 1.5 (flags = 0x41)
0  -O                                                                        (1 = 50.0%)
1  ... 
3  -O                                                                        (1 = 50.0%) {50.0%}
4  ... 

Histogram: V8.GC.Cycle.MainThread.Full.Mark recorded 2 samples, mean = 2.5 (flags = 0x41)
0  O                                                                         (0 = 0.0%)
1  -O                                                                        (1 = 50.0%) {0.0%}
2  ... 
4  -O                                                                        (1 = 50.0%) {50.0%}
5  ... 

Histogram: V8.GC.Cycle.MainThread.Full.Mark.Cpp recorded 2 samples, mean = 2.5 (flags = 0x41)
0  O                                                                         (0 = 0.0%)
1  -O                                                                        (1 = 50.0%) {0.0%}
2  ... 
4  -O                                                                        (1 = 50.0%) {50.0%}
5  ... 

Histogram: V8.GC.Cycle.MainThread.Full.Sweep recorded 2 samples, mean = 0.0 (flags = 0x41)
0  --O                                                                       (2 = 100.0%)
1  ... 

Histogram: V8.GC.Cycle.MainThread.Full.Sweep.Cpp recorded 2 samples, mean = 1.5 (flags = 0x41)
0  -O                                                                        (1 = 50.0%)
1  ... 
3  -O                                                                        (1 = 50.0%) {50.0%}
4  ... 

Histogram: V8.GC.Cycle.MainThread.Full.Weak recorded 2 samples, mean = 0.0 (flags = 0x41)
0  --O                                                                       (2 = 100.0%)
1  ... 

Histogram: V8.GC.Cycle.MainThread.Full.Weak.Cpp recorded 2 samples, mean = 0.0 (flags = 0x41)
0  --O                                                                       (2 = 100.0%)
1  ... 

Histogram: V8.GC.Cycle.MainThread.Young recorded 9 samples, mean = 0.2 (flags = 0x41)
0  -------O                                                                  (7 = 77.8%)
1  --O                                                                       (2 = 22.2%) {77.8%}
2  ... 

Histogram: V8.GC.Cycle.Memory.Freed.Full recorded 2 samples, mean = 4096.0 (flags = 0x41)
0     ... 
222   -O                                                                        (1 = 50.0%) {0.0%}
302   ... 
6554  -O                                                                        (1 = 50.0%) {50.0%}
8915  ... 

Histogram: V8.GC.Cycle.Memory.Freed.Full.Cpp recorded 2 samples, mean = 3264.0 (flags = 0x41)
0     ... 
2604  -O                                                                        (1 = 50.0%) {0.0%}
3542  -O                                                                        (1 = 50.0%) {50.0%}
4818  ... 

Histogram: V8.GC.Cycle.Objects.After.Full recorded 2 samples, mean = 10576.5 (flags = 0x41)
0     ... 
8915  --O                                                                       (2 = 100.0%) {0.0%}
12127 ... 

Histogram: V8.GC.Cycle.Objects.After.Full.Cpp recorded 2 samples, mean = 5103.0 (flags = 0x41)
0     ... 
4818  --O                                                                       (2 = 100.0%) {0.0%}
6554  ... 

Histogram: V8.GC.Cycle.Objects.Before.Full recorded 2 samples, mean = 11309.5 (flags = 0x41)
0     ... 
8915  --O                                                                       (2 = 100.0%) {0.0%}
12127 ... 

Histogram: V8.GC.Cycle.Objects.Before.Full.Cpp recorded 2 samples, mean = 8354.5 (flags = 0x41)
0     ... 
4818  -O                                                                        (1 = 50.0%) {0.0%}
6554  O                                                                         (0 = 0.0%) {50.0%}
8915  -O                                                                        (1 = 50.0%) {50.0%}
12127 ... 

Histogram: V8.GC.Cycle.Objects.Freed.Full recorded 2 samples, mean = 732.5 (flags = 0x41)
0     ... 
88    -O                                                                        (1 = 50.0%) {0.0%}
120   ... 
1034  -O                                                                        (1 = 50.0%) {50.0%}
1407  ... 

Histogram: V8.GC.Cycle.Objects.Freed.Full.Cpp recorded 2 samples, mean = 3251.5 (flags = 0x41)
0     ... 
14    -O                                                                        (1 = 50.0%) {0.0%}
19    ... 
4818  -O                                                                        (1 = 50.0%) {50.0%}
6554  ... 

Histogram: V8.GC.Cycle.Reason.Full recorded 2 samples, mean = 9.0 (flags = 0x41)
0  ... 
9  --O                                                                       (2 = 100.0%) {0.0%}
10 ... 

Histogram: V8.GC.Cycle.Reason.Young recorded 9 samples, mean = 4.7 (flags = 0x41)
0   O                                                                         (0 = 0.0%)
1   ------O                                                                   (6 = 66.7%) {0.0%}
2   ... 
12  ---O                                                                      (3 = 33.3%) {66.7%}
13  ... 

Histogram: V8.GC.Cycle.Young recorded 9 samples, mean = 0.9 (flags = 0x41)
0  ---O                                                                      (3 = 33.3%)
1  -----O                                                                    (5 = 55.6%) {33.3%}
2  O                                                                         (0 = 0.0%) {88.9%}
3  -O                                                                        (1 = 11.1%) {88.9%}
4  ... 

Histogram: V8.GC.Event.MainThread.Full.Finalize.Incremental.ReduceMemory recorded 2 samples, mean = 4.5 (flags = 0x41)
0  ... 
2  -O                                                                        (1 = 50.0%) {0.0%}
3  ... 
7  -O                                                                        (1 = 50.0%) {50.0%}
8  ... 

Histogram: V8.GC.Event.MainThread.Full.Finalize.Incremental.ReduceMemory.Foreground recorded 2 samples, mean = 4.5 (flags = 0x41)
0  ... 
2  -O                                                                        (1 = 50.0%) {0.0%}
3  ... 
7  -O                                                                        (1 = 50.0%) {50.0%}
8  ... 

Histogram: V8.GC.Event.MainThread.Full.Finalize.Incremental.Regular recorded 1 samples, mean = 1.0 (flags = 0x41)
0  O                                                                         (0 = 0.0%)
1  -O                                                                        (1 = 100.0%) {0.0%}
2  ... 

Histogram: V8.GC.Event.MainThread.Full.Finalize.Incremental.Regular.Foreground recorded 1 samples, mean = 1.0 (flags = 0x41)
0  O                                                                         (0 = 0.0%)
1  -O                                                                        (1 = 100.0%) {0.0%}
2  ... 

Histogram: V8.GC.Event.MainThread.Full.Incremental.Mark recorded 106 samples, mean = 0.0 (flags = 0x41)
0  ------------------------------------------------------------------------O (105 = 99.1%)
1  -O                                                                        (1 = 0.9%) {99.1%}
2  ... 

Histogram: V8.GC.Event.MainThread.Full.Incremental.Mark.Cpp recorded 109 samples, mean = 0.0 (flags = 0x41)
0  ------------------------------------------------------------------------O (107 = 98.2%)
1  -O                                                                        (2 = 1.8%) {98.2%}
2  ... 

Histogram: V8.GC.Event.MainThread.Full.Incremental.Sweep.Cpp recorded 814 samples, mean = 0.0 (flags = 0x41)
0  ------------------------------------------------------------------------O (812 = 99.8%)
1  O                                                                         (2 = 0.2%) {99.8%}
2  ... 

Histogram: V8.GC.TimeToSafepoint recorded 15 samples, mean = 3.3 (flags = 0x41)
0   -----------O                                                              (11 = 73.3%)
1   ---O                                                                      (3 = 20.0%) {73.3%}
2   ... 
40  -O                                                                        (1 = 6.7%) {93.3%}
55  ... 

Histogram: V8.GCFinalizeMC.Clear recorded 1 samples, mean = 0.0 (flags = 0x41)
0  -O                                                                        (1 = 100.0%)
1  ... 

Histogram: V8.GCFinalizeMC.Epilogue recorded 1 samples, mean = 0.0 (flags = 0x41)
0  -O                                                                        (1 = 100.0%)
1  ... 

Histogram: V8.GCFinalizeMC.Evacuate recorded 1 samples, mean = 0.0 (flags = 0x41)
0  -O                                                                        (1 = 100.0%)
1  ... 

Histogram: V8.GCFinalizeMC.Finish recorded 1 samples, mean = 0.0 (flags = 0x41)
0  -O                                                                        (1 = 100.0%)
1  ... 

Histogram: V8.GCFinalizeMC.Mark recorded 1 samples, mean = 0.0 (flags = 0x41)
0  -O                                                                        (1 = 100.0%)
1  ... 

Histogram: V8.GCFinalizeMC.Prologue recorded 1 samples, mean = 0.0 (flags = 0x41)
0  -O                                                                        (1 = 100.0%)
1  ... 

Histogram: V8.GCFinalizeMC.Sweep recorded 1 samples, mean = 0.0 (flags = 0x41)
0  -O                                                                        (1 = 100.0%)
1  ... 

Histogram: V8.GCIncrementalMarking recorded 119 samples, mean = 0.0 (flags = 0x41)
0  ------------------------------------------------------------------------O (115 = 96.6%)
1  ---O                                                                      (4 = 3.4%) {96.6%}
2  ... 

Histogram: V8.GCIncrementalMarkingReason recorded 3 samples, mean = 12.0 (flags = 0x41)
0   ... 
2   -O                                                                        (1 = 33.3%) {0.0%}
3   ... 
17  --O                                                                       (2 = 66.7%) {33.3%}
18  ... 

Histogram: V8.GCIncrementalMarkingStart recorded 3 samples, mean = 0.0 (flags = 0x41)
0  ---O                                                                      (3 = 100.0%)
1  ... 

Histogram: V8.GCIncrementalMarkingSum recorded 1 samples, mean = 1.0 (flags = 0x41)
0  O                                                                         (0 = 0.0%)
1  -O                                                                        (1 = 100.0%) {0.0%}
2  ... 

Histogram: V8.GCMarkCompactReason recorded 2 samples, mean = 9.0 (flags = 0x41)
0  ... 
9  --O                                                                       (2 = 100.0%) {0.0%}
10 ... 

Histogram: V8.GCScavenger.ScavengeMain recorded 9 samples, mean = 0.0 (flags = 0x41)
0  ---------O                                                                (9 = 100.0%)
1  ... 

Histogram: V8.GCScavenger.ScavengeRoots recorded 9 samples, mean = 0.0 (flags = 0x41)
0  ---------O                                                                (9 = 100.0%)
1  ... 

Histogram: V8.JSDispatchTableEntriesCount recorded 3 samples, mean = 1.0 (flags = 0x41)
0  O                                                                         (0 = 0.0%)
1  ---O                                                                      (3 = 100.0%) {0.0%}
2  ... 

Histogram: V8.LocalWindowProxy.CreateContextTime recorded 2 samples, mean = 1.5 (flags = 0x41)
0  O                                                                         (0 = 0.0%)
1  -O                                                                        (1 = 50.0%) {0.0%}
2  -O                                                                        (1 = 50.0%) {50.0%}
3  ... 

Histogram: V8.LocalWindowProxy.InitializeTime recorded 2 samples, mean = 3.0 (flags = 0x41)
0  ... 
2  -O                                                                        (1 = 50.0%) {0.0%}
3  O                                                                         (0 = 0.0%) {50.0%}
4  -O                                                                        (1 = 50.0%) {50.0%}
5  ... 

Histogram: V8.MaglevOptimizeExecute recorded 131 samples, mean = 192.2 (flags = 0x41)
0     ... 
16    -O                                                                        (1 = 0.8%) {0.0%}
20    ---O                                                                      (3 = 2.3%) {0.8%}
25    --O                                                                       (2 = 1.5%) {3.1%}
31    -O                                                                        (1 = 0.8%) {4.6%}
39    --------O                                                                 (8 = 6.1%) {5.3%}
49    --------O                                                                 (8 = 6.1%) {11.5%}
61    ----O                                                                     (4 = 3.1%) {17.6%}
76    -----------------O                                                        (17 = 13.0%) {20.6%}
95    -------------O                                                            (13 = 9.9%) {33.6%}
119   ---------------O                                                          (15 = 11.5%) {43.5%}
149   -----------O                                                              (11 = 8.4%) {55.0%}
186   --------------O                                                           (14 = 10.7%) {63.4%}
233   ------------O                                                             (12 = 9.2%) {74.0%}
292   --------O                                                                 (8 = 6.1%) {83.2%}
365   -----O                                                                    (5 = 3.8%) {89.3%}
457   ---O                                                                      (3 = 2.3%) {93.1%}
572   ----O                                                                     (4 = 3.1%) {95.4%}
716   O                                                                         (0 = 0.0%) {98.5%}
896   -O                                                                        (1 = 0.8%) {98.5%}
1122  ... 
1757  -O                                                                        (1 = 0.8%) {99.2%}
2199  ... 

Histogram: V8.MaglevOptimizeFinalize recorded 131 samples, mean = 8.8 (flags = 0x41)
0    -O                                                                        (1 = 0.8%)
1    -----------O                                                              (11 = 8.4%) {0.8%}
2    ----------O                                                               (10 = 7.6%) {9.2%}
3    ----------------------O                                                   (22 = 16.8%) {16.8%}
4    --------------O                                                           (14 = 10.7%) {33.6%}
5    ----------------------O                                                   (22 = 16.8%) {44.3%}
6    --------------------------O                                               (26 = 19.8%) {61.1%}
8    --------O                                                                 (8 = 6.1%) {80.9%}
10   -----O                                                                    (5 = 3.8%) {87.0%}
13   ---O                                                                      (3 = 2.3%) {90.8%}
16   ---O                                                                      (3 = 2.3%) {93.1%}
20   --O                                                                       (2 = 1.5%) {95.4%}
25   O                                                                         (0 = 0.0%) {96.9%}
31   --O                                                                       (2 = 1.5%) {96.9%}
39   -O                                                                        (1 = 0.8%) {98.5%}
49   ... 
292  -O                                                                        (1 = 0.8%) {99.2%}
365  ... 

Histogram: V8.MaglevOptimizePrepare recorded 131 samples, mean = 0.1 (flags = 0x41)
0  ------------------------------------------------------------------------O (119 = 90.8%)
1  -------O                                                                  (12 = 9.2%) {90.8%}
2  ... 

Histogram: V8.MaglevOptimizeTotalTime recorded 131 samples, mean = 301.0 (flags = 0x41)
0     ... 
37    -O                                                                        (1 = 0.8%) {0.0%}
49    -------O                                                                  (7 = 5.3%) {0.8%}
65    ------O                                                                   (6 = 4.6%) {6.1%}
86    ------------O                                                             (12 = 9.2%) {10.7%}
113   ---------------------O                                                    (21 = 16.0%) {19.8%}
149   ------------------O                                                       (18 = 13.7%) {35.9%}
196   -----------------O                                                        (17 = 13.0%) {49.6%}
258   ------------------O                                                       (18 = 13.7%) {62.6%}
340   -----------O                                                              (11 = 8.4%) {76.3%}
448   ------------O                                                             (12 = 9.2%) {84.7%}
590   ----O                                                                     (4 = 3.1%) {93.9%}
777   --O                                                                       (2 = 1.5%) {96.9%}
1023  -O                                                                        (1 = 0.8%) {98.5%}
1347  ... 
5338  -O                                                                        (1 = 0.8%) {99.2%}
7031  ... 

Histogram: V8.MemoryExternalFragmentationCodeSpace recorded 12 samples, mean = 48.2 (flags = 0x41)
0   ... 
17  -O                                                                        (1 = 8.3%) {0.0%}
18  --O                                                                       (2 = 16.7%) {8.3%}
19  ... 
24  -O                                                                        (1 = 8.3%) {25.0%}
25  ... 
32  -O                                                                        (1 = 8.3%) {33.3%}
33  ... 
42  -O                                                                        (1 = 8.3%) {41.7%}
43  ... 
54  -O                                                                        (1 = 8.3%) {50.0%}
55  ... 
66  -O                                                                        (1 = 8.3%) {58.3%}
67  O                                                                         (0 = 0.0%) {66.7%}
68  -O                                                                        (1 = 8.3%) {66.7%}
69  ... 
73  -O                                                                        (1 = 8.3%) {75.0%}
74  ... 
79  -O                                                                        (1 = 8.3%) {83.3%}
80  ... 
88  -O                                                                        (1 = 8.3%) {91.7%}
89  ... 

Histogram: V8.MemoryExternalFragmentationLoSpace recorded 12 samples, mean = 1.8 (flags = 0x41)
0  O                                                                         (0 = 0.0%)
1  -------O                                                                  (7 = 58.3%) {0.0%}
2  O                                                                         (0 = 0.0%) {58.3%}
3  -----O                                                                    (5 = 41.7%) {58.3%}
4  ... 

Histogram: V8.MemoryExternalFragmentationOldSpace recorded 12 samples, mean = 10.2 (flags = 0x41)
0   ... 
3   -O                                                                        (1 = 8.3%) {0.0%}
4   -O                                                                        (1 = 8.3%) {8.3%}
5   O                                                                         (0 = 0.0%) {16.7%}
6   -O                                                                        (1 = 8.3%) {16.7%}
7   ... 
9   -O                                                                        (1 = 8.3%) {25.0%}
10  -O                                                                        (1 = 8.3%) {33.3%}
11  --O                                                                       (2 = 16.7%) {41.7%}
12  -O                                                                        (1 = 8.3%) {58.3%}
13  --O                                                                       (2 = 16.7%) {66.7%}
14  -O                                                                        (1 = 8.3%) {83.3%}
15  ... 
17  -O                                                                        (1 = 8.3%) {91.7%}
18  ... 

Histogram: V8.MemoryExternalFragmentationTotal recorded 12 samples, mean = 40.2 (flags = 0x41)
0   ... 
14  -O                                                                        (1 = 8.3%) {0.0%}
15  O                                                                         (0 = 0.0%) {8.3%}
16  -O                                                                        (1 = 8.3%) {8.3%}
17  ... 
35  -O                                                                        (1 = 8.3%) {16.7%}
36  ... 
38  -O                                                                        (1 = 8.3%) {25.0%}
39  ... 
41  --O                                                                       (2 = 16.7%) {33.3%}
42  -O                                                                        (1 = 8.3%) {50.0%}
43  ... 
47  -O                                                                        (1 = 8.3%) {58.3%}
48  ... 
50  -O                                                                        (1 = 8.3%) {66.7%}
51  O                                                                         (0 = 0.0%) {75.0%}
52  -O                                                                        (1 = 8.3%) {75.0%}
53  -O                                                                        (1 = 8.3%) {83.3%}
54  -O                                                                        (1 = 8.3%) {91.7%}
55  ... 

Histogram: V8.MemoryHeapSampleCodeSpaceCommitted recorded 12 samples, mean = 960.0 (flags = 0x41)
0     ------O                                                                   (6 = 50.0%)
1000  --O                                                                       (2 = 16.7%) {50.0%}
1138  ... 
1474  ---O                                                                      (3 = 25.0%) {66.7%}
1678  -O                                                                        (1 = 8.3%) {91.7%}
1910  ... 

Histogram: V8.MemoryHeapSampleMaximumCommitted recorded 12 samples, mean = 13801.3 (flags = 0x41)
0      ... 
3649   -O                                                                        (1 = 8.3%) {0.0%}
4153   ... 
5380   -O                                                                        (1 = 8.3%) {8.3%}
6124   ... 
9032   --O                                                                       (2 = 16.7%) {16.7%}
10281  -O                                                                        (1 = 8.3%) {33.3%}
11702  --O                                                                       (2 = 16.7%) {41.7%}
13320  ... 
17257  -O                                                                        (1 = 8.3%) {58.3%}
19642  ----O                                                                     (4 = 33.3%) {66.7%}
22357  ... 

Histogram: V8.MemoryHeapSampleTotalCommitted recorded 12 samples, mean = 12393.3 (flags = 0x41)
0      ... 
3649   -O                                                                        (1 = 8.3%) {0.0%}
4153   ... 
5380   -O                                                                        (1 = 8.3%) {8.3%}
6124   ... 
9032   --O                                                                       (2 = 16.7%) {16.7%}
10281  -O                                                                        (1 = 8.3%) {33.3%}
11702  ----O                                                                     (4 = 33.3%) {41.7%}
13320  ... 
17257  -O                                                                        (1 = 8.3%) {75.0%}
19642  --O                                                                       (2 = 16.7%) {83.3%}
22357  ... 

Histogram: V8.MemoryHeapSampleTotalUsed recorded 12 samples, mean = 7238.8 (flags = 0x41)
0      ... 
2475   -O                                                                        (1 = 8.3%) {0.0%}
2817   O                                                                         (0 = 0.0%) {8.3%}
3206   -O                                                                        (1 = 8.3%) {8.3%}
3649   O                                                                         (0 = 0.0%) {16.7%}
4153   -O                                                                        (1 = 8.3%) {16.7%}
4727   --O                                                                       (2 = 16.7%) {25.0%}
5380   O                                                                         (0 = 0.0%) {41.7%}
6124   -O                                                                        (1 = 8.3%) {41.7%}
6971   -O                                                                        (1 = 8.3%) {50.0%}
7935   -O                                                                        (1 = 8.3%) {58.3%}
9032   O                                                                         (0 = 0.0%) {66.7%}
10281  ---O                                                                      (3 = 25.0%) {66.7%}
11702  -O                                                                        (1 = 8.3%) {91.7%}
13320  ... 

Histogram: V8.RegExpBacktracks recorded 263 samples, mean = 1.7 (flags = 0x41)
0    ------O                                                                   (20 = 7.6%)
1    ------------------------------------------------------------------------O (227 = 86.3%) {7.6%}
2    --O                                                                       (7 = 2.7%) {93.9%}
3    -O                                                                        (3 = 1.1%) {96.6%}
4    -O                                                                        (4 = 1.5%) {97.7%}
6    O                                                                         (0 = 0.0%) {99.2%}
9    O                                                                         (1 = 0.4%) {99.2%}
13   ... 
127  O                                                                         (1 = 0.4%) {99.6%}
185  ... 

Histogram: V8.SandboxedCodePointersCount recorded 3 samples, mean = 1087.7 (flags = 0x41)
0    ... 
977  ---O                                                                      (3 = 100.0%) {0.0%}
1136 ... 

Histogram: V8.SandboxedCppHeapPointersCount recorded 3 samples, mean = 5622.3 (flags = 0x41)
0     ... 
452   -O                                                                        (1 = 33.3%) {0.0%}
537   ... 
7152  --O                                                                       (2 = 66.7%) {33.3%}
8499  ... 

Histogram: V8.SandboxedExternalPointersCount recorded 15 samples, mean = 1159.2 (flags = 0x41)
0     ----O                                                                     (4 = 26.7%)
1     ... 
34    -O                                                                        (1 = 6.7%) {26.7%}
40    O                                                                         (0 = 0.0%) {33.3%}
48    -O                                                                        (1 = 6.7%) {33.3%}
57    -O                                                                        (1 = 6.7%) {40.0%}
68    --O                                                                       (2 = 13.3%) {46.7%}
81    ... 
758   --O                                                                       (2 = 13.3%) {60.0%}
901   ... 
1513  -O                                                                        (1 = 6.7%) {73.3%}
1798  ... 
4261  ---O                                                                      (3 = 20.0%) {80.0%}
5064  ... 

Histogram: V8.SandboxedTrustedPointersCount recorded 3 samples, mean = 3827.0 (flags = 0x41)
0     ... 
3799  ---O                                                                      (3 = 100.0%) {0.0%}
4418  ... 

Histogram: V8.SnapshotDeserializeContextMicroSeconds recorded 4 samples, mean = 454.5 (flags = 0x41)
0    ... 
196  -O                                                                        (1 = 25.0%) {0.0%}
258  -O                                                                        (1 = 25.0%) {25.0%}
340  O                                                                         (0 = 0.0%) {50.0%}
448  -O                                                                        (1 = 25.0%) {50.0%}
590  O                                                                         (0 = 0.0%) {75.0%}
777  -O                                                                        (1 = 25.0%) {75.0%}
1023 ... 

Histogram: V8.TurboFan1KTicks recorded 4 samples, mean = 24.2 (flags = 0x41)
0   ... 
5   -O                                                                        (1 = 25.0%) {0.0%}
6   ... 
15  -O                                                                        (1 = 25.0%) {25.0%}
16  ... 
31  -O                                                                        (1 = 25.0%) {50.0%}
33  ... 
45  -O                                                                        (1 = 25.0%) {75.0%}
47  ... 

Histogram: V8.TurboFanOptimizeConcurrentTotalTime recorded 4 samples, mean = 13390.0 (flags = 0x41)
0      ... 
1043   -O                                                                        (1 = 25.0%) {0.0%}
1447   O                                                                         (0 = 0.0%) {25.0%}
2008   -O                                                                        (1 = 25.0%) {25.0%}
2786   -O                                                                        (1 = 25.0%) {50.0%}
3865   ... 
38240  -O                                                                        (1 = 25.0%) {75.0%}
53055  ... 

Histogram: V8.TurboFanOptimizeExecute recorded 4 samples, mean = 2280.8 (flags = 0x41)
0     ... 
1023  -O                                                                        (1 = 25.0%) {0.0%}
1347  O                                                                         (0 = 0.0%) {25.0%}
1774  -O                                                                        (1 = 25.0%) {25.0%}
2336  -O                                                                        (1 = 25.0%) {50.0%}
3077  -O                                                                        (1 = 25.0%) {75.0%}
4053  ... 

Histogram: V8.TurboFanOptimizeFinalize recorded 4 samples, mean = 20.5 (flags = 0x41)
0   ... 
9   -O                                                                        (1 = 25.0%) {0.0%}
12  O                                                                         (0 = 0.0%) {25.0%}
16  --O                                                                       (2 = 50.0%) {25.0%}
21  O                                                                         (0 = 0.0%) {75.0%}
28  -O                                                                        (1 = 25.0%) {75.0%}
37  ... 

Histogram: V8.TurboFanOptimizePrepare recorded 4 samples, mean = 5.8 (flags = 0x41)
0  ... 
3  -O                                                                        (1 = 25.0%) {0.0%}
4  -O                                                                        (1 = 25.0%) {25.0%}
5  O                                                                         (0 = 0.0%) {50.0%}
7  --O                                                                       (2 = 50.0%) {50.0%}
9  ... 

Histogram: V8.TurboFanOptimizeTotalBackground recorded 4 samples, mean = 2280.8 (flags = 0x41)
0     ... 
1043  -O                                                                        (1 = 25.0%) {0.0%}
1447  -O                                                                        (1 = 25.0%) {25.0%}
2008  -O                                                                        (1 = 25.0%) {50.0%}
2786  -O                                                                        (1 = 25.0%) {75.0%}
3865  ... 

Histogram: V8.TurboFanOptimizeTotalForeground recorded 4 samples, mean = 26.2 (flags = 0x41)
0   ... 
11  -O                                                                        (1 = 25.0%) {0.0%}
15  O                                                                         (0 = 0.0%) {25.0%}
21  --O                                                                       (2 = 50.0%) {25.0%}
29  -O                                                                        (1 = 25.0%) {75.0%}
40  ... 

Histogram: V8.TurboFanOptimizeTotalTime recorded 4 samples, mean = 13390.0 (flags = 0x41)
0      ... 
1043   -O                                                                        (1 = 25.0%) {0.0%}
1447   O                                                                         (0 = 0.0%) {25.0%}
2008   -O                                                                        (1 = 25.0%) {25.0%}
2786   -O                                                                        (1 = 25.0%) {50.0%}
3865   ... 
38240  -O                                                                        (1 = 25.0%) {75.0%}
53055  ... 

Histogram: Variations.ExtendedSafeMode.BeaconFileStateAtStartup recorded 1 samples, mean = 0.0 (flags = 0x41)
0  -O                                                                        (1 = 100.0%)
1  ... 

Histogram: Variations.ExtendedSafeMode.BeaconFileWrite recorded 2 samples, mean = 1.0 (flags = 0x41)
0  O                                                                         (0 = 0.0%)
1  --O                                                                       (2 = 100.0%) {0.0%}
2  O                                                                         (0 = 0.0%) {100.0%}

Histogram: Variations.ForcedFieldTrialsAtStartupForInternalsPage recorded 1 samples, mean = 0.0 (flags = 0x41)
0  -O                                                                        (1 = 100.0%)
1  ... 

Histogram: Variations.Headers.ExperimentCount recorded 92 samples, mean = 1.0 (flags = 0x41)
0  O                                                                         (0 = 0.0%)
1  ------------------------------------------------------------------------O (92 = 100.0%) {0.0%}
2  ... 

Histogram: Variations.Headers.HasLowEntropySourceValue recorded 92 samples, mean = 1.0 (flags = 0x41)
0  O                                                                         (0 = 0.0%)
1  ------------------------------------------------------------------------O (92 = 100.0%) {0.0%}
2  O                                                                         (0 = 0.0%) {100.0%}

Histogram: Variations.Headers.RequestContextCategory recorded 48 samples, mean = 3.8 (flags = 0x41)
0  --O                                                                       (2 = 4.2%)
1  ... 
4  ----------------------------------------------O                           (46 = 95.8%) {4.2%}
5  ... 

Histogram: Variations.Headers.URLValidationResult.Append recorded 48 samples, mean = 2.0 (flags = 0x41)
0  ... 
2  -----------------------------------------------O                          (47 = 97.9%) {0.0%}
3  -O                                                                        (1 = 2.1%) {97.9%}
4  ... 

Histogram: Variations.Headers.URLValidationResult.Remove recorded 1 samples, mean = 2.0 (flags = 0x41)
0  ... 
2  -O                                                                        (1 = 100.0%) {0.0%}
3  ... 

Histogram: Variations.Limits.VariationKeySize.Default recorded 23 samples, mean = 0.0 (flags = 0x41)
0  -----------------------O                                                  (23 = 100.0%)
1  ... 

Histogram: Variations.LoadPermanentConsistencyCountryResult recorded 1 samples, mean = 0.0 (flags = 0x41)
0  -O                                                                        (1 = 100.0%)
1  ... 

Histogram: Variations.PolicyRestriction recorded 1 samples, mean = 0.0 (flags = 0x41)
0  -O                                                                        (1 = 100.0%)
1  ... 

Histogram: Variations.SafeMode.Streak.Crashes recorded 1 samples (flags = 0x41)
2  -O                                                                        (1 = 100.0%)

Histogram: Variations.SafeMode.Streak.FetchFailures recorded 1 samples (flags = 0x41)
0  -O                                                                        (1 = 100.0%)

Histogram: Variations.SeedLoadResult recorded 1 samples, mean = 1.0 (flags = 0x41)
0  O                                                                         (0 = 0.0%)
1  -O                                                                        (1 = 100.0%) {0.0%}
2  ... 

Histogram: Variations.SeedUsage recorded 1 samples, mean = 2.0 (flags = 0x41)
0  ... 
2  -O                                                                        (1 = 100.0%) {0.0%}
3  ... 

Histogram: Variations.UserChannel recorded 1 samples (flags = 0x41)
-1 -O                                                                        (1 = 100.0%)

Histogram: Views.Browser.NumColorProvidersInitializedDuringOnNativeThemeUpdated recorded 3 samples, mean = 0.0 (flags = 0x41)
0  ---O                                                                      (3 = 100.0%)
1  ... 

Histogram: Views.Browser.TimeSpentInitializingColorProvider recorded 3 samples, mean = 0.0 (flags = 0x41)
0  ---O                                                                      (3 = 100.0%)
1  ... 

Histogram: Views.Browser.TimeSpentProcessingOnNativeThemeUpdatedEvent recorded 3 samples, mean = 0.0 (flags = 0x41)
0  ---O                                                                      (3 = 100.0%)
1  ... 

Histogram: Views.ColorProviderCacheSize recorded 3 samples, mean = 2.0 (flags = 0x41)
0  O                                                                         (0 = 0.0%)
1  -O                                                                        (1 = 33.3%) {0.0%}
2  -O                                                                        (1 = 33.3%) {33.3%}
3  -O                                                                        (1 = 33.3%) {66.7%}
4  ... 

Histogram: Viz.FrameSinkVideoCapturer.CaptureDuration recorded 6 samples, mean = 8.5 (flags = 0x41)
0   O                                                                         (0 = 0.0%)
1   ----O                                                                     (4 = 66.7%) {0.0%}
2   ... 
16  -O                                                                        (1 = 16.7%) {66.7%}
18  ... 
29  -O                                                                        (1 = 16.7%) {83.3%}
33  ... 

Histogram: Viz.FrameSinkVideoCapturer.CaptureSucceeded recorded 6 samples, mean = 1.0 (flags = 0x41)
0  O                                                                         (0 = 0.0%)
1  ------O                                                                   (6 = 100.0%) {0.0%}
2  O                                                                         (0 = 0.0%) {100.0%}

Histogram: Viz.FrameSinkVideoCapturer.FrameResurrected recorded 6 samples, mean = 0.0 (flags = 0x41)
0  ------O                                                                   (6 = 100.0%)
1  ... 

Histogram: Viz.FrameSinkVideoCapturer.RGBA.CaptureDuration recorded 6 samples, mean = 8.5 (flags = 0x41)
0   O                                                                         (0 = 0.0%)
1   ----O                                                                     (4 = 66.7%) {0.0%}
2   ... 
16  -O                                                                        (1 = 16.7%) {66.7%}
18  ... 
29  -O                                                                        (1 = 16.7%) {83.3%}
33  ... 

Histogram: Viz.FrameSinkVideoCapturer.RGBA.CaptureSucceeded recorded 6 samples, mean = 1.0 (flags = 0x41)
0  O                                                                         (0 = 0.0%)
1  ------O                                                                   (6 = 100.0%) {0.0%}
2  O                                                                         (0 = 0.0%) {100.0%}

Histogram: Viz.FrameSinkVideoCapturer.ReserveFrameDuration recorded 6 samples, mean = 4.2 (flags = 0x41)
0   -----O                                                                    (5 = 83.3%)
1   ... 
24  -O                                                                        (1 = 16.7%) {83.3%}
26  ... 

Histogram: Viz.FrameSinkVideoCapturer.TotalDuration recorded 6 samples, mean = 8.5 (flags = 0x41)
0   O                                                                         (0 = 0.0%)
1   ----O                                                                     (4 = 66.7%) {0.0%}
2   ... 
16  -O                                                                        (1 = 16.7%) {66.7%}
18  ... 
29  -O                                                                        (1 = 16.7%) {83.3%}
33  ... 

Histogram: WebApp.DiyAppsInstalledCount.ByUser recorded 1 samples, mean = 0.0 (flags = 0x41)
0  -O                                                                        (1 = 100.0%)
1  ... 

Histogram: WebApp.GeneratedIconFix.StartUpAttemptCount recorded 1 samples, mean = 0.0 (flags = 0x41)
0  -O                                                                        (1 = 100.0%)
1  ... 

Histogram: WebApp.Icon.AppsWithEmptyDownloadedIconSizes recorded 1 samples, mean = 0.0 (flags = 0x41)
0  -O                                                                        (1 = 100.0%)
1  ... 

Histogram: WebApp.Icon.AppsWithEmptyIconBitmap recorded 1 samples, mean = 0.0 (flags = 0x41)
0  -O                                                                        (1 = 100.0%)
1  ... 

Histogram: WebApp.Icon.AppsWithEmptyIconFile recorded 1 samples, mean = 0.0 (flags = 0x41)
0  -O                                                                        (1 = 100.0%)
1  ... 

Histogram: WebApp.Icon.AppsWithGeneratedIconBitmap recorded 1 samples, mean = 0.0 (flags = 0x41)
0  -O                                                                        (1 = 100.0%)
1  ... 

Histogram: WebApp.Icon.AppsWithGeneratedIconFlag recorded 1 samples, mean = 0.0 (flags = 0x41)
0  -O                                                                        (1 = 100.0%)
1  ... 

Histogram: WebApp.Icon.AppsWithGeneratedIconFlagFalseNegative recorded 1 samples, mean = 0.0 (flags = 0x41)
0  -O                                                                        (1 = 100.0%)
1  ... 

Histogram: WebApp.Icon.AppsWithMissingIconFile recorded 1 samples, mean = 0.0 (flags = 0x41)
0  -O                                                                        (1 = 100.0%)
1  ... 

Histogram: WebApp.InstalledCount.ByUser recorded 1 samples, mean = 0.0 (flags = 0x41)
0  -O                                                                        (1 = 100.0%)
1  ... 

Histogram: WebApp.InstalledCount.ByUserNotLocallyInstalled recorded 1 samples, mean = 0.0 (flags = 0x41)
0  -O                                                                        (1 = 100.0%)
1  ... 

Histogram: WebApp.Preinstalled.AppToReplaceStillDefaultInstalledCount recorded 1 samples, mean = 0.0 (flags = 0x41)
0  -O                                                                        (1 = 100.0%)
1  ... 

Histogram: WebApp.Preinstalled.AppToReplaceStillInstalledCount recorded 1 samples, mean = 0.0 (flags = 0x41)
0  -O                                                                        (1 = 100.0%)
1  ... 

Histogram: WebApp.Preinstalled.AppToReplaceStillInstalledInShelfCount recorded 1 samples, mean = 0.0 (flags = 0x41)
0  -O                                                                        (1 = 100.0%)
1  ... 

Histogram: WebApp.Preinstalled.ConfigErrorCount recorded 1 samples, mean = 0.0 (flags = 0x41)
0  -O                                                                        (1 = 100.0%)
1  ... 

Histogram: WebApp.Preinstalled.CorruptUserUninstallPrefsCount recorded 1 samples, mean = 0.0 (flags = 0x41)
0  -O                                                                        (1 = 100.0%)
1  ... 

Histogram: WebApp.Preinstalled.DisabledCount recorded 1 samples, mean = 0.0 (flags = 0x41)
0  -O                                                                        (1 = 100.0%)
1  ... 

Histogram: WebApp.Preinstalled.EnabledCount recorded 1 samples, mean = 0.0 (flags = 0x41)
0  -O                                                                        (1 = 100.0%)
1  ... 

Histogram: WebApp.Preinstalled.InstallCount recorded 1 samples, mean = 0.0 (flags = 0x41)
0  -O                                                                        (1 = 100.0%)
1  ... 

Histogram: WebApp.Preinstalled.UninstallAndReplaceCount recorded 1 samples, mean = 0.0 (flags = 0x41)
0  -O                                                                        (1 = 100.0%)
1  ... 

Histogram: WebApp.Preinstalled.UninstallAppRemovedCount recorded 1 samples, mean = 0.0 (flags = 0x41)
0  -O                                                                        (1 = 100.0%)
1  ... 

Histogram: WebApp.Preinstalled.UninstallSourceRemovedCount recorded 1 samples, mean = 0.0 (flags = 0x41)
0  -O                                                                        (1 = 100.0%)
1  ... 

Histogram: WebApp.Preinstalled.UninstallTotalCount recorded 1 samples, mean = 0.0 (flags = 0x41)
0  -O                                                                        (1 = 100.0%)
1  ... 

Histogram: WebApp.Uninstall.NonSyncIncompleteCount recorded 1 samples, mean = 0.0 (flags = 0x41)
0  -O                                                                        (1 = 100.0%)
1  ... 

Histogram: WebAuthentication.Windows.KeyCredentialManagerSupported recorded 1 samples, mean = 0.0 (flags = 0x41)
0  -O                                                                        (1 = 100.0%)
1  ... 

Histogram: WebContentsObserver.DOMContentLoaded recorded 1 samples, mean = 0.0 (flags = 0x41)
0  -O                                                                        (1 = 100.0%)
1  ... 

Histogram: WebContentsObserver.DidChangeVisibleSecurityState recorded 2 samples, mean = 0.0 (flags = 0x41)
0  --O                                                                       (2 = 100.0%)
1  ... 

Histogram: WebContentsObserver.DidFinishLoad recorded 1 samples, mean = 0.0 (flags = 0x41)
0  -O                                                                        (1 = 100.0%)
1  ... 

Histogram: WebContentsObserver.DidFinishNavigation recorded 3 samples, mean = 0.3 (flags = 0x41)
0  --O                                                                       (2 = 66.7%)
1  -O                                                                        (1 = 33.3%) {66.7%}
2  ... 

Histogram: WebContentsObserver.DidFirstVisuallyNonEmptyPaint recorded 1 samples, mean = 0.0 (flags = 0x41)
0  -O                                                                        (1 = 100.0%)
1  ... 

Histogram: WebContentsObserver.DidStartLoading recorded 1 samples, mean = 0.0 (flags = 0x41)
0  -O                                                                        (1 = 100.0%)
1  ... 

Histogram: WebContentsObserver.DidStartNavigation recorded 3 samples, mean = 0.0 (flags = 0x41)
0  ---O                                                                      (3 = 100.0%)
1  ... 

Histogram: WebContentsObserver.DidStartNavigation.MainFrame recorded 3 samples, mean = 0.0 (flags = 0x41)
0  ---O                                                                      (3 = 100.0%)
1  ... 

Histogram: WebContentsObserver.DidStopLoading recorded 1 samples, mean = 0.0 (flags = 0x41)
0  -O                                                                        (1 = 100.0%)
1  ... 

Histogram: WebContentsObserver.DidUpdateNavigationHandleTiming recorded 4 samples, mean = 0.0 (flags = 0x41)
0  ----O                                                                     (4 = 100.0%)
1  ... 

Histogram: WebContentsObserver.LoadProgressChanged recorded 10 samples, mean = 0.0 (flags = 0x41)
0  ----------O                                                               (10 = 100.0%)
1  ... 

Histogram: WebContentsObserver.NavigationEntryCommitted recorded 2 samples, mean = 0.0 (flags = 0x41)
0  --O                                                                       (2 = 100.0%)
1  ... 

Histogram: WebContentsObserver.PrimaryMainDocumentElementAvailable recorded 1 samples, mean = 0.0 (flags = 0x41)
0  -O                                                                        (1 = 100.0%)
1  ... 

Histogram: WebContentsObserver.RenderFrameCreated recorded 2 samples, mean = 0.0 (flags = 0x41)
0  --O                                                                       (2 = 100.0%)
1  ... 

Histogram: WebContentsObserver.RenderFrameDeleted recorded 2 samples, mean = 0.0 (flags = 0x41)
0  --O                                                                       (2 = 100.0%)
1  ... 

Histogram: WebContentsObserver.RenderViewReady recorded 2 samples, mean = 0.0 (flags = 0x41)
0  --O                                                                       (2 = 100.0%)
1  ... 

Histogram: WebContentsObserver.TitleWasSet recorded 1 samples, mean = 0.0 (flags = 0x41)
0  -O                                                                        (1 = 100.0%)
1  ... 

Histogram: WebCore.Scripts.Async.NotStreamingReason recorded 20 samples, mean = 9.0 (flags = 0x41)
0  ... 
9  --------------------O                                                     (20 = 100.0%) {0.0%}
10 ... 

Histogram: WebCore.Scripts.Async.StartedStreaming recorded 25 samples, mean = 0.2 (flags = 0x41)
0  --------------------O                                                     (20 = 80.0%)
1  -----O                                                                    (5 = 20.0%) {80.0%}
2  O                                                                         (0 = 0.0%) {100.0%}

Histogram: WebCore.Scripts.Other.NotStreamingReason recorded 15 samples, mean = 11.0 (flags = 0x41)
0   ... 
11  ---------------O                                                          (15 = 100.0%) {0.0%}
12  ... 

Histogram: WebCore.Scripts.Other.StartedStreaming recorded 15 samples, mean = 0.0 (flags = 0x41)
0  ---------------O                                                          (15 = 100.0%)
1  ... 

Histogram: WebCore.Scripts.V8CodeCacheMetadata.Get recorded 47 samples, mean = 4.3 (flags = 0x41)
0  -------O                                                                  (7 = 14.9%)
1  ... 
5  ----------------------------------------O                                 (40 = 85.1%) {14.9%}
6  O                                                                         (0 = 0.0%) {100.0%}

Histogram: WebCore.Scripts.V8CodeCacheMetadata.Set recorded 3 samples, mean = 0.3 (flags = 0x41)
0  --O                                                                       (2 = 66.7%)
1  -O                                                                        (1 = 33.3%) {66.7%}
2  ... 

Histogram: WebCore.Scripts.V8CompileHintsStatus recorded 41 samples, mean = 8.4 (flags = 0x41)
0   ... 
6   --------------------O                                                     (20 = 48.8%) {0.0%}
7   ... 
10  -----O                                                                    (5 = 12.2%) {48.8%}
11  ----------------O                                                         (16 = 39.0%) {61.0%}
12  ... 

Histogram: WebCore.Scripts.V8CrowdsourcedCompileHints.ModelQuality recorded 1 samples, mean = 0.0 (flags = 0x41)
0  -O                                                                        (1 = 100.0%)
1  ... 

Histogram: WebCore.Scripts.V8LocalCompileHintsGenerated recorded 1 samples, mean = 0.0 (flags = 0x41)
0  -O                                                                        (1 = 100.0%)
1  ... 

Histogram: WebCore.Scripts.V8LocalCompileHintsObsoletedByCodeCache recorded 1 samples, mean = 0.0 (flags = 0x41)
0  -O                                                                        (1 = 100.0%)
1  ... 

Histogram: WebDatabase.InitResult recorded 2 samples, mean = 0.0 (flags = 0x41)
0  --O                                                                       (2 = 100.0%)
1  ... 

Histogram: WebFont.CacheHit recorded 5 samples, mean = 1.4 (flags = 0x41)
0  O                                                                         (0 = 0.0%)
1  ----O                                                                     (4 = 80.0%) {0.0%}
2  O                                                                         (0 = 0.0%) {80.0%}
3  -O                                                                        (1 = 20.0%) {80.0%}
4  O                                                                         (0 = 0.0%) {100.0%}

Histogram: WebFont.Clients.RenderBlockingFonts.ExpiredFonts recorded 1 samples, mean = 1.0 (flags = 0x41)
0  O                                                                         (0 = 0.0%)
1  -O                                                                        (1 = 100.0%) {0.0%}
2  O                                                                         (0 = 0.0%) {100.0%}

Histogram: WebFont.HadBlankText recorded 1 samples, mean = 0.0 (flags = 0x41)
0  -O                                                                        (1 = 100.0%)
1  ... 

Histogram: WebFont.LocalFontUsed recorded 1 samples, mean = 1.0 (flags = 0x41)
0  O                                                                         (0 = 0.0%)
1  -O                                                                        (1 = 100.0%) {0.0%}
2  O                                                                         (0 = 0.0%) {100.0%}

Histogram: Windows.AcLayersLoaded recorded 1 samples, mean = 0.0 (flags = 0x41)
0  -O                                                                        (1 = 100.0%)
1  ... 

Histogram: Windows.CetAvailable recorded 1 samples, mean = 1.0 (flags = 0x41)
0  O                                                                         (0 = 0.0%)
1  -O                                                                        (1 = 100.0%) {0.0%}
2  O                                                                         (0 = 0.0%) {100.0%}

Histogram: Windows.CetEnabled recorded 1 samples, mean = 0.0 (flags = 0x41)
0  -O                                                                        (1 = 100.0%)
1  ... 

Histogram: Windows.DisplayIdFromDeviceId recorded 12 samples, mean = 3.0 (flags = 0x41)
0  ... 
3  ------------O                                                             (12 = 100.0%) {0.0%}
4  O                                                                         (0 = 0.0%) {100.0%}

Histogram: Windows.DisplayIdFromDeviceKey recorded 12 samples, mean = 3.0 (flags = 0x41)
0  ... 
3  ------------O                                                             (12 = 100.0%) {0.0%}
4  O                                                                         (0 = 0.0%) {100.0%}

Histogram: Windows.Enclave.SGX.Available recorded 1 samples, mean = 0.0 (flags = 0x41)
0  -O                                                                        (1 = 100.0%)
1  ... 

Histogram: Windows.Enclave.SGX2.Available recorded 1 samples, mean = 0.0 (flags = 0x41)
0  -O                                                                        (1 = 100.0%)
1  ... 

Histogram: Windows.Enclave.VBS.Available recorded 1 samples, mean = 1.0 (flags = 0x41)
0  O                                                                         (0 = 0.0%)
1  -O                                                                        (1 = 100.0%) {0.0%}
2  O                                                                         (0 = 0.0%) {100.0%}

Histogram: Windows.Enclave.VBSBasic.Available recorded 1 samples, mean = 0.0 (flags = 0x41)
0  -O                                                                        (1 = 100.0%)
1  ... 

Histogram: Windows.HasHighResolutionTimeTicks recorded 1 samples, mean = 1.0 (flags = 0x41)
0  O                                                                         (0 = 0.0%)
1  -O                                                                        (1 = 100.0%) {0.0%}
2  O                                                                         (0 = 0.0%) {100.0%}

Histogram: Windows.HasThreadTicks recorded 1 samples, mean = 1.0 (flags = 0x41)
0  O                                                                         (0 = 0.0%)
1  -O                                                                        (1 = 100.0%) {0.0%}
2  O                                                                         (0 = 0.0%) {100.0%}

Histogram: Windows.HypervPresent recorded 1 samples, mean = 1.0 (flags = 0x41)
0  O                                                                         (0 = 0.0%)
1  -O                                                                        (1 = 100.0%) {0.0%}
2  O                                                                         (0 = 0.0%) {100.0%}

Histogram: Windows.LegacyDisplayIdAlgorithm recorded 26 samples, mean = 0.0 (flags = 0x41)
0  --------------------------O                                               (26 = 100.0%)
1  ... 

Histogram: Windows.ParallelDllLoadingEnabled recorded 1 samples, mean = 1.0 (flags = 0x41)
0  O                                                                         (0 = 0.0%)
1  -O                                                                        (1 = 100.0%) {0.0%}
2  O                                                                         (0 = 0.0%) {100.0%}

Histogram: Windows.PatchLevel recorded 1 samples (flags = 0x41)
1717051657  -O                                                                        (1 = 100.0%)

Histogram: Windows.PatchLevelKernel32 recorded 1 samples (flags = 0x41)
1710497928  -O                                                                        (1 = 100.0%)

Histogram: Windows.ProcessorFamily recorded 1 samples (flags = 0x41)
774  -O                                                                        (1 = 100.0%)

Histogram: Windows.ProcessorVirtualizationFirmwareEnabled recorded 1 samples, mean = 0.0 (flags = 0x41)
0  -O                                                                        (1 = 100.0%)
1  ... 


